Frame,#ofPoints,ManualInput,X1,Y1,X2,Y2,X3,Y3,X4,Y4,X5,Y5,X6,Y6,X7,Y7,X8,Y8,X9,Y9,X10,Y10
0,5,1,632,685,636,491,612,385,613,327,631,287,NaN,NaN,NaN,NaN,NaN,NaN,NaN,NaN,NaN,NaN
1,5,0,632,685,636,491,612,385,613,327,631,287,NaN,NaN,NaN,NaN,NaN,NaN,NaN,NaN,NaN,NaN
2,5,0,636,684,639,490,615,384,615,326,633,286,NaN,NaN,NaN,NaN,NaN,NaN,NaN,NaN,NaN,NaN
3,5,0,638,684,641,489,616,383,616,326,634,286,NaN,NaN,NaN,NaN,NaN,NaN,NaN,NaN,NaN,NaN
4,5,0,640,683,643,489,617,383,618,325,635,285,NaN,NaN,NaN,NaN,NaN,NaN,NaN,NaN,NaN,NaN
5,5,0,643,683,644,488,619,383,619,325,637,285,NaN,NaN,NaN,NaN,NaN,NaN,NaN,NaN,NaN,NaN
6,5,0,645,682,646,488,620,382,620,324,638,284,NaN,NaN,NaN,NaN,NaN,NaN,NaN,NaN,NaN,NaN
7,5,0,647,682,648,487,622,382,622,324,639,284,NaN,NaN,NaN,NaN,NaN,NaN,NaN,NaN,NaN,NaN
8,5,0,649,681,649,487,623,381,623,323,641,284,NaN,NaN,NaN,NaN,NaN,NaN,NaN,NaN,NaN,NaN
9,5,0,651,681,651,486,625,381,625,323,642,283,NaN,NaN,NaN,NaN,NaN,NaN,NaN,NaN,NaN,NaN
10,5,0,653,681,653,486,627,380,626,323,644,283,NaN,NaN,NaN,NaN,NaN,NaN,NaN,NaN,NaN,NaN
11,5,0,654,681,654,485,628,380,628,322,645,282,NaN,NaN,NaN,NaN,NaN,NaN,NaN,NaN,NaN,NaN
12,5,0,656,681,656,485,630,379,630,322,647,282,NaN,NaN,NaN,NaN,NaN,NaN,NaN,NaN,NaN,NaN
13,5,0,658,681,658,485,632,379,631,321,649,281,NaN,NaN,NaN,NaN,NaN,NaN,NaN,NaN,NaN,NaN
14,5,0,660,682,660,484,634,378,633,320,651,281,NaN,NaN,NaN,NaN,NaN,NaN,NaN,NaN,NaN,NaN
15,5,0,662,683,662,484,635,378,635,320,653,280,NaN,NaN,NaN,NaN,NaN,NaN,NaN,NaN,NaN,NaN
16,5,0,663,684,664,484,637,377,637,320,655,280,NaN,NaN,NaN,NaN,NaN,NaN,NaN,NaN,NaN,NaN
17,5,0,665,685,665,484,639,377,639,319,657,279,NaN,NaN,NaN,NaN,NaN,NaN,NaN,NaN,NaN,NaN
18,5,0,666,686,667,484,641,377,641,319,659,279,NaN,NaN,NaN,NaN,NaN,NaN,NaN,NaN,NaN,NaN
19,5,0,667,687,668,484,642,377,643,319,661,279,NaN,NaN,NaN,NaN,NaN,NaN,NaN,NaN,NaN,NaN
20,5,0,668,689,670,484,644,376,645,318,663,278,NaN,NaN,NaN,NaN,NaN,NaN,NaN,NaN,NaN,NaN
21,5,0,668,691,671,485,646,376,647,318,665,278,NaN,NaN,NaN,NaN,NaN,NaN,NaN,NaN,NaN,NaN
22,5,0,669,694,672,485,648,376,649,318,667,278,NaN,NaN,NaN,NaN,NaN,NaN,NaN,NaN,NaN,NaN
23,5,0,670,695,674,486,649,376,651,318,669,278,NaN,NaN,NaN,NaN,NaN,NaN,NaN,NaN,NaN,NaN
24,5,0,670,695,675,487,651,376,653,318,671,278,NaN,NaN,NaN,NaN,NaN,NaN,NaN,NaN,NaN,NaN
25,5,0,670,695,676,488,653,377,655,318,674,278,NaN,NaN,NaN,NaN,NaN,NaN,NaN,NaN,NaN,NaN
26,5,0,671,695,678,489,655,377,657,318,676,278,NaN,NaN,NaN,NaN,NaN,NaN,NaN,NaN,NaN,NaN
27,5,0,673,695,679,490,657,377,659,318,678,277,NaN,NaN,NaN,NaN,NaN,NaN,NaN,NaN,NaN,NaN
28,5,0,675,695,681,491,659,378,662,318,681,277,NaN,NaN,NaN,NaN,NaN,NaN,NaN,NaN,NaN,NaN
29,5,0,677,695,684,492,662,378,665,318,684,277,NaN,NaN,NaN,NaN,NaN,NaN,NaN,NaN,NaN,NaN
30,5,0,680,695,687,493,665,378,668,318,688,277,NaN,NaN,NaN,NaN,NaN,NaN,NaN,NaN,NaN,NaN
31,5,0,683,695,690,494,668,378,672,318,691,277,NaN,NaN,NaN,NaN,NaN,NaN,NaN,NaN,NaN,NaN
32,5,0,686,695,693,495,672,379,675,318,694,277,NaN,NaN,NaN,NaN,NaN,NaN,NaN,NaN,NaN,NaN
33,5,0,689,695,697,496,675,379,678,318,698,277,NaN,NaN,NaN,NaN,NaN,NaN,NaN,NaN,NaN,NaN
34,5,0,693,695,700,497,678,379,681,318,701,276,NaN,NaN,NaN,NaN,NaN,NaN,NaN,NaN,NaN,NaN
35,5,0,697,695,704,498,681,379,685,318,704,276,NaN,NaN,NaN,NaN,NaN,NaN,NaN,NaN,NaN,NaN
36,5,0,701,695,707,500,685,380,688,318,708,276,NaN,NaN,NaN,NaN,NaN,NaN,NaN,NaN,NaN,NaN
37,5,0,705,695,711,501,688,380,692,318,711,276,NaN,NaN,NaN,NaN,NaN,NaN,NaN,NaN,NaN,NaN
38,5,0,709,695,715,502,692,380,695,318,715,276,NaN,NaN,NaN,NaN,NaN,NaN,NaN,NaN,NaN,NaN
39,5,0,714,695,719,502,696,380,699,318,718,276,NaN,NaN,NaN,NaN,NaN,NaN,NaN,NaN,NaN,NaN
40,5,0,719,695,723,503,700,380,702,317,722,276,NaN,NaN,NaN,NaN,NaN,NaN,NaN,NaN,NaN,NaN
41,5,0,724,695,728,503,704,380,706,317,726,275,NaN,NaN,NaN,NaN,NaN,NaN,NaN,NaN,NaN,NaN
42,5,0,729,695,733,503,708,380,710,317,730,275,NaN,NaN,NaN,NaN,NaN,NaN,NaN,NaN,NaN,NaN
43,5,0,734,695,737,504,712,380,714,316,734,275,NaN,NaN,NaN,NaN,NaN,NaN,NaN,NaN,NaN,NaN
44,5,0,739,695,742,504,716,379,718,316,738,274,NaN,NaN,NaN,NaN,NaN,NaN,NaN,NaN,NaN,NaN
45,5,0,745,695,748,504,720,379,722,316,742,274,NaN,NaN,NaN,NaN,NaN,NaN,NaN,NaN,NaN,NaN
46,5,0,751,695,753,504,725,379,726,315,746,273,NaN,NaN,NaN,NaN,NaN,NaN,NaN,NaN,NaN,NaN
47,5,0,756,695,758,505,729,379,730,315,750,273,NaN,NaN,NaN,NaN,NaN,NaN,NaN,NaN,NaN,NaN
48,5,0,763,695,764,507,734,379,734,315,753,273,NaN,NaN,NaN,NaN,NaN,NaN,NaN,NaN,NaN,NaN
49,5,0,769,695,770,509,738,380,739,316,758,273,NaN,NaN,NaN,NaN,NaN,NaN,NaN,NaN,NaN,NaN
50,5,0,776,695,775,512,743,381,743,317,761,274,NaN,NaN,NaN,NaN,NaN,NaN,NaN,NaN,NaN,NaN
51,5,0,783,695,781,515,748,382,747,317,766,274,NaN,NaN,NaN,NaN,NaN,NaN,NaN,NaN,NaN,NaN
52,5,0,790,695,788,517,753,383,751,318,770,275,NaN,NaN,NaN,NaN,NaN,NaN,NaN,NaN,NaN,NaN
53,5,0,797,695,794,521,758,385,756,318,774,275,NaN,NaN,NaN,NaN,NaN,NaN,NaN,NaN,NaN,NaN
54,5,0,804,695,800,523,763,385,760,318,779,275,NaN,NaN,NaN,NaN,NaN,NaN,NaN,NaN,NaN,NaN
55,5,0,811,695,807,525,768,386,765,318,783,274,NaN,NaN,NaN,NaN,NaN,NaN,NaN,NaN,NaN,NaN
56,5,0,818,695,812,527,773,386,769,318,788,274,NaN,NaN,NaN,NaN,NaN,NaN,NaN,NaN,NaN,NaN
57,5,0,823,695,818,528,777,386,773,318,792,274,NaN,NaN,NaN,NaN,NaN,NaN,NaN,NaN,NaN,NaN
58,5,0,829,695,823,530,781,387,777,318,795,274,NaN,NaN,NaN,NaN,NaN,NaN,NaN,NaN,NaN,NaN
59,5,0,834,695,828,531,785,387,781,318,799,274,NaN,NaN,NaN,NaN,NaN,NaN,NaN,NaN,NaN,NaN
60,5,0,838,695,833,533,789,388,785,318,803,274,NaN,NaN,NaN,NaN,NaN,NaN,NaN,NaN,NaN,NaN
61,5,0,843,695,837,534,793,388,788,318,806,274,NaN,NaN,NaN,NaN,NaN,NaN,NaN,NaN,NaN,NaN
62,5,0,847,695,841,535,796,388,792,318,809,273,NaN,NaN,NaN,NaN,NaN,NaN,NaN,NaN,NaN,NaN
63,5,0,852,695,846,536,800,388,795,318,813,273,NaN,NaN,NaN,NaN,NaN,NaN,NaN,NaN,NaN,NaN
64,5,0,856,695,850,538,803,389,798,318,816,273,NaN,NaN,NaN,NaN,NaN,NaN,NaN,NaN,NaN,NaN
65,5,0,860,695,853,538,806,389,801,318,819,273,NaN,NaN,NaN,NaN,NaN,NaN,NaN,NaN,NaN,NaN
66,5,0,863,695,857,539,809,389,804,318,821,273,NaN,NaN,NaN,NaN,NaN,NaN,NaN,NaN,NaN,NaN
67,5,0,867,695,860,540,812,389,807,318,824,272,NaN,NaN,NaN,NaN,NaN,NaN,NaN,NaN,NaN,NaN
68,5,0,870,695,863,541,815,389,809,317,827,272,NaN,NaN,NaN,NaN,NaN,NaN,NaN,NaN,NaN,NaN
69,5,0,873,695,866,542,817,388,812,317,829,272,NaN,NaN,NaN,NaN,NaN,NaN,NaN,NaN,NaN,NaN
70,5,0,876,695,869,542,820,388,814,317,832,271,NaN,NaN,NaN,NaN,NaN,NaN,NaN,NaN,NaN,NaN
71,5,0,878,695,872,543,822,388,816,316,834,271,NaN,NaN,NaN,NaN,NaN,NaN,NaN,NaN,NaN,NaN
72,5,0,881,695,875,544,825,388,818,316,836,271,NaN,NaN,NaN,NaN,NaN,NaN,NaN,NaN,NaN,NaN
73,5,0,884,695,878,546,827,388,821,316,838,271,NaN,NaN,NaN,NaN,NaN,NaN,NaN,NaN,NaN,NaN
74,5,0,887,695,881,547,829,388,823,316,841,270,NaN,NaN,NaN,NaN,NaN,NaN,NaN,NaN,NaN,NaN
75,5,0,889,695,883,549,831,389,825,316,843,270,NaN,NaN,NaN,NaN,NaN,NaN,NaN,NaN,NaN,NaN
76,5,0,891,695,885,551,833,390,827,317,844,271,NaN,NaN,NaN,NaN,NaN,NaN,NaN,NaN,NaN,NaN
77,5,0,892,695,887,554,834,391,828,317,846,271,NaN,NaN,NaN,NaN,NaN,NaN,NaN,NaN,NaN,NaN
78,5,0,893,695,889,557,836,391,829,317,847,271,NaN,NaN,NaN,NaN,NaN,NaN,NaN,NaN,NaN,NaN
79,5,0,895,695,890,560,837,393,830,318,848,272,NaN,NaN,NaN,NaN,NaN,NaN,NaN,NaN,NaN,NaN
80,5,0,896,695,891,563,837,394,831,319,849,272,NaN,NaN,NaN,NaN,NaN,NaN,NaN,NaN,NaN,NaN
81,5,0,897,695,892,566,838,395,832,319,850,272,NaN,NaN,NaN,NaN,NaN,NaN,NaN,NaN,NaN,NaN
82,5,0,897,695,893,569,839,396,833,320,851,273,NaN,NaN,NaN,NaN,NaN,NaN,NaN,NaN,NaN,NaN
83,5,0,898,695,894,572,839,397,833,320,851,273,NaN,NaN,NaN,NaN,NaN,NaN,NaN,NaN,NaN,NaN
84,5,0,899,695,895,575,840,398,834,320,852,273,NaN,NaN,NaN,NaN,NaN,NaN,NaN,NaN,NaN,NaN
85,5,0,899,695,896,577,841,399,835,321,853,273,NaN,NaN,NaN,NaN,NaN,NaN,NaN,NaN,NaN,NaN
86,5,0,900,695,896,579,841,399,835,321,853,273,NaN,NaN,NaN,NaN,NaN,NaN,NaN,NaN,NaN,NaN
87,5,0,900,695,897,581,842,400,836,321,854,273,NaN,NaN,NaN,NaN,NaN,NaN,NaN,NaN,NaN,NaN
88,5,0,901,695,898,583,842,400,836,321,854,273,NaN,NaN,NaN,NaN,NaN,NaN,NaN,NaN,NaN,NaN
89,5,0,901,695,898,585,842,401,836,321,854,273,NaN,NaN,NaN,NaN,NaN,NaN,NaN,NaN,NaN,NaN
90,5,0,902,695,899,587,842,401,836,321,854,273,NaN,NaN,NaN,NaN,NaN,NaN,NaN,NaN,NaN,NaN
91,5,0,903,695,899,589,842,401,836,321,854,273,NaN,NaN,NaN,NaN,NaN,NaN,NaN,NaN,NaN,NaN
92,5,0,903,695,900,590,842,401,836,321,854,272,NaN,NaN,NaN,NaN,NaN,NaN,NaN,NaN,NaN,NaN
93,5,0,904,695,901,592,842,401,836,321,854,272,NaN,NaN,NaN,NaN,NaN,NaN,NaN,NaN,NaN,NaN
94,5,0,905,695,902,593,843,401,836,320,854,272,NaN,NaN,NaN,NaN,NaN,NaN,NaN,NaN,NaN,NaN
95,5,0,906,695,903,595,843,401,836,320,854,271,NaN,NaN,NaN,NaN,NaN,NaN,NaN,NaN,NaN,NaN
96,5,0,908,695,905,596,843,401,836,320,854,271,NaN,NaN,NaN,NaN,NaN,NaN,NaN,NaN,NaN,NaN
97,5,0,909,695,906,597,843,401,836,319,853,270,NaN,NaN,NaN,NaN,NaN,NaN,NaN,NaN,NaN,NaN
98,5,0,911,695,908,599,843,401,835,319,853,270,NaN,NaN,NaN,NaN,NaN,NaN,NaN,NaN,NaN,NaN
99,5,0,913,695,910,601,843,401,835,318,853,269,NaN,NaN,NaN,NaN,NaN,NaN,NaN,NaN,NaN,NaN
100,5,0,915,695,912,604,844,401,835,318,852,269,NaN,NaN,NaN,NaN,NaN,NaN,NaN,NaN,NaN,NaN
101,5,0,917,695,914,607,844,401,834,318,852,269,NaN,NaN,NaN,NaN,NaN,NaN,NaN,NaN,NaN,NaN
102,5,0,920,695,917,610,844,402,834,318,851,268,NaN,NaN,NaN,NaN,NaN,NaN,NaN,NaN,NaN,NaN
103,5,0,922,695,919,614,845,403,834,318,851,268,NaN,NaN,NaN,NaN,NaN,NaN,NaN,NaN,NaN,NaN
104,5,0,925,695,922,618,845,404,834,318,851,268,NaN,NaN,NaN,NaN,NaN,NaN,NaN,NaN,NaN,NaN
105,5,0,927,695,924,622,846,405,834,318,851,268,NaN,NaN,NaN,NaN,NaN,NaN,NaN,NaN,NaN,NaN
106,5,0,929,695,926,627,846,406,833,318,850,268,NaN,NaN,NaN,NaN,NaN,NaN,NaN,NaN,NaN,NaN
107,5,0,931,695,928,632,846,407,833,319,849,268,NaN,NaN,NaN,NaN,NaN,NaN,NaN,NaN,NaN,NaN
108,5,0,932,695,929,637,845,408,832,319,848,268,NaN,NaN,NaN,NaN,NaN,NaN,NaN,NaN,NaN,NaN
109,5,0,932,695,929,641,844,409,830,319,846,268,NaN,NaN,NaN,NaN,NaN,NaN,NaN,NaN,NaN,NaN
110,5,0,932,695,929,645,843,410,829,319,845,268,NaN,NaN,NaN,NaN,NaN,NaN,NaN,NaN,NaN,NaN
111,5,0,932,695,929,649,842,411,828,319,844,267,NaN,NaN,NaN,NaN,NaN,NaN,NaN,NaN,NaN,NaN
112,5,0,932,695,929,653,840,412,826,319,842,267,NaN,NaN,NaN,NaN,NaN,NaN,NaN,NaN,NaN,NaN
113,5,0,931,695,929,656,839,412,825,319,841,267,NaN,NaN,NaN,NaN,NaN,NaN,NaN,NaN,NaN,NaN
114,5,0,932,695,929,659,838,412,824,319,840,266,NaN,NaN,NaN,NaN,NaN,NaN,NaN,NaN,NaN,NaN
115,5,0,932,695,929,662,837,413,823,319,839,266,NaN,NaN,NaN,NaN,NaN,NaN,NaN,NaN,NaN,NaN
116,5,0,932,695,929,665,836,413,822,318,838,265,NaN,NaN,NaN,NaN,NaN,NaN,NaN,NaN,NaN,NaN
117,5,0,931,695,929,667,835,412,820,318,836,265,NaN,NaN,NaN,NaN,NaN,NaN,NaN,NaN,NaN,NaN
118,5,0,931,695,929,669,834,412,819,317,835,264,NaN,NaN,NaN,NaN,NaN,NaN,NaN,NaN,NaN,NaN
119,4,1,931,695,834,412,819,317,835,264,NaN,NaN,NaN,NaN,NaN,NaN,NaN,NaN,NaN,NaN,NaN,NaN
120,4,0,929,695,832,411,817,316,833,263,NaN,NaN,NaN,NaN,NaN,NaN,NaN,NaN,NaN,NaN,NaN,NaN
121,4,0,928,695,831,410,816,315,832,262,NaN,NaN,NaN,NaN,NaN,NaN,NaN,NaN,NaN,NaN,NaN,NaN
122,4,0,926,695,830,409,814,314,830,261,NaN,NaN,NaN,NaN,NaN,NaN,NaN,NaN,NaN,NaN,NaN,NaN
123,4,0,924,695,828,409,813,313,829,261,NaN,NaN,NaN,NaN,NaN,NaN,NaN,NaN,NaN,NaN,NaN,NaN
124,4,0,921,695,826,407,811,312,827,260,NaN,NaN,NaN,NaN,NaN,NaN,NaN,NaN,NaN,NaN,NaN,NaN
125,4,0,919,695,823,407,809,311,826,258,NaN,NaN,NaN,NaN,NaN,NaN,NaN,NaN,NaN,NaN,NaN,NaN
126,4,0,915,695,821,407,807,309,824,257,NaN,NaN,NaN,NaN,NaN,NaN,NaN,NaN,NaN,NaN,NaN,NaN
127,4,0,911,695,819,406,806,309,821,256,NaN,NaN,NaN,NaN,NaN,NaN,NaN,NaN,NaN,NaN,NaN,NaN
128,4,0,908,695,817,406,804,308,820,255,NaN,NaN,NaN,NaN,NaN,NaN,NaN,NaN,NaN,NaN,NaN,NaN
129,4,0,904,695,815,405,802,307,819,254,NaN,NaN,NaN,NaN,NaN,NaN,NaN,NaN,NaN,NaN,NaN,NaN
130,4,0,900,695,812,405,800,306,817,254,NaN,NaN,NaN,NaN,NaN,NaN,NaN,NaN,NaN,NaN,NaN,NaN
131,4,0,897,695,810,405,798,306,815,253,NaN,NaN,NaN,NaN,NaN,NaN,NaN,NaN,NaN,NaN,NaN,NaN
132,4,0,893,695,808,405,797,305,814,252,NaN,NaN,NaN,NaN,NaN,NaN,NaN,NaN,NaN,NaN,NaN,NaN
133,4,0,891,695,806,405,796,304,813,251,NaN,NaN,NaN,NaN,NaN,NaN,NaN,NaN,NaN,NaN,NaN,NaN
134,4,0,888,695,805,405,795,303,812,251,NaN,NaN,NaN,NaN,NaN,NaN,NaN,NaN,NaN,NaN,NaN,NaN
135,4,0,886,695,804,404,793,302,810,250,NaN,NaN,NaN,NaN,NaN,NaN,NaN,NaN,NaN,NaN,NaN,NaN
136,4,0,883,695,803,404,792,302,809,249,NaN,NaN,NaN,NaN,NaN,NaN,NaN,NaN,NaN,NaN,NaN,NaN
137,4,0,881,695,802,404,791,301,808,248,NaN,NaN,NaN,NaN,NaN,NaN,NaN,NaN,NaN,NaN,NaN,NaN
138,4,0,880,695,801,404,790,301,807,248,NaN,NaN,NaN,NaN,NaN,NaN,NaN,NaN,NaN,NaN,NaN,NaN
139,4,0,878,695,800,403,789,300,806,247,NaN,NaN,NaN,NaN,NaN,NaN,NaN,NaN,NaN,NaN,NaN,NaN
140,4,0,877,695,798,404,788,300,805,247,NaN,NaN,NaN,NaN,NaN,NaN,NaN,NaN,NaN,NaN,NaN,NaN
141,4,0,876,695,798,404,788,299,804,246,NaN,NaN,NaN,NaN,NaN,NaN,NaN,NaN,NaN,NaN,NaN,NaN
142,4,0,875,695,797,403,787,298,803,246,NaN,NaN,NaN,NaN,NaN,NaN,NaN,NaN,NaN,NaN,NaN,NaN
143,4,0,874,695,797,403,786,298,802,245,NaN,NaN,NaN,NaN,NaN,NaN,NaN,NaN,NaN,NaN,NaN,NaN
144,4,0,874,695,796,402,785,297,801,245,NaN,NaN,NaN,NaN,NaN,NaN,NaN,NaN,NaN,NaN,NaN,NaN
145,4,0,874,695,796,402,785,296,800,244,NaN,NaN,NaN,NaN,NaN,NaN,NaN,NaN,NaN,NaN,NaN,NaN
146,4,0,874,695,794,401,784,295,799,243,NaN,NaN,NaN,NaN,NaN,NaN,NaN,NaN,NaN,NaN,NaN,NaN
147,4,0,874,695,794,400,783,295,799,243,NaN,NaN,NaN,NaN,NaN,NaN,NaN,NaN,NaN,NaN,NaN,NaN
148,4,0,874,695,794,400,782,293,798,242,NaN,NaN,NaN,NaN,NaN,NaN,NaN,NaN,NaN,NaN,NaN,NaN
149,4,0,875,695,795,400,782,293,797,241,NaN,NaN,NaN,NaN,NaN,NaN,NaN,NaN,NaN,NaN,NaN,NaN
150,4,0,876,695,794,400,781,293,797,241,NaN,NaN,NaN,NaN,NaN,NaN,NaN,NaN,NaN,NaN,NaN,NaN
151,4,0,878,695,794,399,781,292,796,240,NaN,NaN,NaN,NaN,NaN,NaN,NaN,NaN,NaN,NaN,NaN,NaN
152,4,0,880,695,795,400,781,292,796,240,NaN,NaN,NaN,NaN,NaN,NaN,NaN,NaN,NaN,NaN,NaN,NaN
153,4,0,881,695,796,400,781,292,795,240,NaN,NaN,NaN,NaN,NaN,NaN,NaN,NaN,NaN,NaN,NaN,NaN
154,4,0,883,695,797,401,781,292,795,241,NaN,NaN,NaN,NaN,NaN,NaN,NaN,NaN,NaN,NaN,NaN,NaN
155,4,0,885,695,798,402,781,292,795,240,NaN,NaN,NaN,NaN,NaN,NaN,NaN,NaN,NaN,NaN,NaN,NaN
156,4,0,886,695,799,402,780,292,794,241,NaN,NaN,NaN,NaN,NaN,NaN,NaN,NaN,NaN,NaN,NaN,NaN
157,4,0,887,695,799,404,780,292,794,240,NaN,NaN,NaN,NaN,NaN,NaN,NaN,NaN,NaN,NaN,NaN,NaN
158,4,0,888,695,800,404,780,291,794,240,NaN,NaN,NaN,NaN,NaN,NaN,NaN,NaN,NaN,NaN,NaN,NaN
159,4,0,889,695,801,405,781,292,794,240,NaN,NaN,NaN,NaN,NaN,NaN,NaN,NaN,NaN,NaN,NaN,NaN
160,4,0,889,695,801,406,780,292,793,239,NaN,NaN,NaN,NaN,NaN,NaN,NaN,NaN,NaN,NaN,NaN,NaN
161,4,0,888,695,801,406,779,292,792,240,NaN,NaN,NaN,NaN,NaN,NaN,NaN,NaN,NaN,NaN,NaN,NaN
162,4,0,886,695,800,408,778,292,790,240,NaN,NaN,NaN,NaN,NaN,NaN,NaN,NaN,NaN,NaN,NaN,NaN
163,4,0,885,695,798,408,776,292,789,240,NaN,NaN,NaN,NaN,NaN,NaN,NaN,NaN,NaN,NaN,NaN,NaN
164,4,0,883,695,797,409,775,292,787,240,NaN,NaN,NaN,NaN,NaN,NaN,NaN,NaN,NaN,NaN,NaN,NaN
165,4,0,881,695,796,410,774,292,786,241,NaN,NaN,NaN,NaN,NaN,NaN,NaN,NaN,NaN,NaN,NaN,NaN
166,4,0,879,695,794,410,772,292,785,241,NaN,NaN,NaN,NaN,NaN,NaN,NaN,NaN,NaN,NaN,NaN,NaN
167,4,0,878,695,794,410,771,292,783,240,NaN,NaN,NaN,NaN,NaN,NaN,NaN,NaN,NaN,NaN,NaN,NaN
168,4,0,876,695,793,411,770,292,782,240,NaN,NaN,NaN,NaN,NaN,NaN,NaN,NaN,NaN,NaN,NaN,NaN
169,4,0,874,695,791,411,768,292,780,240,NaN,NaN,NaN,NaN,NaN,NaN,NaN,NaN,NaN,NaN,NaN,NaN
170,4,0,872,695,790,411,767,292,779,240,NaN,NaN,NaN,NaN,NaN,NaN,NaN,NaN,NaN,NaN,NaN,NaN
171,4,0,871,695,789,411,766,292,777,240,NaN,NaN,NaN,NaN,NaN,NaN,NaN,NaN,NaN,NaN,NaN,NaN
172,4,0,869,695,787,411,764,291,776,240,NaN,NaN,NaN,NaN,NaN,NaN,NaN,NaN,NaN,NaN,NaN,NaN
173,4,0,867,695,786,411,763,291,775,240,NaN,NaN,NaN,NaN,NaN,NaN,NaN,NaN,NaN,NaN,NaN,NaN
174,4,0,865,695,785,411,761,291,773,240,NaN,NaN,NaN,NaN,NaN,NaN,NaN,NaN,NaN,NaN,NaN,NaN
175,4,0,864,695,783,411,760,291,771,240,NaN,NaN,NaN,NaN,NaN,NaN,NaN,NaN,NaN,NaN,NaN,NaN
176,4,0,861,695,781,412,758,291,770,241,NaN,NaN,NaN,NaN,NaN,NaN,NaN,NaN,NaN,NaN,NaN,NaN
177,4,0,859,695,780,413,757,292,768,241,NaN,NaN,NaN,NaN,NaN,NaN,NaN,NaN,NaN,NaN,NaN,NaN
178,4,0,857,695,779,414,756,292,767,241,NaN,NaN,NaN,NaN,NaN,NaN,NaN,NaN,NaN,NaN,NaN,NaN
179,4,0,854,695,778,416,754,293,766,242,NaN,NaN,NaN,NaN,NaN,NaN,NaN,NaN,NaN,NaN,NaN,NaN
180,4,0,841,695,776,419,753,295,764,244,NaN,NaN,NaN,NaN,NaN,NaN,NaN,NaN,NaN,NaN,NaN,NaN
181,4,0,839,695,775,421,751,296,762,245,NaN,NaN,NaN,NaN,NaN,NaN,NaN,NaN,NaN,NaN,NaN,NaN
182,4,0,836,695,773,424,749,297,760,246,NaN,NaN,NaN,NaN,NaN,NaN,NaN,NaN,NaN,NaN,NaN,NaN
183,4,0,833,695,771,426,747,298,758,247,NaN,NaN,NaN,NaN,NaN,NaN,NaN,NaN,NaN,NaN,NaN,NaN
184,4,0,829,695,769,428,745,299,756,248,NaN,NaN,NaN,NaN,NaN,NaN,NaN,NaN,NaN,NaN,NaN,NaN
185,4,0,826,695,766,429,743,299,755,248,NaN,NaN,NaN,NaN,NaN,NaN,NaN,NaN,NaN,NaN,NaN,NaN
186,4,0,822,695,764,431,741,300,753,249,NaN,NaN,NaN,NaN,NaN,NaN,NaN,NaN,NaN,NaN,NaN,NaN
187,4,0,819,695,762,432,740,300,751,249,NaN,NaN,NaN,NaN,NaN,NaN,NaN,NaN,NaN,NaN,NaN,NaN
188,4,0,816,695,760,433,738,301,749,250,NaN,NaN,NaN,NaN,NaN,NaN,NaN,NaN,NaN,NaN,NaN,NaN
189,4,0,813,695,757,435,736,301,747,250,NaN,NaN,NaN,NaN,NaN,NaN,NaN,NaN,NaN,NaN,NaN,NaN
190,4,0,810,695,755,435,734,301,746,251,NaN,NaN,NaN,NaN,NaN,NaN,NaN,NaN,NaN,NaN,NaN,NaN
191,4,0,807,695,753,436,732,302,744,251,NaN,NaN,NaN,NaN,NaN,NaN,NaN,NaN,NaN,NaN,NaN,NaN
192,4,0,805,695,751,437,731,302,742,251,NaN,NaN,NaN,NaN,NaN,NaN,NaN,NaN,NaN,NaN,NaN,NaN
193,4,0,802,695,749,437,729,302,741,251,NaN,NaN,NaN,NaN,NaN,NaN,NaN,NaN,NaN,NaN,NaN,NaN
194,4,0,800,695,748,438,728,302,739,251,NaN,NaN,NaN,NaN,NaN,NaN,NaN,NaN,NaN,NaN,NaN,NaN
195,4,0,799,695,746,438,726,302,738,251,NaN,NaN,NaN,NaN,NaN,NaN,NaN,NaN,NaN,NaN,NaN,NaN
196,4,0,797,695,745,438,725,302,736,251,NaN,NaN,NaN,NaN,NaN,NaN,NaN,NaN,NaN,NaN,NaN,NaN
197,4,0,796,695,744,438,723,302,735,252,NaN,NaN,NaN,NaN,NaN,NaN,NaN,NaN,NaN,NaN,NaN,NaN
198,4,0,795,695,742,438,722,302,733,252,NaN,NaN,NaN,NaN,NaN,NaN,NaN,NaN,NaN,NaN,NaN,NaN
199,4,0,794,695,742,439,721,302,732,252,NaN,NaN,NaN,NaN,NaN,NaN,NaN,NaN,NaN,NaN,NaN,NaN
200,4,0,793,695,740,439,720,302,731,252,NaN,NaN,NaN,NaN,NaN,NaN,NaN,NaN,NaN,NaN,NaN,NaN
201,4,0,792,695,740,440,719,302,730,253,NaN,NaN,NaN,NaN,NaN,NaN,NaN,NaN,NaN,NaN,NaN,NaN
202,4,0,792,695,739,441,718,303,729,253,NaN,NaN,NaN,NaN,NaN,NaN,NaN,NaN,NaN,NaN,NaN,NaN
203,4,0,791,695,739,443,717,303,728,253,NaN,NaN,NaN,NaN,NaN,NaN,NaN,NaN,NaN,NaN,NaN,NaN
204,4,0,791,695,738,444,716,304,727,254,NaN,NaN,NaN,NaN,NaN,NaN,NaN,NaN,NaN,NaN,NaN,NaN
205,4,0,791,695,738,446,715,304,726,255,NaN,NaN,NaN,NaN,NaN,NaN,NaN,NaN,NaN,NaN,NaN,NaN
206,4,0,790,695,738,447,715,305,726,255,NaN,NaN,NaN,NaN,NaN,NaN,NaN,NaN,NaN,NaN,NaN,NaN
207,4,0,790,695,738,449,715,305,725,256,NaN,NaN,NaN,NaN,NaN,NaN,NaN,NaN,NaN,NaN,NaN,NaN
208,4,0,790,695,737,450,714,305,725,256,NaN,NaN,NaN,NaN,NaN,NaN,NaN,NaN,NaN,NaN,NaN,NaN
209,4,0,789,695,737,451,713,306,724,256,NaN,NaN,NaN,NaN,NaN,NaN,NaN,NaN,NaN,NaN,NaN,NaN
210,4,0,788,695,735,453,712,306,723,256,NaN,NaN,NaN,NaN,NaN,NaN,NaN,NaN,NaN,NaN,NaN,NaN
211,4,0,787,695,735,454,711,306,722,257,NaN,NaN,NaN,NaN,NaN,NaN,NaN,NaN,NaN,NaN,NaN,NaN
212,4,0,785,695,733,454,710,306,721,257,NaN,NaN,NaN,NaN,NaN,NaN,NaN,NaN,NaN,NaN,NaN,NaN
213,4,0,784,695,733,455,710,307,720,257,NaN,NaN,NaN,NaN,NaN,NaN,NaN,NaN,NaN,NaN,NaN,NaN
214,4,0,784,695,732,456,709,307,720,258,NaN,NaN,NaN,NaN,NaN,NaN,NaN,NaN,NaN,NaN,NaN,NaN
215,4,0,783,695,732,457,709,307,720,258,NaN,NaN,NaN,NaN,NaN,NaN,NaN,NaN,NaN,NaN,NaN,NaN
216,4,0,783,695,731,457,709,307,720,258,NaN,NaN,NaN,NaN,NaN,NaN,NaN,NaN,NaN,NaN,NaN,NaN
217,4,0,783,695,731,458,709,307,719,258,NaN,NaN,NaN,NaN,NaN,NaN,NaN,NaN,NaN,NaN,NaN,NaN
218,4,0,782,695,731,458,709,307,719,259,NaN,NaN,NaN,NaN,NaN,NaN,NaN,NaN,NaN,NaN,NaN,NaN
219,4,0,782,695,731,459,709,307,719,259,NaN,NaN,NaN,NaN,NaN,NaN,NaN,NaN,NaN,NaN,NaN,NaN
220,4,0,782,695,730,459,709,307,719,259,NaN,NaN,NaN,NaN,NaN,NaN,NaN,NaN,NaN,NaN,NaN,NaN
221,4,0,781,695,730,460,709,307,719,259,NaN,NaN,NaN,NaN,NaN,NaN,NaN,NaN,NaN,NaN,NaN,NaN
222,4,0,781,695,730,460,709,308,719,260,NaN,NaN,NaN,NaN,NaN,NaN,NaN,NaN,NaN,NaN,NaN,NaN
223,4,0,781,695,730,461,709,308,720,260,NaN,NaN,NaN,NaN,NaN,NaN,NaN,NaN,NaN,NaN,NaN,NaN
224,4,0,780,695,730,462,710,308,720,261,NaN,NaN,NaN,NaN,NaN,NaN,NaN,NaN,NaN,NaN,NaN,NaN
225,4,0,780,695,730,463,710,308,721,261,NaN,NaN,NaN,NaN,NaN,NaN,NaN,NaN,NaN,NaN,NaN,NaN
226,4,0,780,695,729,464,710,309,721,261,NaN,NaN,NaN,NaN,NaN,NaN,NaN,NaN,NaN,NaN,NaN,NaN
227,4,0,780,695,729,466,710,309,721,262,NaN,NaN,NaN,NaN,NaN,NaN,NaN,NaN,NaN,NaN,NaN,NaN
228,4,0,779,695,729,467,710,310,721,262,NaN,NaN,NaN,NaN,NaN,NaN,NaN,NaN,NaN,NaN,NaN,NaN
229,4,0,779,695,729,468,710,310,721,262,NaN,NaN,NaN,NaN,NaN,NaN,NaN,NaN,NaN,NaN,NaN,NaN
230,4,0,779,695,728,469,710,309,722,263,NaN,NaN,NaN,NaN,NaN,NaN,NaN,NaN,NaN,NaN,NaN,NaN
231,4,0,779,695,728,470,711,310,722,263,NaN,NaN,NaN,NaN,NaN,NaN,NaN,NaN,NaN,NaN,NaN,NaN
232,4,0,779,695,728,471,712,310,723,263,NaN,NaN,NaN,NaN,NaN,NaN,NaN,NaN,NaN,NaN,NaN,NaN
233,4,0,780,695,729,473,713,310,724,263,NaN,NaN,NaN,NaN,NaN,NaN,NaN,NaN,NaN,NaN,NaN,NaN
234,4,0,781,695,730,474,714,311,725,264,NaN,NaN,NaN,NaN,NaN,NaN,NaN,NaN,NaN,NaN,NaN,NaN
235,4,0,782,695,731,475,715,311,726,264,NaN,NaN,NaN,NaN,NaN,NaN,NaN,NaN,NaN,NaN,NaN,NaN
236,4,0,783,695,732,476,716,311,728,265,NaN,NaN,NaN,NaN,NaN,NaN,NaN,NaN,NaN,NaN,NaN,NaN
237,4,0,785,695,733,477,717,311,729,265,NaN,NaN,NaN,NaN,NaN,NaN,NaN,NaN,NaN,NaN,NaN,NaN
238,4,0,787,695,734,478,719,311,730,265,NaN,NaN,NaN,NaN,NaN,NaN,NaN,NaN,NaN,NaN,NaN,NaN
239,4,0,789,695,735,479,720,312,732,265,NaN,NaN,NaN,NaN,NaN,NaN,NaN,NaN,NaN,NaN,NaN,NaN
240,4,0,791,695,737,479,722,312,733,266,NaN,NaN,NaN,NaN,NaN,NaN,NaN,NaN,NaN,NaN,NaN,NaN
241,4,0,793,695,738,480,723,312,735,266,NaN,NaN,NaN,NaN,NaN,NaN,NaN,NaN,NaN,NaN,NaN,NaN
242,4,0,796,695,740,481,725,312,736,266,NaN,NaN,NaN,NaN,NaN,NaN,NaN,NaN,NaN,NaN,NaN,NaN
243,4,0,799,695,742,481,726,312,738,266,NaN,NaN,NaN,NaN,NaN,NaN,NaN,NaN,NaN,NaN,NaN,NaN
244,4,0,802,695,743,481,728,312,739,266,NaN,NaN,NaN,NaN,NaN,NaN,NaN,NaN,NaN,NaN,NaN,NaN
245,4,0,805,695,746,482,729,312,741,266,NaN,NaN,NaN,NaN,NaN,NaN,NaN,NaN,NaN,NaN,NaN,NaN
246,4,0,809,695,748,482,731,312,742,267,NaN,NaN,NaN,NaN,NaN,NaN,NaN,NaN,NaN,NaN,NaN,NaN
247,4,0,814,695,750,482,733,311,745,267,NaN,NaN,NaN,NaN,NaN,NaN,NaN,NaN,NaN,NaN,NaN,NaN
248,4,0,818,695,753,483,735,311,746,267,NaN,NaN,NaN,NaN,NaN,NaN,NaN,NaN,NaN,NaN,NaN,NaN
249,4,0,823,695,756,484,738,312,748,267,NaN,NaN,NaN,NaN,NaN,NaN,NaN,NaN,NaN,NaN,NaN,NaN
250,4,0,829,695,760,486,740,312,751,267,NaN,NaN,NaN,NaN,NaN,NaN,NaN,NaN,NaN,NaN,NaN,NaN
251,4,0,835,695,763,487,743,311,753,267,NaN,NaN,NaN,NaN,NaN,NaN,NaN,NaN,NaN,NaN,NaN,NaN
252,4,0,840,695,766,488,745,311,756,267,NaN,NaN,NaN,NaN,NaN,NaN,NaN,NaN,NaN,NaN,NaN,NaN
253,4,0,846,695,769,489,748,311,758,267,NaN,NaN,NaN,NaN,NaN,NaN,NaN,NaN,NaN,NaN,NaN,NaN
254,4,0,850,695,772,490,750,311,760,267,NaN,NaN,NaN,NaN,NaN,NaN,NaN,NaN,NaN,NaN,NaN,NaN
255,4,0,854,695,773,491,751,311,761,267,NaN,NaN,NaN,NaN,NaN,NaN,NaN,NaN,NaN,NaN,NaN,NaN
256,4,1,854,695,773,490,751,311,761,267,NaN,NaN,NaN,NaN,NaN,NaN,NaN,NaN,NaN,NaN,NaN,NaN
257,4,0,853,695,774,490,752,311,762,267,NaN,NaN,NaN,NaN,NaN,NaN,NaN,NaN,NaN,NaN,NaN,NaN
258,4,0,853,695,776,490,753,312,764,267,NaN,NaN,NaN,NaN,NaN,NaN,NaN,NaN,NaN,NaN,NaN,NaN
259,4,0,853,695,778,490,755,311,766,267,NaN,NaN,NaN,NaN,NaN,NaN,NaN,NaN,NaN,NaN,NaN,NaN
260,4,0,854,695,780,489,757,311,767,267,NaN,NaN,NaN,NaN,NaN,NaN,NaN,NaN,NaN,NaN,NaN,NaN
261,4,0,854,695,782,489,759,311,769,266,NaN,NaN,NaN,NaN,NaN,NaN,NaN,NaN,NaN,NaN,NaN,NaN
262,4,0,855,695,783,488,759,311,771,266,NaN,NaN,NaN,NaN,NaN,NaN,NaN,NaN,NaN,NaN,NaN,NaN
263,4,0,855,695,786,487,761,310,773,266,NaN,NaN,NaN,NaN,NaN,NaN,NaN,NaN,NaN,NaN,NaN,NaN
264,4,0,855,695,787,485,763,309,774,265,NaN,NaN,NaN,NaN,NaN,NaN,NaN,NaN,NaN,NaN,NaN,NaN
265,4,0,856,695,789,483,764,309,776,265,NaN,NaN,NaN,NaN,NaN,NaN,NaN,NaN,NaN,NaN,NaN,NaN
266,4,0,857,695,790,482,765,309,777,264,NaN,NaN,NaN,NaN,NaN,NaN,NaN,NaN,NaN,NaN,NaN,NaN
267,4,0,858,695,792,480,766,308,778,264,NaN,NaN,NaN,NaN,NaN,NaN,NaN,NaN,NaN,NaN,NaN,NaN
268,4,0,859,695,794,479,768,307,780,263,NaN,NaN,NaN,NaN,NaN,NaN,NaN,NaN,NaN,NaN,NaN,NaN
269,4,0,859,695,795,478,768,307,781,263,NaN,NaN,NaN,NaN,NaN,NaN,NaN,NaN,NaN,NaN,NaN,NaN
270,4,0,859,695,796,477,769,306,782,262,NaN,NaN,NaN,NaN,NaN,NaN,NaN,NaN,NaN,NaN,NaN,NaN
271,4,0,858,695,797,476,770,306,783,262,NaN,NaN,NaN,NaN,NaN,NaN,NaN,NaN,NaN,NaN,NaN,NaN
272,4,0,857,695,797,476,771,306,783,261,NaN,NaN,NaN,NaN,NaN,NaN,NaN,NaN,NaN,NaN,NaN,NaN
273,4,0,856,695,798,476,770,306,784,261,NaN,NaN,NaN,NaN,NaN,NaN,NaN,NaN,NaN,NaN,NaN,NaN
274,4,0,854,695,799,476,771,306,784,261,NaN,NaN,NaN,NaN,NaN,NaN,NaN,NaN,NaN,NaN,NaN,NaN
275,4,0,853,695,799,476,772,306,785,261,NaN,NaN,NaN,NaN,NaN,NaN,NaN,NaN,NaN,NaN,NaN,NaN
276,4,0,851,695,800,476,772,305,786,261,NaN,NaN,NaN,NaN,NaN,NaN,NaN,NaN,NaN,NaN,NaN,NaN
277,4,0,850,695,800,476,772,305,786,261,NaN,NaN,NaN,NaN,NaN,NaN,NaN,NaN,NaN,NaN,NaN,NaN
278,4,0,849,695,800,476,772,305,786,260,NaN,NaN,NaN,NaN,NaN,NaN,NaN,NaN,NaN,NaN,NaN,NaN
279,4,0,848,695,801,475,772,306,787,260,NaN,NaN,NaN,NaN,NaN,NaN,NaN,NaN,NaN,NaN,NaN,NaN
280,4,0,847,695,801,475,772,305,787,260,NaN,NaN,NaN,NaN,NaN,NaN,NaN,NaN,NaN,NaN,NaN,NaN
281,4,0,847,695,801,474,773,305,787,260,NaN,NaN,NaN,NaN,NaN,NaN,NaN,NaN,NaN,NaN,NaN,NaN
282,4,0,846,695,801,473,773,305,788,259,NaN,NaN,NaN,NaN,NaN,NaN,NaN,NaN,NaN,NaN,NaN,NaN
283,4,0,846,695,802,472,772,305,788,259,NaN,NaN,NaN,NaN,NaN,NaN,NaN,NaN,NaN,NaN,NaN,NaN
284,4,0,846,695,802,470,772,304,788,259,NaN,NaN,NaN,NaN,NaN,NaN,NaN,NaN,NaN,NaN,NaN,NaN
285,4,0,846,695,803,469,772,303,788,258,NaN,NaN,NaN,NaN,NaN,NaN,NaN,NaN,NaN,NaN,NaN,NaN
286,4,0,846,695,803,467,772,303,787,258,NaN,NaN,NaN,NaN,NaN,NaN,NaN,NaN,NaN,NaN,NaN,NaN
287,4,0,847,695,803,465,772,303,787,257,NaN,NaN,NaN,NaN,NaN,NaN,NaN,NaN,NaN,NaN,NaN,NaN
288,4,0,847,695,804,463,771,302,786,257,NaN,NaN,NaN,NaN,NaN,NaN,NaN,NaN,NaN,NaN,NaN,NaN
289,4,0,848,695,804,462,770,302,786,257,NaN,NaN,NaN,NaN,NaN,NaN,NaN,NaN,NaN,NaN,NaN,NaN
290,4,0,848,695,804,460,769,302,785,257,NaN,NaN,NaN,NaN,NaN,NaN,NaN,NaN,NaN,NaN,NaN,NaN
291,4,0,849,695,804,459,769,302,784,257,NaN,NaN,NaN,NaN,NaN,NaN,NaN,NaN,NaN,NaN,NaN,NaN
292,4,0,850,695,805,457,768,302,783,257,NaN,NaN,NaN,NaN,NaN,NaN,NaN,NaN,NaN,NaN,NaN,NaN
293,4,0,851,695,805,456,768,302,783,257,NaN,NaN,NaN,NaN,NaN,NaN,NaN,NaN,NaN,NaN,NaN,NaN
294,4,0,851,695,805,455,767,302,782,256,NaN,NaN,NaN,NaN,NaN,NaN,NaN,NaN,NaN,NaN,NaN,NaN
295,4,0,852,695,805,453,767,301,781,256,NaN,NaN,NaN,NaN,NaN,NaN,NaN,NaN,NaN,NaN,NaN,NaN
296,4,0,852,695,805,451,766,300,781,255,NaN,NaN,NaN,NaN,NaN,NaN,NaN,NaN,NaN,NaN,NaN,NaN
297,4,0,852,695,804,450,765,300,780,254,NaN,NaN,NaN,NaN,NaN,NaN,NaN,NaN,NaN,NaN,NaN,NaN
298,4,0,851,695,803,449,763,300,778,254,NaN,NaN,NaN,NaN,NaN,NaN,NaN,NaN,NaN,NaN,NaN,NaN
299,4,0,850,695,801,448,761,300,776,254,NaN,NaN,NaN,NaN,NaN,NaN,NaN,NaN,NaN,NaN,NaN,NaN
300,4,0,848,695,799,446,760,300,774,254,NaN,NaN,NaN,NaN,NaN,NaN,NaN,NaN,NaN,NaN,NaN,NaN
301,4,0,847,695,798,445,758,300,773,254,NaN,NaN,NaN,NaN,NaN,NaN,NaN,NaN,NaN,NaN,NaN,NaN
302,4,0,846,695,796,443,757,300,771,254,NaN,NaN,NaN,NaN,NaN,NaN,NaN,NaN,NaN,NaN,NaN,NaN
303,4,0,844,695,794,441,755,300,770,254,NaN,NaN,NaN,NaN,NaN,NaN,NaN,NaN,NaN,NaN,NaN,NaN
304,4,0,843,695,792,439,753,300,768,254,NaN,NaN,NaN,NaN,NaN,NaN,NaN,NaN,NaN,NaN,NaN,NaN
305,4,0,842,695,790,437,751,300,766,254,NaN,NaN,NaN,NaN,NaN,NaN,NaN,NaN,NaN,NaN,NaN,NaN
306,4,0,840,695,787,435,749,300,765,254,NaN,NaN,NaN,NaN,NaN,NaN,NaN,NaN,NaN,NaN,NaN,NaN
307,4,0,839,695,785,433,747,300,763,254,NaN,NaN,NaN,NaN,NaN,NaN,NaN,NaN,NaN,NaN,NaN,NaN
308,4,0,838,695,782,430,745,300,761,254,NaN,NaN,NaN,NaN,NaN,NaN,NaN,NaN,NaN,NaN,NaN,NaN
309,4,0,837,695,780,428,743,300,759,254,NaN,NaN,NaN,NaN,NaN,NaN,NaN,NaN,NaN,NaN,NaN,NaN
310,4,0,836,695,777,425,741,300,757,254,NaN,NaN,NaN,NaN,NaN,NaN,NaN,NaN,NaN,NaN,NaN,NaN
311,4,0,835,695,775,424,739,301,755,254,NaN,NaN,NaN,NaN,NaN,NaN,NaN,NaN,NaN,NaN,NaN,NaN
312,4,0,834,695,772,422,737,301,753,255,NaN,NaN,NaN,NaN,NaN,NaN,NaN,NaN,NaN,NaN,NaN,NaN
313,4,0,832,695,769,420,735,302,751,255,NaN,NaN,NaN,NaN,NaN,NaN,NaN,NaN,NaN,NaN,NaN,NaN
314,4,0,831,695,765,418,732,302,748,256,NaN,NaN,NaN,NaN,NaN,NaN,NaN,NaN,NaN,NaN,NaN,NaN
315,4,0,829,695,762,415,730,303,746,256,NaN,NaN,NaN,NaN,NaN,NaN,NaN,NaN,NaN,NaN,NaN,NaN
316,4,0,827,695,758,412,727,302,744,255,NaN,NaN,NaN,NaN,NaN,NaN,NaN,NaN,NaN,NaN,NaN,NaN
317,4,0,825,695,754,409,724,302,741,255,NaN,NaN,NaN,NaN,NaN,NaN,NaN,NaN,NaN,NaN,NaN,NaN
318,4,1,824,691,752,405,724,302,741,255,NaN,NaN,NaN,NaN,NaN,NaN,NaN,NaN,NaN,NaN,NaN,NaN
319,4,0,822,695,750,407,722,303,739,255,NaN,NaN,NaN,NaN,NaN,NaN,NaN,NaN,NaN,NaN,NaN,NaN
320,4,0,820,695,747,408,720,304,737,256,NaN,NaN,NaN,NaN,NaN,NaN,NaN,NaN,NaN,NaN,NaN,NaN
321,4,0,817,695,746,409,718,305,734,256,NaN,NaN,NaN,NaN,NaN,NaN,NaN,NaN,NaN,NaN,NaN,NaN
322,4,0,815,695,744,410,716,305,732,257,NaN,NaN,NaN,NaN,NaN,NaN,NaN,NaN,NaN,NaN,NaN,NaN
323,4,0,813,695,743,411,714,306,730,257,NaN,NaN,NaN,NaN,NaN,NaN,NaN,NaN,NaN,NaN,NaN,NaN
324,4,0,811,695,740,412,712,307,728,258,NaN,NaN,NaN,NaN,NaN,NaN,NaN,NaN,NaN,NaN,NaN,NaN
325,4,0,810,695,739,413,709,307,726,258,NaN,NaN,NaN,NaN,NaN,NaN,NaN,NaN,NaN,NaN,NaN,NaN
326,4,0,809,695,738,413,707,307,723,258,NaN,NaN,NaN,NaN,NaN,NaN,NaN,NaN,NaN,NaN,NaN,NaN
327,4,0,808,695,736,413,706,308,721,258,NaN,NaN,NaN,NaN,NaN,NaN,NaN,NaN,NaN,NaN,NaN,NaN
328,4,0,807,695,735,413,704,308,719,258,NaN,NaN,NaN,NaN,NaN,NaN,NaN,NaN,NaN,NaN,NaN,NaN
329,4,0,807,695,733,414,702,308,717,259,NaN,NaN,NaN,NaN,NaN,NaN,NaN,NaN,NaN,NaN,NaN,NaN
330,4,0,806,695,731,414,700,308,715,259,NaN,NaN,NaN,NaN,NaN,NaN,NaN,NaN,NaN,NaN,NaN,NaN
331,4,0,805,695,730,416,698,309,713,260,NaN,NaN,NaN,NaN,NaN,NaN,NaN,NaN,NaN,NaN,NaN,NaN
332,4,0,804,695,728,416,697,309,711,260,NaN,NaN,NaN,NaN,NaN,NaN,NaN,NaN,NaN,NaN,NaN,NaN
333,4,0,804,695,728,418,695,310,710,261,NaN,NaN,NaN,NaN,NaN,NaN,NaN,NaN,NaN,NaN,NaN,NaN
334,4,0,803,695,727,419,694,311,708,261,NaN,NaN,NaN,NaN,NaN,NaN,NaN,NaN,NaN,NaN,NaN,NaN
335,4,0,802,695,725,420,693,311,706,262,NaN,NaN,NaN,NaN,NaN,NaN,NaN,NaN,NaN,NaN,NaN,NaN
336,4,0,801,695,725,421,691,312,705,262,NaN,NaN,NaN,NaN,NaN,NaN,NaN,NaN,NaN,NaN,NaN,NaN
337,4,0,800,695,723,421,689,312,703,262,NaN,NaN,NaN,NaN,NaN,NaN,NaN,NaN,NaN,NaN,NaN,NaN
338,4,0,799,695,722,423,687,312,701,261,NaN,NaN,NaN,NaN,NaN,NaN,NaN,NaN,NaN,NaN,NaN,NaN
339,4,0,796,695,720,423,685,312,699,261,NaN,NaN,NaN,NaN,NaN,NaN,NaN,NaN,NaN,NaN,NaN,NaN
340,4,0,794,695,718,424,684,312,697,261,NaN,NaN,NaN,NaN,NaN,NaN,NaN,NaN,NaN,NaN,NaN,NaN
341,4,0,791,695,717,424,682,312,695,261,NaN,NaN,NaN,NaN,NaN,NaN,NaN,NaN,NaN,NaN,NaN,NaN
342,4,0,789,695,715,424,681,312,694,260,NaN,NaN,NaN,NaN,NaN,NaN,NaN,NaN,NaN,NaN,NaN,NaN
343,4,0,788,695,714,425,679,312,692,260,NaN,NaN,NaN,NaN,NaN,NaN,NaN,NaN,NaN,NaN,NaN,NaN
344,4,0,786,695,712,425,678,312,691,259,NaN,NaN,NaN,NaN,NaN,NaN,NaN,NaN,NaN,NaN,NaN,NaN
345,4,0,784,695,712,424,677,312,690,259,NaN,NaN,NaN,NaN,NaN,NaN,NaN,NaN,NaN,NaN,NaN,NaN
346,4,0,783,695,711,425,676,312,689,259,NaN,NaN,NaN,NaN,NaN,NaN,NaN,NaN,NaN,NaN,NaN,NaN
347,4,0,781,695,710,424,676,312,688,258,NaN,NaN,NaN,NaN,NaN,NaN,NaN,NaN,NaN,NaN,NaN,NaN
348,4,0,780,695,709,424,674,311,688,258,NaN,NaN,NaN,NaN,NaN,NaN,NaN,NaN,NaN,NaN,NaN,NaN
349,4,0,778,695,708,424,673,311,687,258,NaN,NaN,NaN,NaN,NaN,NaN,NaN,NaN,NaN,NaN,NaN,NaN
350,4,0,777,695,707,424,672,311,686,257,NaN,NaN,NaN,NaN,NaN,NaN,NaN,NaN,NaN,NaN,NaN,NaN
351,4,0,775,695,705,424,671,311,685,257,NaN,NaN,NaN,NaN,NaN,NaN,NaN,NaN,NaN,NaN,NaN,NaN
352,4,0,773,695,705,425,671,311,684,257,NaN,NaN,NaN,NaN,NaN,NaN,NaN,NaN,NaN,NaN,NaN,NaN
353,4,0,772,695,703,426,670,311,683,257,NaN,NaN,NaN,NaN,NaN,NaN,NaN,NaN,NaN,NaN,NaN,NaN
354,4,0,770,695,703,426,670,311,683,257,NaN,NaN,NaN,NaN,NaN,NaN,NaN,NaN,NaN,NaN,NaN,NaN
355,4,0,768,695,702,426,669,311,682,257,NaN,NaN,NaN,NaN,NaN,NaN,NaN,NaN,NaN,NaN,NaN,NaN
356,4,0,767,695,701,427,669,311,682,257,NaN,NaN,NaN,NaN,NaN,NaN,NaN,NaN,NaN,NaN,NaN,NaN
357,4,0,765,695,700,427,668,312,681,257,NaN,NaN,NaN,NaN,NaN,NaN,NaN,NaN,NaN,NaN,NaN,NaN
358,4,0,763,695,699,428,667,312,681,257,NaN,NaN,NaN,NaN,NaN,NaN,NaN,NaN,NaN,NaN,NaN,NaN
359,4,0,760,695,698,428,666,312,680,256,NaN,NaN,NaN,NaN,NaN,NaN,NaN,NaN,NaN,NaN,NaN,NaN
360,4,0,758,695,696,429,664,312,679,256,NaN,NaN,NaN,NaN,NaN,NaN,NaN,NaN,NaN,NaN,NaN,NaN
361,4,0,757,695,695,430,664,312,678,256,NaN,NaN,NaN,NaN,NaN,NaN,NaN,NaN,NaN,NaN,NaN,NaN
362,4,0,756,695,695,430,663,312,678,256,NaN,NaN,NaN,NaN,NaN,NaN,NaN,NaN,NaN,NaN,NaN,NaN
363,4,0,754,695,695,431,663,312,678,256,NaN,NaN,NaN,NaN,NaN,NaN,NaN,NaN,NaN,NaN,NaN,NaN
364,4,0,754,695,694,431,663,312,678,255,NaN,NaN,NaN,NaN,NaN,NaN,NaN,NaN,NaN,NaN,NaN,NaN
365,4,0,754,695,694,431,663,312,678,255,NaN,NaN,NaN,NaN,NaN,NaN,NaN,NaN,NaN,NaN,NaN,NaN
366,4,0,753,695,694,432,664,312,678,255,NaN,NaN,NaN,NaN,NaN,NaN,NaN,NaN,NaN,NaN,NaN,NaN
367,4,0,754,695,694,432,664,312,678,254,NaN,NaN,NaN,NaN,NaN,NaN,NaN,NaN,NaN,NaN,NaN,NaN
368,4,0,754,695,695,431,664,311,678,254,NaN,NaN,NaN,NaN,NaN,NaN,NaN,NaN,NaN,NaN,NaN,NaN
369,4,0,754,695,695,431,665,311,679,253,NaN,NaN,NaN,NaN,NaN,NaN,NaN,NaN,NaN,NaN,NaN,NaN
370,4,0,755,695,695,431,665,311,679,253,NaN,NaN,NaN,NaN,NaN,NaN,NaN,NaN,NaN,NaN,NaN,NaN
371,4,0,755,695,695,431,665,311,680,253,NaN,NaN,NaN,NaN,NaN,NaN,NaN,NaN,NaN,NaN,NaN,NaN
372,4,0,756,695,696,432,666,311,680,253,NaN,NaN,NaN,NaN,NaN,NaN,NaN,NaN,NaN,NaN,NaN,NaN
373,4,0,756,695,697,432,666,311,681,253,NaN,NaN,NaN,NaN,NaN,NaN,NaN,NaN,NaN,NaN,NaN,NaN
374,4,0,757,695,697,433,667,311,681,253,NaN,NaN,NaN,NaN,NaN,NaN,NaN,NaN,NaN,NaN,NaN,NaN
375,4,0,758,695,698,433,668,311,682,253,NaN,NaN,NaN,NaN,NaN,NaN,NaN,NaN,NaN,NaN,NaN,NaN
376,4,0,759,695,699,434,669,312,683,253,NaN,NaN,NaN,NaN,NaN,NaN,NaN,NaN,NaN,NaN,NaN,NaN
377,4,0,761,695,701,435,670,313,684,253,NaN,NaN,NaN,NaN,NaN,NaN,NaN,NaN,NaN,NaN,NaN,NaN
378,4,0,762,695,702,436,671,313,685,253,NaN,NaN,NaN,NaN,NaN,NaN,NaN,NaN,NaN,NaN,NaN,NaN
379,4,0,764,695,703,437,672,313,686,253,NaN,NaN,NaN,NaN,NaN,NaN,NaN,NaN,NaN,NaN,NaN,NaN
380,4,0,765,695,704,438,673,313,686,253,NaN,NaN,NaN,NaN,NaN,NaN,NaN,NaN,NaN,NaN,NaN,NaN
381,4,0,766,695,705,439,674,313,687,253,NaN,NaN,NaN,NaN,NaN,NaN,NaN,NaN,NaN,NaN,NaN,NaN
382,4,0,767,695,706,439,675,313,688,252,NaN,NaN,NaN,NaN,NaN,NaN,NaN,NaN,NaN,NaN,NaN,NaN
383,4,0,768,695,707,440,676,313,689,251,NaN,NaN,NaN,NaN,NaN,NaN,NaN,NaN,NaN,NaN,NaN,NaN
384,4,0,769,695,708,440,677,313,690,251,NaN,NaN,NaN,NaN,NaN,NaN,NaN,NaN,NaN,NaN,NaN,NaN
385,4,0,770,695,709,441,678,313,691,251,NaN,NaN,NaN,NaN,NaN,NaN,NaN,NaN,NaN,NaN,NaN,NaN
386,4,0,771,695,710,440,679,313,692,250,NaN,NaN,NaN,NaN,NaN,NaN,NaN,NaN,NaN,NaN,NaN,NaN
387,4,0,772,695,711,441,680,313,693,250,NaN,NaN,NaN,NaN,NaN,NaN,NaN,NaN,NaN,NaN,NaN,NaN
388,4,0,773,695,712,441,681,313,694,250,NaN,NaN,NaN,NaN,NaN,NaN,NaN,NaN,NaN,NaN,NaN,NaN
389,4,0,774,695,713,441,682,313,695,249,NaN,NaN,NaN,NaN,NaN,NaN,NaN,NaN,NaN,NaN,NaN,NaN
390,4,0,775,695,713,441,683,313,696,249,NaN,NaN,NaN,NaN,NaN,NaN,NaN,NaN,NaN,NaN,NaN,NaN
391,4,0,776,695,714,441,684,312,697,249,NaN,NaN,NaN,NaN,NaN,NaN,NaN,NaN,NaN,NaN,NaN,NaN
392,4,0,777,695,715,442,684,312,697,249,NaN,NaN,NaN,NaN,NaN,NaN,NaN,NaN,NaN,NaN,NaN,NaN
393,4,0,778,695,715,442,685,313,698,249,NaN,NaN,NaN,NaN,NaN,NaN,NaN,NaN,NaN,NaN,NaN,NaN
394,4,0,778,695,716,443,686,313,699,249,NaN,NaN,NaN,NaN,NaN,NaN,NaN,NaN,NaN,NaN,NaN,NaN
395,4,0,779,695,716,445,687,314,700,250,NaN,NaN,NaN,NaN,NaN,NaN,NaN,NaN,NaN,NaN,NaN,NaN
396,4,0,779,695,717,446,688,315,701,250,NaN,NaN,NaN,NaN,NaN,NaN,NaN,NaN,NaN,NaN,NaN,NaN
397,4,0,780,695,717,448,688,316,702,251,NaN,NaN,NaN,NaN,NaN,NaN,NaN,NaN,NaN,NaN,NaN,NaN
398,4,0,780,695,717,449,689,317,703,251,NaN,NaN,NaN,NaN,NaN,NaN,NaN,NaN,NaN,NaN,NaN,NaN
399,4,0,780,695,717,451,689,318,703,251,NaN,NaN,NaN,NaN,NaN,NaN,NaN,NaN,NaN,NaN,NaN,NaN
400,4,0,780,695,717,452,689,319,703,252,NaN,NaN,NaN,NaN,NaN,NaN,NaN,NaN,NaN,NaN,NaN,NaN
401,4,0,780,695,717,453,689,319,703,252,NaN,NaN,NaN,NaN,NaN,NaN,NaN,NaN,NaN,NaN,NaN,NaN
402,4,0,781,695,717,454,689,319,703,252,NaN,NaN,NaN,NaN,NaN,NaN,NaN,NaN,NaN,NaN,NaN,NaN
403,4,0,781,695,716,454,690,320,704,251,NaN,NaN,NaN,NaN,NaN,NaN,NaN,NaN,NaN,NaN,NaN,NaN
404,4,0,781,695,716,455,690,320,704,251,NaN,NaN,NaN,NaN,NaN,NaN,NaN,NaN,NaN,NaN,NaN,NaN
405,4,0,781,695,716,455,690,320,704,251,NaN,NaN,NaN,NaN,NaN,NaN,NaN,NaN,NaN,NaN,NaN,NaN
406,4,0,782,695,716,455,690,320,704,251,NaN,NaN,NaN,NaN,NaN,NaN,NaN,NaN,NaN,NaN,NaN,NaN
407,4,0,783,695,716,455,690,320,705,250,NaN,NaN,NaN,NaN,NaN,NaN,NaN,NaN,NaN,NaN,NaN,NaN
408,4,0,783,695,716,455,690,320,705,250,NaN,NaN,NaN,NaN,NaN,NaN,NaN,NaN,NaN,NaN,NaN,NaN
409,4,0,784,695,716,455,691,320,705,250,NaN,NaN,NaN,NaN,NaN,NaN,NaN,NaN,NaN,NaN,NaN,NaN
410,4,0,785,695,716,455,691,320,705,249,NaN,NaN,NaN,NaN,NaN,NaN,NaN,NaN,NaN,NaN,NaN,NaN
411,4,0,786,695,716,454,691,320,705,249,NaN,NaN,NaN,NaN,NaN,NaN,NaN,NaN,NaN,NaN,NaN,NaN
412,4,0,787,695,715,454,691,319,705,249,NaN,NaN,NaN,NaN,NaN,NaN,NaN,NaN,NaN,NaN,NaN,NaN
413,4,0,788,695,715,454,690,319,704,249,NaN,NaN,NaN,NaN,NaN,NaN,NaN,NaN,NaN,NaN,NaN,NaN
414,4,0,789,695,715,455,690,320,704,249,NaN,NaN,NaN,NaN,NaN,NaN,NaN,NaN,NaN,NaN,NaN,NaN
415,4,0,790,695,715,455,690,320,704,249,NaN,NaN,NaN,NaN,NaN,NaN,NaN,NaN,NaN,NaN,NaN,NaN
416,4,0,791,695,714,456,690,321,703,249,NaN,NaN,NaN,NaN,NaN,NaN,NaN,NaN,NaN,NaN,NaN,NaN
417,4,0,792,695,714,457,690,321,703,249,NaN,NaN,NaN,NaN,NaN,NaN,NaN,NaN,NaN,NaN,NaN,NaN
418,4,0,793,695,714,458,690,322,703,249,NaN,NaN,NaN,NaN,NaN,NaN,NaN,NaN,NaN,NaN,NaN,NaN
419,4,0,794,695,713,459,690,323,703,249,NaN,NaN,NaN,NaN,NaN,NaN,NaN,NaN,NaN,NaN,NaN,NaN
420,4,0,796,695,713,460,689,323,702,249,NaN,NaN,NaN,NaN,NaN,NaN,NaN,NaN,NaN,NaN,NaN,NaN
421,4,0,796,695,712,461,689,324,702,249,NaN,NaN,NaN,NaN,NaN,NaN,NaN,NaN,NaN,NaN,NaN,NaN
422,4,0,796,695,711,462,688,324,701,249,NaN,NaN,NaN,NaN,NaN,NaN,NaN,NaN,NaN,NaN,NaN,NaN
423,4,0,796,695,710,463,687,325,700,249,NaN,NaN,NaN,NaN,NaN,NaN,NaN,NaN,NaN,NaN,NaN,NaN
424,4,0,796,695,708,464,686,326,698,249,NaN,NaN,NaN,NaN,NaN,NaN,NaN,NaN,NaN,NaN,NaN,NaN
425,4,0,795,695,706,464,684,326,697,249,NaN,NaN,NaN,NaN,NaN,NaN,NaN,NaN,NaN,NaN,NaN,NaN
426,4,0,794,695,704,465,683,327,695,249,NaN,NaN,NaN,NaN,NaN,NaN,NaN,NaN,NaN,NaN,NaN,NaN
427,4,0,794,695,701,465,681,327,694,248,NaN,NaN,NaN,NaN,NaN,NaN,NaN,NaN,NaN,NaN,NaN,NaN
428,4,0,793,695,699,465,679,327,693,248,NaN,NaN,NaN,NaN,NaN,NaN,NaN,NaN,NaN,NaN,NaN,NaN
429,4,0,792,695,697,465,678,327,691,248,NaN,NaN,NaN,NaN,NaN,NaN,NaN,NaN,NaN,NaN,NaN,NaN
430,4,0,791,695,694,464,676,328,690,247,NaN,NaN,NaN,NaN,NaN,NaN,NaN,NaN,NaN,NaN,NaN,NaN
431,4,0,790,695,692,464,674,327,688,247,NaN,NaN,NaN,NaN,NaN,NaN,NaN,NaN,NaN,NaN,NaN,NaN
432,4,0,789,695,689,463,672,327,686,246,NaN,NaN,NaN,NaN,NaN,NaN,NaN,NaN,NaN,NaN,NaN,NaN
433,4,0,787,695,686,463,670,327,684,246,NaN,NaN,NaN,NaN,NaN,NaN,NaN,NaN,NaN,NaN,NaN,NaN
434,4,1,787,695,685,461,670,327,684,246,NaN,NaN,NaN,NaN,NaN,NaN,NaN,NaN,NaN,NaN,NaN,NaN
435,4,0,781,695,681,461,667,327,682,246,NaN,NaN,NaN,NaN,NaN,NaN,NaN,NaN,NaN,NaN,NaN,NaN
436,4,0,775,695,677,462,664,328,680,246,NaN,NaN,NaN,NaN,NaN,NaN,NaN,NaN,NaN,NaN,NaN,NaN
437,4,0,768,695,674,463,661,327,678,246,NaN,NaN,NaN,NaN,NaN,NaN,NaN,NaN,NaN,NaN,NaN,NaN
438,4,0,762,695,670,464,657,328,676,246,NaN,NaN,NaN,NaN,NaN,NaN,NaN,NaN,NaN,NaN,NaN,NaN
439,4,0,756,695,666,465,654,328,674,246,NaN,NaN,NaN,NaN,NaN,NaN,NaN,NaN,NaN,NaN,NaN,NaN
440,4,0,749,695,662,467,651,329,672,246,NaN,NaN,NaN,NaN,NaN,NaN,NaN,NaN,NaN,NaN,NaN,NaN
441,4,0,743,695,659,468,648,330,670,246,NaN,NaN,NaN,NaN,NaN,NaN,NaN,NaN,NaN,NaN,NaN,NaN
442,4,0,737,695,655,470,644,330,667,246,NaN,NaN,NaN,NaN,NaN,NaN,NaN,NaN,NaN,NaN,NaN,NaN
443,4,0,731,695,650,472,641,331,665,246,NaN,NaN,NaN,NaN,NaN,NaN,NaN,NaN,NaN,NaN,NaN,NaN
444,4,0,726,695,647,474,639,332,663,246,NaN,NaN,NaN,NaN,NaN,NaN,NaN,NaN,NaN,NaN,NaN,NaN
445,4,0,721,695,644,475,636,333,661,246,NaN,NaN,NaN,NaN,NaN,NaN,NaN,NaN,NaN,NaN,NaN,NaN
446,4,0,717,695,641,477,633,333,659,245,NaN,NaN,NaN,NaN,NaN,NaN,NaN,NaN,NaN,NaN,NaN,NaN
447,4,0,713,695,639,478,631,333,658,245,NaN,NaN,NaN,NaN,NaN,NaN,NaN,NaN,NaN,NaN,NaN,NaN
448,4,0,710,695,636,478,629,333,656,245,NaN,NaN,NaN,NaN,NaN,NaN,NaN,NaN,NaN,NaN,NaN,NaN
449,4,0,707,695,634,479,626,334,655,244,NaN,NaN,NaN,NaN,NaN,NaN,NaN,NaN,NaN,NaN,NaN,NaN
450,4,0,704,695,631,480,624,333,653,244,NaN,NaN,NaN,NaN,NaN,NaN,NaN,NaN,NaN,NaN,NaN,NaN
451,4,0,702,695,629,480,622,332,652,243,NaN,NaN,NaN,NaN,NaN,NaN,NaN,NaN,NaN,NaN,NaN,NaN
452,4,0,700,695,627,479,619,332,650,242,NaN,NaN,NaN,NaN,NaN,NaN,NaN,NaN,NaN,NaN,NaN,NaN
453,4,0,698,695,625,480,618,332,649,242,NaN,NaN,NaN,NaN,NaN,NaN,NaN,NaN,NaN,NaN,NaN,NaN
454,4,0,696,695,623,480,616,331,647,241,NaN,NaN,NaN,NaN,NaN,NaN,NaN,NaN,NaN,NaN,NaN,NaN
455,4,0,694,695,621,481,614,331,646,241,NaN,NaN,NaN,NaN,NaN,NaN,NaN,NaN,NaN,NaN,NaN,NaN
456,4,0,692,695,619,482,612,332,644,241,NaN,NaN,NaN,NaN,NaN,NaN,NaN,NaN,NaN,NaN,NaN,NaN
457,4,0,691,695,618,483,610,332,643,241,NaN,NaN,NaN,NaN,NaN,NaN,NaN,NaN,NaN,NaN,NaN,NaN
458,4,0,689,695,617,485,608,333,642,241,NaN,NaN,NaN,NaN,NaN,NaN,NaN,NaN,NaN,NaN,NaN,NaN
459,4,0,688,695,615,486,607,333,640,241,NaN,NaN,NaN,NaN,NaN,NaN,NaN,NaN,NaN,NaN,NaN,NaN
460,4,0,686,695,614,487,605,334,639,241,NaN,NaN,NaN,NaN,NaN,NaN,NaN,NaN,NaN,NaN,NaN,NaN
461,4,0,685,695,612,489,603,334,638,240,NaN,NaN,NaN,NaN,NaN,NaN,NaN,NaN,NaN,NaN,NaN,NaN
462,4,0,683,695,611,490,602,334,637,240,NaN,NaN,NaN,NaN,NaN,NaN,NaN,NaN,NaN,NaN,NaN,NaN
463,4,0,682,695,610,492,600,334,635,239,NaN,NaN,NaN,NaN,NaN,NaN,NaN,NaN,NaN,NaN,NaN,NaN
464,4,0,680,695,608,493,598,335,634,239,NaN,NaN,NaN,NaN,NaN,NaN,NaN,NaN,NaN,NaN,NaN,NaN
465,4,0,678,695,606,494,596,335,633,239,NaN,NaN,NaN,NaN,NaN,NaN,NaN,NaN,NaN,NaN,NaN,NaN
466,4,0,676,695,604,496,594,336,632,239,NaN,NaN,NaN,NaN,NaN,NaN,NaN,NaN,NaN,NaN,NaN,NaN
467,4,0,674,695,601,497,592,336,630,239,NaN,NaN,NaN,NaN,NaN,NaN,NaN,NaN,NaN,NaN,NaN,NaN
468,4,0,671,695,598,499,590,337,629,239,NaN,NaN,NaN,NaN,NaN,NaN,NaN,NaN,NaN,NaN,NaN,NaN
469,4,0,669,695,596,500,587,337,627,239,NaN,NaN,NaN,NaN,NaN,NaN,NaN,NaN,NaN,NaN,NaN,NaN
470,4,0,666,695,593,501,585,337,626,238,NaN,NaN,NaN,NaN,NaN,NaN,NaN,NaN,NaN,NaN,NaN,NaN
471,4,0,663,695,590,502,583,338,624,238,NaN,NaN,NaN,NaN,NaN,NaN,NaN,NaN,NaN,NaN,NaN,NaN
472,4,0,661,695,587,503,580,338,623,238,NaN,NaN,NaN,NaN,NaN,NaN,NaN,NaN,NaN,NaN,NaN,NaN
473,4,0,659,695,584,503,578,338,621,238,NaN,NaN,NaN,NaN,NaN,NaN,NaN,NaN,NaN,NaN,NaN,NaN
474,4,0,656,695,581,505,575,338,620,238,NaN,NaN,NaN,NaN,NaN,NaN,NaN,NaN,NaN,NaN,NaN,NaN
475,4,0,653,695,577,505,572,338,618,238,NaN,NaN,NaN,NaN,NaN,NaN,NaN,NaN,NaN,NaN,NaN,NaN
476,4,0,650,695,574,507,569,339,617,238,NaN,NaN,NaN,NaN,NaN,NaN,NaN,NaN,NaN,NaN,NaN,NaN
477,4,0,647,695,570,509,566,340,616,238,NaN,NaN,NaN,NaN,NaN,NaN,NaN,NaN,NaN,NaN,NaN,NaN
478,4,0,645,695,567,510,564,341,614,239,NaN,NaN,NaN,NaN,NaN,NaN,NaN,NaN,NaN,NaN,NaN,NaN
479,4,0,642,695,563,512,561,341,613,239,NaN,NaN,NaN,NaN,NaN,NaN,NaN,NaN,NaN,NaN,NaN,NaN
480,4,0,639,695,560,514,559,342,611,239,NaN,NaN,NaN,NaN,NaN,NaN,NaN,NaN,NaN,NaN,NaN,NaN
481,4,0,637,695,556,516,556,343,610,239,NaN,NaN,NaN,NaN,NaN,NaN,NaN,NaN,NaN,NaN,NaN,NaN
482,4,0,634,695,552,518,553,344,608,240,NaN,NaN,NaN,NaN,NaN,NaN,NaN,NaN,NaN,NaN,NaN,NaN
483,4,0,632,695,548,520,550,346,606,240,NaN,NaN,NaN,NaN,NaN,NaN,NaN,NaN,NaN,NaN,NaN,NaN
484,4,0,629,695,545,523,547,347,605,241,NaN,NaN,NaN,NaN,NaN,NaN,NaN,NaN,NaN,NaN,NaN,NaN
485,4,0,628,695,542,525,545,348,604,241,NaN,NaN,NaN,NaN,NaN,NaN,NaN,NaN,NaN,NaN,NaN,NaN
486,4,0,626,695,539,528,543,349,603,242,NaN,NaN,NaN,NaN,NaN,NaN,NaN,NaN,NaN,NaN,NaN,NaN
487,4,0,625,695,536,530,540,351,602,242,NaN,NaN,NaN,NaN,NaN,NaN,NaN,NaN,NaN,NaN,NaN,NaN
488,4,0,624,695,533,531,538,352,600,243,NaN,NaN,NaN,NaN,NaN,NaN,NaN,NaN,NaN,NaN,NaN,NaN
489,4,0,624,695,530,533,536,353,599,243,NaN,NaN,NaN,NaN,NaN,NaN,NaN,NaN,NaN,NaN,NaN,NaN
490,4,0,623,695,528,534,534,353,598,243,NaN,NaN,NaN,NaN,NaN,NaN,NaN,NaN,NaN,NaN,NaN,NaN
491,4,0,623,695,525,535,531,354,597,243,NaN,NaN,NaN,NaN,NaN,NaN,NaN,NaN,NaN,NaN,NaN,NaN
492,4,0,623,695,522,536,529,354,596,243,NaN,NaN,NaN,NaN,NaN,NaN,NaN,NaN,NaN,NaN,NaN,NaN
493,4,0,624,695,519,536,527,355,595,243,NaN,NaN,NaN,NaN,NaN,NaN,NaN,NaN,NaN,NaN,NaN,NaN
494,4,0,624,695,517,537,525,355,594,244,NaN,NaN,NaN,NaN,NaN,NaN,NaN,NaN,NaN,NaN,NaN,NaN
495,4,1,624,695,515,535,524,355,594,244,NaN,NaN,NaN,NaN,NaN,NaN,NaN,NaN,NaN,NaN,NaN,NaN
496,4,0,616,695,514,539,523,356,593,245,NaN,NaN,NaN,NaN,NaN,NaN,NaN,NaN,NaN,NaN,NaN,NaN
497,4,0,609,695,513,543,521,358,592,245,NaN,NaN,NaN,NaN,NaN,NaN,NaN,NaN,NaN,NaN,NaN,NaN
498,4,0,601,695,512,547,520,360,591,246,NaN,NaN,NaN,NaN,NaN,NaN,NaN,NaN,NaN,NaN,NaN,NaN
499,4,0,593,695,512,552,520,362,590,247,NaN,NaN,NaN,NaN,NaN,NaN,NaN,NaN,NaN,NaN,NaN,NaN
500,4,0,586,695,511,558,519,365,589,248,NaN,NaN,NaN,NaN,NaN,NaN,NaN,NaN,NaN,NaN,NaN,NaN
501,4,0,579,695,511,563,518,367,588,249,NaN,NaN,NaN,NaN,NaN,NaN,NaN,NaN,NaN,NaN,NaN,NaN
502,4,0,572,695,510,569,517,370,587,250,NaN,NaN,NaN,NaN,NaN,NaN,NaN,NaN,NaN,NaN,NaN,NaN
503,4,0,565,695,509,574,515,372,586,251,NaN,NaN,NaN,NaN,NaN,NaN,NaN,NaN,NaN,NaN,NaN,NaN
504,4,0,558,695,508,580,514,374,584,252,NaN,NaN,NaN,NaN,NaN,NaN,NaN,NaN,NaN,NaN,NaN,NaN
505,4,0,551,695,507,586,512,377,583,253,NaN,NaN,NaN,NaN,NaN,NaN,NaN,NaN,NaN,NaN,NaN,NaN
506,4,0,545,695,505,591,510,378,581,254,NaN,NaN,NaN,NaN,NaN,NaN,NaN,NaN,NaN,NaN,NaN,NaN
507,4,0,539,695,503,596,509,381,579,255,NaN,NaN,NaN,NaN,NaN,NaN,NaN,NaN,NaN,NaN,NaN,NaN
508,4,0,534,695,502,601,507,383,578,256,NaN,NaN,NaN,NaN,NaN,NaN,NaN,NaN,NaN,NaN,NaN,NaN
509,4,0,528,695,500,605,505,384,577,256,NaN,NaN,NaN,NaN,NaN,NaN,NaN,NaN,NaN,NaN,NaN,NaN
510,4,0,523,695,498,610,504,386,575,257,NaN,NaN,NaN,NaN,NaN,NaN,NaN,NaN,NaN,NaN,NaN,NaN
511,4,0,518,695,496,614,502,388,574,258,NaN,NaN,NaN,NaN,NaN,NaN,NaN,NaN,NaN,NaN,NaN,NaN
512,4,0,513,695,494,618,500,389,573,258,NaN,NaN,NaN,NaN,NaN,NaN,NaN,NaN,NaN,NaN,NaN,NaN
513,4,0,509,695,492,623,498,390,571,259,NaN,NaN,NaN,NaN,NaN,NaN,NaN,NaN,NaN,NaN,NaN,NaN
514,4,0,504,695,490,627,496,392,570,259,NaN,NaN,NaN,NaN,NaN,NaN,NaN,NaN,NaN,NaN,NaN,NaN
515,4,0,499,695,487,632,494,393,568,260,NaN,NaN,NaN,NaN,NaN,NaN,NaN,NaN,NaN,NaN,NaN,NaN
516,4,0,494,695,484,638,492,395,567,261,NaN,NaN,NaN,NaN,NaN,NaN,NaN,NaN,NaN,NaN,NaN,NaN
517,4,0,489,695,481,644,489,398,565,262,NaN,NaN,NaN,NaN,NaN,NaN,NaN,NaN,NaN,NaN,NaN,NaN
518,4,0,484,695,477,651,487,400,564,263,NaN,NaN,NaN,NaN,NaN,NaN,NaN,NaN,NaN,NaN,NaN,NaN
519,4,0,479,695,474,658,485,403,562,264,NaN,NaN,NaN,NaN,NaN,NaN,NaN,NaN,NaN,NaN,NaN,NaN
520,4,0,475,695,471,666,482,406,560,266,NaN,NaN,NaN,NaN,NaN,NaN,NaN,NaN,NaN,NaN,NaN,NaN
521,4,0,471,695,468,673,480,409,559,267,NaN,NaN,NaN,NaN,NaN,NaN,NaN,NaN,NaN,NaN,NaN,NaN
522,3,1,471,695,480,409,559,267,NaN,NaN,NaN,NaN,NaN,NaN,NaN,NaN,NaN,NaN,NaN,NaN,NaN,NaN
523,3,0,469,695,479,411,558,268,NaN,NaN,NaN,NaN,NaN,NaN,NaN,NaN,NaN,NaN,NaN,NaN,NaN,NaN
524,3,0,466,695,479,411,556,269,NaN,NaN,NaN,NaN,NaN,NaN,NaN,NaN,NaN,NaN,NaN,NaN,NaN,NaN
525,3,0,465,695,478,413,555,270,NaN,NaN,NaN,NaN,NaN,NaN,NaN,NaN,NaN,NaN,NaN,NaN,NaN,NaN
526,3,0,464,695,477,415,554,272,NaN,NaN,NaN,NaN,NaN,NaN,NaN,NaN,NaN,NaN,NaN,NaN,NaN,NaN
527,3,0,463,695,477,415,553,273,NaN,NaN,NaN,NaN,NaN,NaN,NaN,NaN,NaN,NaN,NaN,NaN,NaN,NaN
528,3,0,462,695,477,417,553,275,NaN,NaN,NaN,NaN,NaN,NaN,NaN,NaN,NaN,NaN,NaN,NaN,NaN,NaN
529,3,0,461,695,477,417,552,276,NaN,NaN,NaN,NaN,NaN,NaN,NaN,NaN,NaN,NaN,NaN,NaN,NaN,NaN
530,3,0,461,695,477,418,551,277,NaN,NaN,NaN,NaN,NaN,NaN,NaN,NaN,NaN,NaN,NaN,NaN,NaN,NaN
531,3,0,461,695,477,419,550,278,NaN,NaN,NaN,NaN,NaN,NaN,NaN,NaN,NaN,NaN,NaN,NaN,NaN,NaN
532,3,0,461,695,478,420,549,279,NaN,NaN,NaN,NaN,NaN,NaN,NaN,NaN,NaN,NaN,NaN,NaN,NaN,NaN
533,3,0,460,695,478,420,549,280,NaN,NaN,NaN,NaN,NaN,NaN,NaN,NaN,NaN,NaN,NaN,NaN,NaN,NaN
534,3,0,460,695,479,420,548,280,NaN,NaN,NaN,NaN,NaN,NaN,NaN,NaN,NaN,NaN,NaN,NaN,NaN,NaN
535,3,0,460,695,479,421,548,281,NaN,NaN,NaN,NaN,NaN,NaN,NaN,NaN,NaN,NaN,NaN,NaN,NaN,NaN
536,3,0,460,695,480,421,548,282,NaN,NaN,NaN,NaN,NaN,NaN,NaN,NaN,NaN,NaN,NaN,NaN,NaN,NaN
537,3,0,460,695,480,421,548,283,NaN,NaN,NaN,NaN,NaN,NaN,NaN,NaN,NaN,NaN,NaN,NaN,NaN,NaN
538,3,0,460,695,481,422,547,285,NaN,NaN,NaN,NaN,NaN,NaN,NaN,NaN,NaN,NaN,NaN,NaN,NaN,NaN
539,3,0,459,695,481,423,546,286,NaN,NaN,NaN,NaN,NaN,NaN,NaN,NaN,NaN,NaN,NaN,NaN,NaN,NaN
540,3,0,459,695,482,424,546,287,NaN,NaN,NaN,NaN,NaN,NaN,NaN,NaN,NaN,NaN,NaN,NaN,NaN,NaN
541,3,0,459,695,483,425,546,289,NaN,NaN,NaN,NaN,NaN,NaN,NaN,NaN,NaN,NaN,NaN,NaN,NaN,NaN
542,3,0,460,695,484,427,546,290,NaN,NaN,NaN,NaN,NaN,NaN,NaN,NaN,NaN,NaN,NaN,NaN,NaN,NaN
543,3,0,461,695,485,429,546,292,NaN,NaN,NaN,NaN,NaN,NaN,NaN,NaN,NaN,NaN,NaN,NaN,NaN,NaN
544,3,0,462,695,486,430,547,294,NaN,NaN,NaN,NaN,NaN,NaN,NaN,NaN,NaN,NaN,NaN,NaN,NaN,NaN
545,3,0,463,695,488,432,547,295,NaN,NaN,NaN,NaN,NaN,NaN,NaN,NaN,NaN,NaN,NaN,NaN,NaN,NaN
546,3,0,464,695,490,434,548,297,NaN,NaN,NaN,NaN,NaN,NaN,NaN,NaN,NaN,NaN,NaN,NaN,NaN,NaN
547,3,0,464,695,491,435,548,299,NaN,NaN,NaN,NaN,NaN,NaN,NaN,NaN,NaN,NaN,NaN,NaN,NaN,NaN
548,3,0,465,695,492,436,548,300,NaN,NaN,NaN,NaN,NaN,NaN,NaN,NaN,NaN,NaN,NaN,NaN,NaN,NaN
549,3,0,465,695,494,437,548,302,NaN,NaN,NaN,NaN,NaN,NaN,NaN,NaN,NaN,NaN,NaN,NaN,NaN,NaN
550,3,0,465,695,495,438,548,303,NaN,NaN,NaN,NaN,NaN,NaN,NaN,NaN,NaN,NaN,NaN,NaN,NaN,NaN
551,3,0,466,695,497,438,549,304,NaN,NaN,NaN,NaN,NaN,NaN,NaN,NaN,NaN,NaN,NaN,NaN,NaN,NaN
552,3,0,467,695,498,439,550,305,NaN,NaN,NaN,NaN,NaN,NaN,NaN,NaN,NaN,NaN,NaN,NaN,NaN,NaN
553,3,0,467,695,499,440,551,306,NaN,NaN,NaN,NaN,NaN,NaN,NaN,NaN,NaN,NaN,NaN,NaN,NaN,NaN
554,3,0,468,695,501,439,551,307,NaN,NaN,NaN,NaN,NaN,NaN,NaN,NaN,NaN,NaN,NaN,NaN,NaN,NaN
555,3,0,469,695,503,440,552,309,NaN,NaN,NaN,NaN,NaN,NaN,NaN,NaN,NaN,NaN,NaN,NaN,NaN,NaN
556,3,0,469,695,505,440,552,310,NaN,NaN,NaN,NaN,NaN,NaN,NaN,NaN,NaN,NaN,NaN,NaN,NaN,NaN
557,3,0,470,695,507,439,553,311,NaN,NaN,NaN,NaN,NaN,NaN,NaN,NaN,NaN,NaN,NaN,NaN,NaN,NaN
558,3,0,470,695,509,440,554,312,NaN,NaN,NaN,NaN,NaN,NaN,NaN,NaN,NaN,NaN,NaN,NaN,NaN,NaN
559,3,0,472,695,511,440,555,314,NaN,NaN,NaN,NaN,NaN,NaN,NaN,NaN,NaN,NaN,NaN,NaN,NaN,NaN
560,3,0,473,695,513,441,557,315,NaN,NaN,NaN,NaN,NaN,NaN,NaN,NaN,NaN,NaN,NaN,NaN,NaN,NaN
561,3,0,473,695,516,441,558,316,NaN,NaN,NaN,NaN,NaN,NaN,NaN,NaN,NaN,NaN,NaN,NaN,NaN,NaN
562,3,0,474,695,517,442,559,318,NaN,NaN,NaN,NaN,NaN,NaN,NaN,NaN,NaN,NaN,NaN,NaN,NaN,NaN
563,3,0,474,695,519,442,560,319,NaN,NaN,NaN,NaN,NaN,NaN,NaN,NaN,NaN,NaN,NaN,NaN,NaN,NaN
564,3,0,475,695,521,443,560,321,NaN,NaN,NaN,NaN,NaN,NaN,NaN,NaN,NaN,NaN,NaN,NaN,NaN,NaN
565,3,0,475,695,523,443,561,322,NaN,NaN,NaN,NaN,NaN,NaN,NaN,NaN,NaN,NaN,NaN,NaN,NaN,NaN
566,3,0,476,695,525,443,562,323,NaN,NaN,NaN,NaN,NaN,NaN,NaN,NaN,NaN,NaN,NaN,NaN,NaN,NaN
567,3,0,476,695,527,444,563,324,NaN,NaN,NaN,NaN,NaN,NaN,NaN,NaN,NaN,NaN,NaN,NaN,NaN,NaN
568,3,0,476,695,529,444,564,326,NaN,NaN,NaN,NaN,NaN,NaN,NaN,NaN,NaN,NaN,NaN,NaN,NaN,NaN
569,3,0,477,695,531,444,565,327,NaN,NaN,NaN,NaN,NaN,NaN,NaN,NaN,NaN,NaN,NaN,NaN,NaN,NaN
570,3,0,479,695,534,444,566,329,NaN,NaN,NaN,NaN,NaN,NaN,NaN,NaN,NaN,NaN,NaN,NaN,NaN,NaN
571,3,0,480,695,536,445,567,330,NaN,NaN,NaN,NaN,NaN,NaN,NaN,NaN,NaN,NaN,NaN,NaN,NaN,NaN
572,3,0,481,695,539,445,568,331,NaN,NaN,NaN,NaN,NaN,NaN,NaN,NaN,NaN,NaN,NaN,NaN,NaN,NaN
573,3,0,483,695,542,445,570,333,NaN,NaN,NaN,NaN,NaN,NaN,NaN,NaN,NaN,NaN,NaN,NaN,NaN,NaN
574,3,0,485,695,545,445,571,334,NaN,NaN,NaN,NaN,NaN,NaN,NaN,NaN,NaN,NaN,NaN,NaN,NaN,NaN
575,3,0,487,695,548,444,573,335,NaN,NaN,NaN,NaN,NaN,NaN,NaN,NaN,NaN,NaN,NaN,NaN,NaN,NaN
576,3,0,489,695,551,444,574,337,NaN,NaN,NaN,NaN,NaN,NaN,NaN,NaN,NaN,NaN,NaN,NaN,NaN,NaN
577,3,0,491,695,554,443,575,338,NaN,NaN,NaN,NaN,NaN,NaN,NaN,NaN,NaN,NaN,NaN,NaN,NaN,NaN
578,3,0,493,695,557,443,577,338,NaN,NaN,NaN,NaN,NaN,NaN,NaN,NaN,NaN,NaN,NaN,NaN,NaN,NaN
579,3,0,495,695,560,441,579,339,NaN,NaN,NaN,NaN,NaN,NaN,NaN,NaN,NaN,NaN,NaN,NaN,NaN,NaN
580,3,0,497,695,564,440,580,340,NaN,NaN,NaN,NaN,NaN,NaN,NaN,NaN,NaN,NaN,NaN,NaN,NaN,NaN
581,3,0,500,695,567,439,582,340,NaN,NaN,NaN,NaN,NaN,NaN,NaN,NaN,NaN,NaN,NaN,NaN,NaN,NaN
582,3,0,502,695,571,438,584,341,NaN,NaN,NaN,NaN,NaN,NaN,NaN,NaN,NaN,NaN,NaN,NaN,NaN,NaN
583,3,0,505,695,575,437,585,342,NaN,NaN,NaN,NaN,NaN,NaN,NaN,NaN,NaN,NaN,NaN,NaN,NaN,NaN
584,3,0,508,695,579,436,587,343,NaN,NaN,NaN,NaN,NaN,NaN,NaN,NaN,NaN,NaN,NaN,NaN,NaN,NaN
585,3,0,512,695,583,436,589,344,NaN,NaN,NaN,NaN,NaN,NaN,NaN,NaN,NaN,NaN,NaN,NaN,NaN,NaN
586,3,0,515,695,587,436,591,346,NaN,NaN,NaN,NaN,NaN,NaN,NaN,NaN,NaN,NaN,NaN,NaN,NaN,NaN
587,3,0,519,695,592,436,593,347,NaN,NaN,NaN,NaN,NaN,NaN,NaN,NaN,NaN,NaN,NaN,NaN,NaN,NaN
588,3,0,524,695,597,436,596,349,NaN,NaN,NaN,NaN,NaN,NaN,NaN,NaN,NaN,NaN,NaN,NaN,NaN,NaN
589,3,0,528,695,602,436,598,350,NaN,NaN,NaN,NaN,NaN,NaN,NaN,NaN,NaN,NaN,NaN,NaN,NaN,NaN
590,3,0,533,695,607,436,601,352,NaN,NaN,NaN,NaN,NaN,NaN,NaN,NaN,NaN,NaN,NaN,NaN,NaN,NaN
591,3,0,537,695,611,436,603,354,NaN,NaN,NaN,NaN,NaN,NaN,NaN,NaN,NaN,NaN,NaN,NaN,NaN,NaN
592,3,1,538,691,613,433,603,354,NaN,NaN,NaN,NaN,NaN,NaN,NaN,NaN,NaN,NaN,NaN,NaN,NaN,NaN
593,3,0,542,695,615,436,604,355,NaN,NaN,NaN,NaN,NaN,NaN,NaN,NaN,NaN,NaN,NaN,NaN,NaN,NaN
594,3,0,547,695,616,437,605,355,NaN,NaN,NaN,NaN,NaN,NaN,NaN,NaN,NaN,NaN,NaN,NaN,NaN,NaN
595,3,0,550,695,617,440,607,356,NaN,NaN,NaN,NaN,NaN,NaN,NaN,NaN,NaN,NaN,NaN,NaN,NaN,NaN
596,3,0,554,695,618,441,608,356,NaN,NaN,NaN,NaN,NaN,NaN,NaN,NaN,NaN,NaN,NaN,NaN,NaN,NaN
597,3,0,558,695,619,443,608,357,NaN,NaN,NaN,NaN,NaN,NaN,NaN,NaN,NaN,NaN,NaN,NaN,NaN,NaN
598,3,0,561,695,620,445,609,357,NaN,NaN,NaN,NaN,NaN,NaN,NaN,NaN,NaN,NaN,NaN,NaN,NaN,NaN
599,3,0,565,695,621,446,610,356,NaN,NaN,NaN,NaN,NaN,NaN,NaN,NaN,NaN,NaN,NaN,NaN,NaN,NaN
600,3,0,568,695,622,448,612,356,NaN,NaN,NaN,NaN,NaN,NaN,NaN,NaN,NaN,NaN,NaN,NaN,NaN,NaN
601,3,0,570,695,622,448,612,356,NaN,NaN,NaN,NaN,NaN,NaN,NaN,NaN,NaN,NaN,NaN,NaN,NaN,NaN
602,3,0,573,695,623,450,613,355,NaN,NaN,NaN,NaN,NaN,NaN,NaN,NaN,NaN,NaN,NaN,NaN,NaN,NaN
603,3,0,575,695,624,450,613,355,NaN,NaN,NaN,NaN,NaN,NaN,NaN,NaN,NaN,NaN,NaN,NaN,NaN,NaN
604,3,0,578,695,624,451,614,354,NaN,NaN,NaN,NaN,NaN,NaN,NaN,NaN,NaN,NaN,NaN,NaN,NaN,NaN
605,3,0,580,695,625,451,614,354,NaN,NaN,NaN,NaN,NaN,NaN,NaN,NaN,NaN,NaN,NaN,NaN,NaN,NaN
606,3,0,583,695,625,453,614,353,NaN,NaN,NaN,NaN,NaN,NaN,NaN,NaN,NaN,NaN,NaN,NaN,NaN,NaN
607,3,0,585,695,626,453,616,352,NaN,NaN,NaN,NaN,NaN,NaN,NaN,NaN,NaN,NaN,NaN,NaN,NaN,NaN
608,3,0,587,695,626,455,616,352,NaN,NaN,NaN,NaN,NaN,NaN,NaN,NaN,NaN,NaN,NaN,NaN,NaN,NaN
609,3,0,590,695,626,457,616,352,NaN,NaN,NaN,NaN,NaN,NaN,NaN,NaN,NaN,NaN,NaN,NaN,NaN,NaN
610,3,0,592,695,627,458,616,353,NaN,NaN,NaN,NaN,NaN,NaN,NaN,NaN,NaN,NaN,NaN,NaN,NaN,NaN
611,3,0,594,695,627,461,617,353,NaN,NaN,NaN,NaN,NaN,NaN,NaN,NaN,NaN,NaN,NaN,NaN,NaN,NaN
612,3,0,596,695,626,463,617,353,NaN,NaN,NaN,NaN,NaN,NaN,NaN,NaN,NaN,NaN,NaN,NaN,NaN,NaN
613,3,0,598,695,626,464,616,353,NaN,NaN,NaN,NaN,NaN,NaN,NaN,NaN,NaN,NaN,NaN,NaN,NaN,NaN
614,3,0,600,695,627,467,616,354,NaN,NaN,NaN,NaN,NaN,NaN,NaN,NaN,NaN,NaN,NaN,NaN,NaN,NaN
615,3,0,602,695,626,469,615,354,NaN,NaN,NaN,NaN,NaN,NaN,NaN,NaN,NaN,NaN,NaN,NaN,NaN,NaN
616,3,0,604,695,626,471,616,354,NaN,NaN,NaN,NaN,NaN,NaN,NaN,NaN,NaN,NaN,NaN,NaN,NaN,NaN
617,3,0,606,695,626,473,616,354,NaN,NaN,NaN,NaN,NaN,NaN,NaN,NaN,NaN,NaN,NaN,NaN,NaN,NaN
618,3,0,608,695,626,475,616,354,NaN,NaN,NaN,NaN,NaN,NaN,NaN,NaN,NaN,NaN,NaN,NaN,NaN,NaN
619,3,0,610,695,626,476,615,354,NaN,NaN,NaN,NaN,NaN,NaN,NaN,NaN,NaN,NaN,NaN,NaN,NaN,NaN
620,3,0,612,695,626,477,616,354,NaN,NaN,NaN,NaN,NaN,NaN,NaN,NaN,NaN,NaN,NaN,NaN,NaN,NaN
621,3,0,613,695,626,478,616,354,NaN,NaN,NaN,NaN,NaN,NaN,NaN,NaN,NaN,NaN,NaN,NaN,NaN,NaN
622,3,0,615,695,626,480,616,353,NaN,NaN,NaN,NaN,NaN,NaN,NaN,NaN,NaN,NaN,NaN,NaN,NaN,NaN
623,3,0,617,695,626,481,616,353,NaN,NaN,NaN,NaN,NaN,NaN,NaN,NaN,NaN,NaN,NaN,NaN,NaN,NaN
624,3,0,619,695,626,481,615,352,NaN,NaN,NaN,NaN,NaN,NaN,NaN,NaN,NaN,NaN,NaN,NaN,NaN,NaN
625,3,0,620,695,626,482,615,351,NaN,NaN,NaN,NaN,NaN,NaN,NaN,NaN,NaN,NaN,NaN,NaN,NaN,NaN
626,3,0,622,695,626,483,615,351,NaN,NaN,NaN,NaN,NaN,NaN,NaN,NaN,NaN,NaN,NaN,NaN,NaN,NaN
627,3,0,624,695,626,484,615,350,NaN,NaN,NaN,NaN,NaN,NaN,NaN,NaN,NaN,NaN,NaN,NaN,NaN,NaN
628,3,0,626,695,627,485,615,349,NaN,NaN,NaN,NaN,NaN,NaN,NaN,NaN,NaN,NaN,NaN,NaN,NaN,NaN
629,3,0,628,695,627,486,615,349,NaN,NaN,NaN,NaN,NaN,NaN,NaN,NaN,NaN,NaN,NaN,NaN,NaN,NaN
630,3,0,630,695,627,488,615,348,NaN,NaN,NaN,NaN,NaN,NaN,NaN,NaN,NaN,NaN,NaN,NaN,NaN,NaN
631,3,0,632,695,627,490,616,349,NaN,NaN,NaN,NaN,NaN,NaN,NaN,NaN,NaN,NaN,NaN,NaN,NaN,NaN
632,3,0,634,695,628,492,616,350,NaN,NaN,NaN,NaN,NaN,NaN,NaN,NaN,NaN,NaN,NaN,NaN,NaN,NaN
633,3,0,636,695,628,494,617,350,NaN,NaN,NaN,NaN,NaN,NaN,NaN,NaN,NaN,NaN,NaN,NaN,NaN,NaN
634,3,0,639,695,629,496,618,351,NaN,NaN,NaN,NaN,NaN,NaN,NaN,NaN,NaN,NaN,NaN,NaN,NaN,NaN
635,3,0,641,695,629,498,619,351,NaN,NaN,NaN,NaN,NaN,NaN,NaN,NaN,NaN,NaN,NaN,NaN,NaN,NaN
636,3,0,643,695,629,499,620,352,NaN,NaN,NaN,NaN,NaN,NaN,NaN,NaN,NaN,NaN,NaN,NaN,NaN,NaN
637,3,0,644,695,629,500,619,352,NaN,NaN,NaN,NaN,NaN,NaN,NaN,NaN,NaN,NaN,NaN,NaN,NaN,NaN
638,3,0,645,695,629,502,619,352,NaN,NaN,NaN,NaN,NaN,NaN,NaN,NaN,NaN,NaN,NaN,NaN,NaN,NaN
639,3,0,646,695,628,503,619,352,NaN,NaN,NaN,NaN,NaN,NaN,NaN,NaN,NaN,NaN,NaN,NaN,NaN,NaN
640,3,0,646,695,628,504,618,352,NaN,NaN,NaN,NaN,NaN,NaN,NaN,NaN,NaN,NaN,NaN,NaN,NaN,NaN
641,3,0,647,695,627,505,617,352,NaN,NaN,NaN,NaN,NaN,NaN,NaN,NaN,NaN,NaN,NaN,NaN,NaN,NaN
642,3,0,647,695,626,505,617,352,NaN,NaN,NaN,NaN,NaN,NaN,NaN,NaN,NaN,NaN,NaN,NaN,NaN,NaN
643,3,0,648,695,626,506,616,351,NaN,NaN,NaN,NaN,NaN,NaN,NaN,NaN,NaN,NaN,NaN,NaN,NaN,NaN
644,3,0,648,695,625,506,615,350,NaN,NaN,NaN,NaN,NaN,NaN,NaN,NaN,NaN,NaN,NaN,NaN,NaN,NaN
645,3,0,648,695,624,507,614,349,NaN,NaN,NaN,NaN,NaN,NaN,NaN,NaN,NaN,NaN,NaN,NaN,NaN,NaN
646,3,0,648,695,623,507,614,349,NaN,NaN,NaN,NaN,NaN,NaN,NaN,NaN,NaN,NaN,NaN,NaN,NaN,NaN
647,3,0,648,695,622,507,613,348,NaN,NaN,NaN,NaN,NaN,NaN,NaN,NaN,NaN,NaN,NaN,NaN,NaN,NaN
648,3,0,648,695,621,507,612,347,NaN,NaN,NaN,NaN,NaN,NaN,NaN,NaN,NaN,NaN,NaN,NaN,NaN,NaN
649,3,0,647,695,620,507,611,346,NaN,NaN,NaN,NaN,NaN,NaN,NaN,NaN,NaN,NaN,NaN,NaN,NaN,NaN
650,3,0,647,695,619,508,610,345,NaN,NaN,NaN,NaN,NaN,NaN,NaN,NaN,NaN,NaN,NaN,NaN,NaN,NaN
651,3,0,647,695,618,508,609,344,NaN,NaN,NaN,NaN,NaN,NaN,NaN,NaN,NaN,NaN,NaN,NaN,NaN,NaN
652,3,0,646,695,616,508,608,343,NaN,NaN,NaN,NaN,NaN,NaN,NaN,NaN,NaN,NaN,NaN,NaN,NaN,NaN
653,3,0,646,695,615,508,607,341,NaN,NaN,NaN,NaN,NaN,NaN,NaN,NaN,NaN,NaN,NaN,NaN,NaN,NaN
654,3,0,645,695,613,508,606,340,NaN,NaN,NaN,NaN,NaN,NaN,NaN,NaN,NaN,NaN,NaN,NaN,NaN,NaN
655,3,0,644,695,611,508,604,338,NaN,NaN,NaN,NaN,NaN,NaN,NaN,NaN,NaN,NaN,NaN,NaN,NaN,NaN
656,3,0,642,695,609,509,603,337,NaN,NaN,NaN,NaN,NaN,NaN,NaN,NaN,NaN,NaN,NaN,NaN,NaN,NaN
657,3,0,641,695,607,510,601,336,NaN,NaN,NaN,NaN,NaN,NaN,NaN,NaN,NaN,NaN,NaN,NaN,NaN,NaN
658,3,0,639,695,604,511,599,336,NaN,NaN,NaN,NaN,NaN,NaN,NaN,NaN,NaN,NaN,NaN,NaN,NaN,NaN
659,3,0,637,695,602,513,598,337,NaN,NaN,NaN,NaN,NaN,NaN,NaN,NaN,NaN,NaN,NaN,NaN,NaN,NaN
660,3,0,635,695,599,516,597,339,NaN,NaN,NaN,NaN,NaN,NaN,NaN,NaN,NaN,NaN,NaN,NaN,NaN,NaN
661,3,0,633,695,597,519,596,342,NaN,NaN,NaN,NaN,NaN,NaN,NaN,NaN,NaN,NaN,NaN,NaN,NaN,NaN
662,3,0,631,695,594,523,594,343,NaN,NaN,NaN,NaN,NaN,NaN,NaN,NaN,NaN,NaN,NaN,NaN,NaN,NaN
663,3,0,630,695,592,526,591,348,NaN,NaN,NaN,NaN,NaN,NaN,NaN,NaN,NaN,NaN,NaN,NaN,NaN,NaN
664,3,0,628,695,590,530,587,351,NaN,NaN,NaN,NaN,NaN,NaN,NaN,NaN,NaN,NaN,NaN,NaN,NaN,NaN
665,3,0,627,695,588,533,585,355,NaN,NaN,NaN,NaN,NaN,NaN,NaN,NaN,NaN,NaN,NaN,NaN,NaN,NaN
666,3,0,625,695,585,536,583,359,NaN,NaN,NaN,NaN,NaN,NaN,NaN,NaN,NaN,NaN,NaN,NaN,NaN,NaN
667,3,0,624,695,583,539,581,361,NaN,NaN,NaN,NaN,NaN,NaN,NaN,NaN,NaN,NaN,NaN,NaN,NaN,NaN
668,3,0,622,695,581,541,580,361,NaN,NaN,NaN,NaN,NaN,NaN,NaN,NaN,NaN,NaN,NaN,NaN,NaN,NaN
669,3,0,621,695,579,543,578,362,NaN,NaN,NaN,NaN,NaN,NaN,NaN,NaN,NaN,NaN,NaN,NaN,NaN,NaN
670,3,0,619,695,577,545,577,362,NaN,NaN,NaN,NaN,NaN,NaN,NaN,NaN,NaN,NaN,NaN,NaN,NaN,NaN
671,3,0,618,695,575,547,576,362,NaN,NaN,NaN,NaN,NaN,NaN,NaN,NaN,NaN,NaN,NaN,NaN,NaN,NaN
672,3,0,617,695,572,549,574,362,NaN,NaN,NaN,NaN,NaN,NaN,NaN,NaN,NaN,NaN,NaN,NaN,NaN,NaN
673,3,0,615,695,570,550,573,362,NaN,NaN,NaN,NaN,NaN,NaN,NaN,NaN,NaN,NaN,NaN,NaN,NaN,NaN
674,3,0,614,695,568,552,571,361,NaN,NaN,NaN,NaN,NaN,NaN,NaN,NaN,NaN,NaN,NaN,NaN,NaN,NaN
675,3,0,613,695,567,553,570,361,NaN,NaN,NaN,NaN,NaN,NaN,NaN,NaN,NaN,NaN,NaN,NaN,NaN,NaN
676,3,0,612,695,565,553,569,360,NaN,NaN,NaN,NaN,NaN,NaN,NaN,NaN,NaN,NaN,NaN,NaN,NaN,NaN
677,3,1,612,695,564,552,569,359,NaN,NaN,NaN,NaN,NaN,NaN,NaN,NaN,NaN,NaN,NaN,NaN,NaN,NaN
678,3,0,609,695,563,548,568,358,NaN,NaN,NaN,NaN,NaN,NaN,NaN,NaN,NaN,NaN,NaN,NaN,NaN,NaN
679,3,0,607,695,561,546,568,357,NaN,NaN,NaN,NaN,NaN,NaN,NaN,NaN,NaN,NaN,NaN,NaN,NaN,NaN
680,3,0,604,695,560,542,567,357,NaN,NaN,NaN,NaN,NaN,NaN,NaN,NaN,NaN,NaN,NaN,NaN,NaN,NaN
681,3,0,602,695,560,538,567,356,NaN,NaN,NaN,NaN,NaN,NaN,NaN,NaN,NaN,NaN,NaN,NaN,NaN,NaN
682,3,0,599,695,558,534,566,354,NaN,NaN,NaN,NaN,NaN,NaN,NaN,NaN,NaN,NaN,NaN,NaN,NaN,NaN
683,3,0,597,695,558,530,565,353,NaN,NaN,NaN,NaN,NaN,NaN,NaN,NaN,NaN,NaN,NaN,NaN,NaN,NaN
684,3,0,596,695,557,526,565,352,NaN,NaN,NaN,NaN,NaN,NaN,NaN,NaN,NaN,NaN,NaN,NaN,NaN,NaN
685,3,0,594,695,557,522,565,351,NaN,NaN,NaN,NaN,NaN,NaN,NaN,NaN,NaN,NaN,NaN,NaN,NaN,NaN
686,3,0,593,695,556,519,565,350,NaN,NaN,NaN,NaN,NaN,NaN,NaN,NaN,NaN,NaN,NaN,NaN,NaN,NaN
687,3,0,591,695,556,516,565,350,NaN,NaN,NaN,NaN,NaN,NaN,NaN,NaN,NaN,NaN,NaN,NaN,NaN,NaN
688,3,0,590,695,556,513,565,349,NaN,NaN,NaN,NaN,NaN,NaN,NaN,NaN,NaN,NaN,NaN,NaN,NaN,NaN
689,3,0,590,695,556,509,566,348,NaN,NaN,NaN,NaN,NaN,NaN,NaN,NaN,NaN,NaN,NaN,NaN,NaN,NaN
690,3,0,590,695,557,507,566,347,NaN,NaN,NaN,NaN,NaN,NaN,NaN,NaN,NaN,NaN,NaN,NaN,NaN,NaN
691,3,0,590,695,557,504,566,347,NaN,NaN,NaN,NaN,NaN,NaN,NaN,NaN,NaN,NaN,NaN,NaN,NaN,NaN
692,3,0,589,695,558,502,567,347,NaN,NaN,NaN,NaN,NaN,NaN,NaN,NaN,NaN,NaN,NaN,NaN,NaN,NaN
693,3,0,587,695,558,499,568,347,NaN,NaN,NaN,NaN,NaN,NaN,NaN,NaN,NaN,NaN,NaN,NaN,NaN,NaN
694,3,0,587,695,558,496,568,347,NaN,NaN,NaN,NaN,NaN,NaN,NaN,NaN,NaN,NaN,NaN,NaN,NaN,NaN
695,3,0,586,695,558,493,568,346,NaN,NaN,NaN,NaN,NaN,NaN,NaN,NaN,NaN,NaN,NaN,NaN,NaN,NaN
696,3,0,586,695,558,490,569,346,NaN,NaN,NaN,NaN,NaN,NaN,NaN,NaN,NaN,NaN,NaN,NaN,NaN,NaN
697,3,0,586,695,557,487,568,346,NaN,NaN,NaN,NaN,NaN,NaN,NaN,NaN,NaN,NaN,NaN,NaN,NaN,NaN
698,3,0,585,695,556,482,568,345,NaN,NaN,NaN,NaN,NaN,NaN,NaN,NaN,NaN,NaN,NaN,NaN,NaN,NaN
699,3,0,584,695,555,478,568,345,NaN,NaN,NaN,NaN,NaN,NaN,NaN,NaN,NaN,NaN,NaN,NaN,NaN,NaN
700,3,0,582,695,554,474,568,344,NaN,NaN,NaN,NaN,NaN,NaN,NaN,NaN,NaN,NaN,NaN,NaN,NaN,NaN
701,3,0,581,695,553,470,568,344,NaN,NaN,NaN,NaN,NaN,NaN,NaN,NaN,NaN,NaN,NaN,NaN,NaN,NaN
702,3,0,579,695,552,466,568,343,NaN,NaN,NaN,NaN,NaN,NaN,NaN,NaN,NaN,NaN,NaN,NaN,NaN,NaN
703,3,0,578,695,551,462,568,343,NaN,NaN,NaN,NaN,NaN,NaN,NaN,NaN,NaN,NaN,NaN,NaN,NaN,NaN
704,3,0,577,695,549,457,568,342,NaN,NaN,NaN,NaN,NaN,NaN,NaN,NaN,NaN,NaN,NaN,NaN,NaN,NaN
705,3,0,575,695,549,453,568,342,NaN,NaN,NaN,NaN,NaN,NaN,NaN,NaN,NaN,NaN,NaN,NaN,NaN,NaN
706,3,0,573,695,547,448,568,341,NaN,NaN,NaN,NaN,NaN,NaN,NaN,NaN,NaN,NaN,NaN,NaN,NaN,NaN
707,3,0,571,695,546,444,568,341,NaN,NaN,NaN,NaN,NaN,NaN,NaN,NaN,NaN,NaN,NaN,NaN,NaN,NaN
708,3,0,569,695,545,439,568,340,NaN,NaN,NaN,NaN,NaN,NaN,NaN,NaN,NaN,NaN,NaN,NaN,NaN,NaN
709,3,0,566,695,544,434,568,339,NaN,NaN,NaN,NaN,NaN,NaN,NaN,NaN,NaN,NaN,NaN,NaN,NaN,NaN
710,3,0,563,695,543,429,568,338,NaN,NaN,NaN,NaN,NaN,NaN,NaN,NaN,NaN,NaN,NaN,NaN,NaN,NaN
711,3,0,560,695,542,424,568,337,NaN,NaN,NaN,NaN,NaN,NaN,NaN,NaN,NaN,NaN,NaN,NaN,NaN,NaN
712,3,0,557,695,541,419,568,337,NaN,NaN,NaN,NaN,NaN,NaN,NaN,NaN,NaN,NaN,NaN,NaN,NaN,NaN
713,3,0,554,695,539,414,569,336,NaN,NaN,NaN,NaN,NaN,NaN,NaN,NaN,NaN,NaN,NaN,NaN,NaN,NaN
714,3,0,551,695,538,408,569,335,NaN,NaN,NaN,NaN,NaN,NaN,NaN,NaN,NaN,NaN,NaN,NaN,NaN,NaN
715,3,0,547,695,537,403,569,334,NaN,NaN,NaN,NaN,NaN,NaN,NaN,NaN,NaN,NaN,NaN,NaN,NaN,NaN
716,3,0,545,695,536,397,569,333,NaN,NaN,NaN,NaN,NaN,NaN,NaN,NaN,NaN,NaN,NaN,NaN,NaN,NaN
717,3,1,544,488,535,391,569,332,NaN,NaN,NaN,NaN,NaN,NaN,NaN,NaN,NaN,NaN,NaN,NaN,NaN,NaN
718,3,0,543,490,534,392,568,333,NaN,NaN,NaN,NaN,NaN,NaN,NaN,NaN,NaN,NaN,NaN,NaN,NaN,NaN
719,3,0,541,491,533,393,567,333,NaN,NaN,NaN,NaN,NaN,NaN,NaN,NaN,NaN,NaN,NaN,NaN,NaN,NaN
720,3,0,540,493,532,394,567,334,NaN,NaN,NaN,NaN,NaN,NaN,NaN,NaN,NaN,NaN,NaN,NaN,NaN,NaN
721,3,0,539,496,532,395,566,335,NaN,NaN,NaN,NaN,NaN,NaN,NaN,NaN,NaN,NaN,NaN,NaN,NaN,NaN
722,3,0,538,498,531,396,566,336,NaN,NaN,NaN,NaN,NaN,NaN,NaN,NaN,NaN,NaN,NaN,NaN,NaN,NaN
723,3,0,538,501,531,398,566,337,NaN,NaN,NaN,NaN,NaN,NaN,NaN,NaN,NaN,NaN,NaN,NaN,NaN,NaN
724,3,0,537,503,531,399,566,338,NaN,NaN,NaN,NaN,NaN,NaN,NaN,NaN,NaN,NaN,NaN,NaN,NaN,NaN
725,3,0,537,506,531,401,566,339,NaN,NaN,NaN,NaN,NaN,NaN,NaN,NaN,NaN,NaN,NaN,NaN,NaN,NaN
726,3,0,537,509,531,402,567,340,NaN,NaN,NaN,NaN,NaN,NaN,NaN,NaN,NaN,NaN,NaN,NaN,NaN,NaN
727,3,0,537,511,531,403,567,341,NaN,NaN,NaN,NaN,NaN,NaN,NaN,NaN,NaN,NaN,NaN,NaN,NaN,NaN
728,3,0,537,513,531,404,567,342,NaN,NaN,NaN,NaN,NaN,NaN,NaN,NaN,NaN,NaN,NaN,NaN,NaN,NaN
729,3,0,537,515,532,405,568,343,NaN,NaN,NaN,NaN,NaN,NaN,NaN,NaN,NaN,NaN,NaN,NaN,NaN,NaN
730,3,0,538,516,532,406,568,343,NaN,NaN,NaN,NaN,NaN,NaN,NaN,NaN,NaN,NaN,NaN,NaN,NaN,NaN
731,3,0,538,518,532,407,568,344,NaN,NaN,NaN,NaN,NaN,NaN,NaN,NaN,NaN,NaN,NaN,NaN,NaN,NaN
732,3,0,538,519,533,407,569,344,NaN,NaN,NaN,NaN,NaN,NaN,NaN,NaN,NaN,NaN,NaN,NaN,NaN,NaN
733,3,0,539,520,533,408,569,344,NaN,NaN,NaN,NaN,NaN,NaN,NaN,NaN,NaN,NaN,NaN,NaN,NaN,NaN
734,3,0,540,521,534,408,570,345,NaN,NaN,NaN,NaN,NaN,NaN,NaN,NaN,NaN,NaN,NaN,NaN,NaN,NaN
735,3,0,540,522,534,409,570,345,NaN,NaN,NaN,NaN,NaN,NaN,NaN,NaN,NaN,NaN,NaN,NaN,NaN,NaN
736,3,0,541,523,535,409,571,345,NaN,NaN,NaN,NaN,NaN,NaN,NaN,NaN,NaN,NaN,NaN,NaN,NaN,NaN
737,3,0,541,524,535,409,571,344,NaN,NaN,NaN,NaN,NaN,NaN,NaN,NaN,NaN,NaN,NaN,NaN,NaN,NaN
738,3,0,542,525,536,409,572,344,NaN,NaN,NaN,NaN,NaN,NaN,NaN,NaN,NaN,NaN,NaN,NaN,NaN,NaN
739,3,0,542,526,536,409,572,344,NaN,NaN,NaN,NaN,NaN,NaN,NaN,NaN,NaN,NaN,NaN,NaN,NaN,NaN
740,3,0,543,527,536,410,573,345,NaN,NaN,NaN,NaN,NaN,NaN,NaN,NaN,NaN,NaN,NaN,NaN,NaN,NaN
741,3,0,544,529,537,411,573,345,NaN,NaN,NaN,NaN,NaN,NaN,NaN,NaN,NaN,NaN,NaN,NaN,NaN,NaN
742,3,0,545,531,538,411,574,345,NaN,NaN,NaN,NaN,NaN,NaN,NaN,NaN,NaN,NaN,NaN,NaN,NaN,NaN
743,3,0,546,533,538,412,575,346,NaN,NaN,NaN,NaN,NaN,NaN,NaN,NaN,NaN,NaN,NaN,NaN,NaN,NaN
744,3,0,547,535,539,413,575,346,NaN,NaN,NaN,NaN,NaN,NaN,NaN,NaN,NaN,NaN,NaN,NaN,NaN,NaN
745,3,0,548,537,540,413,576,346,NaN,NaN,NaN,NaN,NaN,NaN,NaN,NaN,NaN,NaN,NaN,NaN,NaN,NaN
746,3,0,550,538,541,414,577,346,NaN,NaN,NaN,NaN,NaN,NaN,NaN,NaN,NaN,NaN,NaN,NaN,NaN,NaN
747,3,0,551,540,542,414,578,346,NaN,NaN,NaN,NaN,NaN,NaN,NaN,NaN,NaN,NaN,NaN,NaN,NaN,NaN
748,3,0,552,541,543,414,579,346,NaN,NaN,NaN,NaN,NaN,NaN,NaN,NaN,NaN,NaN,NaN,NaN,NaN,NaN
749,3,0,553,542,543,414,579,346,NaN,NaN,NaN,NaN,NaN,NaN,NaN,NaN,NaN,NaN,NaN,NaN,NaN,NaN
750,3,0,554,543,544,414,580,345,NaN,NaN,NaN,NaN,NaN,NaN,NaN,NaN,NaN,NaN,NaN,NaN,NaN,NaN
751,3,0,555,543,544,414,580,345,NaN,NaN,NaN,NaN,NaN,NaN,NaN,NaN,NaN,NaN,NaN,NaN,NaN,NaN
752,3,0,555,543,545,413,581,344,NaN,NaN,NaN,NaN,NaN,NaN,NaN,NaN,NaN,NaN,NaN,NaN,NaN,NaN
753,3,0,556,543,545,412,581,343,NaN,NaN,NaN,NaN,NaN,NaN,NaN,NaN,NaN,NaN,NaN,NaN,NaN,NaN
754,3,0,556,543,545,412,581,342,NaN,NaN,NaN,NaN,NaN,NaN,NaN,NaN,NaN,NaN,NaN,NaN,NaN,NaN
755,3,0,557,544,545,411,581,341,NaN,NaN,NaN,NaN,NaN,NaN,NaN,NaN,NaN,NaN,NaN,NaN,NaN,NaN
756,3,0,557,544,545,411,582,341,NaN,NaN,NaN,NaN,NaN,NaN,NaN,NaN,NaN,NaN,NaN,NaN,NaN,NaN
757,3,0,557,544,545,410,582,340,NaN,NaN,NaN,NaN,NaN,NaN,NaN,NaN,NaN,NaN,NaN,NaN,NaN,NaN
758,3,0,558,544,546,410,582,339,NaN,NaN,NaN,NaN,NaN,NaN,NaN,NaN,NaN,NaN,NaN,NaN,NaN,NaN
759,3,0,558,545,546,409,582,339,NaN,NaN,NaN,NaN,NaN,NaN,NaN,NaN,NaN,NaN,NaN,NaN,NaN,NaN
760,3,0,559,545,546,409,583,338,NaN,NaN,NaN,NaN,NaN,NaN,NaN,NaN,NaN,NaN,NaN,NaN,NaN,NaN
761,3,0,559,545,547,409,583,338,NaN,NaN,NaN,NaN,NaN,NaN,NaN,NaN,NaN,NaN,NaN,NaN,NaN,NaN
762,3,0,560,546,547,408,583,337,NaN,NaN,NaN,NaN,NaN,NaN,NaN,NaN,NaN,NaN,NaN,NaN,NaN,NaN
763,3,0,560,546,547,408,584,336,NaN,NaN,NaN,NaN,NaN,NaN,NaN,NaN,NaN,NaN,NaN,NaN,NaN,NaN
764,3,0,561,546,548,407,584,336,NaN,NaN,NaN,NaN,NaN,NaN,NaN,NaN,NaN,NaN,NaN,NaN,NaN,NaN
765,3,0,562,547,548,407,585,335,NaN,NaN,NaN,NaN,NaN,NaN,NaN,NaN,NaN,NaN,NaN,NaN,NaN,NaN
766,3,0,562,547,549,407,585,335,NaN,NaN,NaN,NaN,NaN,NaN,NaN,NaN,NaN,NaN,NaN,NaN,NaN,NaN
767,3,0,563,548,549,407,586,334,NaN,NaN,NaN,NaN,NaN,NaN,NaN,NaN,NaN,NaN,NaN,NaN,NaN,NaN
768,3,0,563,549,549,407,586,334,NaN,NaN,NaN,NaN,NaN,NaN,NaN,NaN,NaN,NaN,NaN,NaN,NaN,NaN
769,3,0,564,550,549,407,586,333,NaN,NaN,NaN,NaN,NaN,NaN,NaN,NaN,NaN,NaN,NaN,NaN,NaN,NaN
770,3,0,564,551,549,406,586,333,NaN,NaN,NaN,NaN,NaN,NaN,NaN,NaN,NaN,NaN,NaN,NaN,NaN,NaN
771,3,0,564,553,549,406,586,332,NaN,NaN,NaN,NaN,NaN,NaN,NaN,NaN,NaN,NaN,NaN,NaN,NaN,NaN
772,3,0,563,554,549,406,586,332,NaN,NaN,NaN,NaN,NaN,NaN,NaN,NaN,NaN,NaN,NaN,NaN,NaN,NaN
773,3,0,563,555,549,406,586,332,NaN,NaN,NaN,NaN,NaN,NaN,NaN,NaN,NaN,NaN,NaN,NaN,NaN,NaN
774,3,0,562,557,548,406,586,331,NaN,NaN,NaN,NaN,NaN,NaN,NaN,NaN,NaN,NaN,NaN,NaN,NaN,NaN
775,3,0,561,558,548,406,585,331,NaN,NaN,NaN,NaN,NaN,NaN,NaN,NaN,NaN,NaN,NaN,NaN,NaN,NaN
776,3,0,560,560,547,406,585,331,NaN,NaN,NaN,NaN,NaN,NaN,NaN,NaN,NaN,NaN,NaN,NaN,NaN,NaN
777,3,0,560,561,547,406,585,330,NaN,NaN,NaN,NaN,NaN,NaN,NaN,NaN,NaN,NaN,NaN,NaN,NaN,NaN
778,3,0,559,562,547,406,585,330,NaN,NaN,NaN,NaN,NaN,NaN,NaN,NaN,NaN,NaN,NaN,NaN,NaN,NaN
779,3,0,559,563,547,406,585,329,NaN,NaN,NaN,NaN,NaN,NaN,NaN,NaN,NaN,NaN,NaN,NaN,NaN,NaN
780,3,0,559,564,546,406,585,329,NaN,NaN,NaN,NaN,NaN,NaN,NaN,NaN,NaN,NaN,NaN,NaN,NaN,NaN
781,3,0,559,565,546,405,585,328,NaN,NaN,NaN,NaN,NaN,NaN,NaN,NaN,NaN,NaN,NaN,NaN,NaN,NaN
782,3,0,558,565,546,405,585,327,NaN,NaN,NaN,NaN,NaN,NaN,NaN,NaN,NaN,NaN,NaN,NaN,NaN,NaN
783,3,0,558,566,546,404,585,326,NaN,NaN,NaN,NaN,NaN,NaN,NaN,NaN,NaN,NaN,NaN,NaN,NaN,NaN
784,3,0,558,566,546,404,585,326,NaN,NaN,NaN,NaN,NaN,NaN,NaN,NaN,NaN,NaN,NaN,NaN,NaN,NaN
785,3,0,559,567,546,403,585,325,NaN,NaN,NaN,NaN,NaN,NaN,NaN,NaN,NaN,NaN,NaN,NaN,NaN,NaN
786,3,0,559,568,546,403,585,324,NaN,NaN,NaN,NaN,NaN,NaN,NaN,NaN,NaN,NaN,NaN,NaN,NaN,NaN
787,3,0,560,568,547,403,586,324,NaN,NaN,NaN,NaN,NaN,NaN,NaN,NaN,NaN,NaN,NaN,NaN,NaN,NaN
788,3,0,561,569,548,402,587,323,NaN,NaN,NaN,NaN,NaN,NaN,NaN,NaN,NaN,NaN,NaN,NaN,NaN,NaN
789,3,0,562,569,549,402,588,323,NaN,NaN,NaN,NaN,NaN,NaN,NaN,NaN,NaN,NaN,NaN,NaN,NaN,NaN
790,3,0,564,570,550,402,589,322,NaN,NaN,NaN,NaN,NaN,NaN,NaN,NaN,NaN,NaN,NaN,NaN,NaN,NaN
791,3,0,565,571,551,401,589,322,NaN,NaN,NaN,NaN,NaN,NaN,NaN,NaN,NaN,NaN,NaN,NaN,NaN,NaN
792,3,0,566,571,551,401,590,321,NaN,NaN,NaN,NaN,NaN,NaN,NaN,NaN,NaN,NaN,NaN,NaN,NaN,NaN
793,3,0,568,572,552,401,591,320,NaN,NaN,NaN,NaN,NaN,NaN,NaN,NaN,NaN,NaN,NaN,NaN,NaN,NaN
794,3,0,569,573,553,401,592,320,NaN,NaN,NaN,NaN,NaN,NaN,NaN,NaN,NaN,NaN,NaN,NaN,NaN,NaN
795,3,0,570,574,554,401,593,320,NaN,NaN,NaN,NaN,NaN,NaN,NaN,NaN,NaN,NaN,NaN,NaN,NaN,NaN
796,3,0,572,575,555,401,593,320,NaN,NaN,NaN,NaN,NaN,NaN,NaN,NaN,NaN,NaN,NaN,NaN,NaN,NaN
797,3,0,573,576,556,401,594,320,NaN,NaN,NaN,NaN,NaN,NaN,NaN,NaN,NaN,NaN,NaN,NaN,NaN,NaN
798,3,0,574,578,557,401,595,320,NaN,NaN,NaN,NaN,NaN,NaN,NaN,NaN,NaN,NaN,NaN,NaN,NaN,NaN
799,3,0,576,579,558,402,596,320,NaN,NaN,NaN,NaN,NaN,NaN,NaN,NaN,NaN,NaN,NaN,NaN,NaN,NaN
800,3,0,577,580,559,402,597,320,NaN,NaN,NaN,NaN,NaN,NaN,NaN,NaN,NaN,NaN,NaN,NaN,NaN,NaN
801,3,0,578,580,560,402,598,320,NaN,NaN,NaN,NaN,NaN,NaN,NaN,NaN,NaN,NaN,NaN,NaN,NaN,NaN
802,3,0,580,581,561,402,599,320,NaN,NaN,NaN,NaN,NaN,NaN,NaN,NaN,NaN,NaN,NaN,NaN,NaN,NaN
803,3,0,581,582,562,402,600,320,NaN,NaN,NaN,NaN,NaN,NaN,NaN,NaN,NaN,NaN,NaN,NaN,NaN,NaN
804,3,0,582,582,562,402,601,320,NaN,NaN,NaN,NaN,NaN,NaN,NaN,NaN,NaN,NaN,NaN,NaN,NaN,NaN
805,3,0,583,583,563,402,601,320,NaN,NaN,NaN,NaN,NaN,NaN,NaN,NaN,NaN,NaN,NaN,NaN,NaN,NaN
806,3,0,584,583,564,403,602,320,NaN,NaN,NaN,NaN,NaN,NaN,NaN,NaN,NaN,NaN,NaN,NaN,NaN,NaN
807,3,0,585,584,565,403,603,320,NaN,NaN,NaN,NaN,NaN,NaN,NaN,NaN,NaN,NaN,NaN,NaN,NaN,NaN
808,3,0,586,585,566,403,604,321,NaN,NaN,NaN,NaN,NaN,NaN,NaN,NaN,NaN,NaN,NaN,NaN,NaN,NaN
809,1515408189,99,-239162399,421272861,1501709,521934873,-460276448,404364832,288,370744345,-464044000,403836944,288,606018586,707275821,522397739,825175338,286726686,656943918,387125778,522199332,774316058
