Frame,#ofPoints,ManualInput,X1,Y1,X2,Y2,X3,Y3,X4,Y4,X5,Y5,X6,Y6,X7,Y7,X8,Y8,X9,Y9,X10,Y10
0,4,1,671,676,632,482,644,351,611,298,NaN,NaN,NaN,NaN,NaN,NaN,NaN,NaN,NaN,NaN,NaN,NaN
1,4,0,671,676,632,481,644,351,611,298,NaN,NaN,NaN,NaN,NaN,NaN,NaN,NaN,NaN,NaN,NaN,NaN
2,4,0,672,677,634,482,645,352,612,299,NaN,NaN,NaN,NaN,NaN,NaN,NaN,NaN,NaN,NaN,NaN,NaN
3,4,0,674,677,635,481,646,352,613,299,NaN,NaN,NaN,NaN,NaN,NaN,NaN,NaN,NaN,NaN,NaN,NaN
4,4,0,674,678,636,480,647,352,614,299,NaN,NaN,NaN,NaN,NaN,NaN,NaN,NaN,NaN,NaN,NaN,NaN
5,4,0,676,678,637,481,648,353,614,300,NaN,NaN,NaN,NaN,NaN,NaN,NaN,NaN,NaN,NaN,NaN,NaN
6,4,0,678,679,639,480,649,353,615,301,NaN,NaN,NaN,NaN,NaN,NaN,NaN,NaN,NaN,NaN,NaN,NaN
7,4,0,679,679,640,480,650,353,616,301,NaN,NaN,NaN,NaN,NaN,NaN,NaN,NaN,NaN,NaN,NaN,NaN
8,4,0,681,680,642,480,652,353,618,302,NaN,NaN,NaN,NaN,NaN,NaN,NaN,NaN,NaN,NaN,NaN,NaN
9,4,0,682,681,643,479,653,353,619,302,NaN,NaN,NaN,NaN,NaN,NaN,NaN,NaN,NaN,NaN,NaN,NaN
10,4,0,684,681,645,479,654,353,620,302,NaN,NaN,NaN,NaN,NaN,NaN,NaN,NaN,NaN,NaN,NaN,NaN
11,4,0,686,682,646,478,656,353,620,302,NaN,NaN,NaN,NaN,NaN,NaN,NaN,NaN,NaN,NaN,NaN,NaN
12,4,0,688,682,648,477,657,353,621,303,NaN,NaN,NaN,NaN,NaN,NaN,NaN,NaN,NaN,NaN,NaN,NaN
13,4,0,689,682,649,477,658,353,622,303,NaN,NaN,NaN,NaN,NaN,NaN,NaN,NaN,NaN,NaN,NaN,NaN
14,4,0,691,682,650,476,659,353,623,303,NaN,NaN,NaN,NaN,NaN,NaN,NaN,NaN,NaN,NaN,NaN,NaN
15,4,0,692,682,651,475,661,353,624,304,NaN,NaN,NaN,NaN,NaN,NaN,NaN,NaN,NaN,NaN,NaN,NaN
16,4,0,694,682,653,475,662,353,626,304,NaN,NaN,NaN,NaN,NaN,NaN,NaN,NaN,NaN,NaN,NaN,NaN
17,4,0,695,682,655,474,664,353,627,304,NaN,NaN,NaN,NaN,NaN,NaN,NaN,NaN,NaN,NaN,NaN,NaN
18,4,0,698,683,657,473,665,353,628,304,NaN,NaN,NaN,NaN,NaN,NaN,NaN,NaN,NaN,NaN,NaN,NaN
19,4,0,699,683,658,472,667,352,630,304,NaN,NaN,NaN,NaN,NaN,NaN,NaN,NaN,NaN,NaN,NaN,NaN
20,4,0,702,684,660,471,668,352,631,304,NaN,NaN,NaN,NaN,NaN,NaN,NaN,NaN,NaN,NaN,NaN,NaN
21,4,0,703,686,662,471,670,352,632,304,NaN,NaN,NaN,NaN,NaN,NaN,NaN,NaN,NaN,NaN,NaN,NaN
22,4,0,705,689,663,472,671,353,634,304,NaN,NaN,NaN,NaN,NaN,NaN,NaN,NaN,NaN,NaN,NaN,NaN
23,4,0,706,692,665,472,673,353,635,305,NaN,NaN,NaN,NaN,NaN,NaN,NaN,NaN,NaN,NaN,NaN,NaN
24,4,0,707,695,666,473,674,354,636,306,NaN,NaN,NaN,NaN,NaN,NaN,NaN,NaN,NaN,NaN,NaN,NaN
25,4,0,707,695,668,475,675,356,637,308,NaN,NaN,NaN,NaN,NaN,NaN,NaN,NaN,NaN,NaN,NaN,NaN
26,4,0,707,695,668,478,676,357,638,309,NaN,NaN,NaN,NaN,NaN,NaN,NaN,NaN,NaN,NaN,NaN,NaN
27,4,0,706,695,669,479,677,359,639,311,NaN,NaN,NaN,NaN,NaN,NaN,NaN,NaN,NaN,NaN,NaN,NaN
28,4,0,705,695,670,481,678,360,640,312,NaN,NaN,NaN,NaN,NaN,NaN,NaN,NaN,NaN,NaN,NaN,NaN
29,4,0,704,695,670,483,679,362,641,313,NaN,NaN,NaN,NaN,NaN,NaN,NaN,NaN,NaN,NaN,NaN,NaN
30,4,0,703,695,671,485,680,363,642,314,NaN,NaN,NaN,NaN,NaN,NaN,NaN,NaN,NaN,NaN,NaN,NaN
31,4,0,702,695,671,486,680,365,643,315,NaN,NaN,NaN,NaN,NaN,NaN,NaN,NaN,NaN,NaN,NaN,NaN
32,4,0,701,695,671,488,681,366,643,316,NaN,NaN,NaN,NaN,NaN,NaN,NaN,NaN,NaN,NaN,NaN,NaN
33,4,0,701,695,672,489,682,366,644,317,NaN,NaN,NaN,NaN,NaN,NaN,NaN,NaN,NaN,NaN,NaN,NaN
34,4,0,701,695,673,489,683,367,645,317,NaN,NaN,NaN,NaN,NaN,NaN,NaN,NaN,NaN,NaN,NaN,NaN
35,4,0,701,695,674,490,684,368,646,318,NaN,NaN,NaN,NaN,NaN,NaN,NaN,NaN,NaN,NaN,NaN,NaN
36,4,0,702,695,675,490,685,368,647,318,NaN,NaN,NaN,NaN,NaN,NaN,NaN,NaN,NaN,NaN,NaN,NaN
37,4,0,702,695,676,491,686,369,648,319,NaN,NaN,NaN,NaN,NaN,NaN,NaN,NaN,NaN,NaN,NaN,NaN
38,4,0,703,695,677,491,688,369,649,319,NaN,NaN,NaN,NaN,NaN,NaN,NaN,NaN,NaN,NaN,NaN,NaN
39,4,0,704,695,678,492,689,369,650,319,NaN,NaN,NaN,NaN,NaN,NaN,NaN,NaN,NaN,NaN,NaN,NaN
40,4,0,705,695,679,492,690,369,651,320,NaN,NaN,NaN,NaN,NaN,NaN,NaN,NaN,NaN,NaN,NaN,NaN
41,4,0,706,695,681,493,691,370,652,320,NaN,NaN,NaN,NaN,NaN,NaN,NaN,NaN,NaN,NaN,NaN,NaN
42,4,0,707,695,683,493,693,370,654,320,NaN,NaN,NaN,NaN,NaN,NaN,NaN,NaN,NaN,NaN,NaN,NaN
43,4,0,709,695,684,493,694,370,655,321,NaN,NaN,NaN,NaN,NaN,NaN,NaN,NaN,NaN,NaN,NaN,NaN
44,4,0,710,695,686,492,695,370,656,321,NaN,NaN,NaN,NaN,NaN,NaN,NaN,NaN,NaN,NaN,NaN,NaN
45,4,0,712,695,687,492,697,370,657,321,NaN,NaN,NaN,NaN,NaN,NaN,NaN,NaN,NaN,NaN,NaN,NaN
46,4,0,713,695,689,492,698,370,658,321,NaN,NaN,NaN,NaN,NaN,NaN,NaN,NaN,NaN,NaN,NaN,NaN
47,4,0,715,695,690,492,700,370,659,321,NaN,NaN,NaN,NaN,NaN,NaN,NaN,NaN,NaN,NaN,NaN,NaN
48,4,0,717,695,692,491,701,370,660,320,NaN,NaN,NaN,NaN,NaN,NaN,NaN,NaN,NaN,NaN,NaN,NaN
49,4,0,720,695,695,491,703,370,662,320,NaN,NaN,NaN,NaN,NaN,NaN,NaN,NaN,NaN,NaN,NaN,NaN
50,4,0,722,695,697,492,704,370,663,321,NaN,NaN,NaN,NaN,NaN,NaN,NaN,NaN,NaN,NaN,NaN,NaN
51,4,0,724,695,699,492,706,370,664,321,NaN,NaN,NaN,NaN,NaN,NaN,NaN,NaN,NaN,NaN,NaN,NaN
52,4,0,726,695,701,493,708,371,665,322,NaN,NaN,NaN,NaN,NaN,NaN,NaN,NaN,NaN,NaN,NaN,NaN
53,4,0,728,695,703,493,709,371,667,322,NaN,NaN,NaN,NaN,NaN,NaN,NaN,NaN,NaN,NaN,NaN,NaN
54,4,0,730,695,705,495,711,372,668,323,NaN,NaN,NaN,NaN,NaN,NaN,NaN,NaN,NaN,NaN,NaN,NaN
55,4,0,731,695,707,497,713,373,669,323,NaN,NaN,NaN,NaN,NaN,NaN,NaN,NaN,NaN,NaN,NaN,NaN
56,4,0,733,695,709,498,714,374,670,324,NaN,NaN,NaN,NaN,NaN,NaN,NaN,NaN,NaN,NaN,NaN,NaN
57,4,0,734,695,710,499,716,375,671,325,NaN,NaN,NaN,NaN,NaN,NaN,NaN,NaN,NaN,NaN,NaN,NaN
58,4,0,735,695,712,501,716,376,671,326,NaN,NaN,NaN,NaN,NaN,NaN,NaN,NaN,NaN,NaN,NaN,NaN
59,4,0,735,695,712,502,717,377,671,326,NaN,NaN,NaN,NaN,NaN,NaN,NaN,NaN,NaN,NaN,NaN,NaN
60,4,0,735,695,712,503,717,377,671,327,NaN,NaN,NaN,NaN,NaN,NaN,NaN,NaN,NaN,NaN,NaN,NaN
61,4,0,735,695,712,504,717,378,671,327,NaN,NaN,NaN,NaN,NaN,NaN,NaN,NaN,NaN,NaN,NaN,NaN
62,4,0,735,695,713,504,717,378,671,327,NaN,NaN,NaN,NaN,NaN,NaN,NaN,NaN,NaN,NaN,NaN,NaN
63,4,0,735,695,713,505,718,379,671,327,NaN,NaN,NaN,NaN,NaN,NaN,NaN,NaN,NaN,NaN,NaN,NaN
64,4,0,735,695,713,505,718,379,671,327,NaN,NaN,NaN,NaN,NaN,NaN,NaN,NaN,NaN,NaN,NaN,NaN
65,4,0,735,695,713,505,718,379,671,327,NaN,NaN,NaN,NaN,NaN,NaN,NaN,NaN,NaN,NaN,NaN,NaN
66,4,0,735,695,713,505,718,379,671,328,NaN,NaN,NaN,NaN,NaN,NaN,NaN,NaN,NaN,NaN,NaN,NaN
67,4,0,734,695,713,505,718,379,671,327,NaN,NaN,NaN,NaN,NaN,NaN,NaN,NaN,NaN,NaN,NaN,NaN
68,4,0,733,695,713,505,718,379,671,327,NaN,NaN,NaN,NaN,NaN,NaN,NaN,NaN,NaN,NaN,NaN,NaN
69,4,0,732,695,712,505,718,379,671,327,NaN,NaN,NaN,NaN,NaN,NaN,NaN,NaN,NaN,NaN,NaN,NaN
70,4,0,732,695,712,506,718,379,670,327,NaN,NaN,NaN,NaN,NaN,NaN,NaN,NaN,NaN,NaN,NaN,NaN
71,4,0,731,695,711,506,717,379,670,327,NaN,NaN,NaN,NaN,NaN,NaN,NaN,NaN,NaN,NaN,NaN,NaN
72,4,0,729,695,710,506,716,379,669,327,NaN,NaN,NaN,NaN,NaN,NaN,NaN,NaN,NaN,NaN,NaN,NaN
73,4,0,728,695,709,507,716,380,668,328,NaN,NaN,NaN,NaN,NaN,NaN,NaN,NaN,NaN,NaN,NaN,NaN
74,4,0,726,695,708,508,715,380,667,328,NaN,NaN,NaN,NaN,NaN,NaN,NaN,NaN,NaN,NaN,NaN,NaN
75,4,0,724,695,707,509,714,381,667,328,NaN,NaN,NaN,NaN,NaN,NaN,NaN,NaN,NaN,NaN,NaN,NaN
76,4,0,722,695,705,511,713,382,666,329,NaN,NaN,NaN,NaN,NaN,NaN,NaN,NaN,NaN,NaN,NaN,NaN
77,4,0,720,695,704,512,712,383,665,330,NaN,NaN,NaN,NaN,NaN,NaN,NaN,NaN,NaN,NaN,NaN,NaN
78,4,0,718,695,703,514,711,384,664,331,NaN,NaN,NaN,NaN,NaN,NaN,NaN,NaN,NaN,NaN,NaN,NaN
79,4,0,717,695,701,516,710,385,663,331,NaN,NaN,NaN,NaN,NaN,NaN,NaN,NaN,NaN,NaN,NaN,NaN
80,4,0,715,695,700,518,710,386,662,332,NaN,NaN,NaN,NaN,NaN,NaN,NaN,NaN,NaN,NaN,NaN,NaN
81,4,0,714,695,700,519,709,388,661,333,NaN,NaN,NaN,NaN,NaN,NaN,NaN,NaN,NaN,NaN,NaN,NaN
82,4,0,713,695,699,521,709,389,660,334,NaN,NaN,NaN,NaN,NaN,NaN,NaN,NaN,NaN,NaN,NaN,NaN
83,4,0,713,695,699,522,708,390,660,334,NaN,NaN,NaN,NaN,NaN,NaN,NaN,NaN,NaN,NaN,NaN,NaN
84,4,0,712,695,698,523,708,390,659,334,NaN,NaN,NaN,NaN,NaN,NaN,NaN,NaN,NaN,NaN,NaN,NaN
85,4,0,712,695,698,524,708,391,659,335,NaN,NaN,NaN,NaN,NaN,NaN,NaN,NaN,NaN,NaN,NaN,NaN
86,4,0,712,695,698,525,707,391,659,335,NaN,NaN,NaN,NaN,NaN,NaN,NaN,NaN,NaN,NaN,NaN,NaN
87,4,0,712,695,697,525,707,392,658,336,NaN,NaN,NaN,NaN,NaN,NaN,NaN,NaN,NaN,NaN,NaN,NaN
88,4,0,712,695,698,526,707,393,658,336,NaN,NaN,NaN,NaN,NaN,NaN,NaN,NaN,NaN,NaN,NaN,NaN
89,4,0,712,695,698,527,707,393,658,336,NaN,NaN,NaN,NaN,NaN,NaN,NaN,NaN,NaN,NaN,NaN,NaN
90,4,0,713,695,698,528,708,394,658,336,NaN,NaN,NaN,NaN,NaN,NaN,NaN,NaN,NaN,NaN,NaN,NaN
91,4,0,714,695,699,528,708,394,657,337,NaN,NaN,NaN,NaN,NaN,NaN,NaN,NaN,NaN,NaN,NaN,NaN
92,4,0,715,695,699,528,708,394,657,337,NaN,NaN,NaN,NaN,NaN,NaN,NaN,NaN,NaN,NaN,NaN,NaN
93,4,0,716,695,700,529,708,395,657,337,NaN,NaN,NaN,NaN,NaN,NaN,NaN,NaN,NaN,NaN,NaN,NaN
94,4,0,718,695,701,529,709,395,657,338,NaN,NaN,NaN,NaN,NaN,NaN,NaN,NaN,NaN,NaN,NaN,NaN
95,4,0,719,695,701,529,709,395,657,338,NaN,NaN,NaN,NaN,NaN,NaN,NaN,NaN,NaN,NaN,NaN,NaN
96,4,0,721,695,703,530,710,396,658,338,NaN,NaN,NaN,NaN,NaN,NaN,NaN,NaN,NaN,NaN,NaN,NaN
97,4,0,723,695,704,530,711,396,658,339,NaN,NaN,NaN,NaN,NaN,NaN,NaN,NaN,NaN,NaN,NaN,NaN
98,4,0,725,695,705,531,711,397,658,339,NaN,NaN,NaN,NaN,NaN,NaN,NaN,NaN,NaN,NaN,NaN,NaN
99,4,0,727,695,706,532,712,398,658,340,NaN,NaN,NaN,NaN,NaN,NaN,NaN,NaN,NaN,NaN,NaN,NaN
100,4,1,727,695,706,531,712,398,658,340,NaN,NaN,NaN,NaN,NaN,NaN,NaN,NaN,NaN,NaN,NaN,NaN
101,4,0,728,695,707,532,713,399,658,340,NaN,NaN,NaN,NaN,NaN,NaN,NaN,NaN,NaN,NaN,NaN,NaN
102,4,0,728,695,709,532,713,399,659,341,NaN,NaN,NaN,NaN,NaN,NaN,NaN,NaN,NaN,NaN,NaN,NaN
103,4,0,729,695,710,533,714,399,659,341,NaN,NaN,NaN,NaN,NaN,NaN,NaN,NaN,NaN,NaN,NaN,NaN
104,4,0,730,695,712,533,715,400,659,341,NaN,NaN,NaN,NaN,NaN,NaN,NaN,NaN,NaN,NaN,NaN,NaN
105,4,0,730,695,713,532,715,399,659,341,NaN,NaN,NaN,NaN,NaN,NaN,NaN,NaN,NaN,NaN,NaN,NaN
106,4,0,731,695,715,533,716,400,659,340,NaN,NaN,NaN,NaN,NaN,NaN,NaN,NaN,NaN,NaN,NaN,NaN
107,4,0,732,695,716,533,716,400,659,340,NaN,NaN,NaN,NaN,NaN,NaN,NaN,NaN,NaN,NaN,NaN,NaN
108,4,0,732,695,717,533,717,400,659,341,NaN,NaN,NaN,NaN,NaN,NaN,NaN,NaN,NaN,NaN,NaN,NaN
109,4,0,733,695,719,533,717,400,659,341,NaN,NaN,NaN,NaN,NaN,NaN,NaN,NaN,NaN,NaN,NaN,NaN
110,4,0,734,695,720,533,718,400,660,341,NaN,NaN,NaN,NaN,NaN,NaN,NaN,NaN,NaN,NaN,NaN,NaN
111,4,0,733,695,721,533,718,400,660,341,NaN,NaN,NaN,NaN,NaN,NaN,NaN,NaN,NaN,NaN,NaN,NaN
112,4,0,734,695,722,533,719,401,660,341,NaN,NaN,NaN,NaN,NaN,NaN,NaN,NaN,NaN,NaN,NaN,NaN
113,4,0,734,695,723,534,719,401,660,341,NaN,NaN,NaN,NaN,NaN,NaN,NaN,NaN,NaN,NaN,NaN,NaN
114,4,0,734,695,724,534,719,401,660,342,NaN,NaN,NaN,NaN,NaN,NaN,NaN,NaN,NaN,NaN,NaN,NaN
115,4,0,733,695,724,534,719,401,660,342,NaN,NaN,NaN,NaN,NaN,NaN,NaN,NaN,NaN,NaN,NaN,NaN
116,4,0,732,695,725,535,719,402,660,342,NaN,NaN,NaN,NaN,NaN,NaN,NaN,NaN,NaN,NaN,NaN,NaN
117,4,0,731,695,724,535,719,403,659,342,NaN,NaN,NaN,NaN,NaN,NaN,NaN,NaN,NaN,NaN,NaN,NaN
118,4,0,729,695,724,536,718,403,658,342,NaN,NaN,NaN,NaN,NaN,NaN,NaN,NaN,NaN,NaN,NaN,NaN
119,4,0,727,695,723,537,717,404,657,343,NaN,NaN,NaN,NaN,NaN,NaN,NaN,NaN,NaN,NaN,NaN,NaN
120,4,0,725,695,723,538,717,404,656,344,NaN,NaN,NaN,NaN,NaN,NaN,NaN,NaN,NaN,NaN,NaN,NaN
121,4,0,723,695,722,539,716,406,655,345,NaN,NaN,NaN,NaN,NaN,NaN,NaN,NaN,NaN,NaN,NaN,NaN
122,4,0,721,695,722,540,715,406,654,345,NaN,NaN,NaN,NaN,NaN,NaN,NaN,NaN,NaN,NaN,NaN,NaN
123,4,0,720,695,722,540,715,407,654,346,NaN,NaN,NaN,NaN,NaN,NaN,NaN,NaN,NaN,NaN,NaN,NaN
124,4,0,719,695,722,541,715,408,654,346,NaN,NaN,NaN,NaN,NaN,NaN,NaN,NaN,NaN,NaN,NaN,NaN
125,4,0,719,695,723,542,715,409,654,347,NaN,NaN,NaN,NaN,NaN,NaN,NaN,NaN,NaN,NaN,NaN,NaN
126,4,0,719,695,723,543,715,409,654,347,NaN,NaN,NaN,NaN,NaN,NaN,NaN,NaN,NaN,NaN,NaN,NaN
127,4,0,719,695,725,544,715,410,654,347,NaN,NaN,NaN,NaN,NaN,NaN,NaN,NaN,NaN,NaN,NaN,NaN
128,4,0,719,695,726,545,716,411,654,348,NaN,NaN,NaN,NaN,NaN,NaN,NaN,NaN,NaN,NaN,NaN,NaN
129,4,0,720,695,727,546,716,412,654,348,NaN,NaN,NaN,NaN,NaN,NaN,NaN,NaN,NaN,NaN,NaN,NaN
130,4,0,721,695,729,547,717,413,654,349,NaN,NaN,NaN,NaN,NaN,NaN,NaN,NaN,NaN,NaN,NaN,NaN
131,4,0,722,695,730,547,717,414,655,350,NaN,NaN,NaN,NaN,NaN,NaN,NaN,NaN,NaN,NaN,NaN,NaN
132,4,0,723,695,731,547,718,414,655,350,NaN,NaN,NaN,NaN,NaN,NaN,NaN,NaN,NaN,NaN,NaN,NaN
133,4,0,724,695,733,547,719,415,655,350,NaN,NaN,NaN,NaN,NaN,NaN,NaN,NaN,NaN,NaN,NaN,NaN
134,4,0,725,695,735,547,719,414,655,350,NaN,NaN,NaN,NaN,NaN,NaN,NaN,NaN,NaN,NaN,NaN,NaN
135,4,0,727,695,737,546,720,414,656,350,NaN,NaN,NaN,NaN,NaN,NaN,NaN,NaN,NaN,NaN,NaN,NaN
136,4,0,729,695,739,545,721,414,656,350,NaN,NaN,NaN,NaN,NaN,NaN,NaN,NaN,NaN,NaN,NaN,NaN
137,4,0,731,695,741,544,722,414,656,350,NaN,NaN,NaN,NaN,NaN,NaN,NaN,NaN,NaN,NaN,NaN,NaN
138,4,0,733,695,743,543,723,413,656,350,NaN,NaN,NaN,NaN,NaN,NaN,NaN,NaN,NaN,NaN,NaN,NaN
139,4,0,735,695,746,542,724,413,657,349,NaN,NaN,NaN,NaN,NaN,NaN,NaN,NaN,NaN,NaN,NaN,NaN
140,4,0,737,695,748,540,725,412,657,349,NaN,NaN,NaN,NaN,NaN,NaN,NaN,NaN,NaN,NaN,NaN,NaN
141,4,0,739,695,750,540,726,412,657,349,NaN,NaN,NaN,NaN,NaN,NaN,NaN,NaN,NaN,NaN,NaN,NaN
142,4,0,741,695,753,538,728,412,658,348,NaN,NaN,NaN,NaN,NaN,NaN,NaN,NaN,NaN,NaN,NaN,NaN
143,4,0,744,695,755,537,729,411,659,347,NaN,NaN,NaN,NaN,NaN,NaN,NaN,NaN,NaN,NaN,NaN,NaN
144,4,0,746,695,757,536,730,411,659,347,NaN,NaN,NaN,NaN,NaN,NaN,NaN,NaN,NaN,NaN,NaN,NaN
145,4,0,748,695,759,534,731,410,660,346,NaN,NaN,NaN,NaN,NaN,NaN,NaN,NaN,NaN,NaN,NaN,NaN
146,4,0,750,695,761,533,732,410,660,346,NaN,NaN,NaN,NaN,NaN,NaN,NaN,NaN,NaN,NaN,NaN,NaN
147,4,0,751,695,763,531,732,409,660,345,NaN,NaN,NaN,NaN,NaN,NaN,NaN,NaN,NaN,NaN,NaN,NaN
148,4,0,752,695,764,529,732,408,660,344,NaN,NaN,NaN,NaN,NaN,NaN,NaN,NaN,NaN,NaN,NaN,NaN
149,4,0,753,695,765,528,732,408,659,344,NaN,NaN,NaN,NaN,NaN,NaN,NaN,NaN,NaN,NaN,NaN,NaN
150,4,0,754,695,765,526,732,407,659,344,NaN,NaN,NaN,NaN,NaN,NaN,NaN,NaN,NaN,NaN,NaN,NaN
151,4,0,754,695,766,525,732,407,658,344,NaN,NaN,NaN,NaN,NaN,NaN,NaN,NaN,NaN,NaN,NaN,NaN
152,4,0,755,695,767,523,732,407,658,344,NaN,NaN,NaN,NaN,NaN,NaN,NaN,NaN,NaN,NaN,NaN,NaN
153,4,0,755,695,767,522,732,407,657,344,NaN,NaN,NaN,NaN,NaN,NaN,NaN,NaN,NaN,NaN,NaN,NaN
154,4,0,755,695,767,521,731,407,657,344,NaN,NaN,NaN,NaN,NaN,NaN,NaN,NaN,NaN,NaN,NaN,NaN
155,4,0,755,695,768,521,731,408,656,344,NaN,NaN,NaN,NaN,NaN,NaN,NaN,NaN,NaN,NaN,NaN,NaN
156,4,1,755,695,768,518,731,407,656,344,NaN,NaN,NaN,NaN,NaN,NaN,NaN,NaN,NaN,NaN,NaN,NaN
157,6,0,756,695,768,520,731,408,655,345,680,306,750,282,NaN,NaN,NaN,NaN,NaN,NaN,NaN,NaN
158,6,0,756,695,768,522,729,410,654,346,679,307,750,283,NaN,NaN,NaN,NaN,NaN,NaN,NaN,NaN
159,6,0,757,695,767,524,728,411,653,347,678,308,749,284,NaN,NaN,NaN,NaN,NaN,NaN,NaN,NaN
160,6,0,757,695,767,526,726,413,652,348,677,309,748,284,NaN,NaN,NaN,NaN,NaN,NaN,NaN,NaN
161,6,0,757,695,765,529,725,415,650,349,676,310,747,285,NaN,NaN,NaN,NaN,NaN,NaN,NaN,NaN
162,6,0,757,695,764,530,724,417,649,349,675,311,746,285,NaN,NaN,NaN,NaN,NaN,NaN,NaN,NaN
163,6,0,757,695,764,532,722,417,648,350,674,311,745,286,NaN,NaN,NaN,NaN,NaN,NaN,NaN,NaN
164,6,0,757,695,764,534,721,419,647,350,673,311,745,286,NaN,NaN,NaN,NaN,NaN,NaN,NaN,NaN
165,6,0,759,695,764,535,720,420,646,351,672,311,744,286,NaN,NaN,NaN,NaN,NaN,NaN,NaN,NaN
166,6,0,760,695,765,536,720,421,646,351,672,311,744,286,NaN,NaN,NaN,NaN,NaN,NaN,NaN,NaN
167,6,0,762,695,766,536,719,421,645,350,672,311,744,286,NaN,NaN,NaN,NaN,NaN,NaN,NaN,NaN
168,6,0,764,695,766,537,720,421,645,350,671,311,744,285,NaN,NaN,NaN,NaN,NaN,NaN,NaN,NaN
169,6,0,766,695,767,537,720,422,645,350,671,311,744,285,NaN,NaN,NaN,NaN,NaN,NaN,NaN,NaN
170,6,0,768,695,769,537,720,422,644,350,671,310,744,285,NaN,NaN,NaN,NaN,NaN,NaN,NaN,NaN
171,6,0,771,695,771,537,720,421,644,349,670,310,744,284,NaN,NaN,NaN,NaN,NaN,NaN,NaN,NaN
172,6,0,773,695,772,537,720,421,644,349,670,309,744,284,NaN,NaN,NaN,NaN,NaN,NaN,NaN,NaN
173,6,0,776,695,773,536,721,422,644,348,670,309,743,283,NaN,NaN,NaN,NaN,NaN,NaN,NaN,NaN
174,6,0,778,695,775,536,720,422,643,348,669,309,743,283,NaN,NaN,NaN,NaN,NaN,NaN,NaN,NaN
175,6,0,780,695,775,537,720,423,642,349,667,310,742,284,NaN,NaN,NaN,NaN,NaN,NaN,NaN,NaN
176,6,0,781,695,776,537,718,424,640,350,666,310,741,284,NaN,NaN,NaN,NaN,NaN,NaN,NaN,NaN
177,6,0,783,695,776,538,718,424,639,350,665,310,740,284,NaN,NaN,NaN,NaN,NaN,NaN,NaN,NaN
178,6,0,785,695,777,538,717,424,638,349,664,310,739,284,NaN,NaN,NaN,NaN,NaN,NaN,NaN,NaN
179,6,0,787,695,778,537,717,424,637,349,663,310,738,284,NaN,NaN,NaN,NaN,NaN,NaN,NaN,NaN
180,6,0,789,695,779,536,717,424,636,347,662,308,738,282,NaN,NaN,NaN,NaN,NaN,NaN,NaN,NaN
181,6,0,791,695,781,535,716,422,636,346,662,307,737,281,NaN,NaN,NaN,NaN,NaN,NaN,NaN,NaN
182,6,0,793,695,781,533,716,422,635,345,661,306,737,280,NaN,NaN,NaN,NaN,NaN,NaN,NaN,NaN
183,6,0,794,695,782,532,715,421,634,344,660,305,737,279,NaN,NaN,NaN,NaN,NaN,NaN,NaN,NaN
184,6,0,795,695,782,531,715,420,633,343,659,304,736,278,NaN,NaN,NaN,NaN,NaN,NaN,NaN,NaN
185,6,0,796,695,782,530,713,420,632,342,658,303,735,277,NaN,NaN,NaN,NaN,NaN,NaN,NaN,NaN
186,6,0,796,695,782,529,712,420,630,341,656,302,733,276,NaN,NaN,NaN,NaN,NaN,NaN,NaN,NaN
187,6,0,796,695,781,528,709,419,628,340,654,302,732,275,NaN,NaN,NaN,NaN,NaN,NaN,NaN,NaN
188,5,0,795,695,780,528,707,419,626,340,652,301,NaN,NaN,NaN,NaN,NaN,NaN,NaN,NaN,NaN,NaN
189,5,0,794,695,779,527,705,419,624,340,650,300,NaN,NaN,NaN,NaN,NaN,NaN,NaN,NaN,NaN,NaN
190,5,0,793,695,777,527,703,419,622,339,649,300,NaN,NaN,NaN,NaN,NaN,NaN,NaN,NaN,NaN,NaN
191,5,0,792,695,776,526,701,419,620,339,647,299,NaN,NaN,NaN,NaN,NaN,NaN,NaN,NaN,NaN,NaN
192,5,0,791,695,774,526,699,419,618,338,646,299,NaN,NaN,NaN,NaN,NaN,NaN,NaN,NaN,NaN,NaN
193,5,0,790,695,773,526,697,420,617,337,644,298,NaN,NaN,NaN,NaN,NaN,NaN,NaN,NaN,NaN,NaN
194,5,0,789,695,771,525,695,420,615,337,643,298,NaN,NaN,NaN,NaN,NaN,NaN,NaN,NaN,NaN,NaN
195,5,0,787,695,769,525,692,420,612,338,640,298,NaN,NaN,NaN,NaN,NaN,NaN,NaN,NaN,NaN,NaN
196,5,0,786,695,768,526,689,421,610,338,638,298,NaN,NaN,NaN,NaN,NaN,NaN,NaN,NaN,NaN,NaN
197,5,0,784,695,766,526,687,422,608,338,636,298,NaN,NaN,NaN,NaN,NaN,NaN,NaN,NaN,NaN,NaN
198,5,0,783,695,764,526,685,423,606,338,634,298,NaN,NaN,NaN,NaN,NaN,NaN,NaN,NaN,NaN,NaN
199,5,0,782,695,762,526,682,423,604,338,633,298,NaN,NaN,NaN,NaN,NaN,NaN,NaN,NaN,NaN,NaN
200,5,0,781,695,761,526,680,424,602,338,632,298,NaN,NaN,NaN,NaN,NaN,NaN,NaN,NaN,NaN,NaN
201,5,0,781,695,761,526,679,425,602,338,631,298,NaN,NaN,NaN,NaN,NaN,NaN,NaN,NaN,NaN,NaN
202,5,0,782,695,761,526,679,425,601,338,631,298,NaN,NaN,NaN,NaN,NaN,NaN,NaN,NaN,NaN,NaN
203,5,0,783,695,761,525,678,425,600,337,630,297,NaN,NaN,NaN,NaN,NaN,NaN,NaN,NaN,NaN,NaN
204,5,0,784,695,761,524,678,426,600,337,630,297,NaN,NaN,NaN,NaN,NaN,NaN,NaN,NaN,NaN,NaN
205,5,0,786,695,762,523,677,426,600,336,630,296,NaN,NaN,NaN,NaN,NaN,NaN,NaN,NaN,NaN,NaN
206,5,0,788,695,763,522,677,426,599,335,630,295,NaN,NaN,NaN,NaN,NaN,NaN,NaN,NaN,NaN,NaN
207,5,0,790,695,763,521,677,425,599,334,629,294,NaN,NaN,NaN,NaN,NaN,NaN,NaN,NaN,NaN,NaN
208,6,1,790,695,763,518,676,425,599,334,629,294,711,266,NaN,NaN,NaN,NaN,NaN,NaN,NaN,NaN
209,6,0,791,695,764,520,676,425,598,333,629,293,712,265,NaN,NaN,NaN,NaN,NaN,NaN,NaN,NaN
210,6,0,792,695,766,522,678,426,597,334,629,292,712,264,NaN,NaN,NaN,NaN,NaN,NaN,NaN,NaN
211,6,0,793,695,768,524,678,427,596,334,628,292,713,264,NaN,NaN,NaN,NaN,NaN,NaN,NaN,NaN
212,6,0,794,695,770,527,679,427,596,335,629,292,714,263,NaN,NaN,NaN,NaN,NaN,NaN,NaN,NaN
213,6,0,796,695,772,531,680,429,595,336,629,292,715,263,NaN,NaN,NaN,NaN,NaN,NaN,NaN,NaN
214,6,0,797,695,774,535,681,432,594,338,629,292,715,263,NaN,NaN,NaN,NaN,NaN,NaN,NaN,NaN
215,6,0,799,695,777,540,683,434,593,339,629,293,716,263,NaN,NaN,NaN,NaN,NaN,NaN,NaN,NaN
216,6,0,801,695,780,546,685,437,593,340,630,294,718,264,NaN,NaN,NaN,NaN,NaN,NaN,NaN,NaN
217,6,0,803,695,783,552,686,440,593,342,630,295,719,264,NaN,NaN,NaN,NaN,NaN,NaN,NaN,NaN
218,6,0,803,695,785,559,687,444,591,345,630,297,719,265,NaN,NaN,NaN,NaN,NaN,NaN,NaN,NaN
219,6,0,803,695,786,566,687,449,590,348,630,299,719,267,NaN,NaN,NaN,NaN,NaN,NaN,NaN,NaN
220,6,0,803,695,787,574,687,454,588,351,628,301,718,269,NaN,NaN,NaN,NaN,NaN,NaN,NaN,NaN
221,6,0,802,695,788,583,687,458,585,354,627,303,718,271,NaN,NaN,NaN,NaN,NaN,NaN,NaN,NaN
222,6,0,802,695,789,590,687,463,584,357,627,305,718,272,NaN,NaN,NaN,NaN,NaN,NaN,NaN,NaN
223,6,0,801,695,790,597,687,466,582,359,626,306,718,273,NaN,NaN,NaN,NaN,NaN,NaN,NaN,NaN
224,6,0,800,695,791,604,686,470,580,361,625,307,718,274,NaN,NaN,NaN,NaN,NaN,NaN,NaN,NaN
225,6,0,800,695,791,611,686,474,579,364,625,309,718,276,NaN,NaN,NaN,NaN,NaN,NaN,NaN,NaN
226,6,0,799,695,792,618,687,478,577,366,624,311,718,277,NaN,NaN,NaN,NaN,NaN,NaN,NaN,NaN
227,6,0,800,695,793,624,687,482,577,369,624,312,719,278,NaN,NaN,NaN,NaN,NaN,NaN,NaN,NaN
228,6,0,800,695,794,631,688,486,576,371,625,314,720,280,NaN,NaN,NaN,NaN,NaN,NaN,NaN,NaN
229,6,0,801,695,796,638,689,490,576,374,625,316,722,281,NaN,NaN,NaN,NaN,NaN,NaN,NaN,NaN
230,6,0,802,695,797,645,690,493,575,377,626,317,723,283,NaN,NaN,NaN,NaN,NaN,NaN,NaN,NaN
231,6,0,803,695,799,651,690,497,575,379,626,319,724,284,NaN,NaN,NaN,NaN,NaN,NaN,NaN,NaN
232,6,0,804,695,800,657,691,500,574,382,627,320,725,285,NaN,NaN,NaN,NaN,NaN,NaN,NaN,NaN
233,6,0,805,695,801,663,692,503,573,384,627,322,726,286,NaN,NaN,NaN,NaN,NaN,NaN,NaN,NaN
234,6,0,806,695,802,670,692,507,572,386,627,323,727,288,NaN,NaN,NaN,NaN,NaN,NaN,NaN,NaN
235,6,0,807,695,803,677,693,510,571,389,627,325,728,289,NaN,NaN,NaN,NaN,NaN,NaN,NaN,NaN
236,5,1,807,695,693,510,571,389,628,325,729,289,NaN,NaN,NaN,NaN,NaN,NaN,NaN,NaN,NaN,NaN
237,5,0,800,695,691,513,571,391,627,327,728,290,NaN,NaN,NaN,NaN,NaN,NaN,NaN,NaN,NaN,NaN
238,5,0,793,695,687,516,570,393,626,328,728,292,NaN,NaN,NaN,NaN,NaN,NaN,NaN,NaN,NaN,NaN
239,5,0,786,695,684,519,570,395,625,330,727,293,NaN,NaN,NaN,NaN,NaN,NaN,NaN,NaN,NaN,NaN
240,5,0,779,695,680,522,569,398,624,332,727,295,NaN,NaN,NaN,NaN,NaN,NaN,NaN,NaN,NaN,NaN
241,5,0,772,695,676,525,568,400,623,334,726,296,NaN,NaN,NaN,NaN,NaN,NaN,NaN,NaN,NaN,NaN
242,5,0,765,695,673,529,568,402,622,336,725,298,NaN,NaN,NaN,NaN,NaN,NaN,NaN,NaN,NaN,NaN
243,5,0,759,695,670,532,567,404,622,337,725,299,NaN,NaN,NaN,NaN,NaN,NaN,NaN,NaN,NaN,NaN
244,5,0,753,695,666,534,566,406,620,339,724,300,NaN,NaN,NaN,NaN,NaN,NaN,NaN,NaN,NaN,NaN
245,5,0,748,695,662,537,566,408,619,340,723,302,NaN,NaN,NaN,NaN,NaN,NaN,NaN,NaN,NaN,NaN
246,5,0,743,695,659,540,566,410,619,342,723,303,NaN,NaN,NaN,NaN,NaN,NaN,NaN,NaN,NaN,NaN
247,5,0,738,695,657,543,566,412,619,344,723,305,NaN,NaN,NaN,NaN,NaN,NaN,NaN,NaN,NaN,NaN
248,5,0,735,695,655,546,567,415,619,346,723,307,NaN,NaN,NaN,NaN,NaN,NaN,NaN,NaN,NaN,NaN
249,5,0,732,695,653,549,568,417,619,348,724,308,NaN,NaN,NaN,NaN,NaN,NaN,NaN,NaN,NaN,NaN
250,5,0,731,695,651,551,569,420,620,350,725,310,NaN,NaN,NaN,NaN,NaN,NaN,NaN,NaN,NaN,NaN
251,5,0,729,695,649,553,570,421,621,352,725,312,NaN,NaN,NaN,NaN,NaN,NaN,NaN,NaN,NaN,NaN
252,5,0,727,695,648,556,571,424,621,354,726,314,NaN,NaN,NaN,NaN,NaN,NaN,NaN,NaN,NaN,NaN
253,5,0,726,695,646,558,572,426,621,356,726,315,NaN,NaN,NaN,NaN,NaN,NaN,NaN,NaN,NaN,NaN
254,5,0,725,695,644,559,572,428,621,358,726,317,NaN,NaN,NaN,NaN,NaN,NaN,NaN,NaN,NaN,NaN
255,5,0,725,695,642,561,574,430,621,359,727,318,NaN,NaN,NaN,NaN,NaN,NaN,NaN,NaN,NaN,NaN
256,5,0,724,695,641,562,575,431,621,361,727,320,NaN,NaN,NaN,NaN,NaN,NaN,NaN,NaN,NaN,NaN
257,5,0,724,695,639,563,575,434,621,362,728,321,NaN,NaN,NaN,NaN,NaN,NaN,NaN,NaN,NaN,NaN
258,5,0,724,695,638,566,576,436,622,365,728,324,NaN,NaN,NaN,NaN,NaN,NaN,NaN,NaN,NaN,NaN
259,5,0,724,695,636,568,578,438,622,367,728,326,NaN,NaN,NaN,NaN,NaN,NaN,NaN,NaN,NaN,NaN
260,5,0,724,695,634,570,578,441,622,370,729,328,NaN,NaN,NaN,NaN,NaN,NaN,NaN,NaN,NaN,NaN
261,5,0,723,695,632,573,579,444,622,372,729,330,NaN,NaN,NaN,NaN,NaN,NaN,NaN,NaN,NaN,NaN
262,5,0,724,695,630,575,580,447,622,375,730,332,NaN,NaN,NaN,NaN,NaN,NaN,NaN,NaN,NaN,NaN
263,5,0,724,695,629,578,582,449,623,377,731,335,NaN,NaN,NaN,NaN,NaN,NaN,NaN,NaN,NaN,NaN
264,5,0,726,695,627,580,583,452,624,379,731,337,NaN,NaN,NaN,NaN,NaN,NaN,NaN,NaN,NaN,NaN
265,5,0,727,695,626,582,585,454,624,381,733,339,NaN,NaN,NaN,NaN,NaN,NaN,NaN,NaN,NaN,NaN
266,5,0,729,695,625,584,587,456,625,383,734,340,NaN,NaN,NaN,NaN,NaN,NaN,NaN,NaN,NaN,NaN
267,5,0,732,695,624,585,589,458,626,384,735,342,NaN,NaN,NaN,NaN,NaN,NaN,NaN,NaN,NaN,NaN
268,5,0,734,695,623,585,591,459,627,385,736,343,NaN,NaN,NaN,NaN,NaN,NaN,NaN,NaN,NaN,NaN
269,5,0,736,695,621,585,592,460,628,386,737,343,NaN,NaN,NaN,NaN,NaN,NaN,NaN,NaN,NaN,NaN
270,5,0,739,695,620,584,594,461,629,387,738,344,NaN,NaN,NaN,NaN,NaN,NaN,NaN,NaN,NaN,NaN
271,5,0,741,695,618,584,596,461,630,387,740,344,NaN,NaN,NaN,NaN,NaN,NaN,NaN,NaN,NaN,NaN
272,5,0,743,695,616,583,597,462,631,388,740,345,NaN,NaN,NaN,NaN,NaN,NaN,NaN,NaN,NaN,NaN
273,5,0,744,695,613,581,598,462,631,388,741,345,NaN,NaN,NaN,NaN,NaN,NaN,NaN,NaN,NaN,NaN
274,5,1,744,695,610,579,599,462,631,388,741,345,NaN,NaN,NaN,NaN,NaN,NaN,NaN,NaN,NaN,NaN
275,5,0,740,695,610,580,599,463,631,388,741,345,NaN,NaN,NaN,NaN,NaN,NaN,NaN,NaN,NaN,NaN
276,5,0,735,695,609,582,598,463,631,389,741,345,NaN,NaN,NaN,NaN,NaN,NaN,NaN,NaN,NaN,NaN
277,5,0,730,695,608,583,597,464,630,389,740,345,NaN,NaN,NaN,NaN,NaN,NaN,NaN,NaN,NaN,NaN
278,5,0,725,695,607,584,597,464,629,389,740,345,NaN,NaN,NaN,NaN,NaN,NaN,NaN,NaN,NaN,NaN
279,5,0,721,695,606,585,596,464,629,389,740,345,NaN,NaN,NaN,NaN,NaN,NaN,NaN,NaN,NaN,NaN
280,5,0,716,695,606,586,595,465,628,389,739,345,NaN,NaN,NaN,NaN,NaN,NaN,NaN,NaN,NaN,NaN
281,5,0,711,695,605,587,595,465,628,389,739,345,NaN,NaN,NaN,NaN,NaN,NaN,NaN,NaN,NaN,NaN
282,5,0,707,695,604,588,594,465,628,389,739,345,NaN,NaN,NaN,NaN,NaN,NaN,NaN,NaN,NaN,NaN
283,5,0,703,695,603,589,594,465,628,389,740,345,NaN,NaN,NaN,NaN,NaN,NaN,NaN,NaN,NaN,NaN
284,5,0,699,695,603,590,593,466,627,388,740,345,NaN,NaN,NaN,NaN,NaN,NaN,NaN,NaN,NaN,NaN
285,5,0,696,695,602,591,593,466,627,388,740,344,NaN,NaN,NaN,NaN,NaN,NaN,NaN,NaN,NaN,NaN
286,5,0,691,695,601,592,592,466,627,388,741,344,NaN,NaN,NaN,NaN,NaN,NaN,NaN,NaN,NaN,NaN
287,5,0,688,695,601,593,593,466,627,387,742,343,NaN,NaN,NaN,NaN,NaN,NaN,NaN,NaN,NaN,NaN
288,5,0,684,695,600,594,593,465,628,386,743,342,NaN,NaN,NaN,NaN,NaN,NaN,NaN,NaN,NaN,NaN
289,5,0,680,695,600,595,593,466,628,386,744,342,NaN,NaN,NaN,NaN,NaN,NaN,NaN,NaN,NaN,NaN
290,5,0,675,695,599,597,593,467,629,386,744,342,NaN,NaN,NaN,NaN,NaN,NaN,NaN,NaN,NaN,NaN
291,5,0,670,695,598,599,592,468,629,387,744,343,NaN,NaN,NaN,NaN,NaN,NaN,NaN,NaN,NaN,NaN
292,5,0,664,695,596,602,592,469,628,387,745,343,NaN,NaN,NaN,NaN,NaN,NaN,NaN,NaN,NaN,NaN
293,5,0,659,695,595,604,591,470,628,388,745,343,NaN,NaN,NaN,NaN,NaN,NaN,NaN,NaN,NaN,NaN
294,5,0,655,695,594,605,591,470,628,388,745,343,NaN,NaN,NaN,NaN,NaN,NaN,NaN,NaN,NaN,NaN
295,5,0,651,695,593,607,591,470,628,387,746,343,NaN,NaN,NaN,NaN,NaN,NaN,NaN,NaN,NaN,NaN
296,5,0,647,695,592,608,590,470,628,387,746,342,NaN,NaN,NaN,NaN,NaN,NaN,NaN,NaN,NaN,NaN
297,5,0,643,695,590,609,589,470,628,386,746,342,NaN,NaN,NaN,NaN,NaN,NaN,NaN,NaN,NaN,NaN
298,5,0,638,695,588,610,588,470,627,386,745,341,NaN,NaN,NaN,NaN,NaN,NaN,NaN,NaN,NaN,NaN
299,5,0,633,695,587,612,587,470,626,386,745,342,NaN,NaN,NaN,NaN,NaN,NaN,NaN,NaN,NaN,NaN
300,5,0,629,695,585,614,586,471,626,387,745,342,NaN,NaN,NaN,NaN,NaN,NaN,NaN,NaN,NaN,NaN
301,5,0,625,695,584,616,585,472,625,387,744,342,NaN,NaN,NaN,NaN,NaN,NaN,NaN,NaN,NaN,NaN
302,5,0,622,695,583,618,584,473,625,387,744,343,NaN,NaN,NaN,NaN,NaN,NaN,NaN,NaN,NaN,NaN
303,5,0,619,695,582,621,584,474,625,388,744,343,NaN,NaN,NaN,NaN,NaN,NaN,NaN,NaN,NaN,NaN
304,5,0,616,695,581,623,583,475,625,389,745,344,NaN,NaN,NaN,NaN,NaN,NaN,NaN,NaN,NaN,NaN
305,5,0,613,695,580,624,583,476,625,389,745,344,NaN,NaN,NaN,NaN,NaN,NaN,NaN,NaN,NaN,NaN
306,5,0,611,695,580,626,583,477,625,390,746,345,NaN,NaN,NaN,NaN,NaN,NaN,NaN,NaN,NaN,NaN
307,5,0,609,695,579,629,583,478,625,390,746,345,NaN,NaN,NaN,NaN,NaN,NaN,NaN,NaN,NaN,NaN
308,5,0,606,695,578,631,582,480,625,391,746,346,NaN,NaN,NaN,NaN,NaN,NaN,NaN,NaN,NaN,NaN
309,5,0,603,695,577,634,581,481,624,393,746,347,NaN,NaN,NaN,NaN,NaN,NaN,NaN,NaN,NaN,NaN
310,5,0,600,695,576,637,580,483,623,394,746,348,NaN,NaN,NaN,NaN,NaN,NaN,NaN,NaN,NaN,NaN
311,5,0,598,695,575,639,580,484,623,394,746,349,NaN,NaN,NaN,NaN,NaN,NaN,NaN,NaN,NaN,NaN
312,5,0,596,695,575,640,580,485,623,395,746,349,NaN,NaN,NaN,NaN,NaN,NaN,NaN,NaN,NaN,NaN
313,5,0,595,695,575,642,581,485,624,395,747,350,NaN,NaN,NaN,NaN,NaN,NaN,NaN,NaN,NaN,NaN
314,5,0,595,695,576,643,582,486,625,395,749,350,NaN,NaN,NaN,NaN,NaN,NaN,NaN,NaN,NaN,NaN
315,5,0,596,695,578,645,583,487,627,396,751,350,NaN,NaN,NaN,NaN,NaN,NaN,NaN,NaN,NaN,NaN
316,5,0,596,695,579,646,585,487,628,396,752,350,NaN,NaN,NaN,NaN,NaN,NaN,NaN,NaN,NaN,NaN
317,5,0,596,695,579,646,586,487,629,395,753,350,NaN,NaN,NaN,NaN,NaN,NaN,NaN,NaN,NaN,NaN
318,5,0,595,695,580,647,586,486,629,395,753,349,NaN,NaN,NaN,NaN,NaN,NaN,NaN,NaN,NaN,NaN
319,5,0,594,695,579,648,585,486,629,394,754,348,NaN,NaN,NaN,NaN,NaN,NaN,NaN,NaN,NaN,NaN
320,5,0,594,695,579,649,585,486,629,394,754,348,NaN,NaN,NaN,NaN,NaN,NaN,NaN,NaN,NaN,NaN
321,5,0,593,695,580,650,586,487,630,394,755,348,NaN,NaN,NaN,NaN,NaN,NaN,NaN,NaN,NaN,NaN
322,5,0,595,695,582,652,588,488,632,395,757,349,NaN,NaN,NaN,NaN,NaN,NaN,NaN,NaN,NaN,NaN
323,5,0,597,695,585,654,592,489,635,396,761,350,NaN,NaN,NaN,NaN,NaN,NaN,NaN,NaN,NaN,NaN
324,5,0,599,695,588,656,594,490,638,396,764,351,NaN,NaN,NaN,NaN,NaN,NaN,NaN,NaN,NaN,NaN
325,5,0,601,695,591,657,597,491,641,397,767,351,NaN,NaN,NaN,NaN,NaN,NaN,NaN,NaN,NaN,NaN
326,5,0,603,695,593,659,599,492,644,397,770,351,NaN,NaN,NaN,NaN,NaN,NaN,NaN,NaN,NaN,NaN
327,5,0,604,695,595,661,601,492,646,398,772,352,NaN,NaN,NaN,NaN,NaN,NaN,NaN,NaN,NaN,NaN
328,5,0,605,695,596,662,603,493,647,398,774,352,NaN,NaN,NaN,NaN,NaN,NaN,NaN,NaN,NaN,NaN
329,5,0,606,695,598,664,604,494,649,398,776,353,NaN,NaN,NaN,NaN,NaN,NaN,NaN,NaN,NaN,NaN
330,5,0,607,695,599,665,606,494,650,399,778,353,NaN,NaN,NaN,NaN,NaN,NaN,NaN,NaN,NaN,NaN
331,5,0,608,695,600,667,607,495,652,399,779,353,NaN,NaN,NaN,NaN,NaN,NaN,NaN,NaN,NaN,NaN
332,5,0,609,695,601,669,608,496,653,399,781,353,NaN,NaN,NaN,NaN,NaN,NaN,NaN,NaN,NaN,NaN
333,5,0,610,695,602,672,609,497,654,400,782,354,NaN,NaN,NaN,NaN,NaN,NaN,NaN,NaN,NaN,NaN
334,5,0,611,695,603,676,610,499,655,402,784,355,NaN,NaN,NaN,NaN,NaN,NaN,NaN,NaN,NaN,NaN
335,5,0,612,695,604,681,611,502,656,404,786,357,NaN,NaN,NaN,NaN,NaN,NaN,NaN,NaN,NaN,NaN
336,4,1,612,695,611,502,656,404,786,357,NaN,NaN,NaN,NaN,NaN,NaN,NaN,NaN,NaN,NaN,NaN,NaN
337,4,0,616,695,615,505,659,406,789,358,NaN,NaN,NaN,NaN,NaN,NaN,NaN,NaN,NaN,NaN,NaN,NaN
338,4,0,619,695,618,506,663,408,793,361,NaN,NaN,NaN,NaN,NaN,NaN,NaN,NaN,NaN,NaN,NaN,NaN
339,4,0,624,695,622,507,668,408,797,361,NaN,NaN,NaN,NaN,NaN,NaN,NaN,NaN,NaN,NaN,NaN,NaN
340,4,0,629,695,626,507,672,408,801,361,NaN,NaN,NaN,NaN,NaN,NaN,NaN,NaN,NaN,NaN,NaN,NaN
341,4,0,634,695,630,508,676,409,806,361,NaN,NaN,NaN,NaN,NaN,NaN,NaN,NaN,NaN,NaN,NaN,NaN
342,4,0,636,695,632,509,680,411,809,362,NaN,NaN,NaN,NaN,NaN,NaN,NaN,NaN,NaN,NaN,NaN,NaN
343,4,0,638,695,634,511,682,412,811,364,NaN,NaN,NaN,NaN,NaN,NaN,NaN,NaN,NaN,NaN,NaN,NaN
344,4,0,640,695,635,511,684,413,812,365,NaN,NaN,NaN,NaN,NaN,NaN,NaN,NaN,NaN,NaN,NaN,NaN
345,4,0,642,695,637,513,687,414,814,365,NaN,NaN,NaN,NaN,NaN,NaN,NaN,NaN,NaN,NaN,NaN,NaN
346,4,0,645,695,640,513,690,415,817,366,NaN,NaN,NaN,NaN,NaN,NaN,NaN,NaN,NaN,NaN,NaN,NaN
347,4,0,648,695,643,514,694,416,821,366,NaN,NaN,NaN,NaN,NaN,NaN,NaN,NaN,NaN,NaN,NaN,NaN
348,4,0,652,695,646,515,697,417,824,367,NaN,NaN,NaN,NaN,NaN,NaN,NaN,NaN,NaN,NaN,NaN,NaN
349,4,0,655,695,649,516,701,418,827,369,NaN,NaN,NaN,NaN,NaN,NaN,NaN,NaN,NaN,NaN,NaN,NaN
350,4,0,657,695,651,518,704,419,830,370,NaN,NaN,NaN,NaN,NaN,NaN,NaN,NaN,NaN,NaN,NaN,NaN
351,4,0,659,695,653,519,706,420,832,371,NaN,NaN,NaN,NaN,NaN,NaN,NaN,NaN,NaN,NaN,NaN,NaN
352,4,0,662,695,656,521,710,422,836,373,NaN,NaN,NaN,NaN,NaN,NaN,NaN,NaN,NaN,NaN,NaN,NaN
353,4,0,665,695,658,523,713,424,839,374,NaN,NaN,NaN,NaN,NaN,NaN,NaN,NaN,NaN,NaN,NaN,NaN
354,4,0,668,695,662,525,717,426,842,376,NaN,NaN,NaN,NaN,NaN,NaN,NaN,NaN,NaN,NaN,NaN,NaN
355,4,0,671,695,664,527,721,428,846,377,NaN,NaN,NaN,NaN,NaN,NaN,NaN,NaN,NaN,NaN,NaN,NaN
356,4,0,674,695,667,528,725,429,850,378,NaN,NaN,NaN,NaN,NaN,NaN,NaN,NaN,NaN,NaN,NaN,NaN
357,4,0,676,695,669,529,728,430,853,378,NaN,NaN,NaN,NaN,NaN,NaN,NaN,NaN,NaN,NaN,NaN,NaN
358,4,0,679,695,671,529,731,430,856,379,NaN,NaN,NaN,NaN,NaN,NaN,NaN,NaN,NaN,NaN,NaN,NaN
359,4,0,681,695,673,530,734,431,859,379,NaN,NaN,NaN,NaN,NaN,NaN,NaN,NaN,NaN,NaN,NaN,NaN
360,4,0,683,695,675,531,737,432,862,379,NaN,NaN,NaN,NaN,NaN,NaN,NaN,NaN,NaN,NaN,NaN,NaN
361,4,0,684,695,676,532,739,433,865,380,NaN,NaN,NaN,NaN,NaN,NaN,NaN,NaN,NaN,NaN,NaN,NaN
362,4,0,685,695,677,533,742,434,867,380,NaN,NaN,NaN,NaN,NaN,NaN,NaN,NaN,NaN,NaN,NaN,NaN
363,4,0,686,695,678,534,744,434,869,381,NaN,NaN,NaN,NaN,NaN,NaN,NaN,NaN,NaN,NaN,NaN,NaN
364,4,0,685,695,678,537,745,437,871,383,NaN,NaN,NaN,NaN,NaN,NaN,NaN,NaN,NaN,NaN,NaN,NaN
365,4,0,685,695,677,540,745,440,872,385,NaN,NaN,NaN,NaN,NaN,NaN,NaN,NaN,NaN,NaN,NaN,NaN
366,4,0,684,695,677,544,747,443,873,387,NaN,NaN,NaN,NaN,NaN,NaN,NaN,NaN,NaN,NaN,NaN,NaN
367,4,0,685,695,677,546,749,445,875,389,NaN,NaN,NaN,NaN,NaN,NaN,NaN,NaN,NaN,NaN,NaN,NaN
368,4,0,686,695,679,548,752,446,878,390,NaN,NaN,NaN,NaN,NaN,NaN,NaN,NaN,NaN,NaN,NaN,NaN
369,4,0,688,695,680,551,754,449,880,391,NaN,NaN,NaN,NaN,NaN,NaN,NaN,NaN,NaN,NaN,NaN,NaN
370,4,0,690,695,682,553,757,453,883,393,NaN,NaN,NaN,NaN,NaN,NaN,NaN,NaN,NaN,NaN,NaN,NaN
371,4,0,692,695,684,554,763,454,886,393,NaN,NaN,NaN,NaN,NaN,NaN,NaN,NaN,NaN,NaN,NaN,NaN
372,4,0,695,695,687,554,767,450,890,393,NaN,NaN,NaN,NaN,NaN,NaN,NaN,NaN,NaN,NaN,NaN,NaN
373,4,0,698,695,689,554,772,456,894,393,NaN,NaN,NaN,NaN,NaN,NaN,NaN,NaN,NaN,NaN,NaN,NaN
374,4,0,701,695,692,555,775,460,896,393,NaN,NaN,NaN,NaN,NaN,NaN,NaN,NaN,NaN,NaN,NaN,NaN
375,4,0,704,695,694,555,776,461,899,393,NaN,NaN,NaN,NaN,NaN,NaN,NaN,NaN,NaN,NaN,NaN,NaN
376,4,0,706,695,696,556,777,463,901,394,NaN,NaN,NaN,NaN,NaN,NaN,NaN,NaN,NaN,NaN,NaN,NaN
377,4,0,708,695,697,556,779,465,903,394,NaN,NaN,NaN,NaN,NaN,NaN,NaN,NaN,NaN,NaN,NaN,NaN
378,4,0,711,695,700,556,781,466,906,394,NaN,NaN,NaN,NaN,NaN,NaN,NaN,NaN,NaN,NaN,NaN,NaN
379,4,0,714,695,703,556,785,466,909,393,NaN,NaN,NaN,NaN,NaN,NaN,NaN,NaN,NaN,NaN,NaN,NaN
380,4,0,718,695,706,555,790,467,913,393,NaN,NaN,NaN,NaN,NaN,NaN,NaN,NaN,NaN,NaN,NaN,NaN
381,4,1,719,691,707,553,791,466,913,392,NaN,NaN,NaN,NaN,NaN,NaN,NaN,NaN,NaN,NaN,NaN,NaN
382,4,0,721,694,712,553,794,466,910,393,NaN,NaN,NaN,NaN,NaN,NaN,NaN,NaN,NaN,NaN,NaN,NaN
383,4,0,724,695,718,553,798,468,907,395,NaN,NaN,NaN,NaN,NaN,NaN,NaN,NaN,NaN,NaN,NaN,NaN
384,4,0,725,695,723,554,801,469,903,398,NaN,NaN,NaN,NaN,NaN,NaN,NaN,NaN,NaN,NaN,NaN,NaN
385,4,0,726,695,728,555,804,471,900,401,NaN,NaN,NaN,NaN,NaN,NaN,NaN,NaN,NaN,NaN,NaN,NaN
386,4,0,726,695,731,556,806,472,897,405,NaN,NaN,NaN,NaN,NaN,NaN,NaN,NaN,NaN,NaN,NaN,NaN
387,4,0,727,695,735,557,808,475,893,409,NaN,NaN,NaN,NaN,NaN,NaN,NaN,NaN,NaN,NaN,NaN,NaN
388,4,0,728,695,740,558,811,476,892,412,NaN,NaN,NaN,NaN,NaN,NaN,NaN,NaN,NaN,NaN,NaN,NaN
389,4,0,731,695,745,558,814,477,891,414,NaN,NaN,NaN,NaN,NaN,NaN,NaN,NaN,NaN,NaN,NaN,NaN
390,4,0,736,695,754,558,819,477,894,415,NaN,NaN,NaN,NaN,NaN,NaN,NaN,NaN,NaN,NaN,NaN,NaN
391,4,0,741,695,762,558,826,477,898,416,NaN,NaN,NaN,NaN,NaN,NaN,NaN,NaN,NaN,NaN,NaN,NaN
392,4,0,747,695,770,558,833,479,898,418,NaN,NaN,NaN,NaN,NaN,NaN,NaN,NaN,NaN,NaN,NaN,NaN
393,4,0,751,695,778,558,838,479,916,421,NaN,NaN,NaN,NaN,NaN,NaN,NaN,NaN,NaN,NaN,NaN,NaN
394,4,0,755,695,785,559,843,481,928,423,NaN,NaN,NaN,NaN,NaN,NaN,NaN,NaN,NaN,NaN,NaN,NaN
395,4,1,755,695,789,557,844,480,926,424,NaN,NaN,NaN,NaN,NaN,NaN,NaN,NaN,NaN,NaN,NaN,NaN
396,5,0,758,695,791,560,846,482,928,424,960,356,NaN,NaN,NaN,NaN,NaN,NaN,NaN,NaN,NaN,NaN
397,5,0,762,695,793,561,848,483,931,424,972,353,NaN,NaN,NaN,NaN,NaN,NaN,NaN,NaN,NaN,NaN
398,5,0,765,695,795,564,850,485,936,423,990,358,NaN,NaN,NaN,NaN,NaN,NaN,NaN,NaN,NaN,NaN
399,5,0,768,695,798,566,852,486,941,424,1003,368,NaN,NaN,NaN,NaN,NaN,NaN,NaN,NaN,NaN,NaN
400,5,0,771,695,801,568,855,486,946,423,1019,372,NaN,NaN,NaN,NaN,NaN,NaN,NaN,NaN,NaN,NaN
401,5,0,774,695,803,568,858,486,951,421,1027,351,NaN,NaN,NaN,NaN,NaN,NaN,NaN,NaN,NaN,NaN
402,5,0,775,695,804,569,860,486,954,420,1033,349,NaN,NaN,NaN,NaN,NaN,NaN,NaN,NaN,NaN,NaN
403,5,0,775,695,804,569,860,486,956,418,1048,348,NaN,NaN,NaN,NaN,NaN,NaN,NaN,NaN,NaN,NaN
404,5,0,774,695,803,568,860,485,957,416,1058,340,NaN,NaN,NaN,NaN,NaN,NaN,NaN,NaN,NaN,NaN
405,5,0,773,695,803,568,859,484,957,414,1062,341,NaN,NaN,NaN,NaN,NaN,NaN,NaN,NaN,NaN,NaN
406,5,0,771,695,802,568,858,483,958,412,1068,341,NaN,NaN,NaN,NaN,NaN,NaN,NaN,NaN,NaN,NaN
407,5,0,769,695,800,567,856,482,959,409,1068,341,NaN,NaN,NaN,NaN,NaN,NaN,NaN,NaN,NaN,NaN
408,5,0,766,695,799,566,855,480,959,407,1073,347,NaN,NaN,NaN,NaN,NaN,NaN,NaN,NaN,NaN,NaN
409,5,0,764,695,798,565,854,479,960,404,1074,349,NaN,NaN,NaN,NaN,NaN,NaN,NaN,NaN,NaN,NaN
410,5,0,762,695,797,564,854,478,962,402,1073,349,NaN,NaN,NaN,NaN,NaN,NaN,NaN,NaN,NaN,NaN
411,5,0,760,695,796,564,853,477,963,400,1071,349,NaN,NaN,NaN,NaN,NaN,NaN,NaN,NaN,NaN,NaN
412,5,0,758,695,795,563,852,477,963,398,1069,350,NaN,NaN,NaN,NaN,NaN,NaN,NaN,NaN,NaN,NaN
413,5,0,755,695,793,563,851,476,964,397,1067,351,NaN,NaN,NaN,NaN,NaN,NaN,NaN,NaN,NaN,NaN
414,5,0,754,695,793,564,851,476,966,396,1067,352,NaN,NaN,NaN,NaN,NaN,NaN,NaN,NaN,NaN,NaN
415,5,0,753,695,793,565,852,477,969,396,1067,354,NaN,NaN,NaN,NaN,NaN,NaN,NaN,NaN,NaN,NaN
416,5,0,754,695,795,566,855,477,974,395,1070,355,NaN,NaN,NaN,NaN,NaN,NaN,NaN,NaN,NaN,NaN
417,5,0,755,695,797,565,857,477,978,393,1071,355,NaN,NaN,NaN,NaN,NaN,NaN,NaN,NaN,NaN,NaN
418,5,0,754,695,797,564,857,475,981,390,1070,355,NaN,NaN,NaN,NaN,NaN,NaN,NaN,NaN,NaN,NaN
419,5,0,752,695,797,563,857,474,982,387,1069,355,NaN,NaN,NaN,NaN,NaN,NaN,NaN,NaN,NaN,NaN
420,5,1,752,695,798,561,858,472,985,385,1069,355,NaN,NaN,NaN,NaN,NaN,NaN,NaN,NaN,NaN,NaN
421,5,0,748,695,795,559,855,469,981,384,1067,353,NaN,NaN,NaN,NaN,NaN,NaN,NaN,NaN,NaN,NaN
422,5,0,745,694,792,557,853,466,979,381,1067,350,NaN,NaN,NaN,NaN,NaN,NaN,NaN,NaN,NaN,NaN
423,5,0,743,693,790,556,852,463,976,380,1067,347,NaN,NaN,NaN,NaN,NaN,NaN,NaN,NaN,NaN,NaN
424,5,0,741,693,788,554,851,460,974,377,1070,344,NaN,NaN,NaN,NaN,NaN,NaN,NaN,NaN,NaN,NaN
425,5,0,739,693,787,552,850,457,972,377,1073,343,NaN,NaN,NaN,NaN,NaN,NaN,NaN,NaN,NaN,NaN
426,5,0,738,693,784,552,848,455,970,375,1077,340,NaN,NaN,NaN,NaN,NaN,NaN,NaN,NaN,NaN,NaN
427,5,0,736,694,782,551,846,453,967,374,1083,338,NaN,NaN,NaN,NaN,NaN,NaN,NaN,NaN,NaN,NaN
428,5,0,734,694,781,550,845,451,965,374,1091,336,NaN,NaN,NaN,NaN,NaN,NaN,NaN,NaN,NaN,NaN
429,5,0,733,695,779,548,844,448,963,372,1093,333,NaN,NaN,NaN,NaN,NaN,NaN,NaN,NaN,NaN,NaN
430,5,0,733,695,778,548,844,446,961,372,1097,331,NaN,NaN,NaN,NaN,NaN,NaN,NaN,NaN,NaN,NaN
431,5,0,733,695,778,548,844,445,960,371,1101,330,NaN,NaN,NaN,NaN,NaN,NaN,NaN,NaN,NaN,NaN
432,5,0,732,695,777,547,843,443,959,371,1105,328,NaN,NaN,NaN,NaN,NaN,NaN,NaN,NaN,NaN,NaN
433,5,0,732,695,776,546,843,441,957,369,1110,326,NaN,NaN,NaN,NaN,NaN,NaN,NaN,NaN,NaN,NaN
434,5,0,732,695,776,545,843,438,956,368,1114,323,NaN,NaN,NaN,NaN,NaN,NaN,NaN,NaN,NaN,NaN
435,5,0,730,694,774,543,842,434,954,366,1117,320,NaN,NaN,NaN,NaN,NaN,NaN,NaN,NaN,NaN,NaN
436,5,0,729,692,773,540,842,431,952,363,1120,317,NaN,NaN,NaN,NaN,NaN,NaN,NaN,NaN,NaN,NaN
437,5,0,729,690,772,537,842,427,951,360,1124,313,NaN,NaN,NaN,NaN,NaN,NaN,NaN,NaN,NaN,NaN
438,5,0,729,688,772,534,842,423,950,358,1129,309,NaN,NaN,NaN,NaN,NaN,NaN,NaN,NaN,NaN,NaN
439,5,0,729,687,772,532,842,419,949,355,1134,306,NaN,NaN,NaN,NaN,NaN,NaN,NaN,NaN,NaN,NaN
440,5,0,729,686,772,529,842,415,949,353,1138,303,NaN,NaN,NaN,NaN,NaN,NaN,NaN,NaN,NaN,NaN
441,5,0,728,686,771,527,842,412,947,351,1142,299,NaN,NaN,NaN,NaN,NaN,NaN,NaN,NaN,NaN,NaN
442,5,0,728,685,770,526,841,409,945,350,1146,297,NaN,NaN,NaN,NaN,NaN,NaN,NaN,NaN,NaN,NaN
443,5,0,728,686,769,524,841,407,944,348,1150,294,NaN,NaN,NaN,NaN,NaN,NaN,NaN,NaN,NaN,NaN
444,5,0,727,686,769,523,841,404,943,347,1155,292,NaN,NaN,NaN,NaN,NaN,NaN,NaN,NaN,NaN,NaN
445,5,0,728,686,769,522,841,402,942,346,1159,290,NaN,NaN,NaN,NaN,NaN,NaN,NaN,NaN,NaN,NaN
446,5,0,728,686,769,521,841,399,942,344,1164,287,NaN,NaN,NaN,NaN,NaN,NaN,NaN,NaN,NaN,NaN
447,5,1,728,687,769,520,842,397,942,344,1170,286,NaN,NaN,NaN,NaN,NaN,NaN,NaN,NaN,NaN,NaN
448,5,1,728,687,769,520,842,397,942,344,1170,286,NaN,NaN,NaN,NaN,NaN,NaN,NaN,NaN,NaN,NaN
449,5,0,727,688,768,520,840,397,940,343,1169,285,NaN,NaN,NaN,NaN,NaN,NaN,NaN,NaN,NaN,NaN
450,5,0,728,688,767,520,839,396,939,343,1167,284,NaN,NaN,NaN,NaN,NaN,NaN,NaN,NaN,NaN,NaN
451,5,0,728,690,766,520,838,396,937,342,1166,284,NaN,NaN,NaN,NaN,NaN,NaN,NaN,NaN,NaN,NaN
452,5,0,728,691,766,521,837,396,936,342,1165,284,NaN,NaN,NaN,NaN,NaN,NaN,NaN,NaN,NaN,NaN
453,5,0,728,692,766,521,837,396,937,342,1166,284,NaN,NaN,NaN,NaN,NaN,NaN,NaN,NaN,NaN,NaN
454,5,0,731,695,768,522,838,396,939,342,1167,284,NaN,NaN,NaN,NaN,NaN,NaN,NaN,NaN,NaN,NaN
455,5,0,734,695,769,524,839,397,939,343,1169,284,NaN,NaN,NaN,NaN,NaN,NaN,NaN,NaN,NaN,NaN
456,5,0,735,695,770,525,839,397,939,343,1169,284,NaN,NaN,NaN,NaN,NaN,NaN,NaN,NaN,NaN,NaN
457,5,0,734,695,768,526,837,397,937,343,1167,284,NaN,NaN,NaN,NaN,NaN,NaN,NaN,NaN,NaN,NaN
458,5,0,731,695,765,526,834,398,933,343,1163,284,NaN,NaN,NaN,NaN,NaN,NaN,NaN,NaN,NaN,NaN
459,5,0,728,695,761,526,829,397,929,342,1158,284,NaN,NaN,NaN,NaN,NaN,NaN,NaN,NaN,NaN,NaN
460,5,0,726,695,758,526,825,397,925,342,1154,283,NaN,NaN,NaN,NaN,NaN,NaN,NaN,NaN,NaN,NaN
461,5,0,724,695,756,527,823,396,922,341,1152,282,NaN,NaN,NaN,NaN,NaN,NaN,NaN,NaN,NaN,NaN
462,5,0,724,695,755,528,822,396,921,341,1151,282,NaN,NaN,NaN,NaN,NaN,NaN,NaN,NaN,NaN,NaN
463,5,0,724,695,754,529,821,397,920,341,1151,282,NaN,NaN,NaN,NaN,NaN,NaN,NaN,NaN,NaN,NaN
464,5,0,723,695,754,530,820,397,920,341,1151,281,NaN,NaN,NaN,NaN,NaN,NaN,NaN,NaN,NaN,NaN
465,5,0,723,695,753,531,819,397,919,341,1150,280,NaN,NaN,NaN,NaN,NaN,NaN,NaN,NaN,NaN,NaN
466,5,0,721,695,752,532,818,396,917,340,1150,279,NaN,NaN,NaN,NaN,NaN,NaN,NaN,NaN,NaN,NaN
467,5,0,720,695,750,533,816,396,916,339,1149,278,NaN,NaN,NaN,NaN,NaN,NaN,NaN,NaN,NaN,NaN
468,5,1,720,695,750,533,816,396,916,339,1149,278,NaN,NaN,NaN,NaN,NaN,NaN,NaN,NaN,NaN,NaN
469,5,1,720,695,750,533,816,396,916,339,1149,278,NaN,NaN,NaN,NaN,NaN,NaN,NaN,NaN,NaN,NaN
470,5,0,718,695,747,536,813,397,914,340,1147,278,NaN,NaN,NaN,NaN,NaN,NaN,NaN,NaN,NaN,NaN
471,5,0,717,695,745,539,811,399,911,341,1145,279,NaN,NaN,NaN,NaN,NaN,NaN,NaN,NaN,NaN,NaN
472,5,0,716,695,742,543,808,401,908,342,1143,280,NaN,NaN,NaN,NaN,NaN,NaN,NaN,NaN,NaN,NaN
473,5,0,715,695,741,546,806,403,906,344,1142,281,NaN,NaN,NaN,NaN,NaN,NaN,NaN,NaN,NaN,NaN
474,5,0,715,695,740,550,804,404,905,344,1141,282,NaN,NaN,NaN,NaN,NaN,NaN,NaN,NaN,NaN,NaN
475,5,0,715,695,739,553,803,405,904,346,1141,282,NaN,NaN,NaN,NaN,NaN,NaN,NaN,NaN,NaN,NaN
476,5,0,714,695,738,555,803,407,903,346,1141,282,NaN,NaN,NaN,NaN,NaN,NaN,NaN,NaN,NaN,NaN
477,5,0,714,695,737,557,802,406,902,346,1140,281,NaN,NaN,NaN,NaN,NaN,NaN,NaN,NaN,NaN,NaN
478,5,0,713,695,735,557,800,406,901,344,1139,280,NaN,NaN,NaN,NaN,NaN,NaN,NaN,NaN,NaN,NaN
479,5,0,711,695,733,558,797,405,899,343,1138,278,NaN,NaN,NaN,NaN,NaN,NaN,NaN,NaN,NaN,NaN
480,5,0,709,695,730,558,794,403,895,342,1135,276,NaN,NaN,NaN,NaN,NaN,NaN,NaN,NaN,NaN,NaN
481,5,0,706,695,728,558,791,403,892,340,1132,275,NaN,NaN,NaN,NaN,NaN,NaN,NaN,NaN,NaN,NaN
482,5,0,704,695,725,559,789,403,890,340,1130,274,NaN,NaN,NaN,NaN,NaN,NaN,NaN,NaN,NaN,NaN
483,5,0,703,695,723,560,787,403,888,340,1128,273,NaN,NaN,NaN,NaN,NaN,NaN,NaN,NaN,NaN,NaN
484,5,0,702,695,721,562,785,403,886,339,1127,272,NaN,NaN,NaN,NaN,NaN,NaN,NaN,NaN,NaN,NaN
485,5,0,702,695,720,563,784,403,885,339,1126,272,NaN,NaN,NaN,NaN,NaN,NaN,NaN,NaN,NaN,NaN
486,5,0,702,695,720,564,783,403,885,339,1126,271,NaN,NaN,NaN,NaN,NaN,NaN,NaN,NaN,NaN,NaN
487,5,1,702,695,719,566,782,403,884,339,1125,270,NaN,NaN,NaN,NaN,NaN,NaN,NaN,NaN,NaN,NaN
488,5,0,702,695,719,568,781,404,883,339,1125,270,NaN,NaN,NaN,NaN,NaN,NaN,NaN,NaN,NaN,NaN
489,5,0,702,695,718,569,780,404,882,339,1125,270,NaN,NaN,NaN,NaN,NaN,NaN,NaN,NaN,NaN,NaN
490,7,0,702,695,717,575,777,406,879,340,1123,270,1175,216,1155,186,NaN,NaN,NaN,NaN,NaN,NaN
491,7,0,703,695,717,579,777,408,878,341,1123,271,1174,217,1154,187,NaN,NaN,NaN,NaN,NaN,NaN
492,7,0,705,695,717,583,777,411,878,343,1123,272,1174,218,1153,188,NaN,NaN,NaN,NaN,NaN,NaN
493,7,0,707,695,718,587,777,414,878,346,1124,275,1174,220,1152,189,NaN,NaN,NaN,NaN,NaN,NaN
494,7,0,709,695,719,592,777,417,878,349,1124,277,1174,223,1151,191,NaN,NaN,NaN,NaN,NaN,NaN
495,7,0,711,695,721,597,777,420,878,351,1125,279,1175,224,1151,193,NaN,NaN,NaN,NaN,NaN,NaN
496,7,0,713,695,722,602,777,422,878,353,1126,281,1175,226,1150,194,NaN,NaN,NaN,NaN,NaN,NaN
497,7,0,715,695,722,605,777,424,879,354,1127,281,1176,226,1150,194,NaN,NaN,NaN,NaN,NaN,NaN
498,7,0,716,695,723,609,777,425,879,355,1127,282,1176,227,1149,194,NaN,NaN,NaN,NaN,NaN,NaN
499,7,0,716,695,723,611,777,426,879,356,1127,282,1176,226,1149,194,NaN,NaN,NaN,NaN,NaN,NaN
500,7,0,716,695,722,614,776,427,877,356,1127,282,1175,226,1147,194,NaN,NaN,NaN,NaN,NaN,NaN
501,7,1,714,695,720,616,774,428,875,356,1125,282,1174,226,1145,193,NaN,NaN,NaN,NaN,NaN,NaN
502,7,0,712,695,718,618,771,428,873,356,1123,282,1171,225,1142,193,NaN,NaN,NaN,NaN,NaN,NaN
503,7,0,709,695,715,621,769,429,871,356,1121,281,1169,225,1140,192,NaN,NaN,NaN,NaN,NaN,NaN
504,7,0,706,695,712,623,766,430,868,356,1119,281,1167,225,1137,191,NaN,NaN,NaN,NaN,NaN,NaN
505,7,0,703,695,710,626,764,430,866,356,1117,281,1165,224,1135,191,NaN,NaN,NaN,NaN,NaN,NaN
506,7,0,701,695,707,628,762,431,864,356,1116,281,1164,223,1133,190,NaN,NaN,NaN,NaN,NaN,NaN
507,7,0,699,695,705,631,760,431,863,356,1116,280,1163,223,1132,189,NaN,NaN,NaN,NaN,NaN,NaN
508,7,0,695,695,709,537,802,420,896,357,1080,271,1160,210,1126,174,NaN,NaN,NaN,NaN,NaN,NaN
509,7,0,694,695,708,539,801,420,899,356,1081,271,1160,210,1126,174,NaN,NaN,NaN,NaN,NaN,NaN
510,7,0,693,695,706,541,801,421,902,356,1083,272,1161,209,1126,173,NaN,NaN,NaN,NaN,NaN,NaN
511,7,0,692,695,704,543,801,422,905,356,1085,273,1162,208,1126,172,NaN,NaN,NaN,NaN,NaN,NaN
512,7,0,690,695,702,546,800,423,908,356,1087,274,1163,208,1126,172,NaN,NaN,NaN,NaN,NaN,NaN
513,7,0,689,695,700,549,800,425,911,356,1089,275,1164,208,1127,171,NaN,NaN,NaN,NaN,NaN,NaN
514,7,0,687,695,698,553,800,428,914,357,1091,277,1165,208,1127,172,NaN,NaN,NaN,NaN,NaN,NaN
515,7,0,685,695,696,559,800,431,917,359,1093,280,1166,210,1128,173,NaN,NaN,NaN,NaN,NaN,NaN
516,7,0,683,695,693,564,799,434,921,361,1096,282,1167,211,1129,173,NaN,NaN,NaN,NaN,NaN,NaN
517,7,0,680,695,689,570,797,437,923,363,1097,285,1168,212,1129,174,NaN,NaN,NaN,NaN,NaN,NaN
518,7,0,675,695,684,577,795,441,924,366,1097,289,1167,214,1128,175,NaN,NaN,NaN,NaN,NaN,NaN
519,7,0,671,695,678,583,792,446,924,368,1096,293,1165,217,1126,177,NaN,NaN,NaN,NaN,NaN,NaN
520,7,0,666,695,674,590,789,450,926,371,1097,297,1164,219,1125,178,NaN,NaN,NaN,NaN,NaN,NaN
521,7,0,663,695,670,596,788,454,929,373,1099,301,1165,221,1126,178,NaN,NaN,NaN,NaN,NaN,NaN
522,7,0,663,695,669,601,790,457,934,374,1105,303,1170,221,1130,178,NaN,NaN,NaN,NaN,NaN,NaN
523,7,0,664,695,670,605,793,458,943,375,1113,304,1177,220,1137,176,NaN,NaN,NaN,NaN,NaN,NaN
524,7,0,666,695,671,608,798,459,952,375,1121,305,1185,219,1145,174,NaN,NaN,NaN,NaN,NaN,NaN
525,7,0,668,695,673,611,802,461,961,375,1129,306,1191,218,1152,171,NaN,NaN,NaN,NaN,NaN,NaN
526,7,0,669,695,674,614,805,463,968,375,1135,308,1197,218,1157,170,NaN,NaN,NaN,NaN,NaN,NaN
527,7,0,670,695,674,618,806,464,974,376,1140,310,1201,218,1160,169,NaN,NaN,NaN,NaN,NaN,NaN
528,7,0,670,695,674,622,808,467,980,377,1145,313,1204,219,1163,169,NaN,NaN,NaN,NaN,NaN,NaN
529,7,0,671,695,674,626,810,470,986,378,1150,316,1208,220,1166,169,NaN,NaN,NaN,NaN,NaN,NaN
530,7,0,671,695,674,631,812,472,992,379,1155,319,1211,221,1169,169,NaN,NaN,NaN,NaN,NaN,NaN
531,7,0,672,695,674,635,814,474,998,381,1161,321,1215,221,1172,169,NaN,NaN,NaN,NaN,NaN,NaN
532,7,0,673,695,675,639,816,477,1005,382,1166,324,1219,222,1175,169,NaN,NaN,NaN,NaN,NaN,NaN
533,7,0,673,695,675,643,818,479,1011,383,1171,327,1223,222,1177,169,NaN,NaN,NaN,NaN,NaN,NaN
534,7,0,674,695,676,647,821,481,1018,384,1177,329,1227,223,1180,169,NaN,NaN,NaN,NaN,NaN,NaN
535,7,0,675,695,676,651,824,483,1025,385,1183,332,1231,224,1183,169,NaN,NaN,NaN,NaN,NaN,NaN
536,7,0,676,695,677,655,826,486,1033,386,1190,335,1236,224,1187,170,NaN,NaN,NaN,NaN,NaN,NaN
537,7,0,678,695,679,660,830,489,1042,388,1198,338,1242,225,1192,170,NaN,NaN,NaN,NaN,NaN,NaN
538,7,0,681,695,682,666,834,494,1052,391,1206,343,1249,228,1197,172,NaN,NaN,NaN,NaN,NaN,NaN
539,6,1,681,695,835,494,1056,391,1208,344,1249,228,1197,172,NaN,NaN,NaN,NaN,NaN,NaN,NaN,NaN
540,6,0,694,695,839,500,1060,396,1215,349,1251,231,1202,175,NaN,NaN,NaN,NaN,NaN,NaN,NaN,NaN
541,6,0,704,695,841,506,1066,402,1222,354,1253,234,1206,177,NaN,NaN,NaN,NaN,NaN,NaN,NaN,NaN
542,6,0,709,695,845,511,1070,405,1228,358,1253,236,1209,179,NaN,NaN,NaN,NaN,NaN,NaN,NaN,NaN
543,6,0,714,695,848,514,1076,408,1235,361,1256,237,1215,179,NaN,NaN,NaN,NaN,NaN,NaN,NaN,NaN
544,6,1,715,695,849,514,1077,408,1237,361,1253,236,1216,179,NaN,NaN,NaN,NaN,NaN,NaN,NaN,NaN
545,4,0,720,694,854,513,1085,404,1248,357,NaN,NaN,NaN,NaN,NaN,NaN,NaN,NaN,NaN,NaN,NaN,NaN
546,4,0,722,691,858,509,1091,400,1258,353,NaN,NaN,NaN,NaN,NaN,NaN,NaN,NaN,NaN,NaN,NaN,NaN
547,4,1,723,690,859,508,1093,399,1260,352,NaN,NaN,NaN,NaN,NaN,NaN,NaN,NaN,NaN,NaN,NaN,NaN
548,3,0,728,691,862,507,1100,398,NaN,NaN,NaN,NaN,NaN,NaN,NaN,NaN,NaN,NaN,NaN,NaN,NaN,NaN
549,3,0,735,693,865,509,1106,399,NaN,NaN,NaN,NaN,NaN,NaN,NaN,NaN,NaN,NaN,NaN,NaN,NaN,NaN
550,3,0,741,695,869,510,1112,399,NaN,NaN,NaN,NaN,NaN,NaN,NaN,NaN,NaN,NaN,NaN,NaN,NaN,NaN
551,3,0,750,695,874,511,1119,400,NaN,NaN,NaN,NaN,NaN,NaN,NaN,NaN,NaN,NaN,NaN,NaN,NaN,NaN
552,3,0,760,695,880,513,1129,402,NaN,NaN,NaN,NaN,NaN,NaN,NaN,NaN,NaN,NaN,NaN,NaN,NaN,NaN
553,3,0,771,695,886,515,1137,403,NaN,NaN,NaN,NaN,NaN,NaN,NaN,NaN,NaN,NaN,NaN,NaN,NaN,NaN
554,3,0,781,695,893,517,1148,404,NaN,NaN,NaN,NaN,NaN,NaN,NaN,NaN,NaN,NaN,NaN,NaN,NaN,NaN
555,3,0,790,695,898,520,1156,406,NaN,NaN,NaN,NaN,NaN,NaN,NaN,NaN,NaN,NaN,NaN,NaN,NaN,NaN
556,3,0,798,695,903,523,1164,408,NaN,NaN,NaN,NaN,NaN,NaN,NaN,NaN,NaN,NaN,NaN,NaN,NaN,NaN
557,3,0,805,695,907,525,1171,410,NaN,NaN,NaN,NaN,NaN,NaN,NaN,NaN,NaN,NaN,NaN,NaN,NaN,NaN
558,3,0,811,695,910,528,1178,412,NaN,NaN,NaN,NaN,NaN,NaN,NaN,NaN,NaN,NaN,NaN,NaN,NaN,NaN
559,3,0,817,695,913,531,1184,415,NaN,NaN,NaN,NaN,NaN,NaN,NaN,NaN,NaN,NaN,NaN,NaN,NaN,NaN
560,3,0,823,695,917,535,1193,418,NaN,NaN,NaN,NaN,NaN,NaN,NaN,NaN,NaN,NaN,NaN,NaN,NaN,NaN
561,3,0,829,695,921,540,1202,421,NaN,NaN,NaN,NaN,NaN,NaN,NaN,NaN,NaN,NaN,NaN,NaN,NaN,NaN
562,3,0,835,695,925,545,1211,425,NaN,NaN,NaN,NaN,NaN,NaN,NaN,NaN,NaN,NaN,NaN,NaN,NaN,NaN
563,3,0,840,695,930,551,1221,429,NaN,NaN,NaN,NaN,NaN,NaN,NaN,NaN,NaN,NaN,NaN,NaN,NaN,NaN
564,3,0,845,695,936,558,1231,435,NaN,NaN,NaN,NaN,NaN,NaN,NaN,NaN,NaN,NaN,NaN,NaN,NaN,NaN
565,3,1,846,695,936,558,1232,435,NaN,NaN,NaN,NaN,NaN,NaN,NaN,NaN,NaN,NaN,NaN,NaN,NaN,NaN
566,3,0,861,695,952,562,1244,448,NaN,NaN,NaN,NaN,NaN,NaN,NaN,NaN,NaN,NaN,NaN,NaN,NaN,NaN
567,3,0,874,695,968,565,1250,458,NaN,NaN,NaN,NaN,NaN,NaN,NaN,NaN,NaN,NaN,NaN,NaN,NaN,NaN
568,3,0,884,695,983,569,1253,467,NaN,NaN,NaN,NaN,NaN,NaN,NaN,NaN,NaN,NaN,NaN,NaN,NaN,NaN
569,3,0,890,695,996,572,1252,479,NaN,NaN,NaN,NaN,NaN,NaN,NaN,NaN,NaN,NaN,NaN,NaN,NaN,NaN
570,3,0,895,695,1009,575,1251,490,NaN,NaN,NaN,NaN,NaN,NaN,NaN,NaN,NaN,NaN,NaN,NaN,NaN,NaN
571,3,0,900,695,1023,577,1251,499,NaN,NaN,NaN,NaN,NaN,NaN,NaN,NaN,NaN,NaN,NaN,NaN,NaN,NaN
572,3,0,905,695,1039,580,1252,507,NaN,NaN,NaN,NaN,NaN,NaN,NaN,NaN,NaN,NaN,NaN,NaN,NaN,NaN
573,3,0,909,695,1056,581,1256,513,NaN,NaN,NaN,NaN,NaN,NaN,NaN,NaN,NaN,NaN,NaN,NaN,NaN,NaN
574,3,0,912,695,1074,582,1260,520,NaN,NaN,NaN,NaN,NaN,NaN,NaN,NaN,NaN,NaN,NaN,NaN,NaN,NaN
575,3,1,913,695,1088,577,1260,521,NaN,NaN,NaN,NaN,NaN,NaN,NaN,NaN,NaN,NaN,NaN,NaN,NaN,NaN
576,3,0,927,695,1092,583,1260,528,NaN,NaN,NaN,NaN,NaN,NaN,NaN,NaN,NaN,NaN,NaN,NaN,NaN,NaN
577,3,0,939,695,1095,588,1260,534,NaN,NaN,NaN,NaN,NaN,NaN,NaN,NaN,NaN,NaN,NaN,NaN,NaN,NaN
578,3,0,949,695,1099,591,1260,538,NaN,NaN,NaN,NaN,NaN,NaN,NaN,NaN,NaN,NaN,NaN,NaN,NaN,NaN
579,3,0,958,695,1102,594,1260,542,NaN,NaN,NaN,NaN,NaN,NaN,NaN,NaN,NaN,NaN,NaN,NaN,NaN,NaN
580,3,0,966,695,1106,596,1260,546,NaN,NaN,NaN,NaN,NaN,NaN,NaN,NaN,NaN,NaN,NaN,NaN,NaN,NaN
581,3,0,975,695,1111,599,1260,549,NaN,NaN,NaN,NaN,NaN,NaN,NaN,NaN,NaN,NaN,NaN,NaN,NaN,NaN
582,3,0,985,695,1117,601,1260,553,NaN,NaN,NaN,NaN,NaN,NaN,NaN,NaN,NaN,NaN,NaN,NaN,NaN,NaN
583,3,0,997,695,1123,603,1260,558,NaN,NaN,NaN,NaN,NaN,NaN,NaN,NaN,NaN,NaN,NaN,NaN,NaN,NaN
584,3,0,1008,695,1129,606,1260,563,NaN,NaN,NaN,NaN,NaN,NaN,NaN,NaN,NaN,NaN,NaN,NaN,NaN,NaN
585,3,0,1018,695,1134,609,1260,567,NaN,NaN,NaN,NaN,NaN,NaN,NaN,NaN,NaN,NaN,NaN,NaN,NaN,NaN
586,3,0,1027,695,1137,613,1260,571,NaN,NaN,NaN,NaN,NaN,NaN,NaN,NaN,NaN,NaN,NaN,NaN,NaN,NaN
587,3,0,1036,695,1139,617,1260,576,NaN,NaN,NaN,NaN,NaN,NaN,NaN,NaN,NaN,NaN,NaN,NaN,NaN,NaN
588,3,0,1047,695,1141,622,1260,581,NaN,NaN,NaN,NaN,NaN,NaN,NaN,NaN,NaN,NaN,NaN,NaN,NaN,NaN
589,3,0,1057,695,1144,628,1260,587,NaN,NaN,NaN,NaN,NaN,NaN,NaN,NaN,NaN,NaN,NaN,NaN,NaN,NaN
590,3,0,1064,695,1149,633,1260,595,NaN,NaN,NaN,NaN,NaN,NaN,NaN,NaN,NaN,NaN,NaN,NaN,NaN,NaN
591,3,0,1073,695,1155,640,1260,604,NaN,NaN,NaN,NaN,NaN,NaN,NaN,NaN,NaN,NaN,NaN,NaN,NaN,NaN
592,3,0,1090,695,1162,646,1260,613,NaN,NaN,NaN,NaN,NaN,NaN,NaN,NaN,NaN,NaN,NaN,NaN,NaN,NaN
593,3,0,1108,695,1171,653,1260,623,NaN,NaN,NaN,NaN,NaN,NaN,NaN,NaN,NaN,NaN,NaN,NaN,NaN,NaN
594,3,0,1127,695,1178,660,1260,632,NaN,NaN,NaN,NaN,NaN,NaN,NaN,NaN,NaN,NaN,NaN,NaN,NaN,NaN
595,3,0,1145,695,1185,667,1260,641,NaN,NaN,NaN,NaN,NaN,NaN,NaN,NaN,NaN,NaN,NaN,NaN,NaN,NaN
596,3,0,1164,695,1192,675,1260,651,NaN,NaN,NaN,NaN,NaN,NaN,NaN,NaN,NaN,NaN,NaN,NaN,NaN,NaN
597,3,0,1181,695,1198,683,1260,661,NaN,NaN,NaN,NaN,NaN,NaN,NaN,NaN,NaN,NaN,NaN,NaN,NaN,NaN
598,3,0,1199,695,1203,692,1260,671,NaN,NaN,NaN,NaN,NaN,NaN,NaN,NaN,NaN,NaN,NaN,NaN,NaN,NaN
599,0,0,NaN,NaN,NaN,NaN,NaN,NaN,NaN,NaN,NaN,NaN,NaN,NaN,NaN,NaN,NaN,NaN,NaN,NaN,NaN,NaN
600,0,0,NaN,NaN,NaN,NaN,NaN,NaN,NaN,NaN,NaN,NaN,NaN,NaN,NaN,NaN,NaN,NaN,NaN,NaN,NaN,NaN
601,0,0,NaN,NaN,NaN,NaN,NaN,NaN,NaN,NaN,NaN,NaN,NaN,NaN,NaN,NaN,NaN,NaN,NaN,NaN,NaN,NaN
602,0,0,NaN,NaN,NaN,NaN,NaN,NaN,NaN,NaN,NaN,NaN,NaN,NaN,NaN,NaN,NaN,NaN,NaN,NaN,NaN,NaN
603,0,0,NaN,NaN,NaN,NaN,NaN,NaN,NaN,NaN,NaN,NaN,NaN,NaN,NaN,NaN,NaN,NaN,NaN,NaN,NaN,NaN
604,0,0,NaN,NaN,NaN,NaN,NaN,NaN,NaN,NaN,NaN,NaN,NaN,NaN,NaN,NaN,NaN,NaN,NaN,NaN,NaN,NaN
605,0,0,NaN,NaN,NaN,NaN,NaN,NaN,NaN,NaN,NaN,NaN,NaN,NaN,NaN,NaN,NaN,NaN,NaN,NaN,NaN,NaN
606,0,0,NaN,NaN,NaN,NaN,NaN,NaN,NaN,NaN,NaN,NaN,NaN,NaN,NaN,NaN,NaN,NaN,NaN,NaN,NaN,NaN
607,0,0,NaN,NaN,NaN,NaN,NaN,NaN,NaN,NaN,NaN,NaN,NaN,NaN,NaN,NaN,NaN,NaN,NaN,NaN,NaN,NaN
608,0,0,NaN,NaN,NaN,NaN,NaN,NaN,NaN,NaN,NaN,NaN,NaN,NaN,NaN,NaN,NaN,NaN,NaN,NaN,NaN,NaN
609,0,0,NaN,NaN,NaN,NaN,NaN,NaN,NaN,NaN,NaN,NaN,NaN,NaN,NaN,NaN,NaN,NaN,NaN,NaN,NaN,NaN
610,0,0,NaN,NaN,NaN,NaN,NaN,NaN,NaN,NaN,NaN,NaN,NaN,NaN,NaN,NaN,NaN,NaN,NaN,NaN,NaN,NaN
611,0,0,NaN,NaN,NaN,NaN,NaN,NaN,NaN,NaN,NaN,NaN,NaN,NaN,NaN,NaN,NaN,NaN,NaN,NaN,NaN,NaN
612,0,0,NaN,NaN,NaN,NaN,NaN,NaN,NaN,NaN,NaN,NaN,NaN,NaN,NaN,NaN,NaN,NaN,NaN,NaN,NaN,NaN
613,0,0,NaN,NaN,NaN,NaN,NaN,NaN,NaN,NaN,NaN,NaN,NaN,NaN,NaN,NaN,NaN,NaN,NaN,NaN,NaN,NaN
614,0,0,NaN,NaN,NaN,NaN,NaN,NaN,NaN,NaN,NaN,NaN,NaN,NaN,NaN,NaN,NaN,NaN,NaN,NaN,NaN,NaN
615,0,0,NaN,NaN,NaN,NaN,NaN,NaN,NaN,NaN,NaN,NaN,NaN,NaN,NaN,NaN,NaN,NaN,NaN,NaN,NaN,NaN
616,0,0,NaN,NaN,NaN,NaN,NaN,NaN,NaN,NaN,NaN,NaN,NaN,NaN,NaN,NaN,NaN,NaN,NaN,NaN,NaN,NaN
617,0,0,NaN,NaN,NaN,NaN,NaN,NaN,NaN,NaN,NaN,NaN,NaN,NaN,NaN,NaN,NaN,NaN,NaN,NaN,NaN,NaN
618,0,0,NaN,NaN,NaN,NaN,NaN,NaN,NaN,NaN,NaN,NaN,NaN,NaN,NaN,NaN,NaN,NaN,NaN,NaN,NaN,NaN
619,0,0,NaN,NaN,NaN,NaN,NaN,NaN,NaN,NaN,NaN,NaN,NaN,NaN,NaN,NaN,NaN,NaN,NaN,NaN,NaN,NaN
620,0,0,NaN,NaN,NaN,NaN,NaN,NaN,NaN,NaN,NaN,NaN,NaN,NaN,NaN,NaN,NaN,NaN,NaN,NaN,NaN,NaN
621,0,0,NaN,NaN,NaN,NaN,NaN,NaN,NaN,NaN,NaN,NaN,NaN,NaN,NaN,NaN,NaN,NaN,NaN,NaN,NaN,NaN
622,0,0,NaN,NaN,NaN,NaN,NaN,NaN,NaN,NaN,NaN,NaN,NaN,NaN,NaN,NaN,NaN,NaN,NaN,NaN,NaN,NaN
623,4,0,1051,617,1196,495,1283,439,1260,563,NaN,NaN,NaN,NaN,NaN,NaN,NaN,NaN,NaN,NaN,NaN,NaN
624,4,0,1044,620,1187,497,1273,440,1260,516,NaN,NaN,NaN,NaN,NaN,NaN,NaN,NaN,NaN,NaN,NaN,NaN
625,4,0,1037,624,1179,498,1264,442,1260,467,NaN,NaN,NaN,NaN,NaN,NaN,NaN,NaN,NaN,NaN,NaN,NaN
626,4,0,1031,627,1171,500,1255,443,1260,405,NaN,NaN,NaN,NaN,NaN,NaN,NaN,NaN,NaN,NaN,NaN,NaN
627,4,0,1023,631,1163,502,1245,445,1260,328,NaN,NaN,NaN,NaN,NaN,NaN,NaN,NaN,NaN,NaN,NaN,NaN
628,4,0,1015,635,1153,505,1234,447,1253,290,NaN,NaN,NaN,NaN,NaN,NaN,NaN,NaN,NaN,NaN,NaN,NaN
629,4,1,1015,635,1153,505,1234,447,1253,290,NaN,NaN,NaN,NaN,NaN,NaN,NaN,NaN,NaN,NaN,NaN,NaN
630,4,0,1006,639,1142,508,1222,449,1239,292,NaN,NaN,NaN,NaN,NaN,NaN,NaN,NaN,NaN,NaN,NaN,NaN
631,4,0,996,644,1131,511,1210,452,1225,294,NaN,NaN,NaN,NaN,NaN,NaN,NaN,NaN,NaN,NaN,NaN,NaN
632,4,0,988,649,1121,514,1199,454,1211,296,NaN,NaN,NaN,NaN,NaN,NaN,NaN,NaN,NaN,NaN,NaN,NaN
633,4,0,980,654,1112,517,1188,457,1198,298,NaN,NaN,NaN,NaN,NaN,NaN,NaN,NaN,NaN,NaN,NaN,NaN
634,4,0,973,660,1104,520,1179,460,1187,300,NaN,NaN,NaN,NaN,NaN,NaN,NaN,NaN,NaN,NaN,NaN,NaN
635,4,0,981,665,1132,514,1194,435,1184,290,NaN,NaN,NaN,NaN,NaN,NaN,NaN,NaN,NaN,NaN,NaN,NaN
636,4,0,977,671,1131,516,1190,433,1175,290,NaN,NaN,NaN,NaN,NaN,NaN,NaN,NaN,NaN,NaN,NaN,NaN
637,4,0,975,678,1130,518,1186,431,1166,290,NaN,NaN,NaN,NaN,NaN,NaN,NaN,NaN,NaN,NaN,NaN,NaN
638,4,0,971,684,1129,520,1181,429,1157,291,NaN,NaN,NaN,NaN,NaN,NaN,NaN,NaN,NaN,NaN,NaN,NaN
639,4,0,967,691,1127,523,1176,428,1147,291,NaN,NaN,NaN,NaN,NaN,NaN,NaN,NaN,NaN,NaN,NaN,NaN
640,4,0,964,695,1125,525,1171,426,1137,291,NaN,NaN,NaN,NaN,NaN,NaN,NaN,NaN,NaN,NaN,NaN,NaN
641,4,0,963,695,1122,527,1164,425,1126,292,NaN,NaN,NaN,NaN,NaN,NaN,NaN,NaN,NaN,NaN,NaN,NaN
642,4,0,960,695,1119,529,1158,423,1115,292,NaN,NaN,NaN,NaN,NaN,NaN,NaN,NaN,NaN,NaN,NaN,NaN
643,4,0,956,695,1116,531,1151,421,1105,292,NaN,NaN,NaN,NaN,NaN,NaN,NaN,NaN,NaN,NaN,NaN,NaN
644,4,0,951,695,1113,532,1144,419,1094,292,NaN,NaN,NaN,NaN,NaN,NaN,NaN,NaN,NaN,NaN,NaN,NaN
645,4,0,946,695,1110,534,1137,416,1084,292,NaN,NaN,NaN,NaN,NaN,NaN,NaN,NaN,NaN,NaN,NaN,NaN
646,4,0,940,695,1107,535,1129,414,1074,291,NaN,NaN,NaN,NaN,NaN,NaN,NaN,NaN,NaN,NaN,NaN,NaN
647,4,0,934,695,1104,537,1122,411,1063,291,NaN,NaN,NaN,NaN,NaN,NaN,NaN,NaN,NaN,NaN,NaN,NaN
648,4,0,928,695,1100,538,1116,408,1053,291,NaN,NaN,NaN,NaN,NaN,NaN,NaN,NaN,NaN,NaN,NaN,NaN
649,4,0,922,695,1097,540,1109,406,1042,291,NaN,NaN,NaN,NaN,NaN,NaN,NaN,NaN,NaN,NaN,NaN,NaN
650,4,0,915,695,1094,541,1101,403,1032,290,NaN,NaN,NaN,NaN,NaN,NaN,NaN,NaN,NaN,NaN,NaN,NaN
651,4,0,907,695,1091,543,1094,400,1022,290,NaN,NaN,NaN,NaN,NaN,NaN,NaN,NaN,NaN,NaN,NaN,NaN
652,4,0,899,695,1087,544,1086,398,1011,289,NaN,NaN,NaN,NaN,NaN,NaN,NaN,NaN,NaN,NaN,NaN,NaN
653,4,0,891,695,1084,546,1078,395,1001,289,NaN,NaN,NaN,NaN,NaN,NaN,NaN,NaN,NaN,NaN,NaN,NaN
654,4,0,883,695,1081,547,1071,392,992,288,NaN,NaN,NaN,NaN,NaN,NaN,NaN,NaN,NaN,NaN,NaN,NaN
655,4,1,883,695,1087,545,1074,386,992,286,NaN,NaN,NaN,NaN,NaN,NaN,NaN,NaN,NaN,NaN,NaN,NaN
656,4,0,893,695,1080,544,1063,386,981,287,NaN,NaN,NaN,NaN,NaN,NaN,NaN,NaN,NaN,NaN,NaN,NaN
657,4,0,902,695,1072,543,1052,385,968,288,NaN,NaN,NaN,NaN,NaN,NaN,NaN,NaN,NaN,NaN,NaN,NaN
658,4,0,911,695,1065,543,1042,385,957,290,NaN,NaN,NaN,NaN,NaN,NaN,NaN,NaN,NaN,NaN,NaN,NaN
659,4,0,918,695,1057,543,1031,384,947,290,NaN,NaN,NaN,NaN,NaN,NaN,NaN,NaN,NaN,NaN,NaN,NaN
660,4,0,926,695,1051,544,1022,384,937,292,NaN,NaN,NaN,NaN,NaN,NaN,NaN,NaN,NaN,NaN,NaN,NaN
661,4,0,934,695,1044,544,1013,386,926,293,NaN,NaN,NaN,NaN,NaN,NaN,NaN,NaN,NaN,NaN,NaN,NaN
662,4,0,938,695,1037,544,1002,386,916,295,NaN,NaN,NaN,NaN,NaN,NaN,NaN,NaN,NaN,NaN,NaN,NaN
663,4,0,941,695,1029,543,992,385,904,296,NaN,NaN,NaN,NaN,NaN,NaN,NaN,NaN,NaN,NaN,NaN,NaN
664,4,0,943,695,1021,543,980,385,892,297,NaN,NaN,NaN,NaN,NaN,NaN,NaN,NaN,NaN,NaN,NaN,NaN
665,4,0,943,695,1012,541,969,384,881,297,NaN,NaN,NaN,NaN,NaN,NaN,NaN,NaN,NaN,NaN,NaN,NaN
666,4,0,941,695,1003,539,958,382,870,296,NaN,NaN,NaN,NaN,NaN,NaN,NaN,NaN,NaN,NaN,NaN,NaN
667,4,0,939,695,993,536,946,379,858,296,NaN,NaN,NaN,NaN,NaN,NaN,NaN,NaN,NaN,NaN,NaN,NaN
668,4,0,935,695,984,533,934,376,846,295,NaN,NaN,NaN,NaN,NaN,NaN,NaN,NaN,NaN,NaN,NaN,NaN
669,4,0,932,695,974,530,922,375,835,296,NaN,NaN,NaN,NaN,NaN,NaN,NaN,NaN,NaN,NaN,NaN,NaN
670,4,0,929,695,965,528,911,374,824,296,NaN,NaN,NaN,NaN,NaN,NaN,NaN,NaN,NaN,NaN,NaN,NaN
671,4,0,925,695,955,526,900,373,813,298,NaN,NaN,NaN,NaN,NaN,NaN,NaN,NaN,NaN,NaN,NaN,NaN
672,4,0,922,695,947,525,888,372,802,299,NaN,NaN,NaN,NaN,NaN,NaN,NaN,NaN,NaN,NaN,NaN,NaN
673,4,0,919,695,938,523,878,371,792,300,NaN,NaN,NaN,NaN,NaN,NaN,NaN,NaN,NaN,NaN,NaN,NaN
674,4,0,915,695,929,521,867,370,781,301,NaN,NaN,NaN,NaN,NaN,NaN,NaN,NaN,NaN,NaN,NaN,NaN
675,4,0,910,695,921,518,857,368,772,300,NaN,NaN,NaN,NaN,NaN,NaN,NaN,NaN,NaN,NaN,NaN,NaN
676,4,0,906,695,913,514,847,365,762,299,NaN,NaN,NaN,NaN,NaN,NaN,NaN,NaN,NaN,NaN,NaN,NaN
677,4,0,903,695,906,511,838,362,753,298,NaN,NaN,NaN,NaN,NaN,NaN,NaN,NaN,NaN,NaN,NaN,NaN
678,4,0,901,695,900,508,830,360,745,298,NaN,NaN,NaN,NaN,NaN,NaN,NaN,NaN,NaN,NaN,NaN,NaN
679,4,0,899,695,894,505,822,357,737,298,NaN,NaN,NaN,NaN,NaN,NaN,NaN,NaN,NaN,NaN,NaN,NaN
680,4,0,897,695,889,502,814,355,729,298,NaN,NaN,NaN,NaN,NaN,NaN,NaN,NaN,NaN,NaN,NaN,NaN
681,4,0,895,695,884,499,806,353,721,298,NaN,NaN,NaN,NaN,NaN,NaN,NaN,NaN,NaN,NaN,NaN,NaN
682,4,0,894,695,880,496,799,351,714,298,NaN,NaN,NaN,NaN,NaN,NaN,NaN,NaN,NaN,NaN,NaN,NaN
683,4,0,893,695,875,493,792,349,707,298,NaN,NaN,NaN,NaN,NaN,NaN,NaN,NaN,NaN,NaN,NaN,NaN
684,4,0,891,695,871,490,785,346,700,297,NaN,NaN,NaN,NaN,NaN,NaN,NaN,NaN,NaN,NaN,NaN,NaN
685,4,0,890,695,867,487,778,343,693,297,NaN,NaN,NaN,NaN,NaN,NaN,NaN,NaN,NaN,NaN,NaN,NaN
686,4,0,889,695,863,483,770,341,685,296,NaN,NaN,NaN,NaN,NaN,NaN,NaN,NaN,NaN,NaN,NaN,NaN
687,4,0,887,695,858,480,763,337,678,296,NaN,NaN,NaN,NaN,NaN,NaN,NaN,NaN,NaN,NaN,NaN,NaN
688,4,0,885,695,853,476,754,334,669,295,NaN,NaN,NaN,NaN,NaN,NaN,NaN,NaN,NaN,NaN,NaN,NaN
689,4,0,884,695,849,471,746,331,661,294,NaN,NaN,NaN,NaN,NaN,NaN,NaN,NaN,NaN,NaN,NaN,NaN
690,4,0,884,695,845,467,739,326,654,292,NaN,NaN,NaN,NaN,NaN,NaN,NaN,NaN,NaN,NaN,NaN,NaN
691,4,0,884,695,842,462,732,322,647,290,NaN,NaN,NaN,NaN,NaN,NaN,NaN,NaN,NaN,NaN,NaN,NaN
692,4,0,887,695,841,457,726,318,641,288,NaN,NaN,NaN,NaN,NaN,NaN,NaN,NaN,NaN,NaN,NaN,NaN
693,4,0,891,695,840,453,722,315,636,288,NaN,NaN,NaN,NaN,NaN,NaN,NaN,NaN,NaN,NaN,NaN,NaN
694,4,0,896,695,841,450,717,311,632,287,NaN,NaN,NaN,NaN,NaN,NaN,NaN,NaN,NaN,NaN,NaN,NaN
695,4,0,900,695,841,447,712,308,627,286,NaN,NaN,NaN,NaN,NaN,NaN,NaN,NaN,NaN,NaN,NaN,NaN
696,4,1,900,695,839,441,709,305,625,286,NaN,NaN,NaN,NaN,NaN,NaN,NaN,NaN,NaN,NaN,NaN,NaN
697,4,0,900,695,849,442,721,305,621,287,NaN,NaN,NaN,NaN,NaN,NaN,NaN,NaN,NaN,NaN,NaN,NaN
698,4,0,900,695,859,442,732,306,617,288,NaN,NaN,NaN,NaN,NaN,NaN,NaN,NaN,NaN,NaN,NaN,NaN
699,4,0,902,695,870,441,744,306,613,288,NaN,NaN,NaN,NaN,NaN,NaN,NaN,NaN,NaN,NaN,NaN,NaN
700,4,0,904,695,880,441,757,305,610,287,NaN,NaN,NaN,NaN,NaN,NaN,NaN,NaN,NaN,NaN,NaN,NaN
701,4,1,904,695,890,437,771,304,609,287,NaN,NaN,NaN,NaN,NaN,NaN,NaN,NaN,NaN,NaN,NaN,NaN
702,4,0,905,695,890,442,769,306,606,288,NaN,NaN,NaN,NaN,NaN,NaN,NaN,NaN,NaN,NaN,NaN,NaN
703,4,0,905,695,889,447,766,307,602,289,NaN,NaN,NaN,NaN,NaN,NaN,NaN,NaN,NaN,NaN,NaN,NaN
704,4,1,905,695,889,447,766,307,602,289,NaN,NaN,NaN,NaN,NaN,NaN,NaN,NaN,NaN,NaN,NaN,NaN
705,4,0,903,695,888,453,763,309,598,291,NaN,NaN,NaN,NaN,NaN,NaN,NaN,NaN,NaN,NaN,NaN,NaN
706,4,0,902,695,886,459,760,312,594,292,NaN,NaN,NaN,NaN,NaN,NaN,NaN,NaN,NaN,NaN,NaN,NaN
707,4,0,900,695,885,464,758,314,591,294,NaN,NaN,NaN,NaN,NaN,NaN,NaN,NaN,NaN,NaN,NaN,NaN
708,4,0,899,695,885,469,755,316,588,295,NaN,NaN,NaN,NaN,NaN,NaN,NaN,NaN,NaN,NaN,NaN,NaN
709,4,0,898,695,884,474,753,318,585,296,NaN,NaN,NaN,NaN,NaN,NaN,NaN,NaN,NaN,NaN,NaN,NaN
710,4,0,897,695,883,479,751,319,582,297,NaN,NaN,NaN,NaN,NaN,NaN,NaN,NaN,NaN,NaN,NaN,NaN
711,4,0,897,695,883,484,749,321,579,298,NaN,NaN,NaN,NaN,NaN,NaN,NaN,NaN,NaN,NaN,NaN,NaN
712,4,0,897,695,883,487,747,321,576,298,NaN,NaN,NaN,NaN,NaN,NaN,NaN,NaN,NaN,NaN,NaN,NaN
713,4,0,897,695,884,491,745,322,573,298,NaN,NaN,NaN,NaN,NaN,NaN,NaN,NaN,NaN,NaN,NaN,NaN
714,4,0,898,695,884,495,743,322,570,299,NaN,NaN,NaN,NaN,NaN,NaN,NaN,NaN,NaN,NaN,NaN,NaN
715,4,0,899,695,886,499,742,323,568,298,NaN,NaN,NaN,NaN,NaN,NaN,NaN,NaN,NaN,NaN,NaN,NaN
716,4,0,900,695,887,504,741,323,565,298,NaN,NaN,NaN,NaN,NaN,NaN,NaN,NaN,NaN,NaN,NaN,NaN
717,4,0,902,695,889,509,740,324,562,299,NaN,NaN,NaN,NaN,NaN,NaN,NaN,NaN,NaN,NaN,NaN,NaN
718,4,0,903,695,890,516,738,326,560,299,NaN,NaN,NaN,NaN,NaN,NaN,NaN,NaN,NaN,NaN,NaN,NaN
719,4,0,905,695,892,524,737,328,557,301,NaN,NaN,NaN,NaN,NaN,NaN,NaN,NaN,NaN,NaN,NaN,NaN
720,4,0,905,695,893,534,735,331,553,302,NaN,NaN,NaN,NaN,NaN,NaN,NaN,NaN,NaN,NaN,NaN,NaN
721,4,0,905,695,893,544,732,334,550,304,NaN,NaN,NaN,NaN,NaN,NaN,NaN,NaN,NaN,NaN,NaN,NaN
722,4,0,905,695,893,555,730,337,546,306,NaN,NaN,NaN,NaN,NaN,NaN,NaN,NaN,NaN,NaN,NaN,NaN
723,4,0,905,695,893,566,728,341,542,308,NaN,NaN,NaN,NaN,NaN,NaN,NaN,NaN,NaN,NaN,NaN,NaN
724,4,0,906,695,893,578,726,344,540,310,NaN,NaN,NaN,NaN,NaN,NaN,NaN,NaN,NaN,NaN,NaN,NaN
725,4,1,906,695,893,578,726,344,540,310,NaN,NaN,NaN,NaN,NaN,NaN,NaN,NaN,NaN,NaN,NaN,NaN
726,4,0,907,695,891,520,730,345,526,313,NaN,NaN,NaN,NaN,NaN,NaN,NaN,NaN,NaN,NaN,NaN,NaN
727,4,1,907,695,886,451,733,341,512,313,NaN,NaN,NaN,NaN,NaN,NaN,NaN,NaN,NaN,NaN,NaN,NaN
728,4,0,907,695,885,457,730,346,509,318,NaN,NaN,NaN,NaN,NaN,NaN,NaN,NaN,NaN,NaN,NaN,NaN
729,4,0,907,695,882,462,727,351,506,322,NaN,NaN,NaN,NaN,NaN,NaN,NaN,NaN,NaN,NaN,NaN,NaN
730,4,0,908,695,881,467,725,355,504,326,NaN,NaN,NaN,NaN,NaN,NaN,NaN,NaN,NaN,NaN,NaN,NaN
731,4,0,910,695,880,471,723,360,502,330,NaN,NaN,NaN,NaN,NaN,NaN,NaN,NaN,NaN,NaN,NaN,NaN
732,4,0,912,695,880,475,721,364,500,333,NaN,NaN,NaN,NaN,NaN,NaN,NaN,NaN,NaN,NaN,NaN,NaN
733,4,0,915,695,879,478,718,367,498,337,NaN,NaN,NaN,NaN,NaN,NaN,NaN,NaN,NaN,NaN,NaN,NaN
734,4,0,917,695,878,481,716,371,495,340,NaN,NaN,NaN,NaN,NaN,NaN,NaN,NaN,NaN,NaN,NaN,NaN
735,4,0,920,695,878,484,714,375,493,344,NaN,NaN,NaN,NaN,NaN,NaN,NaN,NaN,NaN,NaN,NaN,NaN
736,4,0,923,695,878,486,713,379,491,348,NaN,NaN,NaN,NaN,NaN,NaN,NaN,NaN,NaN,NaN,NaN,NaN
737,4,0,916,688,878,488,711,381,489,350,NaN,NaN,NaN,NaN,NaN,NaN,NaN,NaN,NaN,NaN,NaN,NaN
738,4,0,922,695,879,489,710,384,487,353,NaN,NaN,NaN,NaN,NaN,NaN,NaN,NaN,NaN,NaN,NaN,NaN
739,4,0,929,695,879,490,709,386,486,356,NaN,NaN,NaN,NaN,NaN,NaN,NaN,NaN,NaN,NaN,NaN,NaN
740,4,0,936,695,881,491,708,389,484,358,NaN,NaN,NaN,NaN,NaN,NaN,NaN,NaN,NaN,NaN,NaN,NaN
741,4,0,943,695,882,493,707,391,483,361,NaN,NaN,NaN,NaN,NaN,NaN,NaN,NaN,NaN,NaN,NaN,NaN
742,4,0,951,695,884,495,706,395,481,364,NaN,NaN,NaN,NaN,NaN,NaN,NaN,NaN,NaN,NaN,NaN,NaN
743,4,0,959,695,887,499,706,399,481,368,NaN,NaN,NaN,NaN,NaN,NaN,NaN,NaN,NaN,NaN,NaN,NaN
744,4,0,969,695,890,504,707,405,480,373,NaN,NaN,NaN,NaN,NaN,NaN,NaN,NaN,NaN,NaN,NaN,NaN
745,4,0,970,695,893,510,707,411,480,379,NaN,NaN,NaN,NaN,NaN,NaN,NaN,NaN,NaN,NaN,NaN,NaN
746,4,0,982,695,895,516,707,418,479,384,NaN,NaN,NaN,NaN,NaN,NaN,NaN,NaN,NaN,NaN,NaN,NaN
747,4,0,992,695,897,521,707,424,478,390,NaN,NaN,NaN,NaN,NaN,NaN,NaN,NaN,NaN,NaN,NaN,NaN
748,4,0,1002,695,898,527,707,430,478,396,NaN,NaN,NaN,NaN,NaN,NaN,NaN,NaN,NaN,NaN,NaN,NaN
749,4,0,1011,695,900,533,707,438,477,402,NaN,NaN,NaN,NaN,NaN,NaN,NaN,NaN,NaN,NaN,NaN,NaN
750,4,0,1021,695,901,539,707,445,477,408,NaN,NaN,NaN,NaN,NaN,NaN,NaN,NaN,NaN,NaN,NaN,NaN
751,4,1,1021,695,896,535,703,446,475,411,NaN,NaN,NaN,NaN,NaN,NaN,NaN,NaN,NaN,NaN,NaN,NaN
752,4,0,1016,695,901,545,706,452,477,415,NaN,NaN,NaN,NaN,NaN,NaN,NaN,NaN,NaN,NaN,NaN,NaN
753,4,1,1016,695,901,545,706,452,477,415,NaN,NaN,NaN,NaN,NaN,NaN,NaN,NaN,NaN,NaN,NaN,NaN
754,4,0,1007,695,906,554,709,457,480,418,NaN,NaN,NaN,NaN,NaN,NaN,NaN,NaN,NaN,NaN,NaN,NaN
755,4,0,1002,695,911,561,713,461,482,420,NaN,NaN,NaN,NaN,NaN,NaN,NaN,NaN,NaN,NaN,NaN,NaN
756,4,0,1000,695,916,567,717,464,485,422,NaN,NaN,NaN,NaN,NaN,NaN,NaN,NaN,NaN,NaN,NaN,NaN
757,4,0,1000,695,922,573,721,467,488,423,NaN,NaN,NaN,NaN,NaN,NaN,NaN,NaN,NaN,NaN,NaN,NaN
758,4,0,1002,695,927,579,724,469,491,424,NaN,NaN,NaN,NaN,NaN,NaN,NaN,NaN,NaN,NaN,NaN,NaN
759,4,0,1004,695,932,584,727,472,493,425,NaN,NaN,NaN,NaN,NaN,NaN,NaN,NaN,NaN,NaN,NaN,NaN
760,4,0,1009,695,937,590,731,474,496,426,NaN,NaN,NaN,NaN,NaN,NaN,NaN,NaN,NaN,NaN,NaN,NaN
761,4,1,1009,695,937,590,731,474,496,426,NaN,NaN,NaN,NaN,NaN,NaN,NaN,NaN,NaN,NaN,NaN,NaN
762,4,0,1006,695,943,595,735,476,499,427,NaN,NaN,NaN,NaN,NaN,NaN,NaN,NaN,NaN,NaN,NaN,NaN
763,4,0,1007,695,949,602,740,479,502,427,NaN,NaN,NaN,NaN,NaN,NaN,NaN,NaN,NaN,NaN,NaN,NaN
764,4,0,1009,695,956,608,744,481,505,428,NaN,NaN,NaN,NaN,NaN,NaN,NaN,NaN,NaN,NaN,NaN,NaN
765,4,0,1013,695,962,615,747,483,508,428,NaN,NaN,NaN,NaN,NaN,NaN,NaN,NaN,NaN,NaN,NaN,NaN
766,4,1,1013,695,962,615,747,483,508,428,NaN,NaN,NaN,NaN,NaN,NaN,NaN,NaN,NaN,NaN,NaN,NaN
767,4,0,984,695,937,602,728,481,475,429,NaN,NaN,NaN,NaN,NaN,NaN,NaN,NaN,NaN,NaN,NaN,NaN
768,4,0,957,695,912,588,709,479,443,429,NaN,NaN,NaN,NaN,NaN,NaN,NaN,NaN,NaN,NaN,NaN,NaN
769,4,0,936,682,886,575,689,478,410,431,NaN,NaN,NaN,NaN,NaN,NaN,NaN,NaN,NaN,NaN,NaN,NaN
770,4,1,910,683,855,550,667,471,376,429,NaN,NaN,NaN,NaN,NaN,NaN,NaN,NaN,NaN,NaN,NaN,NaN
771,4,0,907,695,858,560,658,476,370,425,NaN,NaN,NaN,NaN,NaN,NaN,NaN,NaN,NaN,NaN,NaN,NaN
772,4,0,902,695,861,569,649,480,362,423,NaN,NaN,NaN,NaN,NaN,NaN,NaN,NaN,NaN,NaN,NaN,NaN
773,4,0,897,695,864,580,641,486,351,423,NaN,NaN,NaN,NaN,NaN,NaN,NaN,NaN,NaN,NaN,NaN,NaN
774,4,0,893,695,868,591,632,490,340,426,NaN,NaN,NaN,NaN,NaN,NaN,NaN,NaN,NaN,NaN,NaN,NaN
775,4,0,894,695,872,602,625,494,326,432,NaN,NaN,NaN,NaN,NaN,NaN,NaN,NaN,NaN,NaN,NaN,NaN
776,4,0,895,695,877,613,618,499,321,434,NaN,NaN,NaN,NaN,NaN,NaN,NaN,NaN,NaN,NaN,NaN,NaN
777,4,0,896,695,882,624,611,504,305,436,NaN,NaN,NaN,NaN,NaN,NaN,NaN,NaN,NaN,NaN,NaN,NaN
778,4,0,898,695,887,636,604,509,297,437,NaN,NaN,NaN,NaN,NaN,NaN,NaN,NaN,NaN,NaN,NaN,NaN
779,4,0,901,695,892,647,598,513,289,438,NaN,NaN,NaN,NaN,NaN,NaN,NaN,NaN,NaN,NaN,NaN,NaN
780,4,0,904,695,896,660,591,518,281,439,NaN,NaN,NaN,NaN,NaN,NaN,NaN,NaN,NaN,NaN,NaN,NaN
781,4,0,908,695,901,673,584,523,274,440,NaN,NaN,NaN,NaN,NaN,NaN,NaN,NaN,NaN,NaN,NaN,NaN
782,3,1,908,695,573,521,261,438,NaN,NaN,NaN,NaN,NaN,NaN,NaN,NaN,NaN,NaN,NaN,NaN,NaN,NaN
783,4,0,879,695,565,526,263,438,425,474,NaN,NaN,NaN,NaN,NaN,NaN,NaN,NaN,NaN,NaN,NaN,NaN
784,4,0,855,695,557,532,267,437,157,279,NaN,NaN,NaN,NaN,NaN,NaN,NaN,NaN,NaN,NaN,NaN,NaN
785,4,0,834,695,551,537,272,436,166,279,NaN,NaN,NaN,NaN,NaN,NaN,NaN,NaN,NaN,NaN,NaN,NaN
786,4,0,817,695,545,541,276,435,176,280,NaN,NaN,NaN,NaN,NaN,NaN,NaN,NaN,NaN,NaN,NaN,NaN
787,4,0,804,695,540,543,282,433,185,280,NaN,NaN,NaN,NaN,NaN,NaN,NaN,NaN,NaN,NaN,NaN,NaN
788,4,0,794,695,534,546,287,430,194,279,NaN,NaN,NaN,NaN,NaN,NaN,NaN,NaN,NaN,NaN,NaN,NaN
789,4,0,786,695,529,547,292,427,203,278,NaN,NaN,NaN,NaN,NaN,NaN,NaN,NaN,NaN,NaN,NaN,NaN
790,4,0,781,695,524,548,297,422,212,277,NaN,NaN,NaN,NaN,NaN,NaN,NaN,NaN,NaN,NaN,NaN,NaN
791,4,0,777,695,518,548,301,419,220,275,NaN,NaN,NaN,NaN,NaN,NaN,NaN,NaN,NaN,NaN,NaN,NaN
792,4,0,772,695,512,549,305,415,0,0,NaN,NaN,NaN,NaN,NaN,NaN,NaN,NaN,NaN,NaN,NaN,NaN
793,4,0,768,695,506,550,310,411,0,0,NaN,NaN,NaN,NaN,NaN,NaN,NaN,NaN,NaN,NaN,NaN,NaN
794,4,0,765,695,501,552,314,408,0,0,NaN,NaN,NaN,NaN,NaN,NaN,NaN,NaN,NaN,NaN,NaN,NaN
795,4,0,762,695,495,555,320,406,0,0,NaN,NaN,NaN,NaN,NaN,NaN,NaN,NaN,NaN,NaN,NaN,NaN
796,4,0,761,695,490,557,325,404,0,0,NaN,NaN,NaN,NaN,NaN,NaN,NaN,NaN,NaN,NaN,NaN,NaN
797,4,0,760,695,485,560,330,402,0,0,NaN,NaN,NaN,NaN,NaN,NaN,NaN,NaN,NaN,NaN,NaN,NaN
798,4,0,761,695,480,563,336,401,279,275,NaN,NaN,NaN,NaN,NaN,NaN,NaN,NaN,NaN,NaN,NaN,NaN
799,4,0,763,695,475,566,341,399,288,276,NaN,NaN,NaN,NaN,NaN,NaN,NaN,NaN,NaN,NaN,NaN,NaN
800,4,0,766,695,470,568,347,396,297,276,NaN,NaN,NaN,NaN,NaN,NaN,NaN,NaN,NaN,NaN,NaN,NaN
801,4,0,771,695,466,569,353,394,306,276,NaN,NaN,NaN,NaN,NaN,NaN,NaN,NaN,NaN,NaN,NaN,NaN
802,4,0,776,695,461,570,360,390,316,276,NaN,NaN,NaN,NaN,NaN,NaN,NaN,NaN,NaN,NaN,NaN,NaN
803,4,0,783,695,456,570,367,387,326,276,NaN,NaN,NaN,NaN,NaN,NaN,NaN,NaN,NaN,NaN,NaN,NaN
804,4,0,789,695,451,570,373,384,335,276,NaN,NaN,NaN,NaN,NaN,NaN,NaN,NaN,NaN,NaN,NaN,NaN
805,4,0,795,695,445,571,378,381,343,277,NaN,NaN,NaN,NaN,NaN,NaN,NaN,NaN,NaN,NaN,NaN,NaN
806,5,1,795,695,432,568,376,377,343,277,276,222,NaN,NaN,NaN,NaN,NaN,NaN,NaN,NaN,NaN,NaN
807,5,0,761,695,444,562,389,379,352,279,286,223,NaN,NaN,NaN,NaN,NaN,NaN,NaN,NaN,NaN,NaN
808,5,0,739,695,456,556,401,382,361,282,295,226,NaN,NaN,NaN,NaN,NaN,NaN,NaN,NaN,NaN,NaN
809,5,0,730,695,468,550,414,385,369,285,304,228,NaN,NaN,NaN,NaN,NaN,NaN,NaN,NaN,NaN,NaN
810,5,1,726,695,475,540,420,385,371,285,306,228,NaN,NaN,NaN,NaN,NaN,NaN,NaN,NaN,NaN,NaN
811,5,1,726,695,475,540,420,385,371,285,306,228,NaN,NaN,NaN,NaN,NaN,NaN,NaN,NaN,NaN,NaN
812,4,0,710,695,478,537,424,383,375,284,NaN,NaN,NaN,NaN,NaN,NaN,NaN,NaN,NaN,NaN,NaN,NaN
813,4,0,696,695,481,533,428,381,379,283,NaN,NaN,NaN,NaN,NaN,NaN,NaN,NaN,NaN,NaN,NaN,NaN
814,4,0,683,695,485,530,433,378,385,282,NaN,NaN,NaN,NaN,NaN,NaN,NaN,NaN,NaN,NaN,NaN,NaN
815,4,0,672,695,487,526,438,376,388,281,NaN,NaN,NaN,NaN,NaN,NaN,NaN,NaN,NaN,NaN,NaN,NaN
816,4,0,661,695,491,523,442,374,393,279,NaN,NaN,NaN,NaN,NaN,NaN,NaN,NaN,NaN,NaN,NaN,NaN
817,4,0,651,695,495,519,448,372,399,279,NaN,NaN,NaN,NaN,NaN,NaN,NaN,NaN,NaN,NaN,NaN,NaN
818,4,0,648,695,499,517,453,370,404,279,NaN,NaN,NaN,NaN,NaN,NaN,NaN,NaN,NaN,NaN,NaN,NaN
819,4,0,644,695,503,514,458,369,409,279,NaN,NaN,NaN,NaN,NaN,NaN,NaN,NaN,NaN,NaN,NaN,NaN
820,4,0,644,671,506,512,462,369,414,280,NaN,NaN,NaN,NaN,NaN,NaN,NaN,NaN,NaN,NaN,NaN,NaN
821,4,0,663,689,509,511,466,368,418,280,NaN,NaN,NaN,NaN,NaN,NaN,NaN,NaN,NaN,NaN,NaN,NaN
822,4,0,652,695,511,510,471,368,421,282,NaN,NaN,NaN,NaN,NaN,NaN,NaN,NaN,NaN,NaN,NaN,NaN
823,4,0,635,695,514,510,474,368,425,283,NaN,NaN,NaN,NaN,NaN,NaN,NaN,NaN,NaN,NaN,NaN,NaN
824,4,0,620,695,516,509,477,369,428,284,NaN,NaN,NaN,NaN,NaN,NaN,NaN,NaN,NaN,NaN,NaN,NaN
825,4,0,607,695,518,508,479,368,431,285,NaN,NaN,NaN,NaN,NaN,NaN,NaN,NaN,NaN,NaN,NaN,NaN
826,4,0,596,695,520,506,482,368,433,286,NaN,NaN,NaN,NaN,NaN,NaN,NaN,NaN,NaN,NaN,NaN,NaN
827,4,0,590,695,522,505,485,368,436,287,NaN,NaN,NaN,NaN,NaN,NaN,NaN,NaN,NaN,NaN,NaN,NaN
828,4,0,582,695,523,502,488,367,439,288,NaN,NaN,NaN,NaN,NaN,NaN,NaN,NaN,NaN,NaN,NaN,NaN
829,4,0,577,695,526,500,491,366,441,288,NaN,NaN,NaN,NaN,NaN,NaN,NaN,NaN,NaN,NaN,NaN,NaN
830,4,0,573,695,528,497,494,365,444,289,NaN,NaN,NaN,NaN,NaN,NaN,NaN,NaN,NaN,NaN,NaN,NaN
831,4,0,570,695,532,494,498,363,447,289,NaN,NaN,NaN,NaN,NaN,NaN,NaN,NaN,NaN,NaN,NaN,NaN
832,4,0,570,695,535,490,501,362,450,289,NaN,NaN,NaN,NaN,NaN,NaN,NaN,NaN,NaN,NaN,NaN,NaN
833,4,0,570,695,538,487,504,360,453,289,NaN,NaN,NaN,NaN,NaN,NaN,NaN,NaN,NaN,NaN,NaN,NaN
834,4,0,572,695,541,482,508,358,456,289,NaN,NaN,NaN,NaN,NaN,NaN,NaN,NaN,NaN,NaN,NaN,NaN
835,4,1,571,679,540,474,507,353,454,286,NaN,NaN,NaN,NaN,NaN,NaN,NaN,NaN,NaN,NaN,NaN,NaN
836,4,0,575,685,545,477,512,355,459,288,NaN,NaN,NaN,NaN,NaN,NaN,NaN,NaN,NaN,NaN,NaN,NaN
837,4,0,580,690,551,480,518,358,465,290,NaN,NaN,NaN,NaN,NaN,NaN,NaN,NaN,NaN,NaN,NaN,NaN
838,4,0,584,695,556,483,523,360,470,292,NaN,NaN,NaN,NaN,NaN,NaN,NaN,NaN,NaN,NaN,NaN,NaN
839,4,0,588,695,560,486,528,362,476,294,NaN,NaN,NaN,NaN,NaN,NaN,NaN,NaN,NaN,NaN,NaN,NaN
840,4,0,591,695,565,489,533,364,480,295,NaN,NaN,NaN,NaN,NaN,NaN,NaN,NaN,NaN,NaN,NaN,NaN
841,4,0,594,695,569,492,538,366,485,297,NaN,NaN,NaN,NaN,NaN,NaN,NaN,NaN,NaN,NaN,NaN,NaN
842,4,0,597,695,573,495,542,368,489,299,NaN,NaN,NaN,NaN,NaN,NaN,NaN,NaN,NaN,NaN,NaN,NaN
843,4,0,601,695,579,497,547,370,494,301,NaN,NaN,NaN,NaN,NaN,NaN,NaN,NaN,NaN,NaN,NaN,NaN
844,4,0,607,695,585,501,553,372,501,302,NaN,NaN,NaN,NaN,NaN,NaN,NaN,NaN,NaN,NaN,NaN,NaN
845,4,0,612,695,592,504,560,374,507,304,NaN,NaN,NaN,NaN,NaN,NaN,NaN,NaN,NaN,NaN,NaN,NaN
846,4,0,617,695,597,507,565,377,512,306,NaN,NaN,NaN,NaN,NaN,NaN,NaN,NaN,NaN,NaN,NaN,NaN
847,4,0,621,695,602,512,570,380,518,309,NaN,NaN,NaN,NaN,NaN,NaN,NaN,NaN,NaN,NaN,NaN,NaN
848,4,0,626,695,607,517,575,383,522,312,NaN,NaN,NaN,NaN,NaN,NaN,NaN,NaN,NaN,NaN,NaN,NaN
849,4,0,629,695,610,521,579,387,526,314,NaN,NaN,NaN,NaN,NaN,NaN,NaN,NaN,NaN,NaN,NaN,NaN
850,4,0,632,695,614,526,582,390,529,317,NaN,NaN,NaN,NaN,NaN,NaN,NaN,NaN,NaN,NaN,NaN,NaN
851,4,0,635,695,616,530,585,393,532,320,NaN,NaN,NaN,NaN,NaN,NaN,NaN,NaN,NaN,NaN,NaN,NaN
852,4,0,636,695,618,534,587,396,535,322,NaN,NaN,NaN,NaN,NaN,NaN,NaN,NaN,NaN,NaN,NaN,NaN
853,4,0,637,695,620,538,588,398,536,324,NaN,NaN,NaN,NaN,NaN,NaN,NaN,NaN,NaN,NaN,NaN,NaN
854,4,0,637,695,620,540,589,399,537,325,NaN,NaN,NaN,NaN,NaN,NaN,NaN,NaN,NaN,NaN,NaN,NaN
855,4,0,638,695,621,542,590,400,538,325,NaN,NaN,NaN,NaN,NaN,NaN,NaN,NaN,NaN,NaN,NaN,NaN
856,4,1,638,695,621,542,590,400,538,325,NaN,NaN,NaN,NaN,NaN,NaN,NaN,NaN,NaN,NaN,NaN,NaN
857,4,0,639,695,623,543,592,401,540,325,NaN,NaN,NaN,NaN,NaN,NaN,NaN,NaN,NaN,NaN,NaN,NaN
858,4,0,641,695,625,545,594,401,542,326,NaN,NaN,NaN,NaN,NaN,NaN,NaN,NaN,NaN,NaN,NaN,NaN
859,4,0,642,695,627,547,596,402,545,326,NaN,NaN,NaN,NaN,NaN,NaN,NaN,NaN,NaN,NaN,NaN,NaN
860,4,0,643,695,628,549,598,403,547,327,NaN,NaN,NaN,NaN,NaN,NaN,NaN,NaN,NaN,NaN,NaN,NaN
861,4,0,644,695,630,551,600,405,549,328,NaN,NaN,NaN,NaN,NaN,NaN,NaN,NaN,NaN,NaN,NaN,NaN
862,4,0,645,695,632,553,602,406,550,329,NaN,NaN,NaN,NaN,NaN,NaN,NaN,NaN,NaN,NaN,NaN,NaN
863,4,0,646,695,633,556,603,408,552,331,NaN,NaN,NaN,NaN,NaN,NaN,NaN,NaN,NaN,NaN,NaN,NaN
864,4,0,646,695,634,560,605,410,553,333,NaN,NaN,NaN,NaN,NaN,NaN,NaN,NaN,NaN,NaN,NaN,NaN
865,4,0,646,695,635,563,606,413,555,335,NaN,NaN,NaN,NaN,NaN,NaN,NaN,NaN,NaN,NaN,NaN,NaN
866,4,0,647,695,636,567,608,415,557,337,NaN,NaN,NaN,NaN,NaN,NaN,NaN,NaN,NaN,NaN,NaN,NaN
867,4,0,648,695,638,570,610,417,559,338,NaN,NaN,NaN,NaN,NaN,NaN,NaN,NaN,NaN,NaN,NaN,NaN
868,4,0,648,695,639,573,611,419,561,340,NaN,NaN,NaN,NaN,NaN,NaN,NaN,NaN,NaN,NaN,NaN,NaN
869,4,0,647,695,639,577,612,421,562,342,NaN,NaN,NaN,NaN,NaN,NaN,NaN,NaN,NaN,NaN,NaN,NaN
870,4,1,646,695,639,581,613,424,563,344,NaN,NaN,NaN,NaN,NaN,NaN,NaN,NaN,NaN,NaN,NaN,NaN
871,4,0,645,695,638,584,613,426,563,345,NaN,NaN,NaN,NaN,NaN,NaN,NaN,NaN,NaN,NaN,NaN,NaN
872,4,0,644,695,638,586,613,427,563,346,NaN,NaN,NaN,NaN,NaN,NaN,NaN,NaN,NaN,NaN,NaN,NaN
873,4,0,643,695,637,589,613,428,564,346,NaN,NaN,NaN,NaN,NaN,NaN,NaN,NaN,NaN,NaN,NaN,NaN
874,4,0,642,695,637,591,613,428,564,347,NaN,NaN,NaN,NaN,NaN,NaN,NaN,NaN,NaN,NaN,NaN,NaN
875,4,0,641,695,637,593,614,430,565,347,NaN,NaN,NaN,NaN,NaN,NaN,NaN,NaN,NaN,NaN,NaN,NaN
876,4,0,641,695,637,596,615,431,566,348,NaN,NaN,NaN,NaN,NaN,NaN,NaN,NaN,NaN,NaN,NaN,NaN
877,7,0,642,695,639,601,618,434,568,350,575,289,659,204,687,156,NaN,NaN,NaN,NaN,NaN,NaN
878,7,0,641,695,639,604,618,436,569,351,576,290,660,205,689,157,NaN,NaN,NaN,NaN,NaN,NaN
879,7,0,641,695,639,607,619,439,570,352,576,292,661,207,690,158,NaN,NaN,NaN,NaN,NaN,NaN
880,7,0,640,695,638,611,618,442,569,355,576,294,661,208,690,160,NaN,NaN,NaN,NaN,NaN,NaN
881,7,0,639,695,637,615,618,444,569,357,576,295,661,210,690,161,NaN,NaN,NaN,NaN,NaN,NaN
882,7,0,638,695,636,619,617,446,569,358,575,297,662,211,690,162,NaN,NaN,NaN,NaN,NaN,NaN
883,7,0,637,695,635,622,617,448,569,359,575,298,662,212,690,163,NaN,NaN,NaN,NaN,NaN,NaN
884,7,0,636,695,635,624,617,449,569,360,575,298,662,213,690,163,NaN,NaN,NaN,NaN,NaN,NaN
885,7,0,635,695,634,627,617,450,569,361,575,299,662,213,691,164,NaN,NaN,NaN,NaN,NaN,NaN
886,7,0,635,695,634,629,617,451,569,361,576,299,663,213,691,164,NaN,NaN,NaN,NaN,NaN,NaN
887,7,0,634,695,633,631,617,452,569,361,576,299,663,213,692,163,NaN,NaN,NaN,NaN,NaN,NaN
888,7,0,634,695,633,633,617,452,569,361,576,299,664,212,693,163,NaN,NaN,NaN,NaN,NaN,NaN
889,7,0,634,695,633,635,617,453,569,362,576,299,664,212,693,163,NaN,NaN,NaN,NaN,NaN,NaN
890,7,0,633,695,632,639,617,455,568,363,576,300,664,213,694,163,NaN,NaN,NaN,NaN,NaN,NaN
891,7,0,632,695,632,643,616,458,568,364,576,302,664,214,694,164,NaN,NaN,NaN,NaN,NaN,NaN
892,7,0,632,695,631,648,616,460,568,366,576,303,665,216,694,166,NaN,NaN,NaN,NaN,NaN,NaN
893,7,0,633,695,632,653,616,463,568,368,576,305,665,217,695,167,NaN,NaN,NaN,NaN,NaN,NaN
894,7,0,634,695,632,657,617,465,569,369,577,306,666,218,696,168,NaN,NaN,NaN,NaN,NaN,NaN
895,7,0,635,695,634,661,618,467,570,370,578,306,668,218,697,168,NaN,NaN,NaN,NaN,NaN,NaN
896,7,0,637,695,635,664,620,468,571,370,579,306,670,218,699,167,NaN,NaN,NaN,NaN,NaN,NaN
897,7,0,639,695,637,668,622,469,573,371,581,306,672,218,702,167,NaN,NaN,NaN,NaN,NaN,NaN
898,7,0,641,695,639,672,624,471,575,372,583,307,674,218,704,167,NaN,NaN,NaN,NaN,NaN,NaN
899,6,1,641,695,624,471,575,372,583,307,674,218,704,167,NaN,NaN,NaN,NaN,NaN,NaN,NaN,NaN
900,6,0,642,695,625,473,576,373,584,308,676,219,706,167,NaN,NaN,NaN,NaN,NaN,NaN,NaN,NaN
901,6,0,642,695,626,477,577,375,585,310,677,220,707,169,NaN,NaN,NaN,NaN,NaN,NaN,NaN,NaN
902,6,0,641,695,626,481,577,379,585,313,678,223,707,172,NaN,NaN,NaN,NaN,NaN,NaN,NaN,NaN
903,6,0,640,695,625,485,576,382,585,315,678,225,708,174,NaN,NaN,NaN,NaN,NaN,NaN,NaN,NaN
904,6,0,638,695,624,488,575,384,584,317,677,227,708,175,NaN,NaN,NaN,NaN,NaN,NaN,NaN,NaN
905,6,0,635,695,623,491,574,385,583,318,677,227,707,176,NaN,NaN,NaN,NaN,NaN,NaN,NaN,NaN
906,6,0,632,695,621,493,572,387,582,319,676,228,706,176,NaN,NaN,NaN,NaN,NaN,NaN,NaN,NaN
907,6,0,630,695,620,495,571,387,581,319,675,228,706,176,NaN,NaN,NaN,NaN,NaN,NaN,NaN,NaN
908,6,0,628,695,619,495,570,387,581,319,675,227,706,175,NaN,NaN,NaN,NaN,NaN,NaN,NaN,NaN
909,6,0,627,695,619,496,570,387,581,319,676,227,707,175,NaN,NaN,NaN,NaN,NaN,NaN,NaN,NaN
910,6,0,626,695,619,498,571,388,582,319,677,227,708,174,NaN,NaN,NaN,NaN,NaN,NaN,NaN,NaN
911,6,0,625,695,619,499,572,388,582,319,679,227,710,174,NaN,NaN,NaN,NaN,NaN,NaN,NaN,NaN
912,6,0,624,695,620,501,572,389,583,320,680,227,712,174,NaN,NaN,NaN,NaN,NaN,NaN,NaN,NaN
913,6,0,623,695,620,502,573,390,584,320,681,227,713,175,NaN,NaN,NaN,NaN,NaN,NaN,NaN,NaN
914,6,0,621,695,619,504,573,391,585,321,682,228,714,175,NaN,NaN,NaN,NaN,NaN,NaN,NaN,NaN
915,6,0,619,695,619,507,573,392,585,322,683,228,715,175,NaN,NaN,NaN,NaN,NaN,NaN,NaN,NaN
916,6,0,617,695,618,509,572,393,585,323,684,229,716,176,NaN,NaN,NaN,NaN,NaN,NaN,NaN,NaN
917,6,0,614,695,616,513,571,396,584,325,683,231,715,178,NaN,NaN,NaN,NaN,NaN,NaN,NaN,NaN
918,6,0,610,695,613,516,569,399,582,327,683,233,716,179,NaN,NaN,NaN,NaN,NaN,NaN,NaN,NaN
919,6,0,606,695,611,520,567,400,581,328,682,234,715,180,NaN,NaN,NaN,NaN,NaN,NaN,NaN,NaN
920,6,0,602,695,608,523,565,402,579,330,681,235,714,181,NaN,NaN,NaN,NaN,NaN,NaN,NaN,NaN
921,6,0,598,695,605,526,563,404,578,331,680,236,713,182,NaN,NaN,NaN,NaN,NaN,NaN,NaN,NaN
922,6,0,596,695,603,529,562,405,577,332,680,237,714,182,NaN,NaN,NaN,NaN,NaN,NaN,NaN,NaN
923,6,0,594,695,602,531,562,406,577,333,681,237,715,183,NaN,NaN,NaN,NaN,NaN,NaN,NaN,NaN
924,6,0,593,695,602,533,562,407,578,333,682,237,716,183,NaN,NaN,NaN,NaN,NaN,NaN,NaN,NaN
925,6,0,592,695,602,535,562,408,578,334,683,238,717,183,NaN,NaN,NaN,NaN,NaN,NaN,NaN,NaN
926,6,0,591,695,602,538,562,409,579,335,683,238,718,183,NaN,NaN,NaN,NaN,NaN,NaN,NaN,NaN
927,6,0,590,695,601,540,562,410,579,336,684,238,718,183,NaN,NaN,NaN,NaN,NaN,NaN,NaN,NaN
928,6,0,589,695,600,543,562,412,579,336,684,239,719,184,NaN,NaN,NaN,NaN,NaN,NaN,NaN,NaN
929,6,0,588,695,600,545,562,413,578,337,685,240,720,184,NaN,NaN,NaN,NaN,NaN,NaN,NaN,NaN
930,6,0,587,695,599,548,561,415,578,338,685,240,720,185,NaN,NaN,NaN,NaN,NaN,NaN,NaN,NaN
931,6,0,586,695,599,551,561,416,578,339,685,241,720,185,NaN,NaN,NaN,NaN,NaN,NaN,NaN,NaN
932,6,0,585,695,598,553,560,417,578,340,685,241,720,186,NaN,NaN,NaN,NaN,NaN,NaN,NaN,NaN
933,6,0,584,695,597,556,560,418,577,341,685,242,721,186,NaN,NaN,NaN,NaN,NaN,NaN,NaN,NaN
934,6,0,583,695,596,559,559,420,577,342,685,243,721,187,NaN,NaN,NaN,NaN,NaN,NaN,NaN,NaN
935,6,0,582,695,595,562,558,422,576,344,685,244,721,188,NaN,NaN,NaN,NaN,NaN,NaN,NaN,NaN
936,6,0,581,695,594,566,557,424,575,345,685,245,721,189,NaN,NaN,NaN,NaN,NaN,NaN,NaN,NaN
937,6,0,581,695,594,569,557,425,575,346,685,246,721,189,NaN,NaN,NaN,NaN,NaN,NaN,NaN,NaN
938,6,0,581,695,593,572,556,427,575,348,685,247,721,190,NaN,NaN,NaN,NaN,NaN,NaN,NaN,NaN
939,6,0,581,695,593,576,556,429,575,349,686,248,722,191,NaN,NaN,NaN,NaN,NaN,NaN,NaN,NaN
940,6,0,581,695,592,581,555,433,574,352,686,251,722,193,NaN,NaN,NaN,NaN,NaN,NaN,NaN,NaN
941,6,0,580,695,591,586,555,435,574,353,686,251,722,194,NaN,NaN,NaN,NaN,NaN,NaN,NaN,NaN
942,6,0,580,695,591,589,554,436,574,354,686,251,723,194,NaN,NaN,NaN,NaN,NaN,NaN,NaN,NaN
943,6,0,580,695,590,593,553,437,573,355,686,252,723,194,NaN,NaN,NaN,NaN,NaN,NaN,NaN,NaN
944,6,0,580,695,589,597,552,439,573,356,686,252,723,195,NaN,NaN,NaN,NaN,NaN,NaN,NaN,NaN
945,6,0,579,695,589,601,552,440,572,357,686,253,723,195,NaN,NaN,NaN,NaN,NaN,NaN,NaN,NaN
946,6,0,579,695,588,604,551,442,572,357,686,253,723,195,NaN,NaN,NaN,NaN,NaN,NaN,NaN,NaN
947,6,0,579,695,588,606,551,443,572,358,687,253,724,195,NaN,NaN,NaN,NaN,NaN,NaN,NaN,NaN
948,6,0,579,695,588,609,551,443,572,358,687,253,725,194,NaN,NaN,NaN,NaN,NaN,NaN,NaN,NaN
949,6,0,579,695,588,611,551,444,572,358,687,253,725,194,NaN,NaN,NaN,NaN,NaN,NaN,NaN,NaN
950,6,0,579,695,588,613,550,444,572,358,688,252,726,193,NaN,NaN,NaN,NaN,NaN,NaN,NaN,NaN
951,6,0,579,695,587,615,550,444,572,358,688,252,726,193,NaN,NaN,NaN,NaN,NaN,NaN,NaN,NaN
952,6,0,579,695,587,616,550,444,572,357,689,251,727,192,NaN,NaN,NaN,NaN,NaN,NaN,NaN,NaN
953,6,0,579,695,587,617,550,444,572,357,689,250,727,191,NaN,NaN,NaN,NaN,NaN,NaN,NaN,NaN
954,6,0,579,695,587,619,550,444,572,356,690,249,728,190,NaN,NaN,NaN,NaN,NaN,NaN,NaN,NaN
955,6,0,579,695,586,620,550,444,572,356,690,249,728,189,NaN,NaN,NaN,NaN,NaN,NaN,NaN,NaN
956,6,0,579,695,586,622,550,444,572,356,690,248,729,189,NaN,NaN,NaN,NaN,NaN,NaN,NaN,NaN
957,6,0,579,695,586,623,549,445,572,356,691,248,729,188,NaN,NaN,NaN,NaN,NaN,NaN,NaN,NaN
958,6,0,579,695,585,625,549,445,572,356,691,248,730,188,NaN,NaN,NaN,NaN,NaN,NaN,NaN,NaN
959,-546188148,63,NaN,NaN,NaN,NaN,NaN,NaN,NaN,NaN,NaN,NaN,NaN,NaN,NaN,NaN,NaN,NaN,NaN,NaN,NaN,NaN
