Frame,#ofPoints,ManualInput,X1,Y1,X2,Y2,X3,Y3,X4,Y4,X5,Y5,X6,Y6,X7,Y7,X8,Y8,X9,Y9,X10,Y10
0,4,1,609,678,539,485,413,391,253,305,NaN,NaN,NaN,NaN,NaN,NaN,NaN,NaN,NaN,NaN,NaN,NaN
1,4,0,608,678,537,483,411,390,252,304,NaN,NaN,NaN,NaN,NaN,NaN,NaN,NaN,NaN,NaN,NaN,NaN
2,4,0,609,688,538,486,414,392,258,306,NaN,NaN,NaN,NaN,NaN,NaN,NaN,NaN,NaN,NaN,NaN,NaN
3,4,0,610,693,539,488,416,392,261,306,NaN,NaN,NaN,NaN,NaN,NaN,NaN,NaN,NaN,NaN,NaN,NaN
4,4,0,610,695,540,488,418,392,265,307,NaN,NaN,NaN,NaN,NaN,NaN,NaN,NaN,NaN,NaN,NaN,NaN
5,4,0,610,695,541,489,419,392,268,307,NaN,NaN,NaN,NaN,NaN,NaN,NaN,NaN,NaN,NaN,NaN,NaN
6,4,0,610,695,542,489,421,392,271,307,NaN,NaN,NaN,NaN,NaN,NaN,NaN,NaN,NaN,NaN,NaN,NaN
7,4,0,609,695,542,489,423,392,273,307,NaN,NaN,NaN,NaN,NaN,NaN,NaN,NaN,NaN,NaN,NaN,NaN
8,4,0,608,695,542,489,423,391,275,308,NaN,NaN,NaN,NaN,NaN,NaN,NaN,NaN,NaN,NaN,NaN,NaN
9,4,0,608,695,543,489,423,392,277,307,NaN,NaN,NaN,NaN,NaN,NaN,NaN,NaN,NaN,NaN,NaN,NaN
10,4,0,607,695,543,489,425,392,278,308,NaN,NaN,NaN,NaN,NaN,NaN,NaN,NaN,NaN,NaN,NaN,NaN
11,4,0,607,695,543,490,425,391,280,308,NaN,NaN,NaN,NaN,NaN,NaN,NaN,NaN,NaN,NaN,NaN,NaN
12,4,0,606,695,543,489,425,391,282,308,NaN,NaN,NaN,NaN,NaN,NaN,NaN,NaN,NaN,NaN,NaN,NaN
13,4,0,607,695,543,488,426,391,282,308,NaN,NaN,NaN,NaN,NaN,NaN,NaN,NaN,NaN,NaN,NaN,NaN
14,4,0,609,695,544,488,427,390,285,308,NaN,NaN,NaN,NaN,NaN,NaN,NaN,NaN,NaN,NaN,NaN,NaN
15,4,0,610,695,545,487,428,389,287,307,NaN,NaN,NaN,NaN,NaN,NaN,NaN,NaN,NaN,NaN,NaN,NaN
16,4,0,612,695,545,486,430,388,288,306,NaN,NaN,NaN,NaN,NaN,NaN,NaN,NaN,NaN,NaN,NaN,NaN
17,4,0,612,695,545,484,429,386,288,305,NaN,NaN,NaN,NaN,NaN,NaN,NaN,NaN,NaN,NaN,NaN,NaN
18,4,0,612,695,544,484,428,385,289,305,NaN,NaN,NaN,NaN,NaN,NaN,NaN,NaN,NaN,NaN,NaN,NaN
19,4,0,613,695,545,484,429,386,289,306,NaN,NaN,NaN,NaN,NaN,NaN,NaN,NaN,NaN,NaN,NaN,NaN
20,4,0,614,695,546,486,430,387,291,307,NaN,NaN,NaN,NaN,NaN,NaN,NaN,NaN,NaN,NaN,NaN,NaN
21,4,0,616,695,547,487,432,389,293,310,NaN,NaN,NaN,NaN,NaN,NaN,NaN,NaN,NaN,NaN,NaN,NaN
22,4,0,619,695,550,490,434,390,295,311,NaN,NaN,NaN,NaN,NaN,NaN,NaN,NaN,NaN,NaN,NaN,NaN
23,4,0,622,695,552,492,436,393,298,314,NaN,NaN,NaN,NaN,NaN,NaN,NaN,NaN,NaN,NaN,NaN,NaN
24,4,0,624,695,553,497,438,398,300,319,NaN,NaN,NaN,NaN,NaN,NaN,NaN,NaN,NaN,NaN,NaN,NaN
25,4,0,626,695,555,501,440,400,302,320,NaN,NaN,NaN,NaN,NaN,NaN,NaN,NaN,NaN,NaN,NaN,NaN
26,4,0,630,695,558,502,444,400,306,321,NaN,NaN,NaN,NaN,NaN,NaN,NaN,NaN,NaN,NaN,NaN,NaN
27,4,0,634,695,562,502,447,400,311,322,NaN,NaN,NaN,NaN,NaN,NaN,NaN,NaN,NaN,NaN,NaN,NaN
28,4,0,639,695,565,501,451,398,314,321,NaN,NaN,NaN,NaN,NaN,NaN,NaN,NaN,NaN,NaN,NaN,NaN
29,4,0,643,695,569,497,453,394,317,319,NaN,NaN,NaN,NaN,NaN,NaN,NaN,NaN,NaN,NaN,NaN,NaN
30,4,0,647,694,571,492,456,388,319,314,NaN,NaN,NaN,NaN,NaN,NaN,NaN,NaN,NaN,NaN,NaN,NaN
31,4,0,650,694,572,486,458,383,320,310,NaN,NaN,NaN,NaN,NaN,NaN,NaN,NaN,NaN,NaN,NaN,NaN
32,4,0,654,695,573,483,459,380,322,307,NaN,NaN,NaN,NaN,NaN,NaN,NaN,NaN,NaN,NaN,NaN,NaN
33,4,0,656,695,574,481,461,378,323,306,NaN,NaN,NaN,NaN,NaN,NaN,NaN,NaN,NaN,NaN,NaN,NaN
34,4,0,659,695,576,481,462,378,324,307,NaN,NaN,NaN,NaN,NaN,NaN,NaN,NaN,NaN,NaN,NaN,NaN
35,4,0,662,695,578,483,465,380,327,310,NaN,NaN,NaN,NaN,NaN,NaN,NaN,NaN,NaN,NaN,NaN,NaN
36,4,0,666,695,581,484,469,381,331,311,NaN,NaN,NaN,NaN,NaN,NaN,NaN,NaN,NaN,NaN,NaN,NaN
37,4,0,672,695,585,484,473,381,336,312,NaN,NaN,NaN,NaN,NaN,NaN,NaN,NaN,NaN,NaN,NaN,NaN
38,4,0,678,695,590,484,477,381,341,312,NaN,NaN,NaN,NaN,NaN,NaN,NaN,NaN,NaN,NaN,NaN,NaN
39,4,0,683,695,593,483,482,380,344,313,NaN,NaN,NaN,NaN,NaN,NaN,NaN,NaN,NaN,NaN,NaN,NaN
40,4,0,688,695,597,482,485,379,348,313,NaN,NaN,NaN,NaN,NaN,NaN,NaN,NaN,NaN,NaN,NaN,NaN
41,4,0,691,695,599,481,487,379,350,313,NaN,NaN,NaN,NaN,NaN,NaN,NaN,NaN,NaN,NaN,NaN,NaN
42,4,0,694,695,600,480,488,378,350,313,NaN,NaN,NaN,NaN,NaN,NaN,NaN,NaN,NaN,NaN,NaN,NaN
43,4,0,696,695,600,479,489,377,351,313,NaN,NaN,NaN,NaN,NaN,NaN,NaN,NaN,NaN,NaN,NaN,NaN
44,4,0,698,695,600,477,489,377,351,313,NaN,NaN,NaN,NaN,NaN,NaN,NaN,NaN,NaN,NaN,NaN,NaN
45,4,0,700,695,600,476,490,376,351,313,NaN,NaN,NaN,NaN,NaN,NaN,NaN,NaN,NaN,NaN,NaN,NaN
46,4,0,702,695,600,475,491,377,352,314,NaN,NaN,NaN,NaN,NaN,NaN,NaN,NaN,NaN,NaN,NaN,NaN
47,4,0,705,695,601,476,493,377,354,316,NaN,NaN,NaN,NaN,NaN,NaN,NaN,NaN,NaN,NaN,NaN,NaN
48,4,0,707,695,602,476,493,377,355,317,NaN,NaN,NaN,NaN,NaN,NaN,NaN,NaN,NaN,NaN,NaN,NaN
49,4,0,710,695,602,475,493,377,356,317,NaN,NaN,NaN,NaN,NaN,NaN,NaN,NaN,NaN,NaN,NaN,NaN
50,4,0,712,695,602,474,494,376,356,318,NaN,NaN,NaN,NaN,NaN,NaN,NaN,NaN,NaN,NaN,NaN,NaN
51,4,0,714,695,602,473,494,376,356,318,NaN,NaN,NaN,NaN,NaN,NaN,NaN,NaN,NaN,NaN,NaN,NaN
52,4,0,717,695,602,471,495,374,357,317,NaN,NaN,NaN,NaN,NaN,NaN,NaN,NaN,NaN,NaN,NaN,NaN
53,4,0,720,695,603,468,496,372,359,316,NaN,NaN,NaN,NaN,NaN,NaN,NaN,NaN,NaN,NaN,NaN,NaN
54,4,0,723,695,604,465,497,370,359,315,NaN,NaN,NaN,NaN,NaN,NaN,NaN,NaN,NaN,NaN,NaN,NaN
55,4,0,725,695,603,462,497,369,359,314,NaN,NaN,NaN,NaN,NaN,NaN,NaN,NaN,NaN,NaN,NaN,NaN
56,4,0,726,695,602,459,497,366,359,312,NaN,NaN,NaN,NaN,NaN,NaN,NaN,NaN,NaN,NaN,NaN,NaN
57,4,0,728,695,601,456,496,364,358,310,NaN,NaN,NaN,NaN,NaN,NaN,NaN,NaN,NaN,NaN,NaN,NaN
58,4,1,728,695,599,452,494,362,356,310,NaN,NaN,NaN,NaN,NaN,NaN,NaN,NaN,NaN,NaN,NaN,NaN
59,5,0,723,695,597,451,493,362,356,310,318,297,NaN,NaN,NaN,NaN,NaN,NaN,NaN,NaN,NaN,NaN
60,5,0,718,695,597,453,492,362,354,310,316,299,NaN,NaN,NaN,NaN,NaN,NaN,NaN,NaN,NaN,NaN
61,5,0,712,695,594,454,490,363,352,312,313,300,NaN,NaN,NaN,NaN,NaN,NaN,NaN,NaN,NaN,NaN
62,5,0,706,695,593,455,488,365,351,314,310,302,NaN,NaN,NaN,NaN,NaN,NaN,NaN,NaN,NaN,NaN
63,5,0,702,695,592,458,487,367,351,316,308,303,NaN,NaN,NaN,NaN,NaN,NaN,NaN,NaN,NaN,NaN
64,5,0,699,695,594,459,489,369,352,318,308,305,NaN,NaN,NaN,NaN,NaN,NaN,NaN,NaN,NaN,NaN
65,5,0,698,695,595,461,490,371,353,320,309,307,NaN,NaN,NaN,NaN,NaN,NaN,NaN,NaN,NaN,NaN
66,5,0,698,695,596,463,491,372,355,321,309,308,NaN,NaN,NaN,NaN,NaN,NaN,NaN,NaN,NaN,NaN
67,5,0,696,695,597,464,492,374,355,323,309,310,NaN,NaN,NaN,NaN,NaN,NaN,NaN,NaN,NaN,NaN
68,5,0,695,695,598,465,492,374,357,324,309,312,NaN,NaN,NaN,NaN,NaN,NaN,NaN,NaN,NaN,NaN
69,5,0,694,695,598,467,493,375,357,325,308,314,NaN,NaN,NaN,NaN,NaN,NaN,NaN,NaN,NaN,NaN
70,5,0,693,695,599,468,493,376,357,325,307,315,NaN,NaN,NaN,NaN,NaN,NaN,NaN,NaN,NaN,NaN
71,5,0,693,695,600,467,494,375,358,324,307,315,NaN,NaN,NaN,NaN,NaN,NaN,NaN,NaN,NaN,NaN
72,5,0,694,695,602,466,496,373,360,322,308,314,NaN,NaN,NaN,NaN,NaN,NaN,NaN,NaN,NaN,NaN
73,5,0,695,695,604,465,498,372,362,321,308,313,NaN,NaN,NaN,NaN,NaN,NaN,NaN,NaN,NaN,NaN
74,5,0,696,695,606,465,500,371,364,321,309,313,NaN,NaN,NaN,NaN,NaN,NaN,NaN,NaN,NaN,NaN
75,5,0,697,695,607,466,501,372,366,321,308,313,NaN,NaN,NaN,NaN,NaN,NaN,NaN,NaN,NaN,NaN
76,5,0,697,695,608,467,503,373,367,322,308,314,NaN,NaN,NaN,NaN,NaN,NaN,NaN,NaN,NaN,NaN
77,5,0,698,695,610,469,504,374,369,322,308,315,NaN,NaN,NaN,NaN,NaN,NaN,NaN,NaN,NaN,NaN
78,5,0,701,695,613,471,507,375,372,324,309,317,NaN,NaN,NaN,NaN,NaN,NaN,NaN,NaN,NaN,NaN
79,5,0,702,695,615,473,509,377,374,326,309,319,NaN,NaN,NaN,NaN,NaN,NaN,NaN,NaN,NaN,NaN
80,5,0,704,695,617,475,511,379,376,327,309,320,NaN,NaN,NaN,NaN,NaN,NaN,NaN,NaN,NaN,NaN
81,5,0,705,695,618,477,512,380,377,328,307,322,NaN,NaN,NaN,NaN,NaN,NaN,NaN,NaN,NaN,NaN
82,5,1,705,695,618,477,512,380,377,328,307,322,NaN,NaN,NaN,NaN,NaN,NaN,NaN,NaN,NaN,NaN
83,5,0,704,695,619,478,513,381,378,329,307,322,NaN,NaN,NaN,NaN,NaN,NaN,NaN,NaN,NaN,NaN
84,5,0,703,695,620,479,514,381,378,329,308,323,NaN,NaN,NaN,NaN,NaN,NaN,NaN,NaN,NaN,NaN
85,5,0,702,695,620,480,514,382,379,329,308,323,NaN,NaN,NaN,NaN,NaN,NaN,NaN,NaN,NaN,NaN
86,5,0,701,695,620,481,514,382,379,329,307,323,NaN,NaN,NaN,NaN,NaN,NaN,NaN,NaN,NaN,NaN
87,5,0,699,695,620,482,514,382,378,329,306,323,NaN,NaN,NaN,NaN,NaN,NaN,NaN,NaN,NaN,NaN
88,5,0,695,695,619,485,513,384,377,331,305,324,NaN,NaN,NaN,NaN,NaN,NaN,NaN,NaN,NaN,NaN
89,5,0,691,695,618,489,512,387,376,333,304,326,NaN,NaN,NaN,NaN,NaN,NaN,NaN,NaN,NaN,NaN
90,5,0,687,695,617,492,511,389,375,335,302,329,NaN,NaN,NaN,NaN,NaN,NaN,NaN,NaN,NaN,NaN
91,5,0,684,695,616,496,510,391,374,337,302,330,NaN,NaN,NaN,NaN,NaN,NaN,NaN,NaN,NaN,NaN
92,5,0,681,695,616,499,510,394,374,338,302,332,NaN,NaN,NaN,NaN,NaN,NaN,NaN,NaN,NaN,NaN
93,5,0,679,695,616,502,510,396,374,340,302,333,NaN,NaN,NaN,NaN,NaN,NaN,NaN,NaN,NaN,NaN
94,5,0,677,695,617,505,511,398,375,342,302,335,NaN,NaN,NaN,NaN,NaN,NaN,NaN,NaN,NaN,NaN
95,5,0,676,695,617,508,511,399,375,343,303,336,NaN,NaN,NaN,NaN,NaN,NaN,NaN,NaN,NaN,NaN
96,5,0,675,695,618,510,512,401,376,344,304,337,NaN,NaN,NaN,NaN,NaN,NaN,NaN,NaN,NaN,NaN
97,5,0,673,695,618,512,512,401,376,344,303,337,NaN,NaN,NaN,NaN,NaN,NaN,NaN,NaN,NaN,NaN
98,5,0,672,695,618,513,512,401,375,344,303,336,NaN,NaN,NaN,NaN,NaN,NaN,NaN,NaN,NaN,NaN
99,5,0,671,695,618,513,512,401,375,343,303,336,NaN,NaN,NaN,NaN,NaN,NaN,NaN,NaN,NaN,NaN
100,5,0,670,695,618,514,512,401,375,343,303,335,NaN,NaN,NaN,NaN,NaN,NaN,NaN,NaN,NaN,NaN
101,5,0,669,695,618,515,512,401,375,343,303,335,NaN,NaN,NaN,NaN,NaN,NaN,NaN,NaN,NaN,NaN
102,5,0,668,695,618,516,512,402,374,343,302,336,NaN,NaN,NaN,NaN,NaN,NaN,NaN,NaN,NaN,NaN
103,6,0,664,695,601,501,498,396,366,344,215,321,217,307,NaN,NaN,NaN,NaN,NaN,NaN,NaN,NaN
104,6,0,663,695,599,502,497,396,365,345,210,322,213,307,NaN,NaN,NaN,NaN,NaN,NaN,NaN,NaN
105,6,0,662,695,599,502,496,397,364,345,204,321,207,307,NaN,NaN,NaN,NaN,NaN,NaN,NaN,NaN
106,6,0,662,695,598,502,496,397,364,346,199,320,202,307,NaN,NaN,NaN,NaN,NaN,NaN,NaN,NaN
107,6,0,662,695,599,503,497,397,365,346,194,321,197,307,NaN,NaN,NaN,NaN,NaN,NaN,NaN,NaN
108,6,0,662,695,599,504,497,398,365,347,190,322,194,308,NaN,NaN,NaN,NaN,NaN,NaN,NaN,NaN
109,6,0,663,695,600,505,498,399,366,348,189,321,189,310,NaN,NaN,NaN,NaN,NaN,NaN,NaN,NaN
110,6,0,663,695,600,506,498,399,367,348,188,321,186,311,NaN,NaN,NaN,NaN,NaN,NaN,NaN,NaN
111,6,0,663,695,600,506,498,399,367,348,183,322,178,313,NaN,NaN,NaN,NaN,NaN,NaN,NaN,NaN
112,6,0,662,695,599,507,498,399,366,348,177,322,171,313,NaN,NaN,NaN,NaN,NaN,NaN,NaN,NaN
113,6,0,661,695,599,508,497,400,366,349,171,323,165,313,NaN,NaN,NaN,NaN,NaN,NaN,NaN,NaN
114,6,0,661,695,599,507,497,399,367,349,167,321,163,311,NaN,NaN,NaN,NaN,NaN,NaN,NaN,NaN
115,6,0,664,695,601,506,500,398,370,347,164,320,160,310,NaN,NaN,NaN,NaN,NaN,NaN,NaN,NaN
116,6,0,666,695,603,505,503,396,373,345,164,319,157,309,NaN,NaN,NaN,NaN,NaN,NaN,NaN,NaN
117,6,0,668,695,606,504,505,395,376,344,162,318,155,308,NaN,NaN,NaN,NaN,NaN,NaN,NaN,NaN
118,6,0,669,695,607,505,507,395,378,345,159,318,152,308,NaN,NaN,NaN,NaN,NaN,NaN,NaN,NaN
119,6,0,670,695,608,505,509,395,381,345,156,319,149,309,NaN,NaN,NaN,NaN,NaN,NaN,NaN,NaN
120,6,0,672,695,610,505,511,395,383,345,152,320,145,311,NaN,NaN,NaN,NaN,NaN,NaN,NaN,NaN
121,6,0,673,695,612,505,514,395,386,345,149,322,142,311,NaN,NaN,NaN,NaN,NaN,NaN,NaN,NaN
122,6,0,676,695,614,505,516,395,389,345,146,323,140,311,NaN,NaN,NaN,NaN,NaN,NaN,NaN,NaN
123,6,0,677,695,616,506,519,395,392,345,141,323,134,310,NaN,NaN,NaN,NaN,NaN,NaN,NaN,NaN
124,6,0,678,695,617,506,520,395,394,345,142,323,129,311,NaN,NaN,NaN,NaN,NaN,NaN,NaN,NaN
125,6,0,678,695,617,506,521,395,396,346,143,323,121,311,NaN,NaN,NaN,NaN,NaN,NaN,NaN,NaN
126,6,0,677,695,616,506,521,395,396,345,144,323,113,311,NaN,NaN,NaN,NaN,NaN,NaN,NaN,NaN
127,6,0,676,695,616,506,521,395,396,345,144,322,104,310,NaN,NaN,NaN,NaN,NaN,NaN,NaN,NaN
128,6,0,675,695,614,506,520,394,396,345,144,322,92,311,NaN,NaN,NaN,NaN,NaN,NaN,NaN,NaN
129,6,0,673,695,613,506,520,394,396,345,144,321,79,310,NaN,NaN,NaN,NaN,NaN,NaN,NaN,NaN
130,6,0,672,695,612,506,519,394,396,345,144,321,66,311,NaN,NaN,NaN,NaN,NaN,NaN,NaN,NaN
131,6,0,669,695,610,507,518,395,395,346,143,322,51,311,NaN,NaN,NaN,NaN,NaN,NaN,NaN,NaN
132,6,0,668,695,608,508,517,395,394,346,143,322,42,311,NaN,NaN,NaN,NaN,NaN,NaN,NaN,NaN
133,6,0,666,695,608,507,517,395,395,346,143,321,30,309,NaN,NaN,NaN,NaN,NaN,NaN,NaN,NaN
134,6,0,666,695,608,507,518,395,396,346,145,321,20,307,NaN,NaN,NaN,NaN,NaN,NaN,NaN,NaN
135,6,0,667,695,609,507,519,394,398,345,147,320,20,306,NaN,NaN,NaN,NaN,NaN,NaN,NaN,NaN
136,6,0,668,695,610,507,521,394,401,345,150,320,20,305,NaN,NaN,NaN,NaN,NaN,NaN,NaN,NaN
137,6,0,669,695,611,506,523,393,403,345,154,319,20,304,NaN,NaN,NaN,NaN,NaN,NaN,NaN,NaN
138,6,0,670,695,612,506,525,393,405,344,157,318,20,303,NaN,NaN,NaN,NaN,NaN,NaN,NaN,NaN
139,6,0,670,695,613,505,526,393,407,344,159,318,22,302,NaN,NaN,NaN,NaN,NaN,NaN,NaN,NaN
140,6,0,671,695,613,505,527,392,408,344,160,317,24,302,NaN,NaN,NaN,NaN,NaN,NaN,NaN,NaN
141,6,0,671,695,613,504,528,392,410,344,162,317,26,301,NaN,NaN,NaN,NaN,NaN,NaN,NaN,NaN
142,6,0,671,695,614,503,528,391,411,343,163,316,28,300,NaN,NaN,NaN,NaN,NaN,NaN,NaN,NaN
143,6,0,672,695,614,502,529,390,412,342,165,315,30,299,NaN,NaN,NaN,NaN,NaN,NaN,NaN,NaN
144,6,0,672,695,614,501,529,389,413,342,166,313,31,297,NaN,NaN,NaN,NaN,NaN,NaN,NaN,NaN
145,6,0,673,695,614,499,530,388,414,341,167,312,33,296,NaN,NaN,NaN,NaN,NaN,NaN,NaN,NaN
146,6,0,673,695,614,498,530,387,414,340,168,312,34,295,NaN,NaN,NaN,NaN,NaN,NaN,NaN,NaN
147,6,0,673,695,614,497,531,387,415,340,169,311,35,294,NaN,NaN,NaN,NaN,NaN,NaN,NaN,NaN
148,6,0,673,695,615,496,532,386,416,339,171,310,37,293,NaN,NaN,NaN,NaN,NaN,NaN,NaN,NaN
149,6,0,675,695,615,495,533,385,418,339,172,309,40,293,NaN,NaN,NaN,NaN,NaN,NaN,NaN,NaN
150,6,0,676,695,617,495,535,385,420,339,175,309,43,292,NaN,NaN,NaN,NaN,NaN,NaN,NaN,NaN
151,6,0,678,695,618,494,536,384,422,338,178,308,46,291,NaN,NaN,NaN,NaN,NaN,NaN,NaN,NaN
152,6,0,678,695,619,492,538,383,423,337,180,306,48,290,NaN,NaN,NaN,NaN,NaN,NaN,NaN,NaN
153,6,0,679,695,620,490,539,382,425,336,182,305,50,288,NaN,NaN,NaN,NaN,NaN,NaN,NaN,NaN
154,6,0,679,695,620,489,540,380,426,335,183,303,52,286,NaN,NaN,NaN,NaN,NaN,NaN,NaN,NaN
155,6,0,680,695,621,488,541,380,427,334,185,303,54,286,NaN,NaN,NaN,NaN,NaN,NaN,NaN,NaN
156,6,0,680,695,621,489,542,380,429,335,187,303,56,286,NaN,NaN,NaN,NaN,NaN,NaN,NaN,NaN
157,6,0,680,695,622,490,543,382,430,337,188,304,59,287,NaN,NaN,NaN,NaN,NaN,NaN,NaN,NaN
158,6,0,680,695,622,491,544,383,432,338,190,306,61,288,NaN,NaN,NaN,NaN,NaN,NaN,NaN,NaN
159,6,0,681,695,623,492,545,385,433,339,192,307,63,289,NaN,NaN,NaN,NaN,NaN,NaN,NaN,NaN
160,6,0,680,695,623,493,545,385,434,340,194,307,65,289,NaN,NaN,NaN,NaN,NaN,NaN,NaN,NaN
161,6,0,680,695,622,492,545,385,435,340,195,307,67,288,NaN,NaN,NaN,NaN,NaN,NaN,NaN,NaN
162,6,0,679,695,622,491,545,385,435,340,195,306,68,288,NaN,NaN,NaN,NaN,NaN,NaN,NaN,NaN
163,6,0,678,695,622,491,546,384,435,340,196,306,69,287,NaN,NaN,NaN,NaN,NaN,NaN,NaN,NaN
164,6,1,678,695,621,489,545,384,435,340,196,306,69,287,NaN,NaN,NaN,NaN,NaN,NaN,NaN,NaN
165,6,0,675,695,622,490,547,385,437,340,197,306,70,287,NaN,NaN,NaN,NaN,NaN,NaN,NaN,NaN
166,6,0,675,695,624,492,549,385,439,340,200,306,74,287,NaN,NaN,NaN,NaN,NaN,NaN,NaN,NaN
167,6,0,673,695,626,493,551,386,442,341,202,306,77,287,NaN,NaN,NaN,NaN,NaN,NaN,NaN,NaN
168,6,0,672,695,628,495,554,387,445,342,206,306,80,287,NaN,NaN,NaN,NaN,NaN,NaN,NaN,NaN
169,6,0,672,695,631,496,557,388,448,342,208,307,83,287,NaN,NaN,NaN,NaN,NaN,NaN,NaN,NaN
170,6,0,672,695,633,498,560,388,451,343,211,307,85,287,NaN,NaN,NaN,NaN,NaN,NaN,NaN,NaN
171,6,0,670,695,634,499,562,389,454,343,213,307,87,287,NaN,NaN,NaN,NaN,NaN,NaN,NaN,NaN
172,6,0,669,695,635,500,563,390,455,343,214,307,89,287,NaN,NaN,NaN,NaN,NaN,NaN,NaN,NaN
173,6,0,667,695,636,501,564,390,457,344,215,307,89,287,NaN,NaN,NaN,NaN,NaN,NaN,NaN,NaN
174,6,0,665,695,636,503,565,391,458,345,215,308,89,287,NaN,NaN,NaN,NaN,NaN,NaN,NaN,NaN
175,6,0,664,695,637,505,567,392,459,345,216,308,90,287,NaN,NaN,NaN,NaN,NaN,NaN,NaN,NaN
176,6,0,663,695,638,507,568,393,461,346,217,308,91,287,NaN,NaN,NaN,NaN,NaN,NaN,NaN,NaN
177,6,0,661,695,638,508,569,395,462,347,218,309,91,287,NaN,NaN,NaN,NaN,NaN,NaN,NaN,NaN
178,6,0,659,695,638,511,570,396,464,348,219,310,92,288,NaN,NaN,NaN,NaN,NaN,NaN,NaN,NaN
179,6,0,657,695,638,514,570,398,464,349,220,311,91,289,NaN,NaN,NaN,NaN,NaN,NaN,NaN,NaN
180,6,0,655,695,638,516,571,400,465,351,220,312,91,290,NaN,NaN,NaN,NaN,NaN,NaN,NaN,NaN
181,6,0,654,695,639,518,572,401,467,352,221,313,91,291,NaN,NaN,NaN,NaN,NaN,NaN,NaN,NaN
182,6,0,654,695,640,520,574,402,468,353,222,314,91,291,NaN,NaN,NaN,NaN,NaN,NaN,NaN,NaN
183,6,0,654,695,641,523,576,404,471,354,224,315,92,292,NaN,NaN,NaN,NaN,NaN,NaN,NaN,NaN
184,6,0,655,695,644,525,579,405,474,355,227,316,94,292,NaN,NaN,NaN,NaN,NaN,NaN,NaN,NaN
185,6,0,656,695,646,527,582,407,477,357,230,317,96,293,NaN,NaN,NaN,NaN,NaN,NaN,NaN,NaN
186,6,0,658,695,648,530,584,409,480,358,233,318,98,294,NaN,NaN,NaN,NaN,NaN,NaN,NaN,NaN
187,6,0,659,695,650,532,586,410,482,359,234,319,99,295,NaN,NaN,NaN,NaN,NaN,NaN,NaN,NaN
188,6,0,660,695,651,535,587,412,483,361,235,320,99,296,NaN,NaN,NaN,NaN,NaN,NaN,NaN,NaN
189,6,0,660,695,653,538,589,414,485,362,236,321,100,296,NaN,NaN,NaN,NaN,NaN,NaN,NaN,NaN
190,6,0,660,695,654,540,590,416,486,364,237,322,100,297,NaN,NaN,NaN,NaN,NaN,NaN,NaN,NaN
191,6,0,661,695,655,544,591,419,487,366,237,324,99,298,NaN,NaN,NaN,NaN,NaN,NaN,NaN,NaN
192,6,0,660,695,655,549,591,423,487,369,236,328,98,301,NaN,NaN,NaN,NaN,NaN,NaN,NaN,NaN
193,6,0,660,695,655,555,591,427,486,373,234,331,95,305,NaN,NaN,NaN,NaN,NaN,NaN,NaN,NaN
194,6,0,659,695,655,559,591,431,486,377,233,334,94,308,NaN,NaN,NaN,NaN,NaN,NaN,NaN,NaN
195,6,0,660,695,656,564,591,434,487,380,232,337,92,310,NaN,NaN,NaN,NaN,NaN,NaN,NaN,NaN
196,6,0,661,695,657,567,592,437,487,382,232,339,91,312,NaN,NaN,NaN,NaN,NaN,NaN,NaN,NaN
197,6,0,662,695,658,570,594,439,488,383,232,340,90,313,NaN,NaN,NaN,NaN,NaN,NaN,NaN,NaN
198,6,0,664,695,660,573,595,440,490,385,233,341,89,313,NaN,NaN,NaN,NaN,NaN,NaN,NaN,NaN
199,6,0,666,695,662,576,597,442,491,386,233,342,89,314,NaN,NaN,NaN,NaN,NaN,NaN,NaN,NaN
200,6,0,668,695,664,579,599,444,492,388,233,343,88,315,NaN,NaN,NaN,NaN,NaN,NaN,NaN,NaN
201,6,0,669,695,666,582,600,446,493,389,233,344,88,315,NaN,NaN,NaN,NaN,NaN,NaN,NaN,NaN
202,6,0,671,695,668,585,601,448,494,391,233,345,87,316,NaN,NaN,NaN,NaN,NaN,NaN,NaN,NaN
203,6,0,672,695,670,589,603,450,495,392,234,346,87,316,NaN,NaN,NaN,NaN,NaN,NaN,NaN,NaN
204,6,0,675,695,672,591,605,451,498,393,235,346,88,316,NaN,NaN,NaN,NaN,NaN,NaN,NaN,NaN
205,6,0,679,695,677,593,610,452,501,393,239,346,90,316,NaN,NaN,NaN,NaN,NaN,NaN,NaN,NaN
206,6,0,684,695,682,596,615,453,506,394,244,346,95,316,NaN,NaN,NaN,NaN,NaN,NaN,NaN,NaN
207,6,0,689,695,688,599,620,455,511,395,248,347,100,317,NaN,NaN,NaN,NaN,NaN,NaN,NaN,NaN
208,6,0,693,695,692,603,624,457,516,397,252,348,103,318,NaN,NaN,NaN,NaN,NaN,NaN,NaN,NaN
209,6,0,696,695,695,606,627,459,518,399,254,350,105,319,NaN,NaN,NaN,NaN,NaN,NaN,NaN,NaN
210,6,0,698,695,697,610,628,461,519,400,255,351,105,320,NaN,NaN,NaN,NaN,NaN,NaN,NaN,NaN
211,6,0,699,695,698,613,629,464,520,402,254,352,104,321,NaN,NaN,NaN,NaN,NaN,NaN,NaN,NaN
212,6,0,700,695,699,616,630,465,521,403,255,353,103,321,NaN,NaN,NaN,NaN,NaN,NaN,NaN,NaN
213,6,0,700,695,699,618,631,467,522,404,254,354,102,322,NaN,NaN,NaN,NaN,NaN,NaN,NaN,NaN
214,6,0,701,695,700,621,631,468,522,405,254,355,101,322,NaN,NaN,NaN,NaN,NaN,NaN,NaN,NaN
215,6,0,701,695,701,623,632,470,523,406,253,355,100,323,NaN,NaN,NaN,NaN,NaN,NaN,NaN,NaN
216,6,0,702,695,701,626,632,471,523,407,253,356,98,323,NaN,NaN,NaN,NaN,NaN,NaN,NaN,NaN
217,6,0,702,695,701,628,633,472,523,408,252,357,97,323,NaN,NaN,NaN,NaN,NaN,NaN,NaN,NaN
218,6,0,702,695,701,631,633,474,523,409,252,357,95,324,NaN,NaN,NaN,NaN,NaN,NaN,NaN,NaN
219,6,0,701,695,701,634,633,475,523,410,251,358,93,324,NaN,NaN,NaN,NaN,NaN,NaN,NaN,NaN
220,6,0,700,695,700,637,632,477,522,412,249,359,91,325,NaN,NaN,NaN,NaN,NaN,NaN,NaN,NaN
221,6,0,699,695,699,641,632,479,521,414,247,360,88,326,NaN,NaN,NaN,NaN,NaN,NaN,NaN,NaN
222,6,0,698,695,698,644,631,482,521,416,245,362,85,327,NaN,NaN,NaN,NaN,NaN,NaN,NaN,NaN
223,6,0,698,695,697,649,630,485,520,418,244,364,83,329,NaN,NaN,NaN,NaN,NaN,NaN,NaN,NaN
224,6,0,697,695,696,653,630,488,520,421,242,366,81,331,NaN,NaN,NaN,NaN,NaN,NaN,NaN,NaN
225,6,0,697,695,696,656,630,489,520,422,242,367,79,331,NaN,NaN,NaN,NaN,NaN,NaN,NaN,NaN
226,6,0,697,695,696,658,630,490,521,423,242,368,78,332,NaN,NaN,NaN,NaN,NaN,NaN,NaN,NaN
227,6,0,697,695,696,660,631,491,521,423,241,368,77,332,NaN,NaN,NaN,NaN,NaN,NaN,NaN,NaN
228,6,0,698,695,697,662,632,492,522,423,242,367,77,331,NaN,NaN,NaN,NaN,NaN,NaN,NaN,NaN
229,6,0,699,695,698,663,633,491,523,422,242,366,76,330,NaN,NaN,NaN,NaN,NaN,NaN,NaN,NaN
230,6,0,700,695,699,664,634,491,524,422,242,365,75,328,NaN,NaN,NaN,NaN,NaN,NaN,NaN,NaN
231,6,0,699,695,699,664,634,490,524,421,241,364,73,327,NaN,NaN,NaN,NaN,NaN,NaN,NaN,NaN
232,6,0,698,695,698,665,633,490,522,420,238,363,69,326,NaN,NaN,NaN,NaN,NaN,NaN,NaN,NaN
233,6,0,697,695,697,667,632,490,521,420,235,363,65,325,NaN,NaN,NaN,NaN,NaN,NaN,NaN,NaN
234,6,0,696,695,696,669,631,491,520,421,233,363,62,325,NaN,NaN,NaN,NaN,NaN,NaN,NaN,NaN
235,6,0,695,695,695,671,630,492,519,421,231,363,59,325,NaN,NaN,NaN,NaN,NaN,NaN,NaN,NaN
236,6,0,694,695,694,674,629,494,518,422,228,364,55,325,NaN,NaN,NaN,NaN,NaN,NaN,NaN,NaN
237,6,0,693,695,693,676,627,495,516,423,225,365,50,326,NaN,NaN,NaN,NaN,NaN,NaN,NaN,NaN
238,6,0,692,695,692,678,626,496,514,424,222,365,45,326,NaN,NaN,NaN,NaN,NaN,NaN,NaN,NaN
239,5,1,692,695,626,496,514,424,221,365,44,326,NaN,NaN,NaN,NaN,NaN,NaN,NaN,NaN,NaN,NaN
240,4,0,690,695,625,496,513,424,219,365,NaN,NaN,NaN,NaN,NaN,NaN,NaN,NaN,NaN,NaN,NaN,NaN
241,4,0,690,695,625,496,513,424,217,364,NaN,NaN,NaN,NaN,NaN,NaN,NaN,NaN,NaN,NaN,NaN,NaN
242,4,0,690,695,626,496,513,423,216,364,NaN,NaN,NaN,NaN,NaN,NaN,NaN,NaN,NaN,NaN,NaN,NaN
243,4,0,690,695,626,496,513,423,216,363,NaN,NaN,NaN,NaN,NaN,NaN,NaN,NaN,NaN,NaN,NaN,NaN
244,4,0,691,695,627,495,513,422,215,362,NaN,NaN,NaN,NaN,NaN,NaN,NaN,NaN,NaN,NaN,NaN,NaN
245,4,0,692,695,628,495,514,421,214,361,NaN,NaN,NaN,NaN,NaN,NaN,NaN,NaN,NaN,NaN,NaN,NaN
246,4,0,694,695,630,494,515,419,214,359,NaN,NaN,NaN,NaN,NaN,NaN,NaN,NaN,NaN,NaN,NaN,NaN
247,4,0,696,693,632,491,516,417,214,356,NaN,NaN,NaN,NaN,NaN,NaN,NaN,NaN,NaN,NaN,NaN,NaN
248,4,0,697,694,634,490,517,416,214,355,NaN,NaN,NaN,NaN,NaN,NaN,NaN,NaN,NaN,NaN,NaN,NaN
249,4,0,699,695,636,490,518,416,215,355,NaN,NaN,NaN,NaN,NaN,NaN,NaN,NaN,NaN,NaN,NaN,NaN
250,4,0,700,695,638,491,519,416,215,355,NaN,NaN,NaN,NaN,NaN,NaN,NaN,NaN,NaN,NaN,NaN,NaN
251,4,0,701,695,640,492,521,417,217,355,NaN,NaN,NaN,NaN,NaN,NaN,NaN,NaN,NaN,NaN,NaN,NaN
252,4,0,704,695,643,493,523,417,218,356,NaN,NaN,NaN,NaN,NaN,NaN,NaN,NaN,NaN,NaN,NaN,NaN
253,4,0,704,695,645,494,524,418,219,356,NaN,NaN,NaN,NaN,NaN,NaN,NaN,NaN,NaN,NaN,NaN,NaN
254,4,0,703,695,646,496,525,419,219,357,NaN,NaN,NaN,NaN,NaN,NaN,NaN,NaN,NaN,NaN,NaN,NaN
255,4,0,702,695,646,497,524,420,218,358,NaN,NaN,NaN,NaN,NaN,NaN,NaN,NaN,NaN,NaN,NaN,NaN
256,4,0,700,695,645,497,523,420,216,358,NaN,NaN,NaN,NaN,NaN,NaN,NaN,NaN,NaN,NaN,NaN,NaN
257,4,0,698,695,645,498,522,420,214,357,NaN,NaN,NaN,NaN,NaN,NaN,NaN,NaN,NaN,NaN,NaN,NaN
258,4,0,697,695,644,499,521,420,212,357,NaN,NaN,NaN,NaN,NaN,NaN,NaN,NaN,NaN,NaN,NaN,NaN
259,4,0,695,695,644,500,521,420,211,358,NaN,NaN,NaN,NaN,NaN,NaN,NaN,NaN,NaN,NaN,NaN,NaN
260,4,0,694,695,644,501,520,421,209,358,NaN,NaN,NaN,NaN,NaN,NaN,NaN,NaN,NaN,NaN,NaN,NaN
261,4,0,693,695,645,502,520,422,208,359,NaN,NaN,NaN,NaN,NaN,NaN,NaN,NaN,NaN,NaN,NaN,NaN
262,4,0,692,695,645,504,520,423,206,360,NaN,NaN,NaN,NaN,NaN,NaN,NaN,NaN,NaN,NaN,NaN,NaN
263,4,0,691,695,645,506,519,424,204,361,NaN,NaN,NaN,NaN,NaN,NaN,NaN,NaN,NaN,NaN,NaN,NaN
264,4,0,689,695,644,509,518,427,202,363,NaN,NaN,NaN,NaN,NaN,NaN,NaN,NaN,NaN,NaN,NaN,NaN
265,4,0,687,695,643,512,516,430,199,366,NaN,NaN,NaN,NaN,NaN,NaN,NaN,NaN,NaN,NaN,NaN,NaN
266,4,0,684,695,642,516,514,432,195,369,NaN,NaN,NaN,NaN,NaN,NaN,NaN,NaN,NaN,NaN,NaN,NaN
267,4,0,681,695,641,518,513,435,192,371,NaN,NaN,NaN,NaN,NaN,NaN,NaN,NaN,NaN,NaN,NaN,NaN
268,4,0,678,695,639,520,511,436,188,372,NaN,NaN,NaN,NaN,NaN,NaN,NaN,NaN,NaN,NaN,NaN,NaN
269,4,0,675,695,638,523,508,438,185,374,NaN,NaN,NaN,NaN,NaN,NaN,NaN,NaN,NaN,NaN,NaN,NaN
270,4,0,672,695,636,524,506,439,181,375,NaN,NaN,NaN,NaN,NaN,NaN,NaN,NaN,NaN,NaN,NaN,NaN
271,4,0,670,695,635,525,505,439,179,375,NaN,NaN,NaN,NaN,NaN,NaN,NaN,NaN,NaN,NaN,NaN,NaN
272,4,0,670,695,636,524,505,438,178,374,NaN,NaN,NaN,NaN,NaN,NaN,NaN,NaN,NaN,NaN,NaN,NaN
273,4,0,670,695,637,523,505,435,177,371,NaN,NaN,NaN,NaN,NaN,NaN,NaN,NaN,NaN,NaN,NaN,NaN
274,4,0,671,695,638,521,506,434,177,370,NaN,NaN,NaN,NaN,NaN,NaN,NaN,NaN,NaN,NaN,NaN,NaN
275,4,0,670,695,638,522,506,434,175,369,NaN,NaN,NaN,NaN,NaN,NaN,NaN,NaN,NaN,NaN,NaN,NaN
276,4,0,669,695,638,523,504,435,173,370,NaN,NaN,NaN,NaN,NaN,NaN,NaN,NaN,NaN,NaN,NaN,NaN
277,4,0,667,695,637,526,503,436,170,372,NaN,NaN,NaN,NaN,NaN,NaN,NaN,NaN,NaN,NaN,NaN,NaN
278,4,0,665,695,636,528,501,438,166,374,NaN,NaN,NaN,NaN,NaN,NaN,NaN,NaN,NaN,NaN,NaN,NaN
279,4,0,663,695,634,531,498,440,162,376,NaN,NaN,NaN,NaN,NaN,NaN,NaN,NaN,NaN,NaN,NaN,NaN
280,4,0,660,695,633,534,496,443,158,378,NaN,NaN,NaN,NaN,NaN,NaN,NaN,NaN,NaN,NaN,NaN,NaN
281,4,0,658,695,631,536,493,445,153,380,NaN,NaN,NaN,NaN,NaN,NaN,NaN,NaN,NaN,NaN,NaN,NaN
282,4,0,656,695,629,538,490,446,148,381,NaN,NaN,NaN,NaN,NaN,NaN,NaN,NaN,NaN,NaN,NaN,NaN
283,4,0,655,695,628,539,488,447,144,382,NaN,NaN,NaN,NaN,NaN,NaN,NaN,NaN,NaN,NaN,NaN,NaN
284,4,0,654,695,628,539,486,447,140,382,NaN,NaN,NaN,NaN,NaN,NaN,NaN,NaN,NaN,NaN,NaN,NaN
285,4,0,654,695,628,539,485,447,136,382,NaN,NaN,NaN,NaN,NaN,NaN,NaN,NaN,NaN,NaN,NaN,NaN
286,4,0,655,695,629,539,485,446,134,381,NaN,NaN,NaN,NaN,NaN,NaN,NaN,NaN,NaN,NaN,NaN,NaN
287,4,0,657,695,631,539,485,446,131,381,NaN,NaN,NaN,NaN,NaN,NaN,NaN,NaN,NaN,NaN,NaN,NaN
288,4,0,658,695,633,540,485,445,129,380,NaN,NaN,NaN,NaN,NaN,NaN,NaN,NaN,NaN,NaN,NaN,NaN
289,4,0,659,695,635,542,485,447,127,382,NaN,NaN,NaN,NaN,NaN,NaN,NaN,NaN,NaN,NaN,NaN,NaN
290,4,0,661,695,636,544,486,448,126,383,NaN,NaN,NaN,NaN,NaN,NaN,NaN,NaN,NaN,NaN,NaN,NaN
291,4,0,663,695,638,545,487,448,123,382,NaN,NaN,NaN,NaN,NaN,NaN,NaN,NaN,NaN,NaN,NaN,NaN
292,4,0,666,695,638,544,488,446,124,381,NaN,NaN,NaN,NaN,NaN,NaN,NaN,NaN,NaN,NaN,NaN,NaN
293,4,0,668,695,641,544,490,445,124,380,NaN,NaN,NaN,NaN,NaN,NaN,NaN,NaN,NaN,NaN,NaN,NaN
294,4,0,670,695,643,545,490,444,121,377,NaN,NaN,NaN,NaN,NaN,NaN,NaN,NaN,NaN,NaN,NaN,NaN
295,4,0,669,695,642,543,488,442,118,375,NaN,NaN,NaN,NaN,NaN,NaN,NaN,NaN,NaN,NaN,NaN,NaN
296,4,0,668,695,641,544,487,442,115,375,NaN,NaN,NaN,NaN,NaN,NaN,NaN,NaN,NaN,NaN,NaN,NaN
297,4,0,667,695,641,546,485,443,111,376,NaN,NaN,NaN,NaN,NaN,NaN,NaN,NaN,NaN,NaN,NaN,NaN
298,4,0,666,695,641,551,483,447,107,379,NaN,NaN,NaN,NaN,NaN,NaN,NaN,NaN,NaN,NaN,NaN,NaN
299,4,0,664,695,640,558,481,451,103,384,NaN,NaN,NaN,NaN,NaN,NaN,NaN,NaN,NaN,NaN,NaN,NaN
300,4,0,663,695,639,564,479,457,99,389,NaN,NaN,NaN,NaN,NaN,NaN,NaN,NaN,NaN,NaN,NaN,NaN
301,4,0,661,695,638,571,478,462,95,394,NaN,NaN,NaN,NaN,NaN,NaN,NaN,NaN,NaN,NaN,NaN,NaN
302,4,0,660,695,637,578,476,467,91,399,NaN,NaN,NaN,NaN,NaN,NaN,NaN,NaN,NaN,NaN,NaN,NaN
303,4,0,658,695,637,583,474,471,87,403,NaN,NaN,NaN,NaN,NaN,NaN,NaN,NaN,NaN,NaN,NaN,NaN
304,4,0,657,695,636,587,473,474,83,405,NaN,NaN,NaN,NaN,NaN,NaN,NaN,NaN,NaN,NaN,NaN,NaN
305,4,0,655,695,634,591,470,477,78,408,NaN,NaN,NaN,NaN,NaN,NaN,NaN,NaN,NaN,NaN,NaN,NaN
306,4,0,653,695,632,595,467,479,73,409,NaN,NaN,NaN,NaN,NaN,NaN,NaN,NaN,NaN,NaN,NaN,NaN
307,4,0,651,695,632,599,465,481,69,411,NaN,NaN,NaN,NaN,NaN,NaN,NaN,NaN,NaN,NaN,NaN,NaN
308,4,0,651,695,632,605,464,484,65,414,NaN,NaN,NaN,NaN,NaN,NaN,NaN,NaN,NaN,NaN,NaN,NaN
309,4,0,650,695,632,610,464,488,63,417,NaN,NaN,NaN,NaN,NaN,NaN,NaN,NaN,NaN,NaN,NaN,NaN
310,4,0,650,695,632,615,464,491,61,420,NaN,NaN,NaN,NaN,NaN,NaN,NaN,NaN,NaN,NaN,NaN,NaN
311,4,0,649,695,632,620,463,494,58,423,NaN,NaN,NaN,NaN,NaN,NaN,NaN,NaN,NaN,NaN,NaN,NaN
312,4,0,648,695,631,624,462,497,55,424,NaN,NaN,NaN,NaN,NaN,NaN,NaN,NaN,NaN,NaN,NaN,NaN
313,4,0,648,695,630,627,460,499,52,425,NaN,NaN,NaN,NaN,NaN,NaN,NaN,NaN,NaN,NaN,NaN,NaN
314,4,0,647,695,630,629,459,498,49,424,NaN,NaN,NaN,NaN,NaN,NaN,NaN,NaN,NaN,NaN,NaN,NaN
315,4,0,647,695,630,629,459,497,46,423,NaN,NaN,NaN,NaN,NaN,NaN,NaN,NaN,NaN,NaN,NaN,NaN
316,4,0,646,695,629,631,457,497,43,422,NaN,NaN,NaN,NaN,NaN,NaN,NaN,NaN,NaN,NaN,NaN,NaN
317,4,0,644,695,626,634,454,497,38,422,NaN,NaN,NaN,NaN,NaN,NaN,NaN,NaN,NaN,NaN,NaN,NaN
318,4,0,640,695,623,637,450,499,31,423,NaN,NaN,NaN,NaN,NaN,NaN,NaN,NaN,NaN,NaN,NaN,NaN
319,4,1,640,695,623,637,450,499,31,423,NaN,NaN,NaN,NaN,NaN,NaN,NaN,NaN,NaN,NaN,NaN,NaN
320,4,0,635,695,620,640,450,498,31,424,NaN,NaN,NaN,NaN,NaN,NaN,NaN,NaN,NaN,NaN,NaN,NaN
321,4,0,630,695,618,643,449,498,31,424,NaN,NaN,NaN,NaN,NaN,NaN,NaN,NaN,NaN,NaN,NaN,NaN
322,4,0,626,695,615,647,449,497,36,425,NaN,NaN,NaN,NaN,NaN,NaN,NaN,NaN,NaN,NaN,NaN,NaN
323,4,0,622,695,613,650,449,497,39,426,NaN,NaN,NaN,NaN,NaN,NaN,NaN,NaN,NaN,NaN,NaN,NaN
324,4,0,619,695,612,653,450,497,42,427,NaN,NaN,NaN,NaN,NaN,NaN,NaN,NaN,NaN,NaN,NaN,NaN
325,4,0,617,695,611,657,451,496,45,427,NaN,NaN,NaN,NaN,NaN,NaN,NaN,NaN,NaN,NaN,NaN,NaN
326,4,0,618,695,612,660,455,495,49,427,NaN,NaN,NaN,NaN,NaN,NaN,NaN,NaN,NaN,NaN,NaN,NaN
327,4,0,619,695,613,663,459,494,52,425,NaN,NaN,NaN,NaN,NaN,NaN,NaN,NaN,NaN,NaN,NaN,NaN
328,4,0,620,695,615,667,463,493,56,425,NaN,NaN,NaN,NaN,NaN,NaN,NaN,NaN,NaN,NaN,NaN,NaN
329,4,0,620,695,615,671,466,492,59,424,NaN,NaN,NaN,NaN,NaN,NaN,NaN,NaN,NaN,NaN,NaN,NaN
330,4,0,620,695,616,675,469,491,60,423,NaN,NaN,NaN,NaN,NaN,NaN,NaN,NaN,NaN,NaN,NaN,NaN
331,3,1,620,695,472,489,64,422,NaN,NaN,NaN,NaN,NaN,NaN,NaN,NaN,NaN,NaN,NaN,NaN,NaN,NaN
332,3,0,613,695,466,491,58,424,NaN,NaN,NaN,NaN,NaN,NaN,NaN,NaN,NaN,NaN,NaN,NaN,NaN,NaN
333,3,0,605,695,459,493,56,425,NaN,NaN,NaN,NaN,NaN,NaN,NaN,NaN,NaN,NaN,NaN,NaN,NaN,NaN
334,3,0,598,695,453,495,52,427,NaN,NaN,NaN,NaN,NaN,NaN,NaN,NaN,NaN,NaN,NaN,NaN,NaN,NaN
335,3,0,592,695,448,495,51,428,NaN,NaN,NaN,NaN,NaN,NaN,NaN,NaN,NaN,NaN,NaN,NaN,NaN,NaN
336,3,0,588,695,442,497,50,430,NaN,NaN,NaN,NaN,NaN,NaN,NaN,NaN,NaN,NaN,NaN,NaN,NaN,NaN
337,3,0,583,695,438,499,51,431,NaN,NaN,NaN,NaN,NaN,NaN,NaN,NaN,NaN,NaN,NaN,NaN,NaN,NaN
338,3,0,579,695,434,500,50,432,NaN,NaN,NaN,NaN,NaN,NaN,NaN,NaN,NaN,NaN,NaN,NaN,NaN,NaN
339,3,0,573,695,428,500,49,433,NaN,NaN,NaN,NaN,NaN,NaN,NaN,NaN,NaN,NaN,NaN,NaN,NaN,NaN
340,3,0,568,695,422,501,47,433,NaN,NaN,NaN,NaN,NaN,NaN,NaN,NaN,NaN,NaN,NaN,NaN,NaN,NaN
341,3,0,563,695,415,502,46,434,NaN,NaN,NaN,NaN,NaN,NaN,NaN,NaN,NaN,NaN,NaN,NaN,NaN,NaN
342,3,0,557,695,410,503,44,435,NaN,NaN,NaN,NaN,NaN,NaN,NaN,NaN,NaN,NaN,NaN,NaN,NaN,NaN
343,3,0,553,695,405,506,43,438,NaN,NaN,NaN,NaN,NaN,NaN,NaN,NaN,NaN,NaN,NaN,NaN,NaN,NaN
344,3,0,549,695,400,508,45,439,NaN,NaN,NaN,NaN,NaN,NaN,NaN,NaN,NaN,NaN,NaN,NaN,NaN,NaN
345,3,0,547,695,398,511,47,442,NaN,NaN,NaN,NaN,NaN,NaN,NaN,NaN,NaN,NaN,NaN,NaN,NaN,NaN
346,3,0,544,695,395,512,48,443,NaN,NaN,NaN,NaN,NaN,NaN,NaN,NaN,NaN,NaN,NaN,NaN,NaN,NaN
347,3,0,542,695,391,514,50,445,NaN,NaN,NaN,NaN,NaN,NaN,NaN,NaN,NaN,NaN,NaN,NaN,NaN,NaN
348,3,0,540,695,388,516,51,446,NaN,NaN,NaN,NaN,NaN,NaN,NaN,NaN,NaN,NaN,NaN,NaN,NaN,NaN
349,3,0,537,695,384,516,51,447,NaN,NaN,NaN,NaN,NaN,NaN,NaN,NaN,NaN,NaN,NaN,NaN,NaN,NaN
350,3,0,534,695,380,517,52,447,NaN,NaN,NaN,NaN,NaN,NaN,NaN,NaN,NaN,NaN,NaN,NaN,NaN,NaN
351,3,0,532,695,376,518,52,448,NaN,NaN,NaN,NaN,NaN,NaN,NaN,NaN,NaN,NaN,NaN,NaN,NaN,NaN
352,3,0,529,695,371,518,52,449,NaN,NaN,NaN,NaN,NaN,NaN,NaN,NaN,NaN,NaN,NaN,NaN,NaN,NaN
353,3,0,526,695,365,520,51,450,NaN,NaN,NaN,NaN,NaN,NaN,NaN,NaN,NaN,NaN,NaN,NaN,NaN,NaN
354,3,0,523,695,360,522,50,451,NaN,NaN,NaN,NaN,NaN,NaN,NaN,NaN,NaN,NaN,NaN,NaN,NaN,NaN
355,3,0,519,695,354,523,50,452,NaN,NaN,NaN,NaN,NaN,NaN,NaN,NaN,NaN,NaN,NaN,NaN,NaN,NaN
356,3,0,517,695,349,524,49,452,NaN,NaN,NaN,NaN,NaN,NaN,NaN,NaN,NaN,NaN,NaN,NaN,NaN,NaN
357,3,0,514,695,344,524,49,453,NaN,NaN,NaN,NaN,NaN,NaN,NaN,NaN,NaN,NaN,NaN,NaN,NaN,NaN
358,3,0,514,695,340,524,49,452,NaN,NaN,NaN,NaN,NaN,NaN,NaN,NaN,NaN,NaN,NaN,NaN,NaN,NaN
359,3,0,513,695,337,523,49,451,NaN,NaN,NaN,NaN,NaN,NaN,NaN,NaN,NaN,NaN,NaN,NaN,NaN,NaN
360,3,0,513,695,333,522,49,450,NaN,NaN,NaN,NaN,NaN,NaN,NaN,NaN,NaN,NaN,NaN,NaN,NaN,NaN
361,3,0,513,695,330,521,50,449,NaN,NaN,NaN,NaN,NaN,NaN,NaN,NaN,NaN,NaN,NaN,NaN,NaN,NaN
362,3,0,513,695,327,521,50,448,NaN,NaN,NaN,NaN,NaN,NaN,NaN,NaN,NaN,NaN,NaN,NaN,NaN,NaN
363,3,0,514,695,324,520,50,447,NaN,NaN,NaN,NaN,NaN,NaN,NaN,NaN,NaN,NaN,NaN,NaN,NaN,NaN
364,3,0,514,695,321,519,50,446,NaN,NaN,NaN,NaN,NaN,NaN,NaN,NaN,NaN,NaN,NaN,NaN,NaN,NaN
365,3,0,515,695,319,519,51,445,NaN,NaN,NaN,NaN,NaN,NaN,NaN,NaN,NaN,NaN,NaN,NaN,NaN,NaN
366,3,0,518,695,318,518,51,444,NaN,NaN,NaN,NaN,NaN,NaN,NaN,NaN,NaN,NaN,NaN,NaN,NaN,NaN
367,3,0,520,695,316,517,52,443,NaN,NaN,NaN,NaN,NaN,NaN,NaN,NaN,NaN,NaN,NaN,NaN,NaN,NaN
368,3,0,523,695,314,517,52,442,NaN,NaN,NaN,NaN,NaN,NaN,NaN,NaN,NaN,NaN,NaN,NaN,NaN,NaN
369,3,0,524,695,312,516,51,441,NaN,NaN,NaN,NaN,NaN,NaN,NaN,NaN,NaN,NaN,NaN,NaN,NaN,NaN
370,3,0,526,695,309,515,51,440,NaN,NaN,NaN,NaN,NaN,NaN,NaN,NaN,NaN,NaN,NaN,NaN,NaN,NaN
371,3,0,528,695,307,515,51,438,NaN,NaN,NaN,NaN,NaN,NaN,NaN,NaN,NaN,NaN,NaN,NaN,NaN,NaN
372,3,0,531,695,306,515,49,437,NaN,NaN,NaN,NaN,NaN,NaN,NaN,NaN,NaN,NaN,NaN,NaN,NaN,NaN
373,3,0,534,695,304,514,49,436,NaN,NaN,NaN,NaN,NaN,NaN,NaN,NaN,NaN,NaN,NaN,NaN,NaN,NaN
374,3,0,537,695,303,514,48,435,NaN,NaN,NaN,NaN,NaN,NaN,NaN,NaN,NaN,NaN,NaN,NaN,NaN,NaN
375,3,0,539,695,301,513,47,434,NaN,NaN,NaN,NaN,NaN,NaN,NaN,NaN,NaN,NaN,NaN,NaN,NaN,NaN
376,3,0,540,695,299,514,46,431,NaN,NaN,NaN,NaN,NaN,NaN,NaN,NaN,NaN,NaN,NaN,NaN,NaN,NaN
377,3,0,538,695,293,512,44,430,NaN,NaN,NaN,NaN,NaN,NaN,NaN,NaN,NaN,NaN,NaN,NaN,NaN,NaN
378,3,0,536,695,287,510,42,427,NaN,NaN,NaN,NaN,NaN,NaN,NaN,NaN,NaN,NaN,NaN,NaN,NaN,NaN
379,3,0,536,695,283,506,41,423,NaN,NaN,NaN,NaN,NaN,NaN,NaN,NaN,NaN,NaN,NaN,NaN,NaN,NaN
380,3,0,537,695,280,503,39,419,NaN,NaN,NaN,NaN,NaN,NaN,NaN,NaN,NaN,NaN,NaN,NaN,NaN,NaN
381,3,0,539,695,278,501,38,415,NaN,NaN,NaN,NaN,NaN,NaN,NaN,NaN,NaN,NaN,NaN,NaN,NaN,NaN
382,3,0,540,695,276,498,37,411,NaN,NaN,NaN,NaN,NaN,NaN,NaN,NaN,NaN,NaN,NaN,NaN,NaN,NaN
383,3,0,541,695,273,496,37,409,NaN,NaN,NaN,NaN,NaN,NaN,NaN,NaN,NaN,NaN,NaN,NaN,NaN,NaN
384,3,0,541,695,269,494,39,407,NaN,NaN,NaN,NaN,NaN,NaN,NaN,NaN,NaN,NaN,NaN,NaN,NaN,NaN
385,3,0,541,695,265,491,40,405,NaN,NaN,NaN,NaN,NaN,NaN,NaN,NaN,NaN,NaN,NaN,NaN,NaN,NaN
386,3,0,541,695,261,489,42,403,NaN,NaN,NaN,NaN,NaN,NaN,NaN,NaN,NaN,NaN,NaN,NaN,NaN,NaN
387,3,0,540,695,257,486,43,401,NaN,NaN,NaN,NaN,NaN,NaN,NaN,NaN,NaN,NaN,NaN,NaN,NaN,NaN
388,3,0,540,695,253,484,45,399,NaN,NaN,NaN,NaN,NaN,NaN,NaN,NaN,NaN,NaN,NaN,NaN,NaN,NaN
389,3,0,539,695,250,481,47,397,NaN,NaN,NaN,NaN,NaN,NaN,NaN,NaN,NaN,NaN,NaN,NaN,NaN,NaN
390,3,1,539,695,245,478,45,396,NaN,NaN,NaN,NaN,NaN,NaN,NaN,NaN,NaN,NaN,NaN,NaN,NaN,NaN
391,3,0,536,695,246,477,49,393,NaN,NaN,NaN,NaN,NaN,NaN,NaN,NaN,NaN,NaN,NaN,NaN,NaN,NaN
392,3,0,531,695,246,476,52,392,NaN,NaN,NaN,NaN,NaN,NaN,NaN,NaN,NaN,NaN,NaN,NaN,NaN,NaN
393,3,0,527,695,248,475,56,390,NaN,NaN,NaN,NaN,NaN,NaN,NaN,NaN,NaN,NaN,NaN,NaN,NaN,NaN
394,3,0,511,695,234,471,58,391,NaN,NaN,NaN,NaN,NaN,NaN,NaN,NaN,NaN,NaN,NaN,NaN,NaN,NaN
395,3,0,503,695,232,471,61,391,NaN,NaN,NaN,NaN,NaN,NaN,NaN,NaN,NaN,NaN,NaN,NaN,NaN,NaN
396,3,0,495,695,230,470,62,390,NaN,NaN,NaN,NaN,NaN,NaN,NaN,NaN,NaN,NaN,NaN,NaN,NaN,NaN
397,3,0,487,695,228,471,65,391,NaN,NaN,NaN,NaN,NaN,NaN,NaN,NaN,NaN,NaN,NaN,NaN,NaN,NaN
398,3,0,480,695,226,471,67,391,NaN,NaN,NaN,NaN,NaN,NaN,NaN,NaN,NaN,NaN,NaN,NaN,NaN,NaN
399,3,0,474,695,226,471,71,392,NaN,NaN,NaN,NaN,NaN,NaN,NaN,NaN,NaN,NaN,NaN,NaN,NaN,NaN
400,3,0,469,695,225,472,74,393,NaN,NaN,NaN,NaN,NaN,NaN,NaN,NaN,NaN,NaN,NaN,NaN,NaN,NaN
401,3,0,465,695,225,471,77,393,NaN,NaN,NaN,NaN,NaN,NaN,NaN,NaN,NaN,NaN,NaN,NaN,NaN,NaN
402,3,0,458,695,223,472,79,394,NaN,NaN,NaN,NaN,NaN,NaN,NaN,NaN,NaN,NaN,NaN,NaN,NaN,NaN
403,3,0,454,695,221,472,80,395,NaN,NaN,NaN,NaN,NaN,NaN,NaN,NaN,NaN,NaN,NaN,NaN,NaN,NaN
404,3,0,448,695,218,472,80,395,NaN,NaN,NaN,NaN,NaN,NaN,NaN,NaN,NaN,NaN,NaN,NaN,NaN,NaN
405,3,0,444,695,217,471,82,395,NaN,NaN,NaN,NaN,NaN,NaN,NaN,NaN,NaN,NaN,NaN,NaN,NaN,NaN
406,3,0,441,695,216,470,83,394,NaN,NaN,NaN,NaN,NaN,NaN,NaN,NaN,NaN,NaN,NaN,NaN,NaN,NaN
407,3,0,439,695,215,469,85,393,NaN,NaN,NaN,NaN,NaN,NaN,NaN,NaN,NaN,NaN,NaN,NaN,NaN,NaN
408,3,0,435,695,214,468,86,394,NaN,NaN,NaN,NaN,NaN,NaN,NaN,NaN,NaN,NaN,NaN,NaN,NaN,NaN
409,3,0,428,695,211,469,87,394,NaN,NaN,NaN,NaN,NaN,NaN,NaN,NaN,NaN,NaN,NaN,NaN,NaN,NaN
410,3,0,422,695,207,470,85,396,NaN,NaN,NaN,NaN,NaN,NaN,NaN,NaN,NaN,NaN,NaN,NaN,NaN,NaN
411,3,0,417,695,204,471,85,397,NaN,NaN,NaN,NaN,NaN,NaN,NaN,NaN,NaN,NaN,NaN,NaN,NaN,NaN
412,3,0,411,695,201,471,84,397,NaN,NaN,NaN,NaN,NaN,NaN,NaN,NaN,NaN,NaN,NaN,NaN,NaN,NaN
413,3,0,407,695,200,471,85,398,NaN,NaN,NaN,NaN,NaN,NaN,NaN,NaN,NaN,NaN,NaN,NaN,NaN,NaN
414,3,0,405,695,199,472,86,399,NaN,NaN,NaN,NaN,NaN,NaN,NaN,NaN,NaN,NaN,NaN,NaN,NaN,NaN
415,3,0,404,695,201,472,89,398,NaN,NaN,NaN,NaN,NaN,NaN,NaN,NaN,NaN,NaN,NaN,NaN,NaN,NaN
416,3,0,404,695,203,471,92,397,NaN,NaN,NaN,NaN,NaN,NaN,NaN,NaN,NaN,NaN,NaN,NaN,NaN,NaN
417,3,0,402,695,205,470,94,397,NaN,NaN,NaN,NaN,NaN,NaN,NaN,NaN,NaN,NaN,NaN,NaN,NaN,NaN
418,3,0,402,695,206,470,95,396,NaN,NaN,NaN,NaN,NaN,NaN,NaN,NaN,NaN,NaN,NaN,NaN,NaN,NaN
419,3,0,402,695,206,471,96,397,NaN,NaN,NaN,NaN,NaN,NaN,NaN,NaN,NaN,NaN,NaN,NaN,NaN,NaN
420,3,0,399,695,204,471,95,397,NaN,NaN,NaN,NaN,NaN,NaN,NaN,NaN,NaN,NaN,NaN,NaN,NaN,NaN
421,3,0,396,695,203,471,95,397,NaN,NaN,NaN,NaN,NaN,NaN,NaN,NaN,NaN,NaN,NaN,NaN,NaN,NaN
422,3,0,394,695,202,470,94,396,NaN,NaN,NaN,NaN,NaN,NaN,NaN,NaN,NaN,NaN,NaN,NaN,NaN,NaN
423,3,0,393,695,200,469,94,396,NaN,NaN,NaN,NaN,NaN,NaN,NaN,NaN,NaN,NaN,NaN,NaN,NaN,NaN
424,3,0,393,695,200,469,94,395,NaN,NaN,NaN,NaN,NaN,NaN,NaN,NaN,NaN,NaN,NaN,NaN,NaN,NaN
425,3,0,391,695,200,468,94,394,NaN,NaN,NaN,NaN,NaN,NaN,NaN,NaN,NaN,NaN,NaN,NaN,NaN,NaN
426,3,0,391,695,199,467,93,393,NaN,NaN,NaN,NaN,NaN,NaN,NaN,NaN,NaN,NaN,NaN,NaN,NaN,NaN
427,3,0,390,695,198,465,92,392,NaN,NaN,NaN,NaN,NaN,NaN,NaN,NaN,NaN,NaN,NaN,NaN,NaN,NaN
428,3,0,388,695,196,464,91,392,NaN,NaN,NaN,NaN,NaN,NaN,NaN,NaN,NaN,NaN,NaN,NaN,NaN,NaN
429,3,0,386,695,195,463,89,391,NaN,NaN,NaN,NaN,NaN,NaN,NaN,NaN,NaN,NaN,NaN,NaN,NaN,NaN
430,3,0,384,695,193,462,88,390,NaN,NaN,NaN,NaN,NaN,NaN,NaN,NaN,NaN,NaN,NaN,NaN,NaN,NaN
431,3,0,383,695,192,460,87,389,NaN,NaN,NaN,NaN,NaN,NaN,NaN,NaN,NaN,NaN,NaN,NaN,NaN,NaN
432,3,0,382,695,192,459,86,388,NaN,NaN,NaN,NaN,NaN,NaN,NaN,NaN,NaN,NaN,NaN,NaN,NaN,NaN
433,3,0,381,695,192,458,85,388,NaN,NaN,NaN,NaN,NaN,NaN,NaN,NaN,NaN,NaN,NaN,NaN,NaN,NaN
434,3,0,382,695,195,458,85,386,NaN,NaN,NaN,NaN,NaN,NaN,NaN,NaN,NaN,NaN,NaN,NaN,NaN,NaN
435,3,0,385,695,199,457,86,385,NaN,NaN,NaN,NaN,NaN,NaN,NaN,NaN,NaN,NaN,NaN,NaN,NaN,NaN
436,3,0,384,695,202,457,85,384,NaN,NaN,NaN,NaN,NaN,NaN,NaN,NaN,NaN,NaN,NaN,NaN,NaN,NaN
437,3,0,383,695,203,456,84,383,NaN,NaN,NaN,NaN,NaN,NaN,NaN,NaN,NaN,NaN,NaN,NaN,NaN,NaN
438,3,0,383,695,202,455,82,382,NaN,NaN,NaN,NaN,NaN,NaN,NaN,NaN,NaN,NaN,NaN,NaN,NaN,NaN
439,3,0,380,695,202,455,80,381,NaN,NaN,NaN,NaN,NaN,NaN,NaN,NaN,NaN,NaN,NaN,NaN,NaN,NaN
440,3,0,378,695,200,455,78,381,NaN,NaN,NaN,NaN,NaN,NaN,NaN,NaN,NaN,NaN,NaN,NaN,NaN,NaN
441,3,0,375,695,199,454,76,381,NaN,NaN,NaN,NaN,NaN,NaN,NaN,NaN,NaN,NaN,NaN,NaN,NaN,NaN
442,3,0,373,695,198,454,74,381,NaN,NaN,NaN,NaN,NaN,NaN,NaN,NaN,NaN,NaN,NaN,NaN,NaN,NaN
443,3,0,372,695,197,454,71,380,NaN,NaN,NaN,NaN,NaN,NaN,NaN,NaN,NaN,NaN,NaN,NaN,NaN,NaN
444,3,0,371,695,197,453,69,378,NaN,NaN,NaN,NaN,NaN,NaN,NaN,NaN,NaN,NaN,NaN,NaN,NaN,NaN
445,3,0,370,695,197,452,66,377,NaN,NaN,NaN,NaN,NaN,NaN,NaN,NaN,NaN,NaN,NaN,NaN,NaN,NaN
446,3,0,369,695,197,451,64,376,NaN,NaN,NaN,NaN,NaN,NaN,NaN,NaN,NaN,NaN,NaN,NaN,NaN,NaN
447,3,0,370,695,197,450,62,375,NaN,NaN,NaN,NaN,NaN,NaN,NaN,NaN,NaN,NaN,NaN,NaN,NaN,NaN
448,3,0,369,695,198,448,59,373,NaN,NaN,NaN,NaN,NaN,NaN,NaN,NaN,NaN,NaN,NaN,NaN,NaN,NaN
449,3,0,369,695,199,447,57,370,NaN,NaN,NaN,NaN,NaN,NaN,NaN,NaN,NaN,NaN,NaN,NaN,NaN,NaN
450,3,0,369,695,200,445,54,368,NaN,NaN,NaN,NaN,NaN,NaN,NaN,NaN,NaN,NaN,NaN,NaN,NaN,NaN
451,3,0,368,695,200,442,51,366,NaN,NaN,NaN,NaN,NaN,NaN,NaN,NaN,NaN,NaN,NaN,NaN,NaN,NaN
452,3,0,367,695,199,440,48,363,NaN,NaN,NaN,NaN,NaN,NaN,NaN,NaN,NaN,NaN,NaN,NaN,NaN,NaN
453,3,0,370,695,198,438,45,361,NaN,NaN,NaN,NaN,NaN,NaN,NaN,NaN,NaN,NaN,NaN,NaN,NaN,NaN
454,3,0,369,695,198,436,42,358,NaN,NaN,NaN,NaN,NaN,NaN,NaN,NaN,NaN,NaN,NaN,NaN,NaN,NaN
455,3,0,367,695,197,434,39,356,NaN,NaN,NaN,NaN,NaN,NaN,NaN,NaN,NaN,NaN,NaN,NaN,NaN,NaN
456,3,0,367,695,198,432,36,353,NaN,NaN,NaN,NaN,NaN,NaN,NaN,NaN,NaN,NaN,NaN,NaN,NaN,NaN
457,3,0,367,695,199,430,33,348,NaN,NaN,NaN,NaN,NaN,NaN,NaN,NaN,NaN,NaN,NaN,NaN,NaN,NaN
458,3,0,368,695,203,427,37,346,NaN,NaN,NaN,NaN,NaN,NaN,NaN,NaN,NaN,NaN,NaN,NaN,NaN,NaN
459,3,0,377,695,209,427,42,344,NaN,NaN,NaN,NaN,NaN,NaN,NaN,NaN,NaN,NaN,NaN,NaN,NaN,NaN
460,3,0,380,695,216,427,50,345,NaN,NaN,NaN,NaN,NaN,NaN,NaN,NaN,NaN,NaN,NaN,NaN,NaN,NaN
461,3,1,381,699,215,425,47,344,NaN,NaN,NaN,NaN,NaN,NaN,NaN,NaN,NaN,NaN,NaN,NaN,NaN,NaN
462,3,0,377,695,221,428,55,346,NaN,NaN,NaN,NaN,NaN,NaN,NaN,NaN,NaN,NaN,NaN,NaN,NaN,NaN
463,3,0,376,695,226,430,62,348,NaN,NaN,NaN,NaN,NaN,NaN,NaN,NaN,NaN,NaN,NaN,NaN,NaN,NaN
464,3,0,374,695,230,433,67,351,NaN,NaN,NaN,NaN,NaN,NaN,NaN,NaN,NaN,NaN,NaN,NaN,NaN,NaN
465,3,0,372,695,233,435,72,352,NaN,NaN,NaN,NaN,NaN,NaN,NaN,NaN,NaN,NaN,NaN,NaN,NaN,NaN
466,3,0,369,695,236,436,76,353,NaN,NaN,NaN,NaN,NaN,NaN,NaN,NaN,NaN,NaN,NaN,NaN,NaN,NaN
467,3,0,368,695,239,438,81,354,NaN,NaN,NaN,NaN,NaN,NaN,NaN,NaN,NaN,NaN,NaN,NaN,NaN,NaN
468,3,0,368,695,243,438,86,354,NaN,NaN,NaN,NaN,NaN,NaN,NaN,NaN,NaN,NaN,NaN,NaN,NaN,NaN
469,3,0,370,695,248,438,92,353,NaN,NaN,NaN,NaN,NaN,NaN,NaN,NaN,NaN,NaN,NaN,NaN,NaN,NaN
470,3,0,372,695,252,437,98,352,NaN,NaN,NaN,NaN,NaN,NaN,NaN,NaN,NaN,NaN,NaN,NaN,NaN,NaN
471,3,0,373,695,256,436,104,350,NaN,NaN,NaN,NaN,NaN,NaN,NaN,NaN,NaN,NaN,NaN,NaN,NaN,NaN
472,3,0,373,695,260,435,109,350,NaN,NaN,NaN,NaN,NaN,NaN,NaN,NaN,NaN,NaN,NaN,NaN,NaN,NaN
473,3,0,372,695,263,434,113,349,NaN,NaN,NaN,NaN,NaN,NaN,NaN,NaN,NaN,NaN,NaN,NaN,NaN,NaN
474,3,0,372,695,266,435,118,349,NaN,NaN,NaN,NaN,NaN,NaN,NaN,NaN,NaN,NaN,NaN,NaN,NaN,NaN
475,3,0,372,695,269,435,123,350,NaN,NaN,NaN,NaN,NaN,NaN,NaN,NaN,NaN,NaN,NaN,NaN,NaN,NaN
476,3,0,372,695,273,437,128,351,NaN,NaN,NaN,NaN,NaN,NaN,NaN,NaN,NaN,NaN,NaN,NaN,NaN,NaN
477,3,0,365,695,278,440,135,354,NaN,NaN,NaN,NaN,NaN,NaN,NaN,NaN,NaN,NaN,NaN,NaN,NaN,NaN
478,3,0,367,695,284,444,142,357,NaN,NaN,NaN,NaN,NaN,NaN,NaN,NaN,NaN,NaN,NaN,NaN,NaN,NaN
479,4,0,366,695,291,447,153,360,20,315,NaN,NaN,NaN,NaN,NaN,NaN,NaN,NaN,NaN,NaN,NaN,NaN
480,4,0,370,695,298,449,161,362,20,315,NaN,NaN,NaN,NaN,NaN,NaN,NaN,NaN,NaN,NaN,NaN,NaN
481,4,0,373,695,305,451,169,364,20,313,NaN,NaN,NaN,NaN,NaN,NaN,NaN,NaN,NaN,NaN,NaN,NaN
482,4,0,375,695,310,452,176,364,20,309,NaN,NaN,NaN,NaN,NaN,NaN,NaN,NaN,NaN,NaN,NaN,NaN
483,4,0,376,695,315,453,182,365,20,307,NaN,NaN,NaN,NaN,NaN,NaN,NaN,NaN,NaN,NaN,NaN,NaN
484,4,0,377,694,319,454,187,365,20,304,NaN,NaN,NaN,NaN,NaN,NaN,NaN,NaN,NaN,NaN,NaN,NaN
485,4,0,378,695,322,455,191,366,20,302,NaN,NaN,NaN,NaN,NaN,NaN,NaN,NaN,NaN,NaN,NaN,NaN
486,4,0,378,695,325,455,196,366,20,300,NaN,NaN,NaN,NaN,NaN,NaN,NaN,NaN,NaN,NaN,NaN,NaN
487,4,0,379,695,328,456,200,367,20,298,NaN,NaN,NaN,NaN,NaN,NaN,NaN,NaN,NaN,NaN,NaN,NaN
488,4,0,380,695,331,456,204,367,20,295,NaN,NaN,NaN,NaN,NaN,NaN,NaN,NaN,NaN,NaN,NaN,NaN
489,4,0,382,695,336,456,210,367,20,292,NaN,NaN,NaN,NaN,NaN,NaN,NaN,NaN,NaN,NaN,NaN,NaN
490,4,0,384,695,340,456,216,366,20,289,NaN,NaN,NaN,NaN,NaN,NaN,NaN,NaN,NaN,NaN,NaN,NaN
491,4,0,386,695,345,456,221,366,20,285,NaN,NaN,NaN,NaN,NaN,NaN,NaN,NaN,NaN,NaN,NaN,NaN
492,4,0,388,695,349,457,226,366,28,285,NaN,NaN,NaN,NaN,NaN,NaN,NaN,NaN,NaN,NaN,NaN,NaN
493,4,0,390,695,353,457,232,366,35,285,NaN,NaN,NaN,NaN,NaN,NaN,NaN,NaN,NaN,NaN,NaN,NaN
494,4,0,392,695,357,457,236,367,42,285,NaN,NaN,NaN,NaN,NaN,NaN,NaN,NaN,NaN,NaN,NaN,NaN
495,4,0,394,695,361,458,241,367,50,285,NaN,NaN,NaN,NaN,NaN,NaN,NaN,NaN,NaN,NaN,NaN,NaN
496,4,0,396,695,365,458,246,367,56,285,NaN,NaN,NaN,NaN,NaN,NaN,NaN,NaN,NaN,NaN,NaN,NaN
497,4,0,398,695,369,459,251,367,64,285,NaN,NaN,NaN,NaN,NaN,NaN,NaN,NaN,NaN,NaN,NaN,NaN
498,4,1,398,695,369,459,251,367,64,285,NaN,NaN,NaN,NaN,NaN,NaN,NaN,NaN,NaN,NaN,NaN,NaN
499,4,0,400,695,373,460,246,368,65,289,NaN,NaN,NaN,NaN,NaN,NaN,NaN,NaN,NaN,NaN,NaN,NaN
500,4,0,400,695,378,462,241,369,66,294,NaN,NaN,NaN,NaN,NaN,NaN,NaN,NaN,NaN,NaN,NaN,NaN
501,4,0,403,695,384,464,238,370,65,298,NaN,NaN,NaN,NaN,NaN,NaN,NaN,NaN,NaN,NaN,NaN,NaN
502,4,0,406,695,390,466,236,372,64,301,NaN,NaN,NaN,NaN,NaN,NaN,NaN,NaN,NaN,NaN,NaN,NaN
503,4,0,409,695,396,469,236,374,61,303,NaN,NaN,NaN,NaN,NaN,NaN,NaN,NaN,NaN,NaN,NaN,NaN
504,4,0,413,695,403,471,236,375,58,303,NaN,NaN,NaN,NaN,NaN,NaN,NaN,NaN,NaN,NaN,NaN,NaN
505,4,0,417,695,408,473,236,376,60,305,NaN,NaN,NaN,NaN,NaN,NaN,NaN,NaN,NaN,NaN,NaN,NaN
506,4,0,420,695,413,475,236,377,61,307,NaN,NaN,NaN,NaN,NaN,NaN,NaN,NaN,NaN,NaN,NaN,NaN
507,4,0,423,695,419,477,238,378,65,308,NaN,NaN,NaN,NaN,NaN,NaN,NaN,NaN,NaN,NaN,NaN,NaN
508,4,0,426,695,425,479,240,379,68,310,NaN,NaN,NaN,NaN,NaN,NaN,NaN,NaN,NaN,NaN,NaN,NaN
509,4,0,430,695,430,481,242,380,72,311,NaN,NaN,NaN,NaN,NaN,NaN,NaN,NaN,NaN,NaN,NaN,NaN
510,4,0,433,695,435,483,244,381,76,312,NaN,NaN,NaN,NaN,NaN,NaN,NaN,NaN,NaN,NaN,NaN,NaN
511,4,0,436,695,439,485,248,382,81,312,NaN,NaN,NaN,NaN,NaN,NaN,NaN,NaN,NaN,NaN,NaN,NaN
512,4,0,438,695,443,486,251,382,86,312,NaN,NaN,NaN,NaN,NaN,NaN,NaN,NaN,NaN,NaN,NaN,NaN
513,4,0,441,695,448,488,255,383,92,313,NaN,NaN,NaN,NaN,NaN,NaN,NaN,NaN,NaN,NaN,NaN,NaN
514,4,1,441,695,448,488,255,383,92,313,NaN,NaN,NaN,NaN,NaN,NaN,NaN,NaN,NaN,NaN,NaN,NaN
515,4,0,443,695,452,489,259,383,100,313,NaN,NaN,NaN,NaN,NaN,NaN,NaN,NaN,NaN,NaN,NaN,NaN
516,4,0,445,695,455,491,264,384,107,313,NaN,NaN,NaN,NaN,NaN,NaN,NaN,NaN,NaN,NaN,NaN,NaN
517,4,0,446,695,459,492,268,384,113,312,NaN,NaN,NaN,NaN,NaN,NaN,NaN,NaN,NaN,NaN,NaN,NaN
518,4,0,447,695,462,493,272,384,119,312,NaN,NaN,NaN,NaN,NaN,NaN,NaN,NaN,NaN,NaN,NaN,NaN
519,4,0,447,695,465,495,276,385,126,313,NaN,NaN,NaN,NaN,NaN,NaN,NaN,NaN,NaN,NaN,NaN,NaN
520,4,0,447,695,467,497,280,386,132,313,NaN,NaN,NaN,NaN,NaN,NaN,NaN,NaN,NaN,NaN,NaN,NaN
521,4,0,447,695,469,498,283,387,137,313,NaN,NaN,NaN,NaN,NaN,NaN,NaN,NaN,NaN,NaN,NaN,NaN
522,4,0,447,695,472,500,286,388,143,314,NaN,NaN,NaN,NaN,NaN,NaN,NaN,NaN,NaN,NaN,NaN,NaN
523,4,0,447,695,474,502,290,388,149,314,NaN,NaN,NaN,NaN,NaN,NaN,NaN,NaN,NaN,NaN,NaN,NaN
524,4,0,448,695,478,503,295,389,156,314,NaN,NaN,NaN,NaN,NaN,NaN,NaN,NaN,NaN,NaN,NaN,NaN
525,4,0,449,695,482,504,300,389,164,314,NaN,NaN,NaN,NaN,NaN,NaN,NaN,NaN,NaN,NaN,NaN,NaN
526,4,0,451,695,485,505,306,389,171,314,NaN,NaN,NaN,NaN,NaN,NaN,NaN,NaN,NaN,NaN,NaN,NaN
527,4,0,453,695,489,506,311,389,179,314,NaN,NaN,NaN,NaN,NaN,NaN,NaN,NaN,NaN,NaN,NaN,NaN
528,4,0,455,695,493,506,316,389,187,313,NaN,NaN,NaN,NaN,NaN,NaN,NaN,NaN,NaN,NaN,NaN,NaN
529,4,0,456,695,496,507,320,389,193,313,NaN,NaN,NaN,NaN,NaN,NaN,NaN,NaN,NaN,NaN,NaN,NaN
530,4,0,457,695,499,508,323,389,199,312,NaN,NaN,NaN,NaN,NaN,NaN,NaN,NaN,NaN,NaN,NaN,NaN
531,4,0,458,695,501,509,327,389,204,312,NaN,NaN,NaN,NaN,NaN,NaN,NaN,NaN,NaN,NaN,NaN,NaN
532,4,1,458,695,503,509,329,389,208,312,NaN,NaN,NaN,NaN,NaN,NaN,NaN,NaN,NaN,NaN,NaN,NaN
533,4,0,459,695,505,510,333,389,213,311,NaN,NaN,NaN,NaN,NaN,NaN,NaN,NaN,NaN,NaN,NaN,NaN
534,4,0,460,695,508,510,336,389,218,311,NaN,NaN,NaN,NaN,NaN,NaN,NaN,NaN,NaN,NaN,NaN,NaN
535,6,0,459,695,426,477,358,377,257,302,203,247,159,237,NaN,NaN,NaN,NaN,NaN,NaN,NaN,NaN
536,6,0,460,695,430,476,362,376,262,302,209,246,165,236,NaN,NaN,NaN,NaN,NaN,NaN,NaN,NaN
537,6,0,461,695,432,476,365,376,267,301,215,246,170,236,NaN,NaN,NaN,NaN,NaN,NaN,NaN,NaN
538,6,0,462,695,435,476,368,376,271,301,220,246,175,236,NaN,NaN,NaN,NaN,NaN,NaN,NaN,NaN
539,6,0,463,695,438,476,372,376,275,301,225,246,181,236,NaN,NaN,NaN,NaN,NaN,NaN,NaN,NaN
540,6,0,464,695,440,476,375,375,279,301,229,245,186,235,NaN,NaN,NaN,NaN,NaN,NaN,NaN,NaN
541,6,0,465,695,443,476,378,375,283,301,234,245,191,235,NaN,NaN,NaN,NaN,NaN,NaN,NaN,NaN
542,6,0,466,695,445,476,381,375,287,300,239,245,195,235,NaN,NaN,NaN,NaN,NaN,NaN,NaN,NaN
543,6,0,467,695,448,476,383,375,291,300,244,245,200,235,NaN,NaN,NaN,NaN,NaN,NaN,NaN,NaN
544,6,0,468,695,450,476,386,374,295,300,248,245,205,235,NaN,NaN,NaN,NaN,NaN,NaN,NaN,NaN
545,6,0,468,695,452,476,389,374,299,299,253,244,209,234,NaN,NaN,NaN,NaN,NaN,NaN,NaN,NaN
546,6,0,469,695,454,476,391,373,302,299,256,244,213,234,NaN,NaN,NaN,NaN,NaN,NaN,NaN,NaN
547,6,0,469,695,456,476,393,373,305,299,261,244,218,234,NaN,NaN,NaN,NaN,NaN,NaN,NaN,NaN
548,6,0,470,695,459,477,396,374,309,299,266,245,223,235,NaN,NaN,NaN,NaN,NaN,NaN,NaN,NaN
549,6,0,472,695,462,479,400,375,314,300,271,246,228,236,NaN,NaN,NaN,NaN,NaN,NaN,NaN,NaN
550,6,0,474,695,465,481,404,376,319,301,276,246,234,237,NaN,NaN,NaN,NaN,NaN,NaN,NaN,NaN
551,6,0,475,695,468,484,407,378,323,303,281,248,239,239,NaN,NaN,NaN,NaN,NaN,NaN,NaN,NaN
552,6,0,476,695,470,486,410,380,327,304,286,249,244,240,NaN,NaN,NaN,NaN,NaN,NaN,NaN,NaN
553,6,1,476,695,470,486,410,380,327,304,286,249,244,240,NaN,NaN,NaN,NaN,NaN,NaN,NaN,NaN
554,6,0,477,695,473,488,413,381,332,305,291,250,250,241,NaN,NaN,NaN,NaN,NaN,NaN,NaN,NaN
555,6,0,479,695,476,491,417,383,336,306,296,251,255,242,NaN,NaN,NaN,NaN,NaN,NaN,NaN,NaN
556,6,0,481,695,479,494,420,385,341,307,301,252,260,243,NaN,NaN,NaN,NaN,NaN,NaN,NaN,NaN
557,6,0,482,695,481,497,423,388,345,309,306,253,264,244,NaN,NaN,NaN,NaN,NaN,NaN,NaN,NaN
558,6,0,483,695,484,499,426,389,349,310,311,254,269,245,NaN,NaN,NaN,NaN,NaN,NaN,NaN,NaN
559,6,0,484,695,486,501,429,390,352,310,315,254,273,245,NaN,NaN,NaN,NaN,NaN,NaN,NaN,NaN
560,6,0,485,695,487,501,431,390,356,310,319,253,277,244,NaN,NaN,NaN,NaN,NaN,NaN,NaN,NaN
561,6,0,486,695,489,501,433,389,359,309,322,252,281,243,NaN,NaN,NaN,NaN,NaN,NaN,NaN,NaN
562,6,0,486,695,490,502,435,389,361,308,326,252,284,243,NaN,NaN,NaN,NaN,NaN,NaN,NaN,NaN
563,6,0,486,695,491,502,436,389,363,307,328,251,287,242,NaN,NaN,NaN,NaN,NaN,NaN,NaN,NaN
564,6,0,487,695,493,502,439,388,366,307,331,250,290,241,NaN,NaN,NaN,NaN,NaN,NaN,NaN,NaN
565,6,0,488,695,495,503,441,389,369,307,335,250,295,242,NaN,NaN,NaN,NaN,NaN,NaN,NaN,NaN
566,6,0,490,695,497,505,444,391,373,308,340,251,300,243,NaN,NaN,NaN,NaN,NaN,NaN,NaN,NaN
567,6,0,492,695,500,507,448,392,379,310,345,253,305,244,NaN,NaN,NaN,NaN,NaN,NaN,NaN,NaN
568,6,0,496,695,504,509,453,393,385,311,352,254,312,245,NaN,NaN,NaN,NaN,NaN,NaN,NaN,NaN
569,6,0,500,695,509,510,458,394,391,312,358,255,319,246,NaN,NaN,NaN,NaN,NaN,NaN,NaN,NaN
570,6,0,503,695,514,511,464,395,398,312,365,256,326,247,NaN,NaN,NaN,NaN,NaN,NaN,NaN,NaN
571,6,0,506,695,518,512,469,395,404,313,371,256,333,247,NaN,NaN,NaN,NaN,NaN,NaN,NaN,NaN
572,6,0,510,695,522,513,474,396,410,313,378,257,340,248,NaN,NaN,NaN,NaN,NaN,NaN,NaN,NaN
573,6,0,512,695,526,514,478,396,416,313,384,257,346,248,NaN,NaN,NaN,NaN,NaN,NaN,NaN,NaN
574,6,1,512,695,526,514,478,396,416,313,384,257,346,248,NaN,NaN,NaN,NaN,NaN,NaN,NaN,NaN
575,6,0,513,695,528,515,481,397,421,313,389,257,351,248,NaN,NaN,NaN,NaN,NaN,NaN,NaN,NaN
576,6,0,514,695,531,516,484,397,424,314,394,258,356,249,NaN,NaN,NaN,NaN,NaN,NaN,NaN,NaN
577,6,0,516,695,533,517,489,397,429,314,400,257,362,248,NaN,NaN,NaN,NaN,NaN,NaN,NaN,NaN
578,6,0,517,695,535,518,492,398,432,315,404,257,365,249,NaN,NaN,NaN,NaN,NaN,NaN,NaN,NaN
579,6,0,518,695,537,521,494,400,435,316,409,259,368,250,NaN,NaN,NaN,NaN,NaN,NaN,NaN,NaN
580,6,0,518,695,538,523,496,401,438,317,413,260,372,251,NaN,NaN,NaN,NaN,NaN,NaN,NaN,NaN
581,6,0,517,695,538,525,497,403,441,319,416,261,376,253,NaN,NaN,NaN,NaN,NaN,NaN,NaN,NaN
582,6,0,515,695,538,527,498,404,443,320,419,262,379,254,NaN,NaN,NaN,NaN,NaN,NaN,NaN,NaN
583,6,0,514,695,538,529,499,405,446,320,422,263,383,254,NaN,NaN,NaN,NaN,NaN,NaN,NaN,NaN
584,6,0,513,695,539,531,502,406,450,321,426,263,388,255,NaN,NaN,NaN,NaN,NaN,NaN,NaN,NaN
585,6,0,514,695,541,532,504,407,453,322,430,264,391,256,NaN,NaN,NaN,NaN,NaN,NaN,NaN,NaN
586,6,0,514,695,542,533,507,408,457,322,435,264,395,256,NaN,NaN,NaN,NaN,NaN,NaN,NaN,NaN
587,6,0,514,695,543,535,508,409,460,322,438,265,399,256,NaN,NaN,NaN,NaN,NaN,NaN,NaN,NaN
588,6,0,514,695,544,536,510,409,462,323,441,265,402,256,NaN,NaN,NaN,NaN,NaN,NaN,NaN,NaN
589,6,0,513,695,545,537,512,410,465,323,444,265,405,257,NaN,NaN,NaN,NaN,NaN,NaN,NaN,NaN
590,6,0,513,695,546,538,513,411,467,324,446,266,408,257,NaN,NaN,NaN,NaN,NaN,NaN,NaN,NaN
591,6,0,513,695,547,539,515,411,469,324,449,266,411,257,NaN,NaN,NaN,NaN,NaN,NaN,NaN,NaN
592,6,0,513,695,548,540,516,412,472,324,452,266,413,258,NaN,NaN,NaN,NaN,NaN,NaN,NaN,NaN
593,6,0,513,695,548,541,518,413,474,325,454,267,416,258,NaN,NaN,NaN,NaN,NaN,NaN,NaN,NaN
594,6,0,514,695,550,542,520,413,477,325,457,267,419,258,NaN,NaN,NaN,NaN,NaN,NaN,NaN,NaN
595,6,1,514,695,550,542,520,413,477,325,457,267,419,258,NaN,NaN,NaN,NaN,NaN,NaN,NaN,NaN
596,6,0,516,695,552,542,523,413,480,325,460,267,422,258,NaN,NaN,NaN,NaN,NaN,NaN,NaN,NaN
597,6,0,518,695,554,543,525,414,483,326,463,268,425,259,NaN,NaN,NaN,NaN,NaN,NaN,NaN,NaN
598,6,0,520,695,556,544,527,414,485,326,466,268,428,259,NaN,NaN,NaN,NaN,NaN,NaN,NaN,NaN
599,6,0,521,695,558,545,529,415,487,327,468,269,430,260,NaN,NaN,NaN,NaN,NaN,NaN,NaN,NaN
600,6,0,522,695,558,546,529,416,488,327,469,269,431,260,NaN,NaN,NaN,NaN,NaN,NaN,NaN,NaN
601,6,0,523,695,559,546,530,416,489,328,470,270,432,261,NaN,NaN,NaN,NaN,NaN,NaN,NaN,NaN
602,6,0,524,695,560,547,531,416,490,328,471,270,433,261,NaN,NaN,NaN,NaN,NaN,NaN,NaN,NaN
603,6,1,525,695,561,548,532,417,491,329,472,271,434,262,NaN,NaN,NaN,NaN,NaN,NaN,NaN,NaN
604,6,0,527,695,562,549,534,418,493,330,474,272,436,263,NaN,NaN,NaN,NaN,NaN,NaN,NaN,NaN
605,6,0,529,695,564,551,536,420,495,331,476,273,438,264,NaN,NaN,NaN,NaN,NaN,NaN,NaN,NaN
606,6,0,531,695,566,552,538,421,497,333,478,275,440,266,NaN,NaN,NaN,NaN,NaN,NaN,NaN,NaN
607,6,0,533,695,568,554,539,423,499,334,480,276,442,267,NaN,NaN,NaN,NaN,NaN,NaN,NaN,NaN
608,6,0,535,695,569,557,541,425,501,336,482,278,444,269,NaN,NaN,NaN,NaN,NaN,NaN,NaN,NaN
609,6,0,537,695,571,558,543,427,503,337,484,279,446,270,NaN,NaN,NaN,NaN,NaN,NaN,NaN,NaN
610,6,0,539,695,572,560,545,428,504,338,486,280,448,271,NaN,NaN,NaN,NaN,NaN,NaN,NaN,NaN
611,6,0,540,695,573,561,546,429,506,339,488,281,450,272,NaN,NaN,NaN,NaN,NaN,NaN,NaN,NaN
612,6,0,541,695,574,562,547,430,507,340,489,282,451,273,NaN,NaN,NaN,NaN,NaN,NaN,NaN,NaN
613,6,0,542,695,576,563,548,431,509,341,490,283,453,274,NaN,NaN,NaN,NaN,NaN,NaN,NaN,NaN
614,6,0,543,695,577,564,550,431,510,341,492,283,454,274,NaN,NaN,NaN,NaN,NaN,NaN,NaN,NaN
615,6,0,545,695,578,564,551,432,512,342,494,284,456,275,NaN,NaN,NaN,NaN,NaN,NaN,NaN,NaN
616,6,0,547,695,580,566,553,433,513,343,495,285,458,276,NaN,NaN,NaN,NaN,NaN,NaN,NaN,NaN
617,6,0,548,695,581,567,554,434,515,344,497,285,459,276,NaN,NaN,NaN,NaN,NaN,NaN,NaN,NaN
618,6,0,549,695,582,567,555,434,516,344,498,286,460,277,NaN,NaN,NaN,NaN,NaN,NaN,NaN,NaN
619,6,0,550,695,582,568,556,435,517,345,499,286,461,277,NaN,NaN,NaN,NaN,NaN,NaN,NaN,NaN
620,6,0,551,695,583,569,556,436,517,345,500,287,462,278,NaN,NaN,NaN,NaN,NaN,NaN,NaN,NaN
621,6,0,552,695,583,569,557,436,518,346,500,287,463,278,NaN,NaN,NaN,NaN,NaN,NaN,NaN,NaN
622,6,0,553,695,584,570,557,437,518,346,501,288,463,279,NaN,NaN,NaN,NaN,NaN,NaN,NaN,NaN
623,0,0,NaN,NaN,NaN,NaN,NaN,NaN,NaN,NaN,NaN,NaN,NaN,NaN,NaN,NaN,NaN,NaN,NaN,NaN,NaN,NaN
624,0,0,NaN,NaN,NaN,NaN,NaN,NaN,NaN,NaN,NaN,NaN,NaN,NaN,NaN,NaN,NaN,NaN,NaN,NaN,NaN,NaN
