Frame,#ofPoints,ManualInput,X1,Y1,X2,Y2,X3,Y3,X4,Y4,X5,Y5,X6,Y6,X7,Y7,X8,Y8,X9,Y9,X10,Y10
0,5,1,671,700,640,595,558,505,595,473,680,472,NaN,NaN,NaN,NaN,NaN,NaN,NaN,NaN,NaN,NaN
1,5,0,669,695,640,595,558,505,595,473,680,472,NaN,NaN,NaN,NaN,NaN,NaN,NaN,NaN,NaN,NaN
2,5,0,657,695,633,600,552,508,589,477,674,475,NaN,NaN,NaN,NaN,NaN,NaN,NaN,NaN,NaN,NaN
3,5,0,652,695,629,602,548,510,586,478,672,477,NaN,NaN,NaN,NaN,NaN,NaN,NaN,NaN,NaN,NaN
4,5,0,645,695,625,609,545,514,583,482,670,480,NaN,NaN,NaN,NaN,NaN,NaN,NaN,NaN,NaN,NaN
5,5,0,640,695,622,617,547,523,580,488,668,484,NaN,NaN,NaN,NaN,NaN,NaN,NaN,NaN,NaN,NaN
6,5,0,633,695,618,622,544,527,577,492,665,488,NaN,NaN,NaN,NaN,NaN,NaN,NaN,NaN,NaN,NaN
7,5,0,627,695,614,627,540,531,573,496,661,491,NaN,NaN,NaN,NaN,NaN,NaN,NaN,NaN,NaN,NaN
8,6,1,617,695,607,636,533,537,566,501,656,496,1500,492,NaN,NaN,NaN,NaN,NaN,NaN,NaN,NaN
9,5,0,616,695,607,636,533,537,566,502,656,497,NaN,NaN,NaN,NaN,NaN,NaN,NaN,NaN,NaN,NaN
10,5,0,612,695,604,640,530,540,563,504,654,499,NaN,NaN,NaN,NaN,NaN,NaN,NaN,NaN,NaN,NaN
11,5,0,608,695,601,644,527,543,560,506,652,501,NaN,NaN,NaN,NaN,NaN,NaN,NaN,NaN,NaN,NaN
12,5,0,604,695,598,648,523,545,557,509,649,503,NaN,NaN,NaN,NaN,NaN,NaN,NaN,NaN,NaN,NaN
13,5,0,601,695,596,651,521,548,555,511,647,505,NaN,NaN,NaN,NaN,NaN,NaN,NaN,NaN,NaN,NaN
14,5,0,598,695,595,654,519,550,553,513,646,507,NaN,NaN,NaN,NaN,NaN,NaN,NaN,NaN,NaN,NaN
15,5,0,597,695,594,657,518,551,552,515,645,508,NaN,NaN,NaN,NaN,NaN,NaN,NaN,NaN,NaN,NaN
16,5,0,595,695,593,660,517,553,550,516,643,510,NaN,NaN,NaN,NaN,NaN,NaN,NaN,NaN,NaN,NaN
17,5,0,593,695,591,662,514,555,548,518,641,511,NaN,NaN,NaN,NaN,NaN,NaN,NaN,NaN,NaN,NaN
18,5,0,590,695,589,666,513,558,546,521,639,513,NaN,NaN,NaN,NaN,NaN,NaN,NaN,NaN,NaN,NaN
19,5,0,587,695,586,671,510,561,542,527,636,519,NaN,NaN,NaN,NaN,NaN,NaN,NaN,NaN,NaN,NaN
20,5,0,583,695,582,676,508,560,535,531,632,520,NaN,NaN,NaN,NaN,NaN,NaN,NaN,NaN,NaN,NaN
21,5,0,579,695,580,684,504,563,533,534,630,524,NaN,NaN,NaN,NaN,NaN,NaN,NaN,NaN,NaN,NaN
22,4,1,579,695,504,563,533,534,630,524,NaN,NaN,NaN,NaN,NaN,NaN,NaN,NaN,NaN,NaN,NaN,NaN
23,4,0,574,695,503,566,532,537,629,527,NaN,NaN,NaN,NaN,NaN,NaN,NaN,NaN,NaN,NaN,NaN,NaN
24,4,0,568,695,501,568,531,540,629,529,NaN,NaN,NaN,NaN,NaN,NaN,NaN,NaN,NaN,NaN,NaN,NaN
25,4,0,564,695,501,571,532,542,628,532,NaN,NaN,NaN,NaN,NaN,NaN,NaN,NaN,NaN,NaN,NaN,NaN
26,4,0,558,695,500,575,531,545,627,535,NaN,NaN,NaN,NaN,NaN,NaN,NaN,NaN,NaN,NaN,NaN,NaN
27,4,0,554,695,500,577,531,548,627,537,NaN,NaN,NaN,NaN,NaN,NaN,NaN,NaN,NaN,NaN,NaN,NaN
28,4,0,551,695,500,580,533,551,628,540,NaN,NaN,NaN,NaN,NaN,NaN,NaN,NaN,NaN,NaN,NaN,NaN
29,4,0,548,695,501,583,534,553,628,542,NaN,NaN,NaN,NaN,NaN,NaN,NaN,NaN,NaN,NaN,NaN,NaN
30,4,0,545,695,502,584,534,555,629,544,NaN,NaN,NaN,NaN,NaN,NaN,NaN,NaN,NaN,NaN,NaN,NaN
31,4,0,543,695,503,586,535,556,630,546,NaN,NaN,NaN,NaN,NaN,NaN,NaN,NaN,NaN,NaN,NaN,NaN
32,4,0,540,695,503,587,536,557,630,547,NaN,NaN,NaN,NaN,NaN,NaN,NaN,NaN,NaN,NaN,NaN,NaN
33,4,0,538,695,503,589,537,559,630,549,NaN,NaN,NaN,NaN,NaN,NaN,NaN,NaN,NaN,NaN,NaN,NaN
34,4,0,535,695,504,591,537,561,631,550,NaN,NaN,NaN,NaN,NaN,NaN,NaN,NaN,NaN,NaN,NaN,NaN
35,4,0,533,695,504,592,538,562,631,552,NaN,NaN,NaN,NaN,NaN,NaN,NaN,NaN,NaN,NaN,NaN,NaN
36,4,0,530,695,505,594,540,564,632,554,NaN,NaN,NaN,NaN,NaN,NaN,NaN,NaN,NaN,NaN,NaN,NaN
37,4,0,529,695,506,595,541,566,633,556,NaN,NaN,NaN,NaN,NaN,NaN,NaN,NaN,NaN,NaN,NaN,NaN
38,4,0,527,695,507,597,542,567,634,557,NaN,NaN,NaN,NaN,NaN,NaN,NaN,NaN,NaN,NaN,NaN,NaN
39,4,0,525,695,508,598,544,569,635,558,NaN,NaN,NaN,NaN,NaN,NaN,NaN,NaN,NaN,NaN,NaN,NaN
40,4,0,523,695,509,602,546,573,636,561,NaN,NaN,NaN,NaN,NaN,NaN,NaN,NaN,NaN,NaN,NaN,NaN
41,4,0,521,695,511,608,548,578,638,566,NaN,NaN,NaN,NaN,NaN,NaN,NaN,NaN,NaN,NaN,NaN,NaN
42,4,0,521,695,515,611,555,585,642,575,NaN,NaN,NaN,NaN,NaN,NaN,NaN,NaN,NaN,NaN,NaN,NaN
43,4,0,522,695,519,615,559,590,647,579,NaN,NaN,NaN,NaN,NaN,NaN,NaN,NaN,NaN,NaN,NaN,NaN
44,4,0,523,695,521,618,563,592,650,582,NaN,NaN,NaN,NaN,NaN,NaN,NaN,NaN,NaN,NaN,NaN,NaN
45,4,0,523,695,523,621,565,595,652,584,NaN,NaN,NaN,NaN,NaN,NaN,NaN,NaN,NaN,NaN,NaN,NaN
46,4,0,522,695,525,622,567,597,654,586,NaN,NaN,NaN,NaN,NaN,NaN,NaN,NaN,NaN,NaN,NaN,NaN
47,4,0,522,695,526,624,569,598,655,588,NaN,NaN,NaN,NaN,NaN,NaN,NaN,NaN,NaN,NaN,NaN,NaN
48,4,0,521,695,527,626,570,600,657,590,NaN,NaN,NaN,NaN,NaN,NaN,NaN,NaN,NaN,NaN,NaN,NaN
49,4,0,520,695,528,627,572,602,657,592,NaN,NaN,NaN,NaN,NaN,NaN,NaN,NaN,NaN,NaN,NaN,NaN
50,4,0,519,695,528,629,573,603,657,593,NaN,NaN,NaN,NaN,NaN,NaN,NaN,NaN,NaN,NaN,NaN,NaN
51,4,0,518,695,529,629,574,604,658,594,NaN,NaN,NaN,NaN,NaN,NaN,NaN,NaN,NaN,NaN,NaN,NaN
52,4,0,518,695,531,631,576,606,659,595,NaN,NaN,NaN,NaN,NaN,NaN,NaN,NaN,NaN,NaN,NaN,NaN
53,4,0,518,695,532,633,578,608,661,598,NaN,NaN,NaN,NaN,NaN,NaN,NaN,NaN,NaN,NaN,NaN,NaN
54,4,0,518,695,533,634,580,609,663,599,NaN,NaN,NaN,NaN,NaN,NaN,NaN,NaN,NaN,NaN,NaN,NaN
55,4,0,518,695,534,636,582,611,664,601,NaN,NaN,NaN,NaN,NaN,NaN,NaN,NaN,NaN,NaN,NaN,NaN
56,4,0,519,695,536,637,584,612,666,602,NaN,NaN,NaN,NaN,NaN,NaN,NaN,NaN,NaN,NaN,NaN,NaN
57,4,0,520,695,538,637,586,613,668,603,NaN,NaN,NaN,NaN,NaN,NaN,NaN,NaN,NaN,NaN,NaN,NaN
58,4,0,521,695,540,638,589,614,670,605,NaN,NaN,NaN,NaN,NaN,NaN,NaN,NaN,NaN,NaN,NaN,NaN
59,4,0,522,695,543,639,592,615,673,606,NaN,NaN,NaN,NaN,NaN,NaN,NaN,NaN,NaN,NaN,NaN,NaN
60,4,0,523,695,545,640,595,616,674,607,NaN,NaN,NaN,NaN,NaN,NaN,NaN,NaN,NaN,NaN,NaN,NaN
61,4,0,524,695,546,643,597,618,676,609,NaN,NaN,NaN,NaN,NaN,NaN,NaN,NaN,NaN,NaN,NaN,NaN
62,4,0,518,695,545,645,596,621,675,612,NaN,NaN,NaN,NaN,NaN,NaN,NaN,NaN,NaN,NaN,NaN,NaN
63,4,0,517,695,545,647,597,623,674,614,NaN,NaN,NaN,NaN,NaN,NaN,NaN,NaN,NaN,NaN,NaN,NaN
64,4,0,515,695,544,649,596,625,674,616,NaN,NaN,NaN,NaN,NaN,NaN,NaN,NaN,NaN,NaN,NaN,NaN
65,4,0,511,695,541,649,595,625,672,617,NaN,NaN,NaN,NaN,NaN,NaN,NaN,NaN,NaN,NaN,NaN,NaN
66,4,0,507,695,538,650,591,626,669,617,NaN,NaN,NaN,NaN,NaN,NaN,NaN,NaN,NaN,NaN,NaN,NaN
67,4,0,503,695,535,650,590,626,667,618,NaN,NaN,NaN,NaN,NaN,NaN,NaN,NaN,NaN,NaN,NaN,NaN
68,4,1,503,695,536,649,591,626,667,618,NaN,NaN,NaN,NaN,NaN,NaN,NaN,NaN,NaN,NaN,NaN,NaN
69,4,0,504,695,537,648,590,626,667,617,NaN,NaN,NaN,NaN,NaN,NaN,NaN,NaN,NaN,NaN,NaN,NaN
70,4,0,505,695,539,648,591,625,668,615,NaN,NaN,NaN,NaN,NaN,NaN,NaN,NaN,NaN,NaN,NaN,NaN
71,4,0,506,691,540,643,591,621,668,609,NaN,NaN,NaN,NaN,NaN,NaN,NaN,NaN,NaN,NaN,NaN,NaN
72,4,0,508,682,544,643,590,609,673,600,NaN,NaN,NaN,NaN,NaN,NaN,NaN,NaN,NaN,NaN,NaN,NaN
73,4,0,510,677,546,636,592,603,673,595,NaN,NaN,NaN,NaN,NaN,NaN,NaN,NaN,NaN,NaN,NaN,NaN
74,4,0,511,674,548,631,594,599,676,591,NaN,NaN,NaN,NaN,NaN,NaN,NaN,NaN,NaN,NaN,NaN,NaN
75,4,0,513,671,550,627,595,596,677,587,NaN,NaN,NaN,NaN,NaN,NaN,NaN,NaN,NaN,NaN,NaN,NaN
76,4,0,515,668,553,624,597,593,679,583,NaN,NaN,NaN,NaN,NaN,NaN,NaN,NaN,NaN,NaN,NaN,NaN
77,4,0,516,668,554,624,597,593,679,583,NaN,NaN,NaN,NaN,NaN,NaN,NaN,NaN,NaN,NaN,NaN,NaN
78,4,0,518,666,557,621,599,591,681,580,NaN,NaN,NaN,NaN,NaN,NaN,NaN,NaN,NaN,NaN,NaN,NaN
79,4,0,522,665,562,618,602,589,684,577,NaN,NaN,NaN,NaN,NaN,NaN,NaN,NaN,NaN,NaN,NaN,NaN
80,4,0,525,665,566,617,606,590,688,577,NaN,NaN,NaN,NaN,NaN,NaN,NaN,NaN,NaN,NaN,NaN,NaN
81,4,0,528,668,571,619,609,592,692,579,NaN,NaN,NaN,NaN,NaN,NaN,NaN,NaN,NaN,NaN,NaN,NaN
82,4,0,535,672,575,621,615,595,696,580,NaN,NaN,NaN,NaN,NaN,NaN,NaN,NaN,NaN,NaN,NaN,NaN
83,4,0,537,675,583,624,620,597,704,583,NaN,NaN,NaN,NaN,NaN,NaN,NaN,NaN,NaN,NaN,NaN,NaN
84,4,0,541,678,589,626,623,599,711,585,NaN,NaN,NaN,NaN,NaN,NaN,NaN,NaN,NaN,NaN,NaN,NaN
85,4,0,544,680,592,627,626,600,715,586,NaN,NaN,NaN,NaN,NaN,NaN,NaN,NaN,NaN,NaN,NaN,NaN
86,4,0,547,680,595,626,628,600,717,585,NaN,NaN,NaN,NaN,NaN,NaN,NaN,NaN,NaN,NaN,NaN,NaN
87,4,0,547,681,597,626,630,601,718,585,NaN,NaN,NaN,NaN,NaN,NaN,NaN,NaN,NaN,NaN,NaN,NaN
88,4,0,548,682,598,626,630,601,719,585,NaN,NaN,NaN,NaN,NaN,NaN,NaN,NaN,NaN,NaN,NaN,NaN
89,4,0,548,684,600,625,631,601,720,584,NaN,NaN,NaN,NaN,NaN,NaN,NaN,NaN,NaN,NaN,NaN,NaN
90,4,0,549,685,601,625,631,602,720,584,NaN,NaN,NaN,NaN,NaN,NaN,NaN,NaN,NaN,NaN,NaN,NaN
91,4,0,549,687,603,625,631,602,720,584,NaN,NaN,NaN,NaN,NaN,NaN,NaN,NaN,NaN,NaN,NaN,NaN
92,4,0,550,688,603,625,631,603,720,584,NaN,NaN,NaN,NaN,NaN,NaN,NaN,NaN,NaN,NaN,NaN,NaN
93,4,0,551,689,605,624,632,603,721,583,NaN,NaN,NaN,NaN,NaN,NaN,NaN,NaN,NaN,NaN,NaN,NaN
94,4,0,552,690,607,623,632,603,722,582,NaN,NaN,NaN,NaN,NaN,NaN,NaN,NaN,NaN,NaN,NaN,NaN
95,4,0,554,691,609,622,633,602,724,581,NaN,NaN,NaN,NaN,NaN,NaN,NaN,NaN,NaN,NaN,NaN,NaN
96,4,0,556,692,611,621,635,603,725,580,NaN,NaN,NaN,NaN,NaN,NaN,NaN,NaN,NaN,NaN,NaN,NaN
97,4,0,558,693,614,621,636,603,726,580,NaN,NaN,NaN,NaN,NaN,NaN,NaN,NaN,NaN,NaN,NaN,NaN
98,4,0,560,695,617,621,638,604,728,579,NaN,NaN,NaN,NaN,NaN,NaN,NaN,NaN,NaN,NaN,NaN,NaN
99,4,0,562,695,620,621,640,605,730,579,NaN,NaN,NaN,NaN,NaN,NaN,NaN,NaN,NaN,NaN,NaN,NaN
100,4,0,565,695,623,620,642,605,732,578,NaN,NaN,NaN,NaN,NaN,NaN,NaN,NaN,NaN,NaN,NaN,NaN
101,4,0,568,695,626,620,644,606,734,578,NaN,NaN,NaN,NaN,NaN,NaN,NaN,NaN,NaN,NaN,NaN,NaN
102,4,0,571,695,630,621,646,607,737,578,NaN,NaN,NaN,NaN,NaN,NaN,NaN,NaN,NaN,NaN,NaN,NaN
103,4,0,573,695,633,621,648,608,739,577,NaN,NaN,NaN,NaN,NaN,NaN,NaN,NaN,NaN,NaN,NaN,NaN
104,4,0,575,695,636,620,650,609,741,576,NaN,NaN,NaN,NaN,NaN,NaN,NaN,NaN,NaN,NaN,NaN,NaN
105,4,0,578,695,640,620,653,610,743,576,NaN,NaN,NaN,NaN,NaN,NaN,NaN,NaN,NaN,NaN,NaN,NaN
106,4,0,582,695,644,623,656,613,746,579,NaN,NaN,NaN,NaN,NaN,NaN,NaN,NaN,NaN,NaN,NaN,NaN
107,4,0,585,695,648,629,659,620,749,585,NaN,NaN,NaN,NaN,NaN,NaN,NaN,NaN,NaN,NaN,NaN,NaN
108,4,0,589,695,653,634,662,625,753,586,NaN,NaN,NaN,NaN,NaN,NaN,NaN,NaN,NaN,NaN,NaN,NaN
109,3,1,589,695,654,633,752,585,NaN,NaN,NaN,NaN,NaN,NaN,NaN,NaN,NaN,NaN,NaN,NaN,NaN,NaN
110,3,0,595,695,656,635,754,586,NaN,NaN,NaN,NaN,NaN,NaN,NaN,NaN,NaN,NaN,NaN,NaN,NaN,NaN
111,3,0,598,695,658,635,756,588,NaN,NaN,NaN,NaN,NaN,NaN,NaN,NaN,NaN,NaN,NaN,NaN,NaN,NaN
112,3,0,602,695,660,636,759,588,NaN,NaN,NaN,NaN,NaN,NaN,NaN,NaN,NaN,NaN,NaN,NaN,NaN,NaN
113,3,0,606,695,663,638,761,590,NaN,NaN,NaN,NaN,NaN,NaN,NaN,NaN,NaN,NaN,NaN,NaN,NaN,NaN
114,3,0,609,695,664,640,763,592,NaN,NaN,NaN,NaN,NaN,NaN,NaN,NaN,NaN,NaN,NaN,NaN,NaN,NaN
115,3,0,613,695,666,640,765,593,NaN,NaN,NaN,NaN,NaN,NaN,NaN,NaN,NaN,NaN,NaN,NaN,NaN,NaN
116,3,0,617,695,669,641,768,593,NaN,NaN,NaN,NaN,NaN,NaN,NaN,NaN,NaN,NaN,NaN,NaN,NaN,NaN
117,3,0,621,695,672,642,772,595,NaN,NaN,NaN,NaN,NaN,NaN,NaN,NaN,NaN,NaN,NaN,NaN,NaN,NaN
118,3,0,624,695,675,641,775,594,NaN,NaN,NaN,NaN,NaN,NaN,NaN,NaN,NaN,NaN,NaN,NaN,NaN,NaN
119,3,0,627,695,678,640,778,594,NaN,NaN,NaN,NaN,NaN,NaN,NaN,NaN,NaN,NaN,NaN,NaN,NaN,NaN
120,3,0,631,695,682,640,781,594,NaN,NaN,NaN,NaN,NaN,NaN,NaN,NaN,NaN,NaN,NaN,NaN,NaN,NaN
121,3,0,634,695,685,640,784,594,NaN,NaN,NaN,NaN,NaN,NaN,NaN,NaN,NaN,NaN,NaN,NaN,NaN,NaN
122,3,0,638,695,688,639,788,593,NaN,NaN,NaN,NaN,NaN,NaN,NaN,NaN,NaN,NaN,NaN,NaN,NaN,NaN
123,3,0,641,695,692,638,792,594,NaN,NaN,NaN,NaN,NaN,NaN,NaN,NaN,NaN,NaN,NaN,NaN,NaN,NaN
124,3,0,647,695,696,639,798,594,NaN,NaN,NaN,NaN,NaN,NaN,NaN,NaN,NaN,NaN,NaN,NaN,NaN,NaN
125,3,0,655,695,704,638,807,595,NaN,NaN,NaN,NaN,NaN,NaN,NaN,NaN,NaN,NaN,NaN,NaN,NaN,NaN
126,3,0,663,695,711,640,814,596,NaN,NaN,NaN,NaN,NaN,NaN,NaN,NaN,NaN,NaN,NaN,NaN,NaN,NaN
127,3,0,671,695,717,641,819,597,NaN,NaN,NaN,NaN,NaN,NaN,NaN,NaN,NaN,NaN,NaN,NaN,NaN,NaN
128,3,0,674,695,722,640,823,598,NaN,NaN,NaN,NaN,NaN,NaN,NaN,NaN,NaN,NaN,NaN,NaN,NaN,NaN
129,3,0,676,695,723,640,825,597,NaN,NaN,NaN,NaN,NaN,NaN,NaN,NaN,NaN,NaN,NaN,NaN,NaN,NaN
130,3,0,677,695,725,641,826,598,NaN,NaN,NaN,NaN,NaN,NaN,NaN,NaN,NaN,NaN,NaN,NaN,NaN,NaN
131,3,0,678,695,725,641,828,599,NaN,NaN,NaN,NaN,NaN,NaN,NaN,NaN,NaN,NaN,NaN,NaN,NaN,NaN
132,3,0,678,695,726,641,828,599,NaN,NaN,NaN,NaN,NaN,NaN,NaN,NaN,NaN,NaN,NaN,NaN,NaN,NaN
133,3,0,679,695,725,641,829,599,NaN,NaN,NaN,NaN,NaN,NaN,NaN,NaN,NaN,NaN,NaN,NaN,NaN,NaN
134,3,0,679,695,726,641,829,600,NaN,NaN,NaN,NaN,NaN,NaN,NaN,NaN,NaN,NaN,NaN,NaN,NaN,NaN
135,3,0,679,695,724,642,828,601,NaN,NaN,NaN,NaN,NaN,NaN,NaN,NaN,NaN,NaN,NaN,NaN,NaN,NaN
136,3,0,680,695,725,643,828,602,NaN,NaN,NaN,NaN,NaN,NaN,NaN,NaN,NaN,NaN,NaN,NaN,NaN,NaN
137,3,0,681,695,725,644,829,604,NaN,NaN,NaN,NaN,NaN,NaN,NaN,NaN,NaN,NaN,NaN,NaN,NaN,NaN
138,3,0,683,695,725,646,829,605,NaN,NaN,NaN,NaN,NaN,NaN,NaN,NaN,NaN,NaN,NaN,NaN,NaN,NaN
139,3,0,685,695,726,649,830,608,NaN,NaN,NaN,NaN,NaN,NaN,NaN,NaN,NaN,NaN,NaN,NaN,NaN,NaN
140,3,0,687,695,727,650,831,610,NaN,NaN,NaN,NaN,NaN,NaN,NaN,NaN,NaN,NaN,NaN,NaN,NaN,NaN
141,3,0,689,695,728,652,832,612,NaN,NaN,NaN,NaN,NaN,NaN,NaN,NaN,NaN,NaN,NaN,NaN,NaN,NaN
142,3,0,691,695,730,653,834,613,NaN,NaN,NaN,NaN,NaN,NaN,NaN,NaN,NaN,NaN,NaN,NaN,NaN,NaN
143,3,0,693,695,731,653,835,613,NaN,NaN,NaN,NaN,NaN,NaN,NaN,NaN,NaN,NaN,NaN,NaN,NaN,NaN
144,3,0,694,695,732,653,836,614,NaN,NaN,NaN,NaN,NaN,NaN,NaN,NaN,NaN,NaN,NaN,NaN,NaN,NaN
145,3,0,696,695,734,653,838,615,NaN,NaN,NaN,NaN,NaN,NaN,NaN,NaN,NaN,NaN,NaN,NaN,NaN,NaN
146,3,0,697,695,735,653,839,615,NaN,NaN,NaN,NaN,NaN,NaN,NaN,NaN,NaN,NaN,NaN,NaN,NaN,NaN
147,3,0,698,695,737,653,840,616,NaN,NaN,NaN,NaN,NaN,NaN,NaN,NaN,NaN,NaN,NaN,NaN,NaN,NaN
148,3,0,699,695,738,652,842,616,NaN,NaN,NaN,NaN,NaN,NaN,NaN,NaN,NaN,NaN,NaN,NaN,NaN,NaN
149,3,0,699,695,739,651,842,615,NaN,NaN,NaN,NaN,NaN,NaN,NaN,NaN,NaN,NaN,NaN,NaN,NaN,NaN
150,3,0,699,695,739,651,843,615,NaN,NaN,NaN,NaN,NaN,NaN,NaN,NaN,NaN,NaN,NaN,NaN,NaN,NaN
151,3,0,698,695,739,650,842,615,NaN,NaN,NaN,NaN,NaN,NaN,NaN,NaN,NaN,NaN,NaN,NaN,NaN,NaN
152,3,0,697,695,739,650,843,616,NaN,NaN,NaN,NaN,NaN,NaN,NaN,NaN,NaN,NaN,NaN,NaN,NaN,NaN
153,3,0,697,695,739,650,844,616,NaN,NaN,NaN,NaN,NaN,NaN,NaN,NaN,NaN,NaN,NaN,NaN,NaN,NaN
154,3,0,697,695,740,650,845,616,NaN,NaN,NaN,NaN,NaN,NaN,NaN,NaN,NaN,NaN,NaN,NaN,NaN,NaN
155,3,0,698,695,741,650,846,617,NaN,NaN,NaN,NaN,NaN,NaN,NaN,NaN,NaN,NaN,NaN,NaN,NaN,NaN
156,3,0,699,695,742,649,848,617,NaN,NaN,NaN,NaN,NaN,NaN,NaN,NaN,NaN,NaN,NaN,NaN,NaN,NaN
157,3,0,700,695,743,648,849,616,NaN,NaN,NaN,NaN,NaN,NaN,NaN,NaN,NaN,NaN,NaN,NaN,NaN,NaN
158,3,0,701,694,745,647,850,616,NaN,NaN,NaN,NaN,NaN,NaN,NaN,NaN,NaN,NaN,NaN,NaN,NaN,NaN
159,3,0,703,695,748,647,853,616,NaN,NaN,NaN,NaN,NaN,NaN,NaN,NaN,NaN,NaN,NaN,NaN,NaN,NaN
160,3,0,706,695,750,645,855,615,NaN,NaN,NaN,NaN,NaN,NaN,NaN,NaN,NaN,NaN,NaN,NaN,NaN,NaN
161,3,0,707,694,752,644,857,614,NaN,NaN,NaN,NaN,NaN,NaN,NaN,NaN,NaN,NaN,NaN,NaN,NaN,NaN
162,3,0,708,694,754,643,858,614,NaN,NaN,NaN,NaN,NaN,NaN,NaN,NaN,NaN,NaN,NaN,NaN,NaN,NaN
163,3,0,709,695,755,643,860,614,NaN,NaN,NaN,NaN,NaN,NaN,NaN,NaN,NaN,NaN,NaN,NaN,NaN,NaN
164,3,0,709,694,756,642,860,613,NaN,NaN,NaN,NaN,NaN,NaN,NaN,NaN,NaN,NaN,NaN,NaN,NaN,NaN
165,3,0,709,695,756,641,861,613,NaN,NaN,NaN,NaN,NaN,NaN,NaN,NaN,NaN,NaN,NaN,NaN,NaN,NaN
166,3,0,709,695,757,640,862,613,NaN,NaN,NaN,NaN,NaN,NaN,NaN,NaN,NaN,NaN,NaN,NaN,NaN,NaN
167,3,0,709,695,758,640,863,613,NaN,NaN,NaN,NaN,NaN,NaN,NaN,NaN,NaN,NaN,NaN,NaN,NaN,NaN
168,3,0,709,695,758,639,863,613,NaN,NaN,NaN,NaN,NaN,NaN,NaN,NaN,NaN,NaN,NaN,NaN,NaN,NaN
169,3,0,709,695,758,638,864,613,NaN,NaN,NaN,NaN,NaN,NaN,NaN,NaN,NaN,NaN,NaN,NaN,NaN,NaN
170,3,0,708,695,759,638,864,613,NaN,NaN,NaN,NaN,NaN,NaN,NaN,NaN,NaN,NaN,NaN,NaN,NaN,NaN
171,3,0,707,695,759,637,864,613,NaN,NaN,NaN,NaN,NaN,NaN,NaN,NaN,NaN,NaN,NaN,NaN,NaN,NaN
172,3,0,706,695,758,635,863,612,NaN,NaN,NaN,NaN,NaN,NaN,NaN,NaN,NaN,NaN,NaN,NaN,NaN,NaN
173,3,0,705,694,757,634,863,611,NaN,NaN,NaN,NaN,NaN,NaN,NaN,NaN,NaN,NaN,NaN,NaN,NaN,NaN
174,3,0,705,693,758,632,864,611,NaN,NaN,NaN,NaN,NaN,NaN,NaN,NaN,NaN,NaN,NaN,NaN,NaN,NaN
175,3,0,704,692,758,630,864,610,NaN,NaN,NaN,NaN,NaN,NaN,NaN,NaN,NaN,NaN,NaN,NaN,NaN,NaN
176,3,0,702,690,756,627,863,607,NaN,NaN,NaN,NaN,NaN,NaN,NaN,NaN,NaN,NaN,NaN,NaN,NaN,NaN
177,3,0,701,687,756,623,863,604,NaN,NaN,NaN,NaN,NaN,NaN,NaN,NaN,NaN,NaN,NaN,NaN,NaN,NaN
178,3,0,701,685,757,621,864,602,NaN,NaN,NaN,NaN,NaN,NaN,NaN,NaN,NaN,NaN,NaN,NaN,NaN,NaN
179,3,0,700,687,757,621,865,603,NaN,NaN,NaN,NaN,NaN,NaN,NaN,NaN,NaN,NaN,NaN,NaN,NaN,NaN
180,3,0,698,688,757,621,865,603,NaN,NaN,NaN,NaN,NaN,NaN,NaN,NaN,NaN,NaN,NaN,NaN,NaN,NaN
181,3,1,698,690,757,620,865,604,NaN,NaN,NaN,NaN,NaN,NaN,NaN,NaN,NaN,NaN,NaN,NaN,NaN,NaN
182,4,0,698,692,762,621,874,604,1224,599,NaN,NaN,NaN,NaN,NaN,NaN,NaN,NaN,NaN,NaN,NaN,NaN
183,4,0,696,693,766,621,880,604,1222,599,NaN,NaN,NaN,NaN,NaN,NaN,NaN,NaN,NaN,NaN,NaN,NaN
184,4,0,696,695,769,622,888,604,1220,599,NaN,NaN,NaN,NaN,NaN,NaN,NaN,NaN,NaN,NaN,NaN,NaN
185,4,0,697,695,774,622,896,604,1219,600,NaN,NaN,NaN,NaN,NaN,NaN,NaN,NaN,NaN,NaN,NaN,NaN
186,4,0,698,695,779,622,905,604,1224,599,NaN,NaN,NaN,NaN,NaN,NaN,NaN,NaN,NaN,NaN,NaN,NaN
187,4,0,698,695,783,621,915,605,1221,603,NaN,NaN,NaN,NaN,NaN,NaN,NaN,NaN,NaN,NaN,NaN,NaN
188,4,0,699,695,788,622,922,605,1223,605,NaN,NaN,NaN,NaN,NaN,NaN,NaN,NaN,NaN,NaN,NaN,NaN
189,4,0,700,695,792,622,931,605,1222,603,NaN,NaN,NaN,NaN,NaN,NaN,NaN,NaN,NaN,NaN,NaN,NaN
190,4,0,701,695,797,621,939,605,1221,600,NaN,NaN,NaN,NaN,NaN,NaN,NaN,NaN,NaN,NaN,NaN,NaN
191,4,0,701,695,803,621,948,605,1223,599,NaN,NaN,NaN,NaN,NaN,NaN,NaN,NaN,NaN,NaN,NaN,NaN
192,4,0,702,695,808,620,957,607,1223,602,NaN,NaN,NaN,NaN,NaN,NaN,NaN,NaN,NaN,NaN,NaN,NaN
193,4,0,703,695,814,619,967,606,1228,592,NaN,NaN,NaN,NaN,NaN,NaN,NaN,NaN,NaN,NaN,NaN,NaN
194,4,0,704,695,820,619,977,605,1228,591,NaN,NaN,NaN,NaN,NaN,NaN,NaN,NaN,NaN,NaN,NaN,NaN
195,4,0,705,695,826,618,987,604,1228,590,NaN,NaN,NaN,NaN,NaN,NaN,NaN,NaN,NaN,NaN,NaN,NaN
196,4,0,706,695,832,618,999,604,1229,589,NaN,NaN,NaN,NaN,NaN,NaN,NaN,NaN,NaN,NaN,NaN,NaN
197,4,0,709,695,839,618,1007,601,1231,588,NaN,NaN,NaN,NaN,NaN,NaN,NaN,NaN,NaN,NaN,NaN,NaN
198,4,0,711,695,845,618,1017,601,1229,589,NaN,NaN,NaN,NaN,NaN,NaN,NaN,NaN,NaN,NaN,NaN,NaN
199,4,0,712,695,851,619,1026,601,1228,589,NaN,NaN,NaN,NaN,NaN,NaN,NaN,NaN,NaN,NaN,NaN,NaN
200,4,0,711,695,854,621,1032,602,1235,593,NaN,NaN,NaN,NaN,NaN,NaN,NaN,NaN,NaN,NaN,NaN,NaN
201,4,0,710,695,858,622,1040,602,1235,589,NaN,NaN,NaN,NaN,NaN,NaN,NaN,NaN,NaN,NaN,NaN,NaN
202,4,0,708,695,863,623,1048,602,1232,589,NaN,NaN,NaN,NaN,NaN,NaN,NaN,NaN,NaN,NaN,NaN,NaN
203,4,0,706,695,866,624,1054,602,1230,589,NaN,NaN,NaN,NaN,NaN,NaN,NaN,NaN,NaN,NaN,NaN,NaN
204,4,0,704,695,869,625,1060,604,1227,589,NaN,NaN,NaN,NaN,NaN,NaN,NaN,NaN,NaN,NaN,NaN,NaN
205,4,0,701,695,873,625,1068,605,1260,604,NaN,NaN,NaN,NaN,NaN,NaN,NaN,NaN,NaN,NaN,NaN,NaN
206,4,0,700,695,877,626,1079,610,1260,604,NaN,NaN,NaN,NaN,NaN,NaN,NaN,NaN,NaN,NaN,NaN,NaN
207,4,0,699,695,882,627,1090,618,1260,604,NaN,NaN,NaN,NaN,NaN,NaN,NaN,NaN,NaN,NaN,NaN,NaN
208,4,0,698,695,887,628,1103,623,1260,604,NaN,NaN,NaN,NaN,NaN,NaN,NaN,NaN,NaN,NaN,NaN,NaN
209,4,0,696,695,891,629,1118,630,1260,604,NaN,NaN,NaN,NaN,NaN,NaN,NaN,NaN,NaN,NaN,NaN,NaN
210,4,0,695,695,896,629,1133,636,1260,604,NaN,NaN,NaN,NaN,NaN,NaN,NaN,NaN,NaN,NaN,NaN,NaN
211,4,0,693,695,900,629,1147,641,1260,603,NaN,NaN,NaN,NaN,NaN,NaN,NaN,NaN,NaN,NaN,NaN,NaN
212,4,0,689,695,904,629,1161,646,1257,602,NaN,NaN,NaN,NaN,NaN,NaN,NaN,NaN,NaN,NaN,NaN,NaN
213,4,1,689,695,910,628,1172,647,1257,602,NaN,NaN,NaN,NaN,NaN,NaN,NaN,NaN,NaN,NaN,NaN,NaN
214,4,0,702,695,906,629,1178,651,1253,602,NaN,NaN,NaN,NaN,NaN,NaN,NaN,NaN,NaN,NaN,NaN,NaN
215,4,0,711,695,902,632,1181,653,1249,602,NaN,NaN,NaN,NaN,NaN,NaN,NaN,NaN,NaN,NaN,NaN,NaN
216,4,0,718,695,895,634,1180,650,1244,603,NaN,NaN,NaN,NaN,NaN,NaN,NaN,NaN,NaN,NaN,NaN,NaN
217,4,0,718,695,887,636,1174,647,1237,603,NaN,NaN,NaN,NaN,NaN,NaN,NaN,NaN,NaN,NaN,NaN,NaN
218,4,0,714,695,881,638,1165,642,1230,602,NaN,NaN,NaN,NaN,NaN,NaN,NaN,NaN,NaN,NaN,NaN,NaN
219,4,1,714,695,880,638,1160,635,1229,602,NaN,NaN,NaN,NaN,NaN,NaN,NaN,NaN,NaN,NaN,NaN,NaN
220,4,0,716,695,876,639,1156,635,1226,602,NaN,NaN,NaN,NaN,NaN,NaN,NaN,NaN,NaN,NaN,NaN,NaN
221,4,0,719,695,871,641,1151,636,1220,602,NaN,NaN,NaN,NaN,NaN,NaN,NaN,NaN,NaN,NaN,NaN,NaN
222,4,0,723,695,868,643,1147,636,1217,603,NaN,NaN,NaN,NaN,NaN,NaN,NaN,NaN,NaN,NaN,NaN,NaN
223,4,0,729,695,865,645,1144,637,1214,604,NaN,NaN,NaN,NaN,NaN,NaN,NaN,NaN,NaN,NaN,NaN,NaN
224,4,0,754,695,922,645,1161,631,1230,584,NaN,NaN,NaN,NaN,NaN,NaN,NaN,NaN,NaN,NaN,NaN,NaN
225,4,0,759,695,930,646,1161,631,1231,579,NaN,NaN,NaN,NaN,NaN,NaN,NaN,NaN,NaN,NaN,NaN,NaN
226,4,0,762,695,938,648,1161,631,1234,572,NaN,NaN,NaN,NaN,NaN,NaN,NaN,NaN,NaN,NaN,NaN,NaN
227,4,0,763,695,946,649,1160,630,1236,563,NaN,NaN,NaN,NaN,NaN,NaN,NaN,NaN,NaN,NaN,NaN,NaN
228,4,0,761,695,952,649,1157,629,1238,551,NaN,NaN,NaN,NaN,NaN,NaN,NaN,NaN,NaN,NaN,NaN,NaN
229,4,0,757,695,957,650,1154,627,1242,539,NaN,NaN,NaN,NaN,NaN,NaN,NaN,NaN,NaN,NaN,NaN,NaN
230,4,0,753,695,963,650,1152,626,1244,528,NaN,NaN,NaN,NaN,NaN,NaN,NaN,NaN,NaN,NaN,NaN,NaN
231,4,0,748,695,969,649,1148,624,1242,520,NaN,NaN,NaN,NaN,NaN,NaN,NaN,NaN,NaN,NaN,NaN,NaN
232,4,1,748,695,981,648,1152,622,1248,513,NaN,NaN,NaN,NaN,NaN,NaN,NaN,NaN,NaN,NaN,NaN,NaN
233,4,0,807,695,1015,656,1153,616,1245,520,NaN,NaN,NaN,NaN,NaN,NaN,NaN,NaN,NaN,NaN,NaN,NaN
234,4,0,853,695,1045,662,1156,613,1246,525,NaN,NaN,NaN,NaN,NaN,NaN,NaN,NaN,NaN,NaN,NaN,NaN
235,4,0,885,695,1068,667,1160,612,1249,527,NaN,NaN,NaN,NaN,NaN,NaN,NaN,NaN,NaN,NaN,NaN,NaN
236,4,0,908,695,1085,671,1167,613,1253,527,NaN,NaN,NaN,NaN,NaN,NaN,NaN,NaN,NaN,NaN,NaN,NaN
237,4,0,923,695,1099,673,1175,614,1256,522,NaN,NaN,NaN,NaN,NaN,NaN,NaN,NaN,NaN,NaN,NaN,NaN
238,4,0,933,695,1107,676,1184,614,1254,521,NaN,NaN,NaN,NaN,NaN,NaN,NaN,NaN,NaN,NaN,NaN,NaN
239,4,0,938,695,1112,679,1196,618,1251,522,NaN,NaN,NaN,NaN,NaN,NaN,NaN,NaN,NaN,NaN,NaN,NaN
240,4,1,940,710,1114,679,1197,618,1251,522,NaN,NaN,NaN,NaN,NaN,NaN,NaN,NaN,NaN,NaN,NaN,NaN
241,4,0,1046,695,1127,675,1204,608,1251,532,NaN,NaN,NaN,NaN,NaN,NaN,NaN,NaN,NaN,NaN,NaN,NaN
242,4,0,1056,695,1139,670,1205,593,1255,539,NaN,NaN,NaN,NaN,NaN,NaN,NaN,NaN,NaN,NaN,NaN,NaN
243,4,1,1060,695,1152,664,1209,578,1263,544,NaN,NaN,NaN,NaN,NaN,NaN,NaN,NaN,NaN,NaN,NaN,NaN
244,4,1,1066,695,1147,605,1192,527,1257,461,NaN,NaN,NaN,NaN,NaN,NaN,NaN,NaN,NaN,NaN,NaN,NaN
245,4,0,1066,695,1144,606,1188,528,1251,462,NaN,NaN,NaN,NaN,NaN,NaN,NaN,NaN,NaN,NaN,NaN,NaN
246,4,0,1063,695,1136,608,1180,529,1241,462,NaN,NaN,NaN,NaN,NaN,NaN,NaN,NaN,NaN,NaN,NaN,NaN
247,4,1,1058,695,1129,610,1171,530,1231,463,NaN,NaN,NaN,NaN,NaN,NaN,NaN,NaN,NaN,NaN,NaN,NaN
248,4,1,1053,695,1122,611,1164,531,1223,463,NaN,NaN,NaN,NaN,NaN,NaN,NaN,NaN,NaN,NaN,NaN,NaN
249,4,0,1049,695,1117,613,1157,532,1214,464,NaN,NaN,NaN,NaN,NaN,NaN,NaN,NaN,NaN,NaN,NaN,NaN
250,4,0,1046,695,1112,615,1151,532,1204,464,NaN,NaN,NaN,NaN,NaN,NaN,NaN,NaN,NaN,NaN,NaN,NaN
251,4,0,1043,695,1108,618,1146,533,1196,465,NaN,NaN,NaN,NaN,NaN,NaN,NaN,NaN,NaN,NaN,NaN,NaN
252,4,0,1040,695,1104,621,1141,535,1188,466,NaN,NaN,NaN,NaN,NaN,NaN,NaN,NaN,NaN,NaN,NaN,NaN
253,4,0,1038,695,1101,623,1137,537,1182,467,NaN,NaN,NaN,NaN,NaN,NaN,NaN,NaN,NaN,NaN,NaN,NaN
254,4,0,1036,695,1099,626,1134,538,1175,468,NaN,NaN,NaN,NaN,NaN,NaN,NaN,NaN,NaN,NaN,NaN,NaN
255,4,0,1034,695,1095,629,1129,539,1169,469,NaN,NaN,NaN,NaN,NaN,NaN,NaN,NaN,NaN,NaN,NaN,NaN
256,4,0,1031,695,1092,631,1125,540,1162,469,NaN,NaN,NaN,NaN,NaN,NaN,NaN,NaN,NaN,NaN,NaN,NaN
257,4,0,1028,695,1090,633,1121,540,1155,469,NaN,NaN,NaN,NaN,NaN,NaN,NaN,NaN,NaN,NaN,NaN,NaN
258,4,0,1025,695,1087,635,1118,541,1149,470,NaN,NaN,NaN,NaN,NaN,NaN,NaN,NaN,NaN,NaN,NaN,NaN
259,4,0,1022,695,1084,638,1114,543,1142,471,NaN,NaN,NaN,NaN,NaN,NaN,NaN,NaN,NaN,NaN,NaN,NaN
260,4,0,1019,695,1082,640,1106,540,1137,471,NaN,NaN,NaN,NaN,NaN,NaN,NaN,NaN,NaN,NaN,NaN,NaN
261,4,0,1014,695,1079,643,1102,544,1129,473,NaN,NaN,NaN,NaN,NaN,NaN,NaN,NaN,NaN,NaN,NaN,NaN
262,4,0,1010,695,1076,646,1108,557,1123,474,NaN,NaN,NaN,NaN,NaN,NaN,NaN,NaN,NaN,NaN,NaN,NaN
263,4,1,1010,705,1078,647,1110,558,1123,474,NaN,NaN,NaN,NaN,NaN,NaN,NaN,NaN,NaN,NaN,NaN,NaN
264,4,0,1018,695,1073,647,1105,558,1117,474,NaN,NaN,NaN,NaN,NaN,NaN,NaN,NaN,NaN,NaN,NaN,NaN
265,4,0,1014,695,1069,648,1100,558,1110,474,NaN,NaN,NaN,NaN,NaN,NaN,NaN,NaN,NaN,NaN,NaN,NaN
266,4,0,1010,695,1064,648,1094,557,1104,473,NaN,NaN,NaN,NaN,NaN,NaN,NaN,NaN,NaN,NaN,NaN,NaN
267,4,0,1006,695,1059,648,1089,557,1097,473,NaN,NaN,NaN,NaN,NaN,NaN,NaN,NaN,NaN,NaN,NaN,NaN
268,4,0,998,695,1051,647,1079,556,1087,471,NaN,NaN,NaN,NaN,NaN,NaN,NaN,NaN,NaN,NaN,NaN,NaN
269,4,0,992,695,1041,648,1068,556,1077,472,NaN,NaN,NaN,NaN,NaN,NaN,NaN,NaN,NaN,NaN,NaN,NaN
270,4,0,945,685,1030,656,1049,552,1054,479,NaN,NaN,NaN,NaN,NaN,NaN,NaN,NaN,NaN,NaN,NaN,NaN
271,4,0,947,687,1021,658,1035,549,1045,475,NaN,NaN,NaN,NaN,NaN,NaN,NaN,NaN,NaN,NaN,NaN,NaN
272,4,0,942,693,1009,657,1018,547,1029,472,NaN,NaN,NaN,NaN,NaN,NaN,NaN,NaN,NaN,NaN,NaN,NaN
273,4,0,941,695,1000,657,1008,546,1018,471,NaN,NaN,NaN,NaN,NaN,NaN,NaN,NaN,NaN,NaN,NaN,NaN
274,4,0,936,695,993,658,999,547,1009,472,NaN,NaN,NaN,NaN,NaN,NaN,NaN,NaN,NaN,NaN,NaN,NaN
275,5,0,931,695,1007,605,1048,488,1162,450,1260,403,NaN,NaN,NaN,NaN,NaN,NaN,NaN,NaN,NaN,NaN
276,5,0,926,695,1002,602,1046,483,1169,449,1260,396,NaN,NaN,NaN,NaN,NaN,NaN,NaN,NaN,NaN,NaN
277,5,0,920,695,998,597,1044,478,1175,446,1253,394,NaN,NaN,NaN,NaN,NaN,NaN,NaN,NaN,NaN,NaN
278,5,1,920,695,1000,593,1048,473,1188,444,1253,394,NaN,NaN,NaN,NaN,NaN,NaN,NaN,NaN,NaN,NaN
279,6,0,920,695,996,594,1043,474,1183,445,1248,394,1260,374,NaN,NaN,NaN,NaN,NaN,NaN,NaN,NaN
280,6,0,920,695,993,596,1038,474,1177,445,1242,394,1260,366,NaN,NaN,NaN,NaN,NaN,NaN,NaN,NaN
281,6,0,919,695,989,597,1033,475,1172,445,1235,394,1260,360,NaN,NaN,NaN,NaN,NaN,NaN,NaN,NaN
282,6,0,916,695,982,599,1024,476,1165,445,1229,394,1260,350,NaN,NaN,NaN,NaN,NaN,NaN,NaN,NaN
283,6,0,913,695,975,600,1018,476,1156,445,1221,394,1260,341,NaN,NaN,NaN,NaN,NaN,NaN,NaN,NaN
284,6,0,909,695,970,600,1012,476,1149,444,1212,393,1260,330,NaN,NaN,NaN,NaN,NaN,NaN,NaN,NaN
285,6,0,906,695,964,600,1005,476,1142,443,1204,391,1260,319,NaN,NaN,NaN,NaN,NaN,NaN,NaN,NaN
286,6,0,904,695,960,601,1001,475,1136,442,1198,390,1260,309,NaN,NaN,NaN,NaN,NaN,NaN,NaN,NaN
287,6,0,902,695,957,601,996,474,1132,441,1192,389,1260,300,NaN,NaN,NaN,NaN,NaN,NaN,NaN,NaN
288,6,0,901,695,953,601,992,474,1127,439,1187,387,1260,291,NaN,NaN,NaN,NaN,NaN,NaN,NaN,NaN
289,6,0,900,695,951,601,988,474,1122,438,1182,386,1258,286,NaN,NaN,NaN,NaN,NaN,NaN,NaN,NaN
290,6,0,899,695,949,601,984,473,1118,437,1177,385,1253,285,NaN,NaN,NaN,NaN,NaN,NaN,NaN,NaN
291,6,0,898,695,946,601,980,473,1113,437,1172,384,1244,285,NaN,NaN,NaN,NaN,NaN,NaN,NaN,NaN
292,6,0,898,695,944,603,977,474,1109,437,1167,384,1239,285,NaN,NaN,NaN,NaN,NaN,NaN,NaN,NaN
293,6,0,898,695,942,604,974,474,1106,437,1163,384,1236,284,NaN,NaN,NaN,NaN,NaN,NaN,NaN,NaN
294,6,0,898,695,941,606,971,475,1103,438,1159,384,1233,284,NaN,NaN,NaN,NaN,NaN,NaN,NaN,NaN
295,6,0,898,695,939,608,968,475,1100,438,1156,384,1229,284,NaN,NaN,NaN,NaN,NaN,NaN,NaN,NaN
296,6,0,896,695,937,609,966,475,1097,438,1152,384,1225,283,NaN,NaN,NaN,NaN,NaN,NaN,NaN,NaN
297,6,0,893,695,933,609,961,475,1091,437,1146,383,1217,282,NaN,NaN,NaN,NaN,NaN,NaN,NaN,NaN
298,6,0,890,695,929,610,956,475,1085,437,1140,383,1212,282,NaN,NaN,NaN,NaN,NaN,NaN,NaN,NaN
299,6,0,887,695,925,610,951,475,1080,436,1134,383,1207,282,NaN,NaN,NaN,NaN,NaN,NaN,NaN,NaN
300,6,0,883,695,921,610,945,474,1074,435,1128,381,1200,281,NaN,NaN,NaN,NaN,NaN,NaN,NaN,NaN
301,6,0,880,695,917,610,941,474,1069,434,1122,380,1194,280,NaN,NaN,NaN,NaN,NaN,NaN,NaN,NaN
302,6,0,876,695,913,610,936,473,1064,433,1117,379,1188,279,NaN,NaN,NaN,NaN,NaN,NaN,NaN,NaN
303,6,1,876,695,913,610,936,473,1064,433,1117,379,1188,279,NaN,NaN,NaN,NaN,NaN,NaN,NaN,NaN
304,6,0,874,695,910,609,933,472,1060,432,1113,378,1184,278,NaN,NaN,NaN,NaN,NaN,NaN,NaN,NaN
305,6,0,870,695,905,609,928,471,1054,431,1106,377,1175,276,NaN,NaN,NaN,NaN,NaN,NaN,NaN,NaN
306,6,0,866,695,901,608,923,471,1049,430,1101,376,1170,276,NaN,NaN,NaN,NaN,NaN,NaN,NaN,NaN
307,6,0,862,695,898,608,918,470,1045,429,1096,374,1165,274,NaN,NaN,NaN,NaN,NaN,NaN,NaN,NaN
308,6,0,860,695,895,608,915,470,1041,428,1092,373,1161,273,NaN,NaN,NaN,NaN,NaN,NaN,NaN,NaN
309,6,0,858,695,892,608,912,469,1038,428,1089,373,1157,272,NaN,NaN,NaN,NaN,NaN,NaN,NaN,NaN
310,6,0,854,695,888,608,908,468,1033,427,1084,372,1151,272,NaN,NaN,NaN,NaN,NaN,NaN,NaN,NaN
311,6,0,850,695,884,608,902,468,1027,426,1078,371,1144,271,NaN,NaN,NaN,NaN,NaN,NaN,NaN,NaN
312,6,0,846,695,880,608,897,467,1022,425,1073,370,1137,269,NaN,NaN,NaN,NaN,NaN,NaN,NaN,NaN
313,6,0,842,695,876,608,892,467,1017,425,1067,370,1131,269,NaN,NaN,NaN,NaN,NaN,NaN,NaN,NaN
314,6,0,839,695,872,609,889,467,1013,424,1063,369,1127,268,NaN,NaN,NaN,NaN,NaN,NaN,NaN,NaN
315,6,0,836,695,870,610,885,467,1009,424,1059,369,1124,267,NaN,NaN,NaN,NaN,NaN,NaN,NaN,NaN
316,6,0,833,695,865,611,881,467,1005,424,1055,368,1119,267,NaN,NaN,NaN,NaN,NaN,NaN,NaN,NaN
317,6,1,830,695,862,612,877,467,1001,424,1051,368,1115,267,NaN,NaN,NaN,NaN,NaN,NaN,NaN,NaN
318,6,0,827,695,858,613,873,467,997,424,1047,368,1111,267,NaN,NaN,NaN,NaN,NaN,NaN,NaN,NaN
319,6,0,824,695,855,614,870,467,993,423,1043,367,1107,266,NaN,NaN,NaN,NaN,NaN,NaN,NaN,NaN
320,6,0,822,695,852,615,866,467,990,423,1039,367,1103,265,NaN,NaN,NaN,NaN,NaN,NaN,NaN,NaN
321,6,0,820,695,850,616,864,468,987,423,1036,367,1100,265,NaN,NaN,NaN,NaN,NaN,NaN,NaN,NaN
322,6,0,819,695,847,617,861,469,984,424,1033,367,1097,265,NaN,NaN,NaN,NaN,NaN,NaN,NaN,NaN
323,6,0,817,695,845,618,858,469,981,424,1030,367,1094,265,NaN,NaN,NaN,NaN,NaN,NaN,NaN,NaN
324,6,0,816,695,844,619,856,469,978,424,1027,367,1090,265,NaN,NaN,NaN,NaN,NaN,NaN,NaN,NaN
325,6,0,815,695,842,621,854,470,976,425,1025,367,1088,265,NaN,NaN,NaN,NaN,NaN,NaN,NaN,NaN
326,6,0,814,695,840,623,852,471,974,426,1023,368,1087,265,NaN,NaN,NaN,NaN,NaN,NaN,NaN,NaN
327,6,0,812,695,838,623,849,471,971,425,1020,367,1084,264,NaN,NaN,NaN,NaN,NaN,NaN,NaN,NaN
328,6,0,811,695,836,623,846,471,969,425,1017,367,1080,263,NaN,NaN,NaN,NaN,NaN,NaN,NaN,NaN
329,6,0,811,695,836,625,846,471,968,425,1016,367,1079,263,NaN,NaN,NaN,NaN,NaN,NaN,NaN,NaN
330,6,0,811,695,835,626,845,472,967,426,1015,367,1078,263,NaN,NaN,NaN,NaN,NaN,NaN,NaN,NaN
331,6,0,811,695,834,627,843,473,965,426,1013,368,1076,263,NaN,NaN,NaN,NaN,NaN,NaN,NaN,NaN
332,6,0,810,695,833,628,841,473,964,426,1011,367,1074,263,NaN,NaN,NaN,NaN,NaN,NaN,NaN,NaN
333,6,0,810,695,833,629,840,473,962,426,1009,367,1072,263,NaN,NaN,NaN,NaN,NaN,NaN,NaN,NaN
334,6,0,810,695,831,630,839,474,961,426,1007,367,1070,263,NaN,NaN,NaN,NaN,NaN,NaN,NaN,NaN
335,6,0,810,695,831,631,837,474,959,426,1005,367,1068,263,NaN,NaN,NaN,NaN,NaN,NaN,NaN,NaN
336,6,0,810,695,830,633,835,475,957,427,1003,368,1066,263,NaN,NaN,NaN,NaN,NaN,NaN,NaN,NaN
337,6,0,811,695,830,634,835,476,956,428,1003,368,1065,264,NaN,NaN,NaN,NaN,NaN,NaN,NaN,NaN
338,6,0,811,695,829,636,833,477,955,428,1001,369,1062,264,NaN,NaN,NaN,NaN,NaN,NaN,NaN,NaN
339,6,0,810,695,827,638,831,478,952,429,997,369,1059,265,NaN,NaN,NaN,NaN,NaN,NaN,NaN,NaN
340,6,0,808,695,824,640,827,479,948,429,994,370,1055,265,NaN,NaN,NaN,NaN,NaN,NaN,NaN,NaN
341,6,0,806,695,822,641,824,480,945,430,990,370,1051,265,NaN,NaN,NaN,NaN,NaN,NaN,NaN,NaN
342,6,0,805,695,820,643,821,481,942,430,987,370,1047,265,NaN,NaN,NaN,NaN,NaN,NaN,NaN,NaN
343,6,0,804,695,817,645,818,482,939,431,984,371,1043,265,NaN,NaN,NaN,NaN,NaN,NaN,NaN,NaN
344,6,0,802,695,814,646,814,483,934,432,980,371,1037,265,NaN,NaN,NaN,NaN,NaN,NaN,NaN,NaN
345,6,0,800,695,812,648,811,483,931,432,976,371,1034,265,NaN,NaN,NaN,NaN,NaN,NaN,NaN,NaN
346,6,0,798,695,809,650,808,484,928,433,972,371,1032,266,NaN,NaN,NaN,NaN,NaN,NaN,NaN,NaN
347,6,0,797,695,807,652,806,485,925,433,969,372,1028,266,NaN,NaN,NaN,NaN,NaN,NaN,NaN,NaN
348,6,0,796,695,806,655,803,487,924,434,967,373,1026,267,NaN,NaN,NaN,NaN,NaN,NaN,NaN,NaN
349,6,0,796,695,805,657,802,488,922,436,965,374,1024,268,NaN,NaN,NaN,NaN,NaN,NaN,NaN,NaN
350,6,0,795,695,803,659,800,490,920,437,963,375,1021,268,NaN,NaN,NaN,NaN,NaN,NaN,NaN,NaN
351,6,0,793,695,801,660,798,491,918,437,960,375,1019,269,NaN,NaN,NaN,NaN,NaN,NaN,NaN,NaN
352,6,0,792,695,800,662,795,492,915,438,958,375,1016,269,NaN,NaN,NaN,NaN,NaN,NaN,NaN,NaN
353,6,0,791,695,798,663,793,493,913,438,956,376,1013,269,NaN,NaN,NaN,NaN,NaN,NaN,NaN,NaN
354,6,0,789,695,795,665,790,494,910,439,953,377,1010,270,NaN,NaN,NaN,NaN,NaN,NaN,NaN,NaN
355,6,0,787,695,792,667,791,499,907,444,949,379,1006,276,NaN,NaN,NaN,NaN,NaN,NaN,NaN,NaN
356,6,0,785,695,787,673,788,504,904,449,946,386,1007,281,NaN,NaN,NaN,NaN,NaN,NaN,NaN,NaN
357,6,0,783,695,783,678,784,508,900,452,942,391,1003,284,NaN,NaN,NaN,NaN,NaN,NaN,NaN,NaN
358,6,1,779,695,779,683,781,512,897,456,938,394,996,286,NaN,NaN,NaN,NaN,NaN,NaN,NaN,NaN
359,6,1,775,695,775,687,777,514,893,457,935,395,993,286,NaN,NaN,NaN,NaN,NaN,NaN,NaN,NaN
360,9,0,761,695,706,621,771,518,887,461,929,398,978,296,1071,226,1076,155,926,80,NaN,NaN
361,9,0,750,695,698,622,765,520,885,466,924,399,970,299,1062,226,1072,157,920,83,NaN,NaN
362,9,0,739,695,693,625,758,522,880,468,917,400,964,299,1052,227,1062,159,910,84,NaN,NaN
363,9,0,729,695,687,628,752,524,873,470,911,401,958,300,1046,228,1055,160,903,85,NaN,NaN
364,9,0,720,695,681,631,747,527,868,472,906,403,953,302,1040,229,1048,160,898,87,NaN,NaN
365,9,0,711,695,677,634,743,530,864,474,901,404,948,304,1035,230,1044,162,893,88,NaN,NaN
366,9,0,703,695,673,637,739,532,861,475,898,406,944,305,1031,232,1039,163,888,89,NaN,NaN
367,9,0,697,695,670,640,736,535,858,478,894,407,941,307,1027,233,1034,164,884,91,NaN,NaN
368,9,0,690,695,667,643,733,537,855,479,891,409,937,309,1023,234,1030,165,880,92,NaN,NaN
369,9,0,685,695,665,646,730,539,852,481,888,410,934,310,1020,235,1026,166,876,93,NaN,NaN
370,9,0,679,695,662,649,727,542,850,483,885,412,931,311,1017,236,1022,167,873,95,NaN,NaN
371,9,0,675,695,660,651,725,544,847,485,883,412,928,312,1014,236,1019,168,869,95,NaN,NaN
372,9,0,670,695,658,654,723,545,846,485,880,413,925,312,1011,237,1015,168,865,96,NaN,NaN
373,9,0,666,695,656,656,721,547,844,487,877,414,923,313,1008,237,1011,169,862,97,NaN,NaN
374,9,0,662,695,654,658,718,548,841,488,875,415,920,313,1005,238,1008,169,859,98,NaN,NaN
375,9,0,659,695,653,659,717,549,840,488,873,415,917,314,1002,238,1004,170,855,99,NaN,NaN
376,9,0,656,695,652,660,715,550,837,489,871,416,914,315,999,239,1000,171,851,100,NaN,NaN
377,9,0,652,695,645,664,712,554,835,492,867,419,911,318,995,241,997,175,847,105,NaN,NaN
378,9,0,647,695,642,670,709,560,832,497,863,423,907,322,991,246,994,178,842,108,NaN,NaN
379,9,0,644,695,639,677,705,566,829,502,860,429,904,326,986,250,989,183,837,113,NaN,NaN
380,8,1,643,695,705,566,829,502,860,429,904,326,986,250,989,183,837,113,NaN,NaN,NaN,NaN
381,8,0,643,695,699,571,825,508,856,432,898,329,980,254,982,186,829,115,NaN,NaN,NaN,NaN
382,8,0,642,695,694,577,821,512,850,436,893,332,975,258,976,188,822,117,NaN,NaN,NaN,NaN
383,8,0,644,695,691,582,818,516,846,440,891,335,971,260,971,190,817,119,NaN,NaN,NaN,NaN
384,8,0,645,695,688,585,815,519,844,442,888,337,968,262,967,191,813,120,NaN,NaN,NaN,NaN
385,8,0,647,695,687,588,813,521,840,445,884,340,964,263,963,194,810,122,NaN,NaN,NaN,NaN
386,8,0,648,695,685,590,811,522,838,446,881,341,961,266,959,196,806,125,NaN,NaN,NaN,NaN
387,8,0,649,695,683,593,809,525,835,448,879,343,958,268,956,198,803,127,NaN,NaN,NaN,NaN
388,8,0,650,695,682,596,807,527,833,450,876,345,955,269,953,199,800,129,NaN,NaN,NaN,NaN
389,8,0,651,695,679,599,805,530,829,452,874,347,952,271,948,201,796,131,NaN,NaN,NaN,NaN
390,8,0,651,695,678,602,803,533,828,455,871,349,949,273,946,203,793,133,NaN,NaN,NaN,NaN
391,8,0,651,695,675,606,800,536,825,457,868,353,945,276,943,207,790,137,NaN,NaN,NaN,NaN
392,8,0,650,695,672,611,797,542,821,463,864,357,941,280,938,211,785,142,NaN,NaN,NaN,NaN
393,8,0,650,695,669,619,794,549,817,469,861,363,937,286,934,217,781,148,NaN,NaN,NaN,NaN
394,8,0,649,695,665,625,791,554,815,474,858,369,934,291,930,222,778,153,NaN,NaN,NaN,NaN
395,8,0,648,695,663,630,788,559,814,479,855,373,931,296,928,226,774,157,NaN,NaN,NaN,NaN
396,8,0,646,695,660,634,785,562,813,482,851,376,927,300,924,230,771,161,NaN,NaN,NaN,NaN
397,8,0,644,695,656,637,782,565,809,485,849,379,924,302,920,233,768,164,NaN,NaN,NaN,NaN
398,8,0,642,695,653,641,779,568,806,487,845,382,920,305,916,236,764,167,NaN,NaN,NaN,NaN
399,8,0,639,695,648,645,776,572,802,491,840,385,916,308,913,239,760,170,NaN,NaN,NaN,NaN
400,8,0,634,695,642,649,771,576,796,495,837,389,911,311,907,242,755,174,NaN,NaN,NaN,NaN
401,8,0,631,695,638,654,767,579,792,498,831,392,906,315,903,246,749,177,NaN,NaN,NaN,NaN
402,8,0,628,695,635,658,763,583,790,501,828,395,902,318,899,248,746,180,NaN,NaN,NaN,NaN
403,8,0,626,695,632,661,760,586,787,504,825,398,898,321,895,251,742,183,NaN,NaN,NaN,NaN
404,8,0,625,695,630,664,758,589,784,507,823,401,896,323,893,253,740,185,NaN,NaN,NaN,NaN
405,8,0,623,695,628,667,756,592,782,510,820,403,894,325,891,256,737,187,NaN,NaN,NaN,NaN
406,8,0,622,695,626,670,754,594,780,512,818,405,892,327,889,258,735,189,NaN,NaN,NaN,NaN
407,8,0,620,695,625,672,753,596,779,514,817,407,890,329,887,260,733,191,NaN,NaN,NaN,NaN
408,8,0,619,695,623,675,751,599,777,516,815,409,888,331,885,262,731,193,NaN,NaN,NaN,NaN
409,8,0,617,695,621,678,750,602,775,519,813,411,886,333,883,264,729,196,NaN,NaN,NaN,NaN
410,8,0,616,695,620,680,748,603,774,520,811,413,884,335,881,266,727,198,NaN,NaN,NaN,NaN
411,8,0,615,695,619,683,747,606,773,523,810,416,883,338,879,269,726,201,NaN,NaN,NaN,NaN
412,7,1,615,695,747,606,773,523,810,416,883,338,879,269,726,201,NaN,NaN,NaN,NaN,NaN,NaN
413,7,0,622,695,746,608,772,525,809,418,881,340,877,271,725,203,NaN,NaN,NaN,NaN,NaN,NaN
414,7,0,629,695,744,611,770,528,807,420,879,342,876,274,723,206,NaN,NaN,NaN,NaN,NaN,NaN
415,7,0,636,695,743,614,768,530,806,424,878,345,874,276,721,208,NaN,NaN,NaN,NaN,NaN,NaN
416,7,0,643,695,742,617,767,534,805,427,877,348,873,279,721,211,NaN,NaN,NaN,NaN,NaN,NaN
417,7,0,650,695,741,620,766,537,804,430,876,352,872,282,719,215,NaN,NaN,NaN,NaN,NaN,NaN
418,7,0,658,695,739,624,765,540,803,433,874,355,871,286,718,219,NaN,NaN,NaN,NaN,NaN,NaN
419,7,0,666,695,739,629,764,545,802,437,873,359,870,290,717,223,NaN,NaN,NaN,NaN,NaN,NaN
420,7,0,673,695,738,633,764,549,802,441,873,363,869,294,716,227,NaN,NaN,NaN,NaN,NaN,NaN
421,7,0,679,695,737,637,763,553,801,445,872,366,868,298,715,230,NaN,NaN,NaN,NaN,NaN,NaN
422,7,0,685,695,737,640,763,557,800,449,871,369,868,301,714,233,NaN,NaN,NaN,NaN,NaN,NaN
423,7,0,690,695,736,644,762,560,800,452,871,373,867,304,714,236,NaN,NaN,NaN,NaN,NaN,NaN
424,7,0,695,695,736,647,762,564,800,455,871,376,867,306,714,239,NaN,NaN,NaN,NaN,NaN,NaN
425,7,0,699,695,735,650,761,566,800,457,871,379,866,309,714,241,NaN,NaN,NaN,NaN,NaN,NaN
426,7,0,703,695,735,652,761,569,799,460,871,381,866,312,713,243,NaN,NaN,NaN,NaN,NaN,NaN
427,7,0,706,695,735,655,761,571,800,462,871,383,866,314,713,246,NaN,NaN,NaN,NaN,NaN,NaN
428,7,0,709,695,735,657,761,574,799,464,871,385,867,316,713,248,NaN,NaN,NaN,NaN,NaN,NaN
429,7,0,713,695,735,660,761,576,800,467,871,388,867,318,713,250,NaN,NaN,NaN,NaN,NaN,NaN
430,7,0,716,695,735,663,762,580,800,470,872,390,867,321,714,252,NaN,NaN,NaN,NaN,NaN,NaN
431,7,0,718,695,735,666,762,582,800,472,872,393,867,323,714,254,NaN,NaN,NaN,NaN,NaN,NaN
432,7,0,720,695,735,668,762,584,800,474,872,395,868,325,714,256,NaN,NaN,NaN,NaN,NaN,NaN
433,7,0,722,695,735,671,762,587,801,477,873,397,868,327,714,259,NaN,NaN,NaN,NaN,NaN,NaN
434,7,0,724,695,735,674,762,590,801,480,873,400,869,330,714,261,NaN,NaN,NaN,NaN,NaN,NaN
435,7,0,726,695,735,676,763,592,801,482,873,402,869,332,715,263,NaN,NaN,NaN,NaN,NaN,NaN
436,7,0,727,695,735,679,763,595,802,484,874,404,869,334,715,265,NaN,NaN,NaN,NaN,NaN,NaN
437,7,0,729,695,736,681,765,597,803,486,874,406,870,336,716,267,NaN,NaN,NaN,NaN,NaN,NaN
438,7,0,732,695,738,683,767,599,805,488,877,408,873,338,719,269,NaN,NaN,NaN,NaN,NaN,NaN
439,6,1,732,695,767,599,805,488,877,408,873,338,719,269,NaN,NaN,NaN,NaN,NaN,NaN,NaN,NaN
440,6,0,737,695,770,600,808,491,880,410,876,340,718,269,NaN,NaN,NaN,NaN,NaN,NaN,NaN,NaN
441,6,0,741,695,771,601,811,495,883,414,880,345,717,272,NaN,NaN,NaN,NaN,NaN,NaN,NaN,NaN
442,6,0,745,695,773,604,812,500,885,418,882,349,715,274,NaN,NaN,NaN,NaN,NaN,NaN,NaN,NaN
443,6,0,747,695,773,607,813,505,886,423,883,353,712,276,NaN,NaN,NaN,NaN,NaN,NaN,NaN,NaN
444,6,0,750,695,773,608,813,508,887,426,884,356,708,278,NaN,NaN,NaN,NaN,NaN,NaN,NaN,NaN
445,6,0,751,695,773,610,812,511,888,430,884,358,704,278,NaN,NaN,NaN,NaN,NaN,NaN,NaN,NaN
446,6,0,752,695,772,611,813,514,888,432,885,361,700,278,NaN,NaN,NaN,NaN,NaN,NaN,NaN,NaN
447,6,0,752,695,772,610,813,516,889,433,885,362,697,278,NaN,NaN,NaN,NaN,NaN,NaN,NaN,NaN
448,6,0,753,695,772,610,814,518,889,435,886,363,694,277,NaN,NaN,NaN,NaN,NaN,NaN,NaN,NaN
449,6,0,754,695,773,610,814,520,890,437,887,365,691,277,NaN,NaN,NaN,NaN,NaN,NaN,NaN,NaN
450,6,0,755,695,773,610,815,522,891,438,888,366,687,276,NaN,NaN,NaN,NaN,NaN,NaN,NaN,NaN
451,6,0,756,695,773,609,815,523,892,439,888,367,684,275,NaN,NaN,NaN,NaN,NaN,NaN,NaN,NaN
452,6,0,756,695,772,608,816,524,892,441,889,368,680,274,NaN,NaN,NaN,NaN,NaN,NaN,NaN,NaN
453,6,0,757,695,772,607,816,525,893,441,890,369,677,273,NaN,NaN,NaN,NaN,NaN,NaN,NaN,NaN
454,6,0,758,695,772,606,816,526,894,442,891,370,674,272,NaN,NaN,NaN,NaN,NaN,NaN,NaN,NaN
455,6,0,759,695,773,605,817,527,895,444,893,371,671,271,NaN,NaN,NaN,NaN,NaN,NaN,NaN,NaN
456,6,0,760,695,775,604,819,529,897,445,895,372,669,270,NaN,NaN,NaN,NaN,NaN,NaN,NaN,NaN
457,6,0,762,695,776,603,821,530,899,445,896,372,666,268,NaN,NaN,NaN,NaN,NaN,NaN,NaN,NaN
458,6,0,764,695,778,602,823,531,901,446,899,373,664,267,NaN,NaN,NaN,NaN,NaN,NaN,NaN,NaN
459,6,0,766,695,780,600,825,531,904,447,901,373,662,265,NaN,NaN,NaN,NaN,NaN,NaN,NaN,NaN
460,6,0,768,695,781,597,827,531,906,447,903,373,660,263,NaN,NaN,NaN,NaN,NaN,NaN,NaN,NaN
461,6,0,770,695,783,595,829,532,908,447,906,373,658,261,NaN,NaN,NaN,NaN,NaN,NaN,NaN,NaN
462,6,0,772,695,785,593,831,531,910,446,908,373,656,259,NaN,NaN,NaN,NaN,NaN,NaN,NaN,NaN
463,6,0,774,695,787,590,834,531,913,446,910,372,654,257,NaN,NaN,NaN,NaN,NaN,NaN,NaN,NaN
464,7,1,774,695,787,587,834,531,913,446,910,372,650,255,650,255,NaN,NaN,NaN,NaN,NaN,NaN
465,7,0,777,695,790,587,837,530,916,446,913,372,654,255,653,254,NaN,NaN,NaN,NaN,NaN,NaN
466,7,0,780,695,793,587,840,531,919,446,916,371,659,256,656,254,NaN,NaN,NaN,NaN,NaN,NaN
467,7,0,783,695,796,587,843,531,923,446,919,371,663,255,660,253,NaN,NaN,NaN,NaN,NaN,NaN
468,7,0,787,695,799,588,846,531,926,446,922,371,667,256,662,254,NaN,NaN,NaN,NaN,NaN,NaN
469,7,0,790,695,802,588,849,531,928,446,925,371,671,256,665,253,NaN,NaN,NaN,NaN,NaN,NaN
470,7,0,793,695,804,587,852,531,931,445,927,370,675,257,667,253,NaN,NaN,NaN,NaN,NaN,NaN
471,7,0,796,695,806,587,854,531,934,445,930,370,679,256,670,252,NaN,NaN,NaN,NaN,NaN,NaN
472,7,0,799,695,809,587,856,531,936,445,932,370,683,256,672,251,NaN,NaN,NaN,NaN,NaN,NaN
473,7,0,801,695,812,588,859,532,939,445,935,369,686,257,674,251,NaN,NaN,NaN,NaN,NaN,NaN
474,7,0,804,695,814,588,862,532,942,445,938,369,690,257,676,251,NaN,NaN,NaN,NaN,NaN,NaN
475,7,0,807,695,816,588,864,532,945,444,941,368,693,257,679,250,NaN,NaN,NaN,NaN,NaN,NaN
476,7,0,809,695,819,588,866,532,947,444,943,368,696,256,680,249,NaN,NaN,NaN,NaN,NaN,NaN
477,7,0,812,695,821,588,869,532,949,444,945,367,700,256,683,248,NaN,NaN,NaN,NaN,NaN,NaN
478,7,0,814,694,823,587,871,530,952,442,948,366,704,256,686,247,NaN,NaN,NaN,NaN,NaN,NaN
479,7,0,816,692,826,585,874,528,954,440,951,364,708,254,688,244,NaN,NaN,NaN,NaN,NaN,NaN
480,7,0,819,690,828,583,877,525,957,437,954,362,713,252,691,242,NaN,NaN,NaN,NaN,NaN,NaN
481,7,0,821,688,830,581,880,523,960,435,957,359,717,250,694,239,NaN,NaN,NaN,NaN,NaN,NaN
482,7,0,824,686,833,579,882,521,963,433,960,357,721,248,697,237,NaN,NaN,NaN,NaN,NaN,NaN
483,7,0,826,685,835,578,884,519,965,431,962,355,725,247,699,235,NaN,NaN,NaN,NaN,NaN,NaN
484,7,0,828,684,836,577,886,519,967,431,964,354,729,246,702,233,NaN,NaN,NaN,NaN,NaN,NaN
485,7,0,830,684,838,576,888,518,969,430,967,353,733,246,704,233,NaN,NaN,NaN,NaN,NaN,NaN
486,7,0,832,683,840,575,890,517,972,429,969,352,737,246,707,232,NaN,NaN,NaN,NaN,NaN,NaN
487,7,0,836,683,844,574,894,516,977,428,975,351,742,245,710,231,NaN,NaN,NaN,NaN,NaN,NaN
488,7,0,842,684,850,574,902,517,984,428,983,350,750,244,718,229,NaN,NaN,NaN,NaN,NaN,NaN
489,7,0,848,685,857,575,910,518,992,428,990,349,759,244,725,228,NaN,NaN,NaN,NaN,NaN,NaN
490,7,0,853,686,862,575,915,518,998,427,996,349,766,244,730,227,NaN,NaN,NaN,NaN,NaN,NaN
491,7,0,856,687,866,576,919,518,1003,427,1001,348,771,243,734,226,NaN,NaN,NaN,NaN,NaN,NaN
492,7,0,858,687,868,576,920,517,1005,427,1003,347,775,244,737,226,NaN,NaN,NaN,NaN,NaN,NaN
493,7,0,858,688,869,576,921,517,1006,427,1004,347,778,244,738,225,NaN,NaN,NaN,NaN,NaN,NaN
494,7,0,858,688,869,576,922,517,1007,426,1005,347,781,244,740,225,NaN,NaN,NaN,NaN,NaN,NaN
495,7,0,858,689,869,577,922,517,1008,426,1006,347,784,244,741,224,NaN,NaN,NaN,NaN,NaN,NaN
496,7,0,858,690,869,577,922,517,1008,426,1007,346,786,244,742,223,NaN,NaN,NaN,NaN,NaN,NaN
497,7,0,858,691,869,577,923,518,1009,426,1008,346,788,245,742,223,NaN,NaN,NaN,NaN,NaN,NaN
498,7,0,860,693,870,578,924,519,1011,426,1010,346,791,245,744,223,NaN,NaN,NaN,NaN,NaN,NaN
499,7,0,860,694,871,579,925,519,1012,426,1011,345,793,245,745,222,NaN,NaN,NaN,NaN,NaN,NaN
500,7,0,862,695,873,580,927,520,1014,426,1013,345,796,246,746,222,NaN,NaN,NaN,NaN,NaN,NaN
501,7,0,864,695,875,581,929,520,1017,426,1016,345,800,246,749,221,NaN,NaN,NaN,NaN,NaN,NaN
502,7,0,866,695,877,581,932,521,1019,426,1018,344,804,246,751,221,NaN,NaN,NaN,NaN,NaN,NaN
503,7,0,868,695,879,581,933,520,1021,425,1020,344,807,246,752,220,NaN,NaN,NaN,NaN,NaN,NaN
504,7,0,870,695,880,581,935,519,1023,424,1022,342,810,245,754,219,NaN,NaN,NaN,NaN,NaN,NaN
505,7,0,872,694,882,580,937,519,1025,423,1023,341,813,245,755,218,NaN,NaN,NaN,NaN,NaN,NaN
506,7,0,874,694,884,578,939,517,1027,422,1025,340,816,244,757,216,NaN,NaN,NaN,NaN,NaN,NaN
507,7,0,878,693,886,577,941,516,1029,421,1028,338,820,244,759,215,NaN,NaN,NaN,NaN,NaN,NaN
508,7,0,880,692,889,576,944,515,1032,419,1030,337,823,243,761,214,NaN,NaN,NaN,NaN,NaN,NaN
509,7,0,882,691,891,574,945,513,1034,417,1031,335,827,242,763,212,NaN,NaN,NaN,NaN,NaN,NaN
510,7,0,885,689,893,573,948,512,1036,416,1033,334,830,241,764,211,NaN,NaN,NaN,NaN,NaN,NaN
511,7,0,887,688,895,571,950,510,1037,414,1034,332,832,241,764,210,NaN,NaN,NaN,NaN,NaN,NaN
512,7,0,890,688,898,571,953,509,1040,413,1036,330,835,240,767,208,NaN,NaN,NaN,NaN,NaN,NaN
513,7,0,893,689,901,571,956,509,1043,412,1039,329,838,239,768,207,NaN,NaN,NaN,NaN,NaN,NaN
514,7,0,895,689,904,570,959,508,1045,411,1041,328,841,238,769,205,NaN,NaN,NaN,NaN,NaN,NaN
515,7,0,898,688,906,568,961,507,1047,409,1043,326,844,237,770,203,NaN,NaN,NaN,NaN,NaN,NaN
516,7,0,901,688,908,567,963,505,1049,408,1045,324,848,236,772,202,NaN,NaN,NaN,NaN,NaN,NaN
517,7,0,903,688,910,568,965,505,1051,407,1046,323,851,235,773,200,NaN,NaN,NaN,NaN,NaN,NaN
518,7,0,906,689,913,568,968,505,1053,406,1048,323,854,235,775,199,NaN,NaN,NaN,NaN,NaN,NaN
519,7,0,908,690,914,568,969,506,1055,406,1050,322,858,236,777,199,NaN,NaN,NaN,NaN,NaN,NaN
520,7,0,911,692,917,569,972,507,1058,407,1052,322,861,237,778,199,NaN,NaN,NaN,NaN,NaN,NaN
521,7,0,913,694,919,571,975,508,1060,407,1054,322,864,238,780,199,NaN,NaN,NaN,NaN,NaN,NaN
522,7,0,916,695,922,572,977,508,1062,408,1056,322,867,238,782,199,NaN,NaN,NaN,NaN,NaN,NaN
523,7,0,918,695,924,574,979,510,1064,408,1057,322,871,239,783,199,NaN,NaN,NaN,NaN,NaN,NaN
524,7,0,919,695,925,574,980,510,1065,408,1058,322,873,239,784,199,NaN,NaN,NaN,NaN,NaN,NaN
525,7,0,920,695,926,576,981,511,1066,409,1059,323,875,240,784,199,NaN,NaN,NaN,NaN,NaN,NaN
526,7,0,921,695,927,577,982,512,1067,409,1059,323,877,242,785,200,NaN,NaN,NaN,NaN,NaN,NaN
527,7,0,921,695,927,579,982,514,1067,411,1059,324,879,243,784,200,NaN,NaN,NaN,NaN,NaN,NaN
528,7,0,921,695,927,581,982,516,1067,412,1059,324,880,244,784,201,NaN,NaN,NaN,NaN,NaN,NaN
529,7,0,921,695,926,583,981,518,1066,413,1058,325,881,246,783,202,NaN,NaN,NaN,NaN,NaN,NaN
530,7,0,920,695,925,585,981,519,1065,414,1057,326,881,248,781,203,NaN,NaN,NaN,NaN,NaN,NaN
531,7,0,919,695,925,588,980,522,1064,416,1056,328,882,250,781,205,NaN,NaN,NaN,NaN,NaN,NaN
532,7,0,919,695,925,592,980,525,1064,418,1056,330,883,253,780,206,NaN,NaN,NaN,NaN,NaN,NaN
533,7,0,918,695,924,595,979,527,1063,420,1055,331,884,255,779,208,NaN,NaN,NaN,NaN,NaN,NaN
534,7,0,916,695,922,599,978,532,1062,424,1053,336,883,260,777,212,NaN,NaN,NaN,NaN,NaN,NaN
535,7,0,915,695,920,605,977,537,1060,429,1050,339,883,265,775,216,NaN,NaN,NaN,NaN,NaN,NaN
536,7,0,914,695,920,611,977,543,1059,433,1049,343,884,269,774,220,NaN,NaN,NaN,NaN,NaN,NaN
537,7,0,914,695,920,617,978,549,1059,438,1050,347,885,274,774,223,NaN,NaN,NaN,NaN,NaN,NaN
538,7,0,913,695,919,622,977,553,1058,441,1048,350,886,277,772,226,NaN,NaN,NaN,NaN,NaN,NaN
539,7,1,913,695,919,622,977,553,1058,441,1048,350,888,278,773,226,NaN,NaN,NaN,NaN,NaN,NaN
540,7,0,911,695,917,625,975,556,1055,443,1046,352,886,280,770,227,NaN,NaN,NaN,NaN,NaN,NaN
541,7,0,909,695,915,628,973,558,1052,445,1043,353,882,282,767,229,NaN,NaN,NaN,NaN,NaN,NaN
542,7,0,907,695,911,631,970,560,1049,446,1040,355,879,283,764,230,NaN,NaN,NaN,NaN,NaN,NaN
543,7,0,905,695,908,633,968,563,1046,447,1036,356,875,284,759,232,NaN,NaN,NaN,NaN,NaN,NaN
544,7,0,902,695,906,635,965,565,1043,449,1033,357,871,285,755,233,NaN,NaN,NaN,NaN,NaN,NaN
545,7,0,900,695,903,638,962,567,1039,450,1031,358,867,286,752,234,NaN,NaN,NaN,NaN,NaN,NaN
546,7,0,897,695,900,640,958,569,1036,451,1027,359,863,287,748,235,NaN,NaN,NaN,NaN,NaN,NaN
547,7,0,893,695,895,641,953,570,1031,452,1021,360,858,288,742,237,NaN,NaN,NaN,NaN,NaN,NaN
548,7,0,889,695,890,643,949,571,1025,453,1015,361,851,290,737,238,NaN,NaN,NaN,NaN,NaN,NaN
549,7,0,887,695,881,644,941,573,1018,455,1006,362,842,291,726,239,NaN,NaN,NaN,NaN,NaN,NaN
550,7,0,878,695,871,646,930,574,1007,456,995,363,830,292,715,241,NaN,NaN,NaN,NaN,NaN,NaN
551,7,0,870,695,863,647,922,575,995,456,984,363,821,293,705,242,NaN,NaN,NaN,NaN,NaN,NaN
552,7,0,862,695,855,649,913,576,986,457,974,364,811,293,696,242,NaN,NaN,NaN,NaN,NaN,NaN
553,7,0,856,695,849,650,907,577,978,456,967,364,803,293,688,243,NaN,NaN,NaN,NaN,NaN,NaN
554,7,0,852,695,845,651,902,578,973,457,961,365,797,294,681,243,NaN,NaN,NaN,NaN,NaN,NaN
555,7,0,850,695,842,653,899,580,969,458,957,365,792,295,676,244,NaN,NaN,NaN,NaN,NaN,NaN
556,7,0,855,695,838,656,897,582,966,459,951,367,787,297,671,245,NaN,NaN,NaN,NaN,NaN,NaN
557,7,0,852,695,834,656,892,583,960,460,946,367,782,296,666,246,NaN,NaN,NaN,NaN,NaN,NaN
558,7,0,845,695,831,662,889,587,958,463,941,368,777,297,658,246,NaN,NaN,NaN,NaN,NaN,NaN
559,7,0,841,695,829,666,886,591,954,465,937,370,772,299,653,247,NaN,NaN,NaN,NaN,NaN,NaN
560,7,0,839,695,827,670,885,594,950,467,933,371,768,300,648,248,NaN,NaN,NaN,NaN,NaN,NaN
561,7,0,835,695,824,673,883,597,946,469,929,374,762,302,643,249,NaN,NaN,NaN,NaN,NaN,NaN
562,7,0,832,695,822,677,881,601,943,471,927,376,759,304,639,250,NaN,NaN,NaN,NaN,NaN,NaN
563,7,0,828,695,818,679,876,603,939,472,922,377,755,305,634,252,NaN,NaN,NaN,NaN,NaN,NaN
564,7,0,824,695,815,683,872,605,935,474,918,379,750,307,629,253,NaN,NaN,NaN,NaN,NaN,NaN
565,6,1,815,686,872,605,935,474,918,379,750,307,629,253,NaN,NaN,NaN,NaN,NaN,NaN,NaN,NaN
566,6,0,814,691,870,609,933,477,915,381,747,309,625,255,NaN,NaN,NaN,NaN,NaN,NaN,NaN,NaN
567,6,0,812,695,867,612,930,479,912,382,742,310,620,255,NaN,NaN,NaN,NaN,NaN,NaN,NaN,NaN
568,6,0,810,695,864,614,927,480,908,384,738,311,616,256,NaN,NaN,NaN,NaN,NaN,NaN,NaN,NaN
569,6,0,809,695,861,616,924,481,905,384,734,311,612,257,NaN,NaN,NaN,NaN,NaN,NaN,NaN,NaN
570,6,0,807,695,857,618,919,482,901,385,730,312,607,257,NaN,NaN,NaN,NaN,NaN,NaN,NaN,NaN
571,6,0,803,695,852,619,915,483,896,386,725,313,602,258,NaN,NaN,NaN,NaN,NaN,NaN,NaN,NaN
572,6,0,801,695,848,621,911,484,891,386,721,313,597,258,NaN,NaN,NaN,NaN,NaN,NaN,NaN,NaN
573,6,0,799,695,846,624,906,485,887,389,716,316,593,261,NaN,NaN,NaN,NaN,NaN,NaN,NaN,NaN
574,6,0,798,695,841,628,902,488,883,390,711,317,588,262,NaN,NaN,NaN,NaN,NaN,NaN,NaN,NaN
575,6,0,795,695,838,629,898,489,879,391,708,318,584,263,NaN,NaN,NaN,NaN,NaN,NaN,NaN,NaN
576,6,0,792,695,835,629,894,489,877,391,704,318,579,262,NaN,NaN,NaN,NaN,NaN,NaN,NaN,NaN
577,6,0,789,695,831,630,890,489,871,390,699,316,574,262,NaN,NaN,NaN,NaN,NaN,NaN,NaN,NaN
578,6,0,788,695,828,632,888,489,869,390,696,316,570,261,NaN,NaN,NaN,NaN,NaN,NaN,NaN,NaN
579,6,0,786,695,825,633,884,489,865,390,692,316,566,261,NaN,NaN,NaN,NaN,NaN,NaN,NaN,NaN
580,6,0,785,695,822,635,882,490,863,390,689,316,562,261,NaN,NaN,NaN,NaN,NaN,NaN,NaN,NaN
581,6,0,785,695,820,636,880,491,860,391,686,316,559,262,NaN,NaN,NaN,NaN,NaN,NaN,NaN,NaN
582,6,0,784,695,817,638,877,492,858,392,684,317,556,262,NaN,NaN,NaN,NaN,NaN,NaN,NaN,NaN
583,6,0,783,695,815,640,875,493,856,393,681,318,554,263,NaN,NaN,NaN,NaN,NaN,NaN,NaN,NaN
584,6,0,783,695,813,643,873,495,854,394,679,319,552,264,NaN,NaN,NaN,NaN,NaN,NaN,NaN,NaN
585,6,0,784,695,812,645,872,497,853,396,678,320,550,265,NaN,NaN,NaN,NaN,NaN,NaN,NaN,NaN
586,6,0,784,695,811,647,871,498,851,396,676,321,548,265,NaN,NaN,NaN,NaN,NaN,NaN,NaN,NaN
587,6,0,783,695,810,648,869,499,850,397,674,321,545,266,NaN,NaN,NaN,NaN,NaN,NaN,NaN,NaN
588,6,0,782,695,808,649,867,499,848,397,671,321,542,265,NaN,NaN,NaN,NaN,NaN,NaN,NaN,NaN
589,6,0,781,695,806,649,865,499,846,396,669,320,540,264,NaN,NaN,NaN,NaN,NaN,NaN,NaN,NaN
590,6,0,781,695,805,649,864,498,844,396,667,320,538,263,NaN,NaN,NaN,NaN,NaN,NaN,NaN,NaN
591,6,0,780,695,804,650,862,498,843,395,665,319,535,263,NaN,NaN,NaN,NaN,NaN,NaN,NaN,NaN
592,6,0,781,695,804,650,862,498,841,394,664,319,534,262,NaN,NaN,NaN,NaN,NaN,NaN,NaN,NaN
593,6,0,782,695,805,650,862,498,841,394,663,318,533,261,NaN,NaN,NaN,NaN,NaN,NaN,NaN,NaN
594,6,0,783,695,807,650,863,497,841,393,663,317,532,260,NaN,NaN,NaN,NaN,NaN,NaN,NaN,NaN
595,6,0,785,694,808,649,863,496,841,392,663,316,532,259,NaN,NaN,NaN,NaN,NaN,NaN,NaN,NaN
596,6,0,787,694,809,648,863,495,842,391,662,314,531,258,NaN,NaN,NaN,NaN,NaN,NaN,NaN,NaN
597,6,0,792,692,815,647,868,494,844,389,664,313,533,256,NaN,NaN,NaN,NaN,NaN,NaN,NaN,NaN
598,6,0,798,692,820,647,871,493,849,388,667,312,535,255,NaN,NaN,NaN,NaN,NaN,NaN,NaN,NaN
599,6,0,805,693,825,648,879,494,853,388,672,311,539,254,NaN,NaN,NaN,NaN,NaN,NaN,NaN,NaN
600,6,0,812,695,831,650,883,494,858,388,676,311,542,254,NaN,NaN,NaN,NaN,NaN,NaN,NaN,NaN
601,6,0,819,695,837,652,888,495,862,389,679,312,545,254,NaN,NaN,NaN,NaN,NaN,NaN,NaN,NaN
602,6,0,824,695,842,653,890,495,864,389,680,311,546,253,NaN,NaN,NaN,NaN,NaN,NaN,NaN,NaN
603,6,0,829,695,845,655,892,496,864,389,680,311,545,253,NaN,NaN,NaN,NaN,NaN,NaN,NaN,NaN
604,6,0,832,695,848,657,893,497,865,390,680,312,545,254,NaN,NaN,NaN,NaN,NaN,NaN,NaN,NaN
605,6,0,835,695,850,659,895,498,867,391,680,313,544,254,NaN,NaN,NaN,NaN,NaN,NaN,NaN,NaN
606,6,0,838,695,851,661,895,499,867,391,679,313,544,254,NaN,NaN,NaN,NaN,NaN,NaN,NaN,NaN
607,6,0,840,695,853,662,895,500,866,392,678,313,543,254,NaN,NaN,NaN,NaN,NaN,NaN,NaN,NaN
608,6,0,841,695,853,663,894,500,866,392,677,313,541,254,NaN,NaN,NaN,NaN,NaN,NaN,NaN,NaN
609,6,0,841,695,852,664,893,501,863,393,675,314,539,255,NaN,NaN,NaN,NaN,NaN,NaN,NaN,NaN
610,6,0,840,695,851,665,891,502,860,393,672,315,536,255,NaN,NaN,NaN,NaN,NaN,NaN,NaN,NaN
611,6,0,840,695,851,668,889,503,859,394,669,315,532,255,NaN,NaN,NaN,NaN,NaN,NaN,NaN,NaN
612,6,0,840,695,850,671,887,504,856,395,665,315,528,255,NaN,NaN,NaN,NaN,NaN,NaN,NaN,NaN
613,6,0,839,695,848,672,885,505,854,395,662,315,524,255,NaN,NaN,NaN,NaN,NaN,NaN,NaN,NaN
614,6,0,835,695,845,673,881,505,850,395,657,315,519,254,NaN,NaN,NaN,NaN,NaN,NaN,NaN,NaN
615,6,0,831,694,841,673,876,504,844,394,652,314,512,253,NaN,NaN,NaN,NaN,NaN,NaN,NaN,NaN
616,6,0,826,694,835,672,870,502,839,392,646,312,506,251,NaN,NaN,NaN,NaN,NaN,NaN,NaN,NaN
617,6,0,822,693,831,671,865,501,834,391,640,310,499,248,NaN,NaN,NaN,NaN,NaN,NaN,NaN,NaN
618,6,0,820,693,829,671,862,500,831,389,637,308,495,246,NaN,NaN,NaN,NaN,NaN,NaN,NaN,NaN
619,6,0,820,694,828,671,860,499,828,388,634,307,492,244,NaN,NaN,NaN,NaN,NaN,NaN,NaN,NaN
620,6,0,819,694,827,671,859,498,826,386,632,305,489,243,NaN,NaN,NaN,NaN,NaN,NaN,NaN,NaN
621,6,0,818,694,826,672,857,497,824,386,630,304,486,242,NaN,NaN,NaN,NaN,NaN,NaN,NaN,NaN
622,6,0,816,695,823,673,856,498,822,385,626,304,483,241,NaN,NaN,NaN,NaN,NaN,NaN,NaN,NaN
623,6,0,811,695,819,674,851,497,818,385,621,303,478,240,NaN,NaN,NaN,NaN,NaN,NaN,NaN,NaN
624,6,0,809,695,817,675,847,496,814,384,617,301,473,238,NaN,NaN,NaN,NaN,NaN,NaN,NaN,NaN
625,6,0,807,695,815,677,844,497,811,384,613,301,470,238,NaN,NaN,NaN,NaN,NaN,NaN,NaN,NaN
626,6,0,804,695,812,679,842,498,807,384,609,301,465,237,NaN,NaN,NaN,NaN,NaN,NaN,NaN,NaN
627,6,0,802,695,810,683,839,499,805,385,606,301,460,236,NaN,NaN,NaN,NaN,NaN,NaN,NaN,NaN
628,6,0,800,695,808,684,836,500,802,385,602,301,456,236,NaN,NaN,NaN,NaN,NaN,NaN,NaN,NaN
629,5,1,800,695,836,500,802,385,602,301,456,236,NaN,NaN,NaN,NaN,NaN,NaN,NaN,NaN,NaN,NaN
630,5,0,798,695,834,500,798,387,598,302,452,236,NaN,NaN,NaN,NaN,NaN,NaN,NaN,NaN,NaN,NaN
631,5,0,798,695,831,500,793,388,595,303,448,237,NaN,NaN,NaN,NaN,NaN,NaN,NaN,NaN,NaN,NaN
632,5,0,795,695,828,500,788,390,590,304,442,238,NaN,NaN,NaN,NaN,NaN,NaN,NaN,NaN,NaN,NaN
633,5,0,791,695,824,499,782,392,583,305,435,238,NaN,NaN,NaN,NaN,NaN,NaN,NaN,NaN,NaN,NaN
634,5,0,788,695,819,499,775,393,578,306,428,238,NaN,NaN,NaN,NaN,NaN,NaN,NaN,NaN,NaN,NaN
635,5,0,786,695,816,498,769,394,574,306,422,238,NaN,NaN,NaN,NaN,NaN,NaN,NaN,NaN,NaN,NaN
636,5,0,784,695,812,498,764,396,569,307,416,238,NaN,NaN,NaN,NaN,NaN,NaN,NaN,NaN,NaN,NaN
637,5,0,783,695,810,498,760,397,564,308,411,238,NaN,NaN,NaN,NaN,NaN,NaN,NaN,NaN,NaN,NaN
638,5,0,782,695,808,497,756,398,560,309,406,238,NaN,NaN,NaN,NaN,NaN,NaN,NaN,NaN,NaN,NaN
639,5,0,782,695,807,496,752,400,557,309,402,238,NaN,NaN,NaN,NaN,NaN,NaN,NaN,NaN,NaN,NaN
640,5,0,783,695,807,495,749,401,554,310,398,238,NaN,NaN,NaN,NaN,NaN,NaN,NaN,NaN,NaN,NaN
641,5,0,784,695,805,494,745,403,551,310,394,238,NaN,NaN,NaN,NaN,NaN,NaN,NaN,NaN,NaN,NaN
642,5,0,783,695,804,494,740,404,547,311,388,238,NaN,NaN,NaN,NaN,NaN,NaN,NaN,NaN,NaN,NaN
643,5,0,783,695,802,494,736,407,542,312,382,239,NaN,NaN,NaN,NaN,NaN,NaN,NaN,NaN,NaN,NaN
644,5,0,785,695,801,496,732,412,539,316,377,241,NaN,NaN,NaN,NaN,NaN,NaN,NaN,NaN,NaN,NaN
645,5,0,786,695,800,504,727,421,534,323,371,248,NaN,NaN,NaN,NaN,NaN,NaN,NaN,NaN,NaN,NaN
646,5,1,786,695,800,502,726,422,534,324,371,248,NaN,NaN,NaN,NaN,NaN,NaN,NaN,NaN,NaN,NaN
647,5,0,786,695,793,518,742,437,525,334,361,265,NaN,NaN,NaN,NaN,NaN,NaN,NaN,NaN,NaN,NaN
648,5,0,785,695,790,519,740,438,523,337,359,268,NaN,NaN,NaN,NaN,NaN,NaN,NaN,NaN,NaN,NaN
649,5,0,786,695,780,523,729,457,511,346,349,277,NaN,NaN,NaN,NaN,NaN,NaN,NaN,NaN,NaN,NaN
650,5,0,778,695,770,532,713,464,494,354,331,283,NaN,NaN,NaN,NaN,NaN,NaN,NaN,NaN,NaN,NaN
651,5,0,769,695,756,530,698,463,477,354,327,281,NaN,NaN,NaN,NaN,NaN,NaN,NaN,NaN,NaN,NaN
652,5,0,763,694,747,529,686,461,464,353,309,280,NaN,NaN,NaN,NaN,NaN,NaN,NaN,NaN,NaN,NaN
653,5,0,760,693,740,528,676,458,454,352,294,280,NaN,NaN,NaN,NaN,NaN,NaN,NaN,NaN,NaN,NaN
654,5,0,755,689,733,524,667,453,444,348,279,277,NaN,NaN,NaN,NaN,NaN,NaN,NaN,NaN,NaN,NaN
655,5,0,751,685,726,519,657,447,434,345,264,275,NaN,NaN,NaN,NaN,NaN,NaN,NaN,NaN,NaN,NaN
656,5,0,748,681,721,515,649,443,425,342,249,272,NaN,NaN,NaN,NaN,NaN,NaN,NaN,NaN,NaN,NaN
657,5,0,747,679,717,513,642,439,418,340,237,270,NaN,NaN,NaN,NaN,NaN,NaN,NaN,NaN,NaN,NaN
658,5,0,747,676,714,510,637,435,412,338,227,269,NaN,NaN,NaN,NaN,NaN,NaN,NaN,NaN,NaN,NaN
659,5,0,747,674,712,508,631,432,407,336,216,268,NaN,NaN,NaN,NaN,NaN,NaN,NaN,NaN,NaN,NaN
660,5,0,747,673,710,507,626,430,402,336,207,268,NaN,NaN,NaN,NaN,NaN,NaN,NaN,NaN,NaN,NaN
661,5,0,748,672,708,505,622,428,398,335,197,268,NaN,NaN,NaN,NaN,NaN,NaN,NaN,NaN,NaN,NaN
662,5,0,748,670,706,504,617,426,393,334,188,268,NaN,NaN,NaN,NaN,NaN,NaN,NaN,NaN,NaN,NaN
663,5,1,748,669,706,505,615,426,393,336,185,270,NaN,NaN,NaN,NaN,NaN,NaN,NaN,NaN,NaN,NaN
664,5,0,748,668,705,502,612,423,388,333,180,268,NaN,NaN,NaN,NaN,NaN,NaN,NaN,NaN,NaN,NaN
665,5,0,749,666,704,500,611,420,386,330,178,265,NaN,NaN,NaN,NaN,NaN,NaN,NaN,NaN,NaN,NaN
666,5,0,750,664,705,497,611,418,383,327,175,262,NaN,NaN,NaN,NaN,NaN,NaN,NaN,NaN,NaN,NaN
667,5,0,752,664,705,496,610,415,380,324,172,259,NaN,NaN,NaN,NaN,NaN,NaN,NaN,NaN,NaN,NaN
668,5,0,754,663,705,493,609,413,378,320,171,256,NaN,NaN,NaN,NaN,NaN,NaN,NaN,NaN,NaN,NaN
669,5,0,756,662,707,490,610,410,377,317,169,253,NaN,NaN,NaN,NaN,NaN,NaN,NaN,NaN,NaN,NaN
670,5,0,758,663,708,489,610,408,374,314,167,250,NaN,NaN,NaN,NaN,NaN,NaN,NaN,NaN,NaN,NaN
671,5,0,762,666,710,489,610,407,371,311,165,247,NaN,NaN,NaN,NaN,NaN,NaN,NaN,NaN,NaN,NaN
672,5,0,766,666,712,488,611,405,371,308,164,243,NaN,NaN,NaN,NaN,NaN,NaN,NaN,NaN,NaN,NaN
673,5,0,769,666,715,486,613,402,370,305,164,241,NaN,NaN,NaN,NaN,NaN,NaN,NaN,NaN,NaN,NaN
674,5,0,774,665,718,483,616,398,370,301,166,236,NaN,NaN,NaN,NaN,NaN,NaN,NaN,NaN,NaN,NaN
675,5,0,778,662,721,478,617,394,371,295,167,230,NaN,NaN,NaN,NaN,NaN,NaN,NaN,NaN,NaN,NaN
676,5,0,781,659,724,474,618,389,371,289,167,225,NaN,NaN,NaN,NaN,NaN,NaN,NaN,NaN,NaN,NaN
677,5,0,784,656,725,470,619,384,369,283,165,218,NaN,NaN,NaN,NaN,NaN,NaN,NaN,NaN,NaN,NaN
678,5,0,785,653,726,465,619,378,367,277,163,212,NaN,NaN,NaN,NaN,NaN,NaN,NaN,NaN,NaN,NaN
679,5,0,785,650,725,461,617,374,363,271,160,206,NaN,NaN,NaN,NaN,NaN,NaN,NaN,NaN,NaN,NaN
680,5,0,785,647,725,456,616,369,359,265,157,201,NaN,NaN,NaN,NaN,NaN,NaN,NaN,NaN,NaN,NaN
681,5,0,784,646,723,454,614,366,355,261,154,197,NaN,NaN,NaN,NaN,NaN,NaN,NaN,NaN,NaN,NaN
682,5,0,785,647,722,453,611,363,351,257,150,193,NaN,NaN,NaN,NaN,NaN,NaN,NaN,NaN,NaN,NaN
683,5,0,783,647,721,451,609,361,345,254,145,189,NaN,NaN,NaN,NaN,NaN,NaN,NaN,NaN,NaN,NaN
684,5,0,782,647,718,450,605,359,339,251,139,186,NaN,NaN,NaN,NaN,NaN,NaN,NaN,NaN,NaN,NaN
685,5,0,778,648,715,448,600,357,333,248,133,182,NaN,NaN,NaN,NaN,NaN,NaN,NaN,NaN,NaN,NaN
686,5,0,776,649,711,447,596,355,325,245,126,179,NaN,NaN,NaN,NaN,NaN,NaN,NaN,NaN,NaN,NaN
687,5,0,772,649,707,446,591,353,319,242,119,176,NaN,NaN,NaN,NaN,NaN,NaN,NaN,NaN,NaN,NaN
688,5,0,765,650,700,446,581,353,307,239,108,173,NaN,NaN,NaN,NaN,NaN,NaN,NaN,NaN,NaN,NaN
689,5,0,755,651,690,446,570,352,294,238,95,171,NaN,NaN,NaN,NaN,NaN,NaN,NaN,NaN,NaN,NaN
690,5,0,743,656,673,435,573,349,274,221,108,149,NaN,NaN,NaN,NaN,NaN,NaN,NaN,NaN,NaN,NaN
691,5,0,733,662,661,439,560,351,257,221,93,149,NaN,NaN,NaN,NaN,NaN,NaN,NaN,NaN,NaN,NaN
692,5,0,725,669,653,443,548,354,244,222,78,149,NaN,NaN,NaN,NaN,NaN,NaN,NaN,NaN,NaN,NaN
693,5,0,719,675,646,446,539,356,233,222,70,150,NaN,NaN,NaN,NaN,NaN,NaN,NaN,NaN,NaN,NaN
694,5,0,713,681,640,450,532,357,223,222,65,153,NaN,NaN,NaN,NaN,NaN,NaN,NaN,NaN,NaN,NaN
695,5,0,708,686,635,452,525,358,215,222,60,155,NaN,NaN,NaN,NaN,NaN,NaN,NaN,NaN,NaN,NaN
696,5,0,704,690,632,455,520,360,210,223,57,158,NaN,NaN,NaN,NaN,NaN,NaN,NaN,NaN,NaN,NaN
697,5,0,702,694,629,458,517,362,205,224,54,160,NaN,NaN,NaN,NaN,NaN,NaN,NaN,NaN,NaN,NaN
698,5,0,698,695,626,462,512,364,200,225,50,162,NaN,NaN,NaN,NaN,NaN,NaN,NaN,NaN,NaN,NaN
699,5,0,695,695,624,465,509,367,195,227,47,165,NaN,NaN,NaN,NaN,NaN,NaN,NaN,NaN,NaN,NaN
700,5,0,693,695,623,469,506,369,191,228,43,166,NaN,NaN,NaN,NaN,NaN,NaN,NaN,NaN,NaN,NaN
701,5,0,706,695,622,473,502,372,187,229,40,167,NaN,NaN,NaN,NaN,NaN,NaN,NaN,NaN,NaN,NaN
702,5,0,695,695,622,477,500,373,183,230,37,168,NaN,NaN,NaN,NaN,NaN,NaN,NaN,NaN,NaN,NaN
703,5,0,694,695,622,480,498,375,180,230,34,168,NaN,NaN,NaN,NaN,NaN,NaN,NaN,NaN,NaN,NaN
704,5,0,694,695,623,483,497,376,179,230,32,168,NaN,NaN,NaN,NaN,NaN,NaN,NaN,NaN,NaN,NaN
705,5,0,695,695,624,486,497,377,179,230,31,168,NaN,NaN,NaN,NaN,NaN,NaN,NaN,NaN,NaN,NaN
706,5,0,697,695,627,487,498,378,181,230,33,168,NaN,NaN,NaN,NaN,NaN,NaN,NaN,NaN,NaN,NaN
707,5,0,700,695,632,489,501,378,185,230,36,167,NaN,NaN,NaN,NaN,NaN,NaN,NaN,NaN,NaN,NaN
708,5,0,704,695,637,492,504,379,188,229,39,167,NaN,NaN,NaN,NaN,NaN,NaN,NaN,NaN,NaN,NaN
709,5,0,709,695,642,493,508,378,191,228,41,166,NaN,NaN,NaN,NaN,NaN,NaN,NaN,NaN,NaN,NaN
710,5,0,712,695,646,494,510,378,195,227,44,165,NaN,NaN,NaN,NaN,NaN,NaN,NaN,NaN,NaN,NaN
711,5,0,716,695,651,496,513,378,198,227,47,164,NaN,NaN,NaN,NaN,NaN,NaN,NaN,NaN,NaN,NaN
712,5,0,719,695,655,498,518,378,203,227,51,166,NaN,NaN,NaN,NaN,NaN,NaN,NaN,NaN,NaN,NaN
713,5,0,729,695,662,503,526,380,214,229,65,168,NaN,NaN,NaN,NaN,NaN,NaN,NaN,NaN,NaN,NaN
714,5,1,729,702,663,504,525,380,214,230,65,169,NaN,NaN,NaN,NaN,NaN,NaN,NaN,NaN,NaN,NaN
715,5,0,730,695,666,507,528,381,242,236,82,173,NaN,NaN,NaN,NaN,NaN,NaN,NaN,NaN,NaN,NaN
716,5,0,736,695,676,507,532,387,269,245,96,179,NaN,NaN,NaN,NaN,NaN,NaN,NaN,NaN,NaN,NaN
717,5,0,738,695,684,510,544,389,286,254,108,182,NaN,NaN,NaN,NaN,NaN,NaN,NaN,NaN,NaN,NaN
718,5,0,750,695,699,521,561,398,319,268,126,193,NaN,NaN,NaN,NaN,NaN,NaN,NaN,NaN,NaN,NaN
719,5,0,761,695,713,528,576,405,349,280,147,201,NaN,NaN,NaN,NaN,NaN,NaN,NaN,NaN,NaN,NaN
720,5,0,770,695,724,537,589,413,377,292,165,211,NaN,NaN,NaN,NaN,NaN,NaN,NaN,NaN,NaN,NaN
721,5,0,779,695,735,547,602,422,404,307,182,222,NaN,NaN,NaN,NaN,NaN,NaN,NaN,NaN,NaN,NaN
722,5,0,790,695,746,555,615,431,431,320,200,232,NaN,NaN,NaN,NaN,NaN,NaN,NaN,NaN,NaN,NaN
723,5,1,793,699,749,555,620,432,451,327,210,235,NaN,NaN,NaN,NaN,NaN,NaN,NaN,NaN,NaN,NaN
724,5,0,795,695,756,563,627,439,459,333,208,238,NaN,NaN,NaN,NaN,NaN,NaN,NaN,NaN,NaN,NaN
725,5,0,801,695,768,570,635,444,470,338,205,241,NaN,NaN,NaN,NaN,NaN,NaN,NaN,NaN,NaN,NaN
726,5,0,810,695,780,577,645,450,481,343,207,242,NaN,NaN,NaN,NaN,NaN,NaN,NaN,NaN,NaN,NaN
727,5,0,823,695,794,584,661,455,491,346,209,242,NaN,NaN,NaN,NaN,NaN,NaN,NaN,NaN,NaN,NaN
728,5,0,825,695,794,584,664,457,495,347,202,240,NaN,NaN,NaN,NaN,NaN,NaN,NaN,NaN,NaN,NaN
729,5,0,835,695,807,591,675,463,506,351,204,241,NaN,NaN,NaN,NaN,NaN,NaN,NaN,NaN,NaN,NaN
730,5,0,844,695,819,599,686,469,516,355,205,243,NaN,NaN,NaN,NaN,NaN,NaN,NaN,NaN,NaN,NaN
731,5,0,852,695,828,606,695,474,526,360,206,244,NaN,NaN,NaN,NaN,NaN,NaN,NaN,NaN,NaN,NaN
732,5,0,860,695,838,613,704,480,534,364,203,244,NaN,NaN,NaN,NaN,NaN,NaN,NaN,NaN,NaN,NaN
733,5,0,868,695,846,619,712,485,541,367,202,245,NaN,NaN,NaN,NaN,NaN,NaN,NaN,NaN,NaN,NaN
734,5,0,875,695,854,623,717,488,549,370,199,244,NaN,NaN,NaN,NaN,NaN,NaN,NaN,NaN,NaN,NaN
735,5,0,883,695,862,627,724,491,555,372,195,243,NaN,NaN,NaN,NaN,NaN,NaN,NaN,NaN,NaN,NaN
736,5,0,893,695,872,633,734,494,562,374,191,242,NaN,NaN,NaN,NaN,NaN,NaN,NaN,NaN,NaN,NaN
737,5,0,904,695,883,636,743,495,571,375,189,239,NaN,NaN,NaN,NaN,NaN,NaN,NaN,NaN,NaN,NaN
738,5,0,916,695,895,640,753,499,578,376,185,236,NaN,NaN,NaN,NaN,NaN,NaN,NaN,NaN,NaN,NaN
739,5,0,928,695,907,644,763,501,586,377,180,233,NaN,NaN,NaN,NaN,NaN,NaN,NaN,NaN,NaN,NaN
740,5,0,939,695,917,648,771,503,593,378,176,230,NaN,NaN,NaN,NaN,NaN,NaN,NaN,NaN,NaN,NaN
741,5,0,950,695,927,651,780,505,600,378,173,228,NaN,NaN,NaN,NaN,NaN,NaN,NaN,NaN,NaN,NaN
742,5,0,962,695,941,660,792,509,607,384,173,229,NaN,NaN,NaN,NaN,NaN,NaN,NaN,NaN,NaN,NaN
743,5,0,975,695,956,669,807,517,620,388,172,229,NaN,NaN,NaN,NaN,NaN,NaN,NaN,NaN,NaN,NaN
744,4,1,976,695,808,517,620,388,163,226,NaN,NaN,NaN,NaN,NaN,NaN,NaN,NaN,NaN,NaN,NaN,NaN
745,4,0,972,695,820,524,619,393,169,229,NaN,NaN,NaN,NaN,NaN,NaN,NaN,NaN,NaN,NaN,NaN,NaN
746,4,0,966,695,830,533,615,400,174,234,NaN,NaN,NaN,NaN,NaN,NaN,NaN,NaN,NaN,NaN,NaN,NaN
747,4,0,962,695,840,544,611,408,179,240,NaN,NaN,NaN,NaN,NaN,NaN,NaN,NaN,NaN,NaN,NaN,NaN
748,4,0,961,695,850,558,607,419,183,249,NaN,NaN,NaN,NaN,NaN,NaN,NaN,NaN,NaN,NaN,NaN,NaN
749,4,0,965,695,859,572,602,431,187,257,NaN,NaN,NaN,NaN,NaN,NaN,NaN,NaN,NaN,NaN,NaN,NaN
750,4,0,971,695,868,585,597,441,192,265,NaN,NaN,NaN,NaN,NaN,NaN,NaN,NaN,NaN,NaN,NaN,NaN
751,4,1,971,695,868,585,586,442,192,265,NaN,NaN,NaN,NaN,NaN,NaN,NaN,NaN,NaN,NaN,NaN,NaN
752,4,0,951,695,876,597,590,453,198,276,NaN,NaN,NaN,NaN,NaN,NaN,NaN,NaN,NaN,NaN,NaN,NaN
753,4,0,937,695,883,609,593,463,203,286,NaN,NaN,NaN,NaN,NaN,NaN,NaN,NaN,NaN,NaN,NaN,NaN
754,4,0,929,695,889,621,597,473,210,297,NaN,NaN,NaN,NaN,NaN,NaN,NaN,NaN,NaN,NaN,NaN,NaN
755,4,0,928,695,897,635,600,483,215,309,NaN,NaN,NaN,NaN,NaN,NaN,NaN,NaN,NaN,NaN,NaN,NaN
756,4,0,930,695,905,647,604,494,221,321,NaN,NaN,NaN,NaN,NaN,NaN,NaN,NaN,NaN,NaN,NaN,NaN
757,4,0,931,695,905,647,605,501,225,330,NaN,NaN,NaN,NaN,NaN,NaN,NaN,NaN,NaN,NaN,NaN,NaN
758,4,0,933,695,912,659,609,512,230,343,NaN,NaN,NaN,NaN,NaN,NaN,NaN,NaN,NaN,NaN,NaN,NaN
759,4,0,938,695,920,670,613,523,236,354,NaN,NaN,NaN,NaN,NaN,NaN,NaN,NaN,NaN,NaN,NaN,NaN
760,3,1,938,695,612,525,237,358,NaN,NaN,NaN,NaN,NaN,NaN,NaN,NaN,NaN,NaN,NaN,NaN,NaN,NaN
761,3,0,900,695,608,530,240,364,NaN,NaN,NaN,NaN,NaN,NaN,NaN,NaN,NaN,NaN,NaN,NaN,NaN,NaN
762,3,0,875,695,605,531,244,369,NaN,NaN,NaN,NaN,NaN,NaN,NaN,NaN,NaN,NaN,NaN,NaN,NaN,NaN
763,3,0,855,695,602,531,249,374,NaN,NaN,NaN,NaN,NaN,NaN,NaN,NaN,NaN,NaN,NaN,NaN,NaN,NaN
764,3,0,839,695,600,529,256,378,NaN,NaN,NaN,NaN,NaN,NaN,NaN,NaN,NaN,NaN,NaN,NaN,NaN,NaN
765,3,0,829,695,600,527,263,379,NaN,NaN,NaN,NaN,NaN,NaN,NaN,NaN,NaN,NaN,NaN,NaN,NaN,NaN
766,3,0,822,695,601,528,273,386,NaN,NaN,NaN,NaN,NaN,NaN,NaN,NaN,NaN,NaN,NaN,NaN,NaN,NaN
767,3,0,820,695,607,530,289,393,NaN,NaN,NaN,NaN,NaN,NaN,NaN,NaN,NaN,NaN,NaN,NaN,NaN,NaN
768,3,0,814,695,613,530,304,397,NaN,NaN,NaN,NaN,NaN,NaN,NaN,NaN,NaN,NaN,NaN,NaN,NaN,NaN
769,3,0,812,695,619,531,317,402,NaN,NaN,NaN,NaN,NaN,NaN,NaN,NaN,NaN,NaN,NaN,NaN,NaN,NaN
770,3,0,813,695,620,530,326,407,NaN,NaN,NaN,NaN,NaN,NaN,NaN,NaN,NaN,NaN,NaN,NaN,NaN,NaN
771,3,0,815,695,620,529,336,410,NaN,NaN,NaN,NaN,NaN,NaN,NaN,NaN,NaN,NaN,NaN,NaN,NaN,NaN
772,3,0,816,695,617,529,343,415,NaN,NaN,NaN,NaN,NaN,NaN,NaN,NaN,NaN,NaN,NaN,NaN,NaN,NaN
773,3,0,816,695,613,528,349,418,NaN,NaN,NaN,NaN,NaN,NaN,NaN,NaN,NaN,NaN,NaN,NaN,NaN,NaN
774,3,0,817,695,614,531,359,425,NaN,NaN,NaN,NaN,NaN,NaN,NaN,NaN,NaN,NaN,NaN,NaN,NaN,NaN
775,3,0,820,695,613,534,367,433,NaN,NaN,NaN,NaN,NaN,NaN,NaN,NaN,NaN,NaN,NaN,NaN,NaN,NaN
776,3,0,826,695,613,538,375,441,NaN,NaN,NaN,NaN,NaN,NaN,NaN,NaN,NaN,NaN,NaN,NaN,NaN,NaN
777,3,0,833,695,612,542,383,449,NaN,NaN,NaN,NaN,NaN,NaN,NaN,NaN,NaN,NaN,NaN,NaN,NaN,NaN
778,3,1,833,706,603,536,383,449,NaN,NaN,NaN,NaN,NaN,NaN,NaN,NaN,NaN,NaN,NaN,NaN,NaN,NaN
779,3,0,808,695,611,544,392,455,NaN,NaN,NaN,NaN,NaN,NaN,NaN,NaN,NaN,NaN,NaN,NaN,NaN,NaN
780,3,0,804,695,618,551,401,461,NaN,NaN,NaN,NaN,NaN,NaN,NaN,NaN,NaN,NaN,NaN,NaN,NaN,NaN
781,3,0,802,695,627,559,411,466,NaN,NaN,NaN,NaN,NaN,NaN,NaN,NaN,NaN,NaN,NaN,NaN,NaN,NaN
782,3,0,802,695,639,565,423,471,NaN,NaN,NaN,NaN,NaN,NaN,NaN,NaN,NaN,NaN,NaN,NaN,NaN,NaN
783,3,0,804,695,648,572,435,476,NaN,NaN,NaN,NaN,NaN,NaN,NaN,NaN,NaN,NaN,NaN,NaN,NaN,NaN
784,3,0,805,695,657,577,445,481,NaN,NaN,NaN,NaN,NaN,NaN,NaN,NaN,NaN,NaN,NaN,NaN,NaN,NaN
785,3,0,807,695,666,582,455,484,NaN,NaN,NaN,NaN,NaN,NaN,NaN,NaN,NaN,NaN,NaN,NaN,NaN,NaN
786,3,0,810,695,674,586,464,486,NaN,NaN,NaN,NaN,NaN,NaN,NaN,NaN,NaN,NaN,NaN,NaN,NaN,NaN
787,3,0,815,695,683,588,473,487,NaN,NaN,NaN,NaN,NaN,NaN,NaN,NaN,NaN,NaN,NaN,NaN,NaN,NaN
788,5,0,804,695,693,591,484,489,90,648,20,643,NaN,NaN,NaN,NaN,NaN,NaN,NaN,NaN,NaN,NaN
789,5,0,811,695,702,593,493,489,99,649,20,642,NaN,NaN,NaN,NaN,NaN,NaN,NaN,NaN,NaN,NaN
790,5,0,816,695,711,595,502,489,107,649,20,641,NaN,NaN,NaN,NaN,NaN,NaN,NaN,NaN,NaN,NaN
791,5,0,822,695,718,595,509,489,115,648,20,639,NaN,NaN,NaN,NaN,NaN,NaN,NaN,NaN,NaN,NaN
792,5,0,828,695,726,594,517,487,123,646,20,636,NaN,NaN,NaN,NaN,NaN,NaN,NaN,NaN,NaN,NaN
793,5,0,834,695,733,594,524,486,130,644,20,633,NaN,NaN,NaN,NaN,NaN,NaN,NaN,NaN,NaN,NaN
794,5,0,840,695,741,595,532,485,138,642,20,630,NaN,NaN,NaN,NaN,NaN,NaN,NaN,NaN,NaN,NaN
795,5,0,855,695,757,594,547,482,149,639,31,626,NaN,NaN,NaN,NaN,NaN,NaN,NaN,NaN,NaN,NaN
796,5,0,860,695,763,593,554,480,153,636,36,623,NaN,NaN,NaN,NaN,NaN,NaN,NaN,NaN,NaN,NaN
797,5,0,865,695,769,592,559,477,156,633,40,620,NaN,NaN,NaN,NaN,NaN,NaN,NaN,NaN,NaN,NaN
798,5,0,869,695,773,591,564,475,157,630,41,616,NaN,NaN,NaN,NaN,NaN,NaN,NaN,NaN,NaN,NaN
799,5,0,872,695,778,590,568,472,158,628,43,613,NaN,NaN,NaN,NaN,NaN,NaN,NaN,NaN,NaN,NaN
800,5,0,875,695,782,590,572,470,158,626,43,611,NaN,NaN,NaN,NaN,NaN,NaN,NaN,NaN,NaN,NaN
801,5,0,877,695,787,590,576,469,158,624,42,609,NaN,NaN,NaN,NaN,NaN,NaN,NaN,NaN,NaN,NaN
802,5,0,881,695,791,593,580,469,159,624,44,608,NaN,NaN,NaN,NaN,NaN,NaN,NaN,NaN,NaN,NaN
803,5,0,886,695,797,596,585,469,159,626,45,609,NaN,NaN,NaN,NaN,NaN,NaN,NaN,NaN,NaN,NaN
804,5,0,892,695,804,602,590,473,157,630,42,613,NaN,NaN,NaN,NaN,NaN,NaN,NaN,NaN,NaN,NaN
805,5,0,897,695,809,609,594,476,155,635,40,617,NaN,NaN,NaN,NaN,NaN,NaN,NaN,NaN,NaN,NaN
806,5,1,897,695,809,609,594,476,155,635,40,617,NaN,NaN,NaN,NaN,NaN,NaN,NaN,NaN,NaN,NaN
807,5,0,880,695,813,617,595,481,169,640,39,624,NaN,NaN,NaN,NaN,NaN,NaN,NaN,NaN,NaN,NaN
808,5,0,870,695,818,625,595,487,188,644,38,630,NaN,NaN,NaN,NaN,NaN,NaN,NaN,NaN,NaN,NaN
809,5,0,867,695,823,633,598,492,209,647,39,636,NaN,NaN,NaN,NaN,NaN,NaN,NaN,NaN,NaN,NaN
810,5,0,868,695,830,642,601,498,231,651,41,644,NaN,NaN,NaN,NaN,NaN,NaN,NaN,NaN,NaN,NaN
811,5,0,868,695,830,642,601,503,252,654,43,649,NaN,NaN,NaN,NaN,NaN,NaN,NaN,NaN,NaN,NaN
812,5,0,871,695,839,652,605,511,276,660,48,658,NaN,NaN,NaN,NaN,NaN,NaN,NaN,NaN,NaN,NaN
813,5,0,875,695,847,662,610,518,300,666,53,667,NaN,NaN,NaN,NaN,NaN,NaN,NaN,NaN,NaN,NaN
814,5,0,881,695,855,670,615,526,325,672,59,675,NaN,NaN,NaN,NaN,NaN,NaN,NaN,NaN,NaN,NaN
815,4,1,881,695,612,528,344,671,59,678,NaN,NaN,NaN,NaN,NaN,NaN,NaN,NaN,NaN,NaN,NaN,NaN
816,4,0,871,695,520,531,348,675,55,665,NaN,NaN,NaN,NaN,NaN,NaN,NaN,NaN,NaN,NaN,NaN,NaN
817,4,0,868,695,431,534,355,679,50,648,NaN,NaN,NaN,NaN,NaN,NaN,NaN,NaN,NaN,NaN,NaN,NaN
818,4,0,870,695,340,535,356,680,41,625,NaN,NaN,NaN,NaN,NaN,NaN,NaN,NaN,NaN,NaN,NaN,NaN
819,4,0,879,695,257,537,364,682,42,602,NaN,NaN,NaN,NaN,NaN,NaN,NaN,NaN,NaN,NaN,NaN,NaN
820,2,1,163,693,32,581,NaN,NaN,NaN,NaN,NaN,NaN,NaN,NaN,NaN,NaN,NaN,NaN,NaN,NaN,NaN,NaN
821,2,0,176,695,47,582,NaN,NaN,NaN,NaN,NaN,NaN,NaN,NaN,NaN,NaN,NaN,NaN,NaN,NaN,NaN,NaN
822,2,0,185,695,60,582,NaN,NaN,NaN,NaN,NaN,NaN,NaN,NaN,NaN,NaN,NaN,NaN,NaN,NaN,NaN,NaN
823,2,0,193,695,71,581,NaN,NaN,NaN,NaN,NaN,NaN,NaN,NaN,NaN,NaN,NaN,NaN,NaN,NaN,NaN,NaN
824,2,0,198,695,79,581,NaN,NaN,NaN,NaN,NaN,NaN,NaN,NaN,NaN,NaN,NaN,NaN,NaN,NaN,NaN,NaN
825,2,0,202,695,85,580,NaN,NaN,NaN,NaN,NaN,NaN,NaN,NaN,NaN,NaN,NaN,NaN,NaN,NaN,NaN,NaN
826,2,0,203,695,90,579,NaN,NaN,NaN,NaN,NaN,NaN,NaN,NaN,NaN,NaN,NaN,NaN,NaN,NaN,NaN,NaN
827,2,0,204,695,93,579,NaN,NaN,NaN,NaN,NaN,NaN,NaN,NaN,NaN,NaN,NaN,NaN,NaN,NaN,NaN,NaN
828,2,0,203,695,96,579,NaN,NaN,NaN,NaN,NaN,NaN,NaN,NaN,NaN,NaN,NaN,NaN,NaN,NaN,NaN,NaN
829,2,0,200,695,98,581,NaN,NaN,NaN,NaN,NaN,NaN,NaN,NaN,NaN,NaN,NaN,NaN,NaN,NaN,NaN,NaN
830,2,0,201,695,102,583,NaN,NaN,NaN,NaN,NaN,NaN,NaN,NaN,NaN,NaN,NaN,NaN,NaN,NaN,NaN,NaN
831,2,0,193,695,107,589,NaN,NaN,NaN,NaN,NaN,NaN,NaN,NaN,NaN,NaN,NaN,NaN,NaN,NaN,NaN,NaN
832,2,0,195,695,112,596,NaN,NaN,NaN,NaN,NaN,NaN,NaN,NaN,NaN,NaN,NaN,NaN,NaN,NaN,NaN,NaN
833,2,0,190,695,118,606,NaN,NaN,NaN,NaN,NaN,NaN,NaN,NaN,NaN,NaN,NaN,NaN,NaN,NaN,NaN,NaN
834,2,0,187,695,126,615,NaN,NaN,NaN,NaN,NaN,NaN,NaN,NaN,NaN,NaN,NaN,NaN,NaN,NaN,NaN,NaN
835,2,0,186,695,134,623,NaN,NaN,NaN,NaN,NaN,NaN,NaN,NaN,NaN,NaN,NaN,NaN,NaN,NaN,NaN,NaN
836,2,0,187,695,141,630,NaN,NaN,NaN,NaN,NaN,NaN,NaN,NaN,NaN,NaN,NaN,NaN,NaN,NaN,NaN,NaN
837,2,0,189,695,150,638,NaN,NaN,NaN,NaN,NaN,NaN,NaN,NaN,NaN,NaN,NaN,NaN,NaN,NaN,NaN,NaN
838,2,0,193,695,159,645,NaN,NaN,NaN,NaN,NaN,NaN,NaN,NaN,NaN,NaN,NaN,NaN,NaN,NaN,NaN,NaN
839,2,0,203,695,174,651,NaN,NaN,NaN,NaN,NaN,NaN,NaN,NaN,NaN,NaN,NaN,NaN,NaN,NaN,NaN,NaN
840,2,0,106,695,28,587,NaN,NaN,NaN,NaN,NaN,NaN,NaN,NaN,NaN,NaN,NaN,NaN,NaN,NaN,NaN,NaN
841,2,1,101,702,19,583,NaN,NaN,NaN,NaN,NaN,NaN,NaN,NaN,NaN,NaN,NaN,NaN,NaN,NaN,NaN,NaN
842,2,0,110,695,35,586,NaN,NaN,NaN,NaN,NaN,NaN,NaN,NaN,NaN,NaN,NaN,NaN,NaN,NaN,NaN,NaN
843,3,0,122,695,53,588,20,536,NaN,NaN,NaN,NaN,NaN,NaN,NaN,NaN,NaN,NaN,NaN,NaN,NaN,NaN
844,3,0,134,695,69,591,20,517,NaN,NaN,NaN,NaN,NaN,NaN,NaN,NaN,NaN,NaN,NaN,NaN,NaN,NaN
845,3,0,146,695,86,593,32,515,NaN,NaN,NaN,NaN,NaN,NaN,NaN,NaN,NaN,NaN,NaN,NaN,NaN,NaN
846,3,0,160,695,105,593,50,515,NaN,NaN,NaN,NaN,NaN,NaN,NaN,NaN,NaN,NaN,NaN,NaN,NaN,NaN
847,3,0,175,695,122,595,67,516,NaN,NaN,NaN,NaN,NaN,NaN,NaN,NaN,NaN,NaN,NaN,NaN,NaN,NaN
848,3,0,193,695,142,595,87,517,NaN,NaN,NaN,NaN,NaN,NaN,NaN,NaN,NaN,NaN,NaN,NaN,NaN,NaN
849,3,0,210,695,160,595,104,516,NaN,NaN,NaN,NaN,NaN,NaN,NaN,NaN,NaN,NaN,NaN,NaN,NaN,NaN
850,3,0,225,695,175,593,120,516,NaN,NaN,NaN,NaN,NaN,NaN,NaN,NaN,NaN,NaN,NaN,NaN,NaN,NaN
851,3,0,239,695,190,593,134,516,NaN,NaN,NaN,NaN,NaN,NaN,NaN,NaN,NaN,NaN,NaN,NaN,NaN,NaN
852,3,0,251,694,203,593,146,515,NaN,NaN,NaN,NaN,NaN,NaN,NaN,NaN,NaN,NaN,NaN,NaN,NaN,NaN
853,3,0,261,693,216,590,158,514,NaN,NaN,NaN,NaN,NaN,NaN,NaN,NaN,NaN,NaN,NaN,NaN,NaN,NaN
854,3,0,271,693,227,590,168,514,NaN,NaN,NaN,NaN,NaN,NaN,NaN,NaN,NaN,NaN,NaN,NaN,NaN,NaN
855,3,0,280,695,237,592,178,514,NaN,NaN,NaN,NaN,NaN,NaN,NaN,NaN,NaN,NaN,NaN,NaN,NaN,NaN
856,3,0,289,695,247,591,187,514,NaN,NaN,NaN,NaN,NaN,NaN,NaN,NaN,NaN,NaN,NaN,NaN,NaN,NaN
857,3,0,298,695,258,591,197,514,NaN,NaN,NaN,NaN,NaN,NaN,NaN,NaN,NaN,NaN,NaN,NaN,NaN,NaN
858,3,0,306,695,267,592,206,515,NaN,NaN,NaN,NaN,NaN,NaN,NaN,NaN,NaN,NaN,NaN,NaN,NaN,NaN
859,3,0,313,695,276,592,215,515,NaN,NaN,NaN,NaN,NaN,NaN,NaN,NaN,NaN,NaN,NaN,NaN,NaN,NaN
860,3,0,321,695,285,591,223,515,NaN,NaN,NaN,NaN,NaN,NaN,NaN,NaN,NaN,NaN,NaN,NaN,NaN,NaN
861,3,0,329,694,294,590,231,514,NaN,NaN,NaN,NaN,NaN,NaN,NaN,NaN,NaN,NaN,NaN,NaN,NaN,NaN
862,3,0,336,694,302,590,239,514,NaN,NaN,NaN,NaN,NaN,NaN,NaN,NaN,NaN,NaN,NaN,NaN,NaN,NaN
863,3,0,343,694,311,589,247,514,NaN,NaN,NaN,NaN,NaN,NaN,NaN,NaN,NaN,NaN,NaN,NaN,NaN,NaN
864,3,0,351,693,320,588,256,513,NaN,NaN,NaN,NaN,NaN,NaN,NaN,NaN,NaN,NaN,NaN,NaN,NaN,NaN
865,3,0,359,692,329,587,264,513,NaN,NaN,NaN,NaN,NaN,NaN,NaN,NaN,NaN,NaN,NaN,NaN,NaN,NaN
866,3,0,366,691,337,587,272,513,NaN,NaN,NaN,NaN,NaN,NaN,NaN,NaN,NaN,NaN,NaN,NaN,NaN,NaN
867,3,0,374,691,346,586,280,513,NaN,NaN,NaN,NaN,NaN,NaN,NaN,NaN,NaN,NaN,NaN,NaN,NaN,NaN
868,3,0,382,690,354,585,288,512,NaN,NaN,NaN,NaN,NaN,NaN,NaN,NaN,NaN,NaN,NaN,NaN,NaN,NaN
869,3,0,389,690,363,585,296,512,NaN,NaN,NaN,NaN,NaN,NaN,NaN,NaN,NaN,NaN,NaN,NaN,NaN,NaN
870,3,0,397,689,372,584,304,512,NaN,NaN,NaN,NaN,NaN,NaN,NaN,NaN,NaN,NaN,NaN,NaN,NaN,NaN
871,3,0,405,689,380,584,312,512,NaN,NaN,NaN,NaN,NaN,NaN,NaN,NaN,NaN,NaN,NaN,NaN,NaN,NaN
872,3,0,411,687,388,582,319,510,NaN,NaN,NaN,NaN,NaN,NaN,NaN,NaN,NaN,NaN,NaN,NaN,NaN,NaN
873,3,0,418,688,396,582,326,512,NaN,NaN,NaN,NaN,NaN,NaN,NaN,NaN,NaN,NaN,NaN,NaN,NaN,NaN
874,3,0,423,688,402,582,332,512,NaN,NaN,NaN,NaN,NaN,NaN,NaN,NaN,NaN,NaN,NaN,NaN,NaN,NaN
875,3,0,428,688,408,582,337,512,NaN,NaN,NaN,NaN,NaN,NaN,NaN,NaN,NaN,NaN,NaN,NaN,NaN,NaN
876,3,0,432,688,413,582,341,512,NaN,NaN,NaN,NaN,NaN,NaN,NaN,NaN,NaN,NaN,NaN,NaN,NaN,NaN
877,3,0,436,687,418,581,346,512,NaN,NaN,NaN,NaN,NaN,NaN,NaN,NaN,NaN,NaN,NaN,NaN,NaN,NaN
878,3,1,436,687,419,581,346,512,NaN,NaN,NaN,NaN,NaN,NaN,NaN,NaN,NaN,NaN,NaN,NaN,NaN,NaN
879,3,0,440,687,423,581,350,512,NaN,NaN,NaN,NaN,NaN,NaN,NaN,NaN,NaN,NaN,NaN,NaN,NaN,NaN
880,3,0,443,687,427,581,354,512,NaN,NaN,NaN,NaN,NaN,NaN,NaN,NaN,NaN,NaN,NaN,NaN,NaN,NaN
881,3,0,447,687,430,581,358,512,NaN,NaN,NaN,NaN,NaN,NaN,NaN,NaN,NaN,NaN,NaN,NaN,NaN,NaN
882,3,0,451,687,434,581,362,513,NaN,NaN,NaN,NaN,NaN,NaN,NaN,NaN,NaN,NaN,NaN,NaN,NaN,NaN
883,3,0,454,687,437,582,365,513,NaN,NaN,NaN,NaN,NaN,NaN,NaN,NaN,NaN,NaN,NaN,NaN,NaN,NaN
884,3,0,457,688,440,583,368,514,NaN,NaN,NaN,NaN,NaN,NaN,NaN,NaN,NaN,NaN,NaN,NaN,NaN,NaN
885,3,0,460,688,443,583,371,514,NaN,NaN,NaN,NaN,NaN,NaN,NaN,NaN,NaN,NaN,NaN,NaN,NaN,NaN
886,3,0,462,687,446,582,374,514,NaN,NaN,NaN,NaN,NaN,NaN,NaN,NaN,NaN,NaN,NaN,NaN,NaN,NaN
887,3,0,465,687,448,583,377,514,NaN,NaN,NaN,NaN,NaN,NaN,NaN,NaN,NaN,NaN,NaN,NaN,NaN,NaN
888,0,0,NaN,NaN,NaN,NaN,NaN,NaN,NaN,NaN,NaN,NaN,NaN,NaN,NaN,NaN,NaN,NaN,NaN,NaN,NaN,NaN
889,0,0,NaN,NaN,NaN,NaN,NaN,NaN,NaN,NaN,NaN,NaN,NaN,NaN,NaN,NaN,NaN,NaN,NaN,NaN,NaN,NaN
890,-2021029494,131,NaN,NaN,NaN,NaN,NaN,NaN,NaN,NaN,NaN,NaN,NaN,NaN,NaN,NaN,NaN,NaN,NaN,NaN,NaN,NaN
