Frame,#ofPoints,ManualInput,X1,Y1,X2,Y2,X3,Y3,X4,Y4,X5,Y5,X6,Y6,X7,Y7,X8,Y8,X9,Y9,X10,Y10
0,5,1,645,692,695,373,761,295,752,253,738,240,NaN,NaN,NaN,NaN,NaN,NaN,NaN,NaN,NaN,NaN
1,5,0,645,692,695,373,761,295,752,253,738,240,NaN,NaN,NaN,NaN,NaN,NaN,NaN,NaN,NaN,NaN
2,5,0,648,695,696,375,761,298,752,256,737,243,NaN,NaN,NaN,NaN,NaN,NaN,NaN,NaN,NaN,NaN
3,5,0,651,695,697,378,762,300,751,259,737,246,NaN,NaN,NaN,NaN,NaN,NaN,NaN,NaN,NaN,NaN
4,5,0,653,695,695,381,760,303,749,262,735,249,NaN,NaN,NaN,NaN,NaN,NaN,NaN,NaN,NaN,NaN
5,5,0,654,695,695,385,759,306,748,265,733,252,NaN,NaN,NaN,NaN,NaN,NaN,NaN,NaN,NaN,NaN
6,5,0,655,695,694,388,758,310,746,268,731,255,NaN,NaN,NaN,NaN,NaN,NaN,NaN,NaN,NaN,NaN
7,5,0,638,694,693,394,756,313,744,272,729,259,NaN,NaN,NaN,NaN,NaN,NaN,NaN,NaN,NaN,NaN
8,5,0,641,695,694,398,758,318,745,276,730,263,NaN,NaN,NaN,NaN,NaN,NaN,NaN,NaN,NaN,NaN
9,5,0,645,695,696,402,759,322,745,280,730,267,NaN,NaN,NaN,NaN,NaN,NaN,NaN,NaN,NaN,NaN
10,5,0,649,695,697,405,759,324,745,282,730,269,NaN,NaN,NaN,NaN,NaN,NaN,NaN,NaN,NaN,NaN
11,5,0,651,695,696,410,759,328,744,286,728,273,NaN,NaN,NaN,NaN,NaN,NaN,NaN,NaN,NaN,NaN
12,5,0,653,695,697,412,758,331,743,288,726,275,NaN,NaN,NaN,NaN,NaN,NaN,NaN,NaN,NaN,NaN
13,5,0,656,695,697,415,758,332,743,289,726,276,NaN,NaN,NaN,NaN,NaN,NaN,NaN,NaN,NaN,NaN
14,5,0,658,695,697,415,758,332,742,289,724,276,NaN,NaN,NaN,NaN,NaN,NaN,NaN,NaN,NaN,NaN
15,5,0,660,695,698,415,758,331,741,289,723,276,NaN,NaN,NaN,NaN,NaN,NaN,NaN,NaN,NaN,NaN
16,5,0,662,695,698,414,757,331,740,288,721,275,NaN,NaN,NaN,NaN,NaN,NaN,NaN,NaN,NaN,NaN
17,5,0,664,695,698,413,757,329,738,286,719,274,NaN,NaN,NaN,NaN,NaN,NaN,NaN,NaN,NaN,NaN
18,5,0,666,695,698,412,756,327,737,285,718,273,NaN,NaN,NaN,NaN,NaN,NaN,NaN,NaN,NaN,NaN
19,5,0,668,695,698,410,755,325,735,284,715,272,NaN,NaN,NaN,NaN,NaN,NaN,NaN,NaN,NaN,NaN
20,5,0,669,695,697,408,754,323,732,281,713,269,NaN,NaN,NaN,NaN,NaN,NaN,NaN,NaN,NaN,NaN
21,5,0,669,695,695,406,750,320,728,279,709,267,NaN,NaN,NaN,NaN,NaN,NaN,NaN,NaN,NaN,NaN
22,5,0,671,695,694,407,749,320,726,279,706,267,NaN,NaN,NaN,NaN,NaN,NaN,NaN,NaN,NaN,NaN
23,5,0,675,695,695,407,749,319,725,277,705,266,NaN,NaN,NaN,NaN,NaN,NaN,NaN,NaN,NaN,NaN
24,5,0,678,695,697,406,749,318,725,276,704,264,NaN,NaN,NaN,NaN,NaN,NaN,NaN,NaN,NaN,NaN
25,5,0,678,695,695,407,746,317,721,276,700,264,NaN,NaN,NaN,NaN,NaN,NaN,NaN,NaN,NaN,NaN
26,5,0,680,695,695,408,746,318,720,275,699,264,NaN,NaN,NaN,NaN,NaN,NaN,NaN,NaN,NaN,NaN
27,5,0,684,695,697,407,747,316,720,273,699,261,NaN,NaN,NaN,NaN,NaN,NaN,NaN,NaN,NaN,NaN
28,5,0,683,695,696,405,745,313,718,271,696,259,NaN,NaN,NaN,NaN,NaN,NaN,NaN,NaN,NaN,NaN
29,5,0,683,695,694,406,743,313,715,270,693,258,NaN,NaN,NaN,NaN,NaN,NaN,NaN,NaN,NaN,NaN
30,5,0,684,695,695,406,742,313,714,269,692,257,NaN,NaN,NaN,NaN,NaN,NaN,NaN,NaN,NaN,NaN
31,5,0,684,695,694,404,742,310,712,268,691,256,NaN,NaN,NaN,NaN,NaN,NaN,NaN,NaN,NaN,NaN
32,5,0,685,695,694,402,741,308,711,266,689,254,NaN,NaN,NaN,NaN,NaN,NaN,NaN,NaN,NaN,NaN
33,5,0,686,695,694,401,740,307,710,264,688,253,NaN,NaN,NaN,NaN,NaN,NaN,NaN,NaN,NaN,NaN
34,5,0,687,695,695,401,741,305,710,263,688,252,NaN,NaN,NaN,NaN,NaN,NaN,NaN,NaN,NaN,NaN
35,5,0,688,695,696,400,741,305,710,262,688,251,NaN,NaN,NaN,NaN,NaN,NaN,NaN,NaN,NaN,NaN
36,5,0,688,695,696,398,741,303,710,260,687,249,NaN,NaN,NaN,NaN,NaN,NaN,NaN,NaN,NaN,NaN
37,5,0,689,695,695,398,741,301,709,259,686,249,NaN,NaN,NaN,NaN,NaN,NaN,NaN,NaN,NaN,NaN
38,5,0,689,695,696,400,740,303,708,260,685,250,NaN,NaN,NaN,NaN,NaN,NaN,NaN,NaN,NaN,NaN
39,5,0,692,695,698,401,742,303,710,261,686,250,NaN,NaN,NaN,NaN,NaN,NaN,NaN,NaN,NaN,NaN
40,5,0,694,695,700,401,743,303,710,260,687,249,NaN,NaN,NaN,NaN,NaN,NaN,NaN,NaN,NaN,NaN
41,5,0,696,695,700,404,743,304,710,261,686,250,NaN,NaN,NaN,NaN,NaN,NaN,NaN,NaN,NaN,NaN
42,5,0,696,695,700,407,742,306,709,263,685,252,NaN,NaN,NaN,NaN,NaN,NaN,NaN,NaN,NaN,NaN
43,5,0,695,695,700,409,741,307,708,264,683,252,NaN,NaN,NaN,NaN,NaN,NaN,NaN,NaN,NaN,NaN
44,5,0,695,695,699,410,740,307,706,264,681,252,NaN,NaN,NaN,NaN,NaN,NaN,NaN,NaN,NaN,NaN
45,5,0,694,695,698,412,738,308,704,264,679,253,NaN,NaN,NaN,NaN,NaN,NaN,NaN,NaN,NaN,NaN
46,5,0,692,695,695,413,735,309,701,265,676,253,NaN,NaN,NaN,NaN,NaN,NaN,NaN,NaN,NaN,NaN
47,5,0,689,695,692,413,732,309,697,265,672,253,NaN,NaN,NaN,NaN,NaN,NaN,NaN,NaN,NaN,NaN
48,5,0,685,695,689,412,728,307,692,264,667,252,NaN,NaN,NaN,NaN,NaN,NaN,NaN,NaN,NaN,NaN
49,5,0,681,695,685,411,723,305,687,262,661,251,NaN,NaN,NaN,NaN,NaN,NaN,NaN,NaN,NaN,NaN
50,5,0,677,695,681,409,718,304,682,261,656,250,NaN,NaN,NaN,NaN,NaN,NaN,NaN,NaN,NaN,NaN
51,5,0,673,695,676,408,713,302,676,259,650,248,NaN,NaN,NaN,NaN,NaN,NaN,NaN,NaN,NaN,NaN
52,5,0,668,695,671,407,708,301,670,258,644,247,NaN,NaN,NaN,NaN,NaN,NaN,NaN,NaN,NaN,NaN
53,5,0,663,695,666,406,702,299,665,256,638,246,NaN,NaN,NaN,NaN,NaN,NaN,NaN,NaN,NaN,NaN
54,5,0,658,695,661,405,696,298,658,255,631,245,NaN,NaN,NaN,NaN,NaN,NaN,NaN,NaN,NaN,NaN
55,5,0,654,695,656,405,690,297,651,254,624,244,NaN,NaN,NaN,NaN,NaN,NaN,NaN,NaN,NaN,NaN
56,5,0,649,695,651,405,685,296,645,253,618,243,NaN,NaN,NaN,NaN,NaN,NaN,NaN,NaN,NaN,NaN
57,5,0,644,695,647,405,679,295,639,251,612,241,NaN,NaN,NaN,NaN,NaN,NaN,NaN,NaN,NaN,NaN
58,5,0,638,695,641,406,673,295,633,251,605,240,NaN,NaN,NaN,NaN,NaN,NaN,NaN,NaN,NaN,NaN
59,5,0,633,695,636,408,667,295,626,251,598,241,NaN,NaN,NaN,NaN,NaN,NaN,NaN,NaN,NaN,NaN
60,5,0,627,695,630,409,661,296,620,251,592,240,NaN,NaN,NaN,NaN,NaN,NaN,NaN,NaN,NaN,NaN
61,5,0,621,695,625,411,655,296,614,251,585,240,NaN,NaN,NaN,NaN,NaN,NaN,NaN,NaN,NaN,NaN
62,5,0,617,695,621,411,650,295,608,250,580,239,NaN,NaN,NaN,NaN,NaN,NaN,NaN,NaN,NaN,NaN
63,5,0,614,695,618,410,647,294,604,249,576,238,NaN,NaN,NaN,NaN,NaN,NaN,NaN,NaN,NaN,NaN
64,5,0,610,695,614,410,642,293,600,248,571,236,NaN,NaN,NaN,NaN,NaN,NaN,NaN,NaN,NaN,NaN
65,5,0,607,695,611,410,640,292,596,247,567,236,NaN,NaN,NaN,NaN,NaN,NaN,NaN,NaN,NaN,NaN
66,5,0,604,695,608,410,636,292,592,246,563,235,NaN,NaN,NaN,NaN,NaN,NaN,NaN,NaN,NaN,NaN
67,5,0,601,695,606,410,633,291,590,246,560,235,NaN,NaN,NaN,NaN,NaN,NaN,NaN,NaN,NaN,NaN
68,5,0,598,695,604,411,631,291,587,246,558,235,NaN,NaN,NaN,NaN,NaN,NaN,NaN,NaN,NaN,NaN
69,5,0,595,695,602,411,629,290,585,246,555,235,NaN,NaN,NaN,NaN,NaN,NaN,NaN,NaN,NaN,NaN
70,5,0,593,695,601,411,627,290,584,245,554,234,NaN,NaN,NaN,NaN,NaN,NaN,NaN,NaN,NaN,NaN
71,5,0,589,695,598,412,625,289,581,244,551,233,NaN,NaN,NaN,NaN,NaN,NaN,NaN,NaN,NaN,NaN
72,5,0,588,695,598,417,625,292,581,247,550,236,NaN,NaN,NaN,NaN,NaN,NaN,NaN,NaN,NaN,NaN
73,5,0,587,695,599,421,625,295,581,249,550,238,NaN,NaN,NaN,NaN,NaN,NaN,NaN,NaN,NaN,NaN
74,5,0,588,695,600,424,626,296,582,250,551,238,NaN,NaN,NaN,NaN,NaN,NaN,NaN,NaN,NaN,NaN
75,5,0,588,695,601,427,627,297,582,250,551,239,NaN,NaN,NaN,NaN,NaN,NaN,NaN,NaN,NaN,NaN
76,5,0,587,695,600,431,625,300,580,253,549,241,NaN,NaN,NaN,NaN,NaN,NaN,NaN,NaN,NaN,NaN
77,5,0,588,695,602,436,626,304,581,255,550,244,NaN,NaN,NaN,NaN,NaN,NaN,NaN,NaN,NaN,NaN
78,5,0,589,695,604,439,627,306,582,257,550,245,NaN,NaN,NaN,NaN,NaN,NaN,NaN,NaN,NaN,NaN
79,5,0,591,695,606,442,628,307,583,258,551,246,NaN,NaN,NaN,NaN,NaN,NaN,NaN,NaN,NaN,NaN
80,5,0,593,695,608,444,630,308,584,258,552,247,NaN,NaN,NaN,NaN,NaN,NaN,NaN,NaN,NaN,NaN
81,5,0,594,695,610,448,631,310,585,260,553,249,NaN,NaN,NaN,NaN,NaN,NaN,NaN,NaN,NaN,NaN
82,5,0,596,695,612,450,633,311,586,262,554,250,NaN,NaN,NaN,NaN,NaN,NaN,NaN,NaN,NaN,NaN
83,5,0,600,695,616,451,636,311,589,261,556,250,NaN,NaN,NaN,NaN,NaN,NaN,NaN,NaN,NaN,NaN
84,5,0,603,695,619,452,638,311,591,262,558,250,NaN,NaN,NaN,NaN,NaN,NaN,NaN,NaN,NaN,NaN
85,5,0,607,695,623,455,641,313,593,264,560,252,NaN,NaN,NaN,NaN,NaN,NaN,NaN,NaN,NaN,NaN
86,5,0,611,695,628,455,645,313,596,263,563,252,NaN,NaN,NaN,NaN,NaN,NaN,NaN,NaN,NaN,NaN
87,5,0,615,695,632,455,647,311,598,262,565,250,NaN,NaN,NaN,NaN,NaN,NaN,NaN,NaN,NaN,NaN
88,5,0,617,695,634,456,648,311,598,261,564,249,NaN,NaN,NaN,NaN,NaN,NaN,NaN,NaN,NaN,NaN
89,5,0,624,695,640,460,653,314,602,263,568,251,NaN,NaN,NaN,NaN,NaN,NaN,NaN,NaN,NaN,NaN
90,5,0,628,695,644,464,656,316,605,265,570,252,NaN,NaN,NaN,NaN,NaN,NaN,NaN,NaN,NaN,NaN
91,5,0,631,695,648,467,659,316,607,264,573,251,NaN,NaN,NaN,NaN,NaN,NaN,NaN,NaN,NaN,NaN
92,5,0,632,695,649,471,659,318,608,266,572,253,NaN,NaN,NaN,NaN,NaN,NaN,NaN,NaN,NaN,NaN
93,5,0,633,695,651,475,660,320,608,267,572,254,NaN,NaN,NaN,NaN,NaN,NaN,NaN,NaN,NaN,NaN
94,5,0,634,695,652,477,660,320,608,267,573,253,NaN,NaN,NaN,NaN,NaN,NaN,NaN,NaN,NaN,NaN
95,5,0,635,695,654,479,661,320,609,266,574,253,NaN,NaN,NaN,NaN,NaN,NaN,NaN,NaN,NaN,NaN
96,5,0,636,695,655,481,662,320,609,266,573,253,NaN,NaN,NaN,NaN,NaN,NaN,NaN,NaN,NaN,NaN
97,5,0,636,695,655,482,662,320,609,266,573,252,NaN,NaN,NaN,NaN,NaN,NaN,NaN,NaN,NaN,NaN
98,5,0,637,695,657,483,662,319,610,265,573,251,NaN,NaN,NaN,NaN,NaN,NaN,NaN,NaN,NaN,NaN
99,5,0,637,695,657,483,662,318,610,264,573,250,NaN,NaN,NaN,NaN,NaN,NaN,NaN,NaN,NaN,NaN
100,5,0,637,695,658,484,662,318,610,264,573,250,NaN,NaN,NaN,NaN,NaN,NaN,NaN,NaN,NaN,NaN
101,5,1,637,695,658,482,662,317,610,264,573,250,NaN,NaN,NaN,NaN,NaN,NaN,NaN,NaN,NaN,NaN
102,5,0,636,695,656,485,661,317,608,264,572,250,NaN,NaN,NaN,NaN,NaN,NaN,NaN,NaN,NaN,NaN
103,5,0,635,695,655,488,659,318,607,264,570,250,NaN,NaN,NaN,NaN,NaN,NaN,NaN,NaN,NaN,NaN
104,5,0,636,695,654,491,659,318,606,263,569,249,NaN,NaN,NaN,NaN,NaN,NaN,NaN,NaN,NaN,NaN
105,5,0,637,695,653,495,657,318,604,263,567,248,NaN,NaN,NaN,NaN,NaN,NaN,NaN,NaN,NaN,NaN
106,5,0,638,695,653,503,657,322,604,265,566,249,NaN,NaN,NaN,NaN,NaN,NaN,NaN,NaN,NaN,NaN
107,5,0,641,695,654,511,658,325,604,266,567,251,NaN,NaN,NaN,NaN,NaN,NaN,NaN,NaN,NaN,NaN
108,5,0,641,695,653,518,657,327,603,267,566,251,NaN,NaN,NaN,NaN,NaN,NaN,NaN,NaN,NaN,NaN
109,5,0,641,695,652,525,654,330,600,268,563,252,NaN,NaN,NaN,NaN,NaN,NaN,NaN,NaN,NaN,NaN
110,5,0,642,695,652,534,654,334,600,271,562,254,NaN,NaN,NaN,NaN,NaN,NaN,NaN,NaN,NaN,NaN
111,5,0,644,695,653,541,654,337,600,272,562,255,NaN,NaN,NaN,NaN,NaN,NaN,NaN,NaN,NaN,NaN
112,5,0,645,695,652,547,654,339,598,273,561,256,NaN,NaN,NaN,NaN,NaN,NaN,NaN,NaN,NaN,NaN
113,5,0,646,695,652,553,653,341,597,274,559,256,NaN,NaN,NaN,NaN,NaN,NaN,NaN,NaN,NaN,NaN
114,5,0,648,695,653,559,653,342,597,275,559,257,NaN,NaN,NaN,NaN,NaN,NaN,NaN,NaN,NaN,NaN
115,5,0,649,695,653,564,653,344,597,275,559,257,NaN,NaN,NaN,NaN,NaN,NaN,NaN,NaN,NaN,NaN
116,5,0,648,695,652,569,652,345,596,276,557,257,NaN,NaN,NaN,NaN,NaN,NaN,NaN,NaN,NaN,NaN
117,5,0,647,695,651,574,650,346,593,276,554,257,NaN,NaN,NaN,NaN,NaN,NaN,NaN,NaN,NaN,NaN
118,5,0,647,695,650,580,648,347,591,277,552,258,NaN,NaN,NaN,NaN,NaN,NaN,NaN,NaN,NaN,NaN
119,5,0,646,695,649,587,646,349,588,278,549,259,NaN,NaN,NaN,NaN,NaN,NaN,NaN,NaN,NaN,NaN
120,5,0,645,695,648,593,644,350,585,277,546,258,NaN,NaN,NaN,NaN,NaN,NaN,NaN,NaN,NaN,NaN
121,5,0,645,695,647,599,642,351,582,277,543,258,NaN,NaN,NaN,NaN,NaN,NaN,NaN,NaN,NaN,NaN
122,5,0,644,695,646,606,639,352,579,278,539,258,NaN,NaN,NaN,NaN,NaN,NaN,NaN,NaN,NaN,NaN
123,5,0,643,695,645,615,636,356,575,279,535,260,NaN,NaN,NaN,NaN,NaN,NaN,NaN,NaN,NaN,NaN
124,5,0,645,692,644,624,633,358,572,280,531,261,NaN,NaN,NaN,NaN,NaN,NaN,NaN,NaN,NaN,NaN
125,5,0,643,695,643,632,631,359,568,280,527,260,NaN,NaN,NaN,NaN,NaN,NaN,NaN,NaN,NaN,NaN
126,5,0,642,695,641,640,627,360,563,280,522,260,NaN,NaN,NaN,NaN,NaN,NaN,NaN,NaN,NaN,NaN
127,5,0,640,695,640,650,624,363,559,281,518,261,NaN,NaN,NaN,NaN,NaN,NaN,NaN,NaN,NaN,NaN
128,5,0,639,695,639,659,621,365,555,281,513,261,NaN,NaN,NaN,NaN,NaN,NaN,NaN,NaN,NaN,NaN
129,5,0,638,695,638,668,618,367,551,282,509,261,NaN,NaN,NaN,NaN,NaN,NaN,NaN,NaN,NaN,NaN
130,4,1,638,695,618,367,551,282,509,261,NaN,NaN,NaN,NaN,NaN,NaN,NaN,NaN,NaN,NaN,NaN,NaN
131,4,0,636,695,615,368,547,282,505,261,NaN,NaN,NaN,NaN,NaN,NaN,NaN,NaN,NaN,NaN,NaN,NaN
132,4,0,632,695,611,369,542,282,500,261,NaN,NaN,NaN,NaN,NaN,NaN,NaN,NaN,NaN,NaN,NaN,NaN
133,4,0,628,695,607,369,537,283,495,262,NaN,NaN,NaN,NaN,NaN,NaN,NaN,NaN,NaN,NaN,NaN,NaN
134,4,0,625,695,605,369,533,283,492,262,NaN,NaN,NaN,NaN,NaN,NaN,NaN,NaN,NaN,NaN,NaN,NaN
135,4,0,623,695,603,369,531,282,489,262,NaN,NaN,NaN,NaN,NaN,NaN,NaN,NaN,NaN,NaN,NaN,NaN
136,4,0,621,695,602,368,529,281,487,261,NaN,NaN,NaN,NaN,NaN,NaN,NaN,NaN,NaN,NaN,NaN,NaN
137,4,0,618,695,599,367,526,280,484,260,NaN,NaN,NaN,NaN,NaN,NaN,NaN,NaN,NaN,NaN,NaN,NaN
138,4,0,614,695,597,368,523,281,481,261,NaN,NaN,NaN,NaN,NaN,NaN,NaN,NaN,NaN,NaN,NaN,NaN
139,4,0,613,695,595,368,521,281,479,261,NaN,NaN,NaN,NaN,NaN,NaN,NaN,NaN,NaN,NaN,NaN,NaN
140,4,0,612,695,595,368,520,279,478,260,NaN,NaN,NaN,NaN,NaN,NaN,NaN,NaN,NaN,NaN,NaN,NaN
141,4,0,611,695,594,369,519,280,477,261,NaN,NaN,NaN,NaN,NaN,NaN,NaN,NaN,NaN,NaN,NaN,NaN
142,4,0,623,695,597,375,521,284,479,264,NaN,NaN,NaN,NaN,NaN,NaN,NaN,NaN,NaN,NaN,NaN,NaN
143,4,0,626,695,602,377,524,285,482,265,NaN,NaN,NaN,NaN,NaN,NaN,NaN,NaN,NaN,NaN,NaN,NaN
144,4,0,626,695,603,380,525,285,484,266,NaN,NaN,NaN,NaN,NaN,NaN,NaN,NaN,NaN,NaN,NaN,NaN
145,4,0,628,689,603,384,525,288,483,268,NaN,NaN,NaN,NaN,NaN,NaN,NaN,NaN,NaN,NaN,NaN,NaN
146,4,0,627,686,607,387,527,290,485,270,NaN,NaN,NaN,NaN,NaN,NaN,NaN,NaN,NaN,NaN,NaN,NaN
147,4,0,631,695,611,389,531,291,489,271,NaN,NaN,NaN,NaN,NaN,NaN,NaN,NaN,NaN,NaN,NaN,NaN
148,4,0,633,695,614,391,533,291,491,271,NaN,NaN,NaN,NaN,NaN,NaN,NaN,NaN,NaN,NaN,NaN,NaN
149,4,0,636,695,617,393,536,292,494,272,NaN,NaN,NaN,NaN,NaN,NaN,NaN,NaN,NaN,NaN,NaN,NaN
150,4,0,640,695,621,394,539,293,497,273,NaN,NaN,NaN,NaN,NaN,NaN,NaN,NaN,NaN,NaN,NaN,NaN
151,4,0,645,695,626,396,542,294,501,274,NaN,NaN,NaN,NaN,NaN,NaN,NaN,NaN,NaN,NaN,NaN,NaN
152,4,0,648,695,629,397,545,294,503,274,NaN,NaN,NaN,NaN,NaN,NaN,NaN,NaN,NaN,NaN,NaN,NaN
153,4,0,653,695,634,396,548,293,507,273,NaN,NaN,NaN,NaN,NaN,NaN,NaN,NaN,NaN,NaN,NaN,NaN
154,4,0,657,695,638,397,552,293,510,273,NaN,NaN,NaN,NaN,NaN,NaN,NaN,NaN,NaN,NaN,NaN,NaN
155,4,0,662,695,643,397,555,293,513,273,NaN,NaN,NaN,NaN,NaN,NaN,NaN,NaN,NaN,NaN,NaN,NaN
156,4,0,667,695,647,398,557,293,516,273,NaN,NaN,NaN,NaN,NaN,NaN,NaN,NaN,NaN,NaN,NaN,NaN
157,4,0,672,695,651,399,560,292,518,272,NaN,NaN,NaN,NaN,NaN,NaN,NaN,NaN,NaN,NaN,NaN,NaN
158,4,1,672,695,651,398,560,292,518,272,NaN,NaN,NaN,NaN,NaN,NaN,NaN,NaN,NaN,NaN,NaN,NaN
159,4,1,672,695,651,398,560,292,518,272,NaN,NaN,NaN,NaN,NaN,NaN,NaN,NaN,NaN,NaN,NaN,NaN
160,4,0,676,695,653,402,561,294,518,274,NaN,NaN,NaN,NaN,NaN,NaN,NaN,NaN,NaN,NaN,NaN,NaN
161,4,0,679,695,654,403,563,295,520,274,NaN,NaN,NaN,NaN,NaN,NaN,NaN,NaN,NaN,NaN,NaN,NaN
162,4,0,680,695,654,404,562,294,519,273,NaN,NaN,NaN,NaN,NaN,NaN,NaN,NaN,NaN,NaN,NaN,NaN
163,4,0,680,695,652,408,561,296,517,275,NaN,NaN,NaN,NaN,NaN,NaN,NaN,NaN,NaN,NaN,NaN,NaN
164,4,0,681,695,652,410,560,297,517,276,NaN,NaN,NaN,NaN,NaN,NaN,NaN,NaN,NaN,NaN,NaN,NaN
165,4,0,681,695,651,412,560,297,516,276,NaN,NaN,NaN,NaN,NaN,NaN,NaN,NaN,NaN,NaN,NaN,NaN
166,4,0,681,695,650,413,558,297,514,275,NaN,NaN,NaN,NaN,NaN,NaN,NaN,NaN,NaN,NaN,NaN,NaN
167,4,0,679,695,647,415,556,298,512,276,NaN,NaN,NaN,NaN,NaN,NaN,NaN,NaN,NaN,NaN,NaN,NaN
168,4,0,678,695,646,417,555,299,510,276,NaN,NaN,NaN,NaN,NaN,NaN,NaN,NaN,NaN,NaN,NaN,NaN
169,4,0,676,695,643,419,552,300,507,277,NaN,NaN,NaN,NaN,NaN,NaN,NaN,NaN,NaN,NaN,NaN,NaN
170,4,0,674,695,641,419,550,299,505,277,NaN,NaN,NaN,NaN,NaN,NaN,NaN,NaN,NaN,NaN,NaN,NaN
171,4,0,673,695,639,420,549,300,503,277,NaN,NaN,NaN,NaN,NaN,NaN,NaN,NaN,NaN,NaN,NaN,NaN
172,4,0,673,695,637,422,547,301,501,277,NaN,NaN,NaN,NaN,NaN,NaN,NaN,NaN,NaN,NaN,NaN,NaN
173,4,0,671,695,635,423,546,301,499,278,NaN,NaN,NaN,NaN,NaN,NaN,NaN,NaN,NaN,NaN,NaN,NaN
174,4,0,669,695,632,423,543,301,497,278,NaN,NaN,NaN,NaN,NaN,NaN,NaN,NaN,NaN,NaN,NaN,NaN
175,4,0,668,695,629,424,540,302,495,279,NaN,NaN,NaN,NaN,NaN,NaN,NaN,NaN,NaN,NaN,NaN,NaN
176,4,0,668,695,627,426,540,303,493,280,NaN,NaN,NaN,NaN,NaN,NaN,NaN,NaN,NaN,NaN,NaN,NaN
177,4,0,667,695,626,426,539,303,492,279,NaN,NaN,NaN,NaN,NaN,NaN,NaN,NaN,NaN,NaN,NaN,NaN
178,4,0,666,695,624,429,536,304,490,280,NaN,NaN,NaN,NaN,NaN,NaN,NaN,NaN,NaN,NaN,NaN,NaN
179,4,0,662,693,623,433,536,307,489,282,NaN,NaN,NaN,NaN,NaN,NaN,NaN,NaN,NaN,NaN,NaN,NaN
180,4,0,662,695,622,437,535,310,489,285,NaN,NaN,NaN,NaN,NaN,NaN,NaN,NaN,NaN,NaN,NaN,NaN
181,4,0,663,695,621,440,535,312,488,287,NaN,NaN,NaN,NaN,NaN,NaN,NaN,NaN,NaN,NaN,NaN,NaN
182,4,0,663,695,619,443,534,314,487,289,NaN,NaN,NaN,NaN,NaN,NaN,NaN,NaN,NaN,NaN,NaN,NaN
183,4,0,664,695,618,447,533,316,485,291,NaN,NaN,NaN,NaN,NaN,NaN,NaN,NaN,NaN,NaN,NaN,NaN
184,4,0,666,695,618,450,533,318,485,292,NaN,NaN,NaN,NaN,NaN,NaN,NaN,NaN,NaN,NaN,NaN,NaN
185,4,0,669,695,619,452,535,319,487,293,NaN,NaN,NaN,NaN,NaN,NaN,NaN,NaN,NaN,NaN,NaN,NaN
186,4,0,670,695,619,454,535,321,487,294,NaN,NaN,NaN,NaN,NaN,NaN,NaN,NaN,NaN,NaN,NaN,NaN
187,4,0,671,695,617,456,535,322,486,295,NaN,NaN,NaN,NaN,NaN,NaN,NaN,NaN,NaN,NaN,NaN,NaN
188,4,0,672,695,616,458,535,323,486,296,NaN,NaN,NaN,NaN,NaN,NaN,NaN,NaN,NaN,NaN,NaN,NaN
189,4,0,673,695,616,459,534,324,486,297,NaN,NaN,NaN,NaN,NaN,NaN,NaN,NaN,NaN,NaN,NaN,NaN
190,4,0,674,695,615,459,534,324,485,296,NaN,NaN,NaN,NaN,NaN,NaN,NaN,NaN,NaN,NaN,NaN,NaN
191,4,0,674,695,613,458,534,324,484,296,NaN,NaN,NaN,NaN,NaN,NaN,NaN,NaN,NaN,NaN,NaN,NaN
192,4,0,676,695,613,457,534,323,484,295,NaN,NaN,NaN,NaN,NaN,NaN,NaN,NaN,NaN,NaN,NaN,NaN
193,4,0,678,695,613,455,534,322,484,294,NaN,NaN,NaN,NaN,NaN,NaN,NaN,NaN,NaN,NaN,NaN,NaN
194,4,0,680,695,612,452,534,321,484,293,NaN,NaN,NaN,NaN,NaN,NaN,NaN,NaN,NaN,NaN,NaN,NaN
195,4,0,682,695,611,450,533,319,482,291,NaN,NaN,NaN,NaN,NaN,NaN,NaN,NaN,NaN,NaN,NaN,NaN
196,4,0,684,695,610,448,532,318,482,290,NaN,NaN,NaN,NaN,NaN,NaN,NaN,NaN,NaN,NaN,NaN,NaN
197,4,0,687,695,610,445,532,315,481,287,NaN,NaN,NaN,NaN,NaN,NaN,NaN,NaN,NaN,NaN,NaN,NaN
198,4,0,689,695,609,441,531,313,480,285,NaN,NaN,NaN,NaN,NaN,NaN,NaN,NaN,NaN,NaN,NaN,NaN
199,4,0,693,695,609,439,532,311,480,282,NaN,NaN,NaN,NaN,NaN,NaN,NaN,NaN,NaN,NaN,NaN,NaN
200,4,0,696,695,608,437,532,310,479,281,NaN,NaN,NaN,NaN,NaN,NaN,NaN,NaN,NaN,NaN,NaN,NaN
201,4,0,699,695,608,437,531,310,478,281,NaN,NaN,NaN,NaN,NaN,NaN,NaN,NaN,NaN,NaN,NaN,NaN
202,4,0,701,695,606,435,530,309,477,279,NaN,NaN,NaN,NaN,NaN,NaN,NaN,NaN,NaN,NaN,NaN,NaN
203,4,0,703,695,605,434,529,309,475,279,NaN,NaN,NaN,NaN,NaN,NaN,NaN,NaN,NaN,NaN,NaN,NaN
204,4,0,706,695,604,433,528,309,474,278,NaN,NaN,NaN,NaN,NaN,NaN,NaN,NaN,NaN,NaN,NaN,NaN
205,4,0,707,695,601,431,527,308,472,277,NaN,NaN,NaN,NaN,NaN,NaN,NaN,NaN,NaN,NaN,NaN,NaN
206,4,0,707,695,597,430,523,308,468,277,NaN,NaN,NaN,NaN,NaN,NaN,NaN,NaN,NaN,NaN,NaN,NaN
207,4,0,708,695,594,431,521,310,466,278,NaN,NaN,NaN,NaN,NaN,NaN,NaN,NaN,NaN,NaN,NaN,NaN
208,4,0,710,695,592,431,519,311,463,279,NaN,NaN,NaN,NaN,NaN,NaN,NaN,NaN,NaN,NaN,NaN,NaN
209,4,0,710,695,589,431,518,313,462,281,NaN,NaN,NaN,NaN,NaN,NaN,NaN,NaN,NaN,NaN,NaN,NaN
210,4,0,709,695,584,431,514,315,458,283,NaN,NaN,NaN,NaN,NaN,NaN,NaN,NaN,NaN,NaN,NaN,NaN
211,4,0,710,695,580,431,511,317,455,285,NaN,NaN,NaN,NaN,NaN,NaN,NaN,NaN,NaN,NaN,NaN,NaN
212,4,0,710,695,576,431,508,319,452,286,NaN,NaN,NaN,NaN,NaN,NaN,NaN,NaN,NaN,NaN,NaN,NaN
213,4,0,711,695,572,430,506,321,449,289,NaN,NaN,NaN,NaN,NaN,NaN,NaN,NaN,NaN,NaN,NaN,NaN
214,4,0,711,695,568,430,503,323,446,291,NaN,NaN,NaN,NaN,NaN,NaN,NaN,NaN,NaN,NaN,NaN,NaN
215,4,1,711,695,565,426,502,323,445,291,NaN,NaN,NaN,NaN,NaN,NaN,NaN,NaN,NaN,NaN,NaN,NaN
216,4,0,700,695,562,430,499,326,442,294,NaN,NaN,NaN,NaN,NaN,NaN,NaN,NaN,NaN,NaN,NaN,NaN
217,4,0,689,695,559,434,496,329,439,296,NaN,NaN,NaN,NaN,NaN,NaN,NaN,NaN,NaN,NaN,NaN,NaN
218,4,0,682,695,557,438,494,332,437,299,NaN,NaN,NaN,NaN,NaN,NaN,NaN,NaN,NaN,NaN,NaN,NaN
219,4,0,674,695,555,442,492,334,435,301,NaN,NaN,NaN,NaN,NaN,NaN,NaN,NaN,NaN,NaN,NaN,NaN
220,4,0,668,695,552,447,488,338,431,304,NaN,NaN,NaN,NaN,NaN,NaN,NaN,NaN,NaN,NaN,NaN,NaN
221,4,0,665,695,550,454,486,343,429,309,NaN,NaN,NaN,NaN,NaN,NaN,NaN,NaN,NaN,NaN,NaN,NaN
222,4,0,664,695,550,460,486,347,429,313,NaN,NaN,NaN,NaN,NaN,NaN,NaN,NaN,NaN,NaN,NaN,NaN
223,4,1,664,695,550,460,486,347,429,313,NaN,NaN,NaN,NaN,NaN,NaN,NaN,NaN,NaN,NaN,NaN,NaN
224,3,0,644,695,545,463,481,352,NaN,NaN,NaN,NaN,NaN,NaN,NaN,NaN,NaN,NaN,NaN,NaN,NaN,NaN
225,3,0,629,695,543,468,477,356,NaN,NaN,NaN,NaN,NaN,NaN,NaN,NaN,NaN,NaN,NaN,NaN,NaN,NaN
226,3,0,618,695,540,472,473,361,NaN,NaN,NaN,NaN,NaN,NaN,NaN,NaN,NaN,NaN,NaN,NaN,NaN,NaN
227,3,0,608,695,538,475,470,366,NaN,NaN,NaN,NaN,NaN,NaN,NaN,NaN,NaN,NaN,NaN,NaN,NaN,NaN
228,3,0,598,695,534,479,466,370,NaN,NaN,NaN,NaN,NaN,NaN,NaN,NaN,NaN,NaN,NaN,NaN,NaN,NaN
229,3,0,588,695,532,483,462,375,NaN,NaN,NaN,NaN,NaN,NaN,NaN,NaN,NaN,NaN,NaN,NaN,NaN,NaN
230,3,0,582,695,529,485,459,378,NaN,NaN,NaN,NaN,NaN,NaN,NaN,NaN,NaN,NaN,NaN,NaN,NaN,NaN
231,3,0,576,695,527,487,455,381,NaN,NaN,NaN,NaN,NaN,NaN,NaN,NaN,NaN,NaN,NaN,NaN,NaN,NaN
232,3,0,571,695,523,488,452,382,NaN,NaN,NaN,NaN,NaN,NaN,NaN,NaN,NaN,NaN,NaN,NaN,NaN,NaN
233,3,0,565,695,520,490,448,386,NaN,NaN,NaN,NaN,NaN,NaN,NaN,NaN,NaN,NaN,NaN,NaN,NaN,NaN
234,3,0,562,695,517,490,446,388,NaN,NaN,NaN,NaN,NaN,NaN,NaN,NaN,NaN,NaN,NaN,NaN,NaN,NaN
235,3,0,559,695,515,491,443,389,NaN,NaN,NaN,NaN,NaN,NaN,NaN,NaN,NaN,NaN,NaN,NaN,NaN,NaN
236,3,0,556,695,513,491,441,390,NaN,NaN,NaN,NaN,NaN,NaN,NaN,NaN,NaN,NaN,NaN,NaN,NaN,NaN
237,3,0,554,695,512,490,438,390,NaN,NaN,NaN,NaN,NaN,NaN,NaN,NaN,NaN,NaN,NaN,NaN,NaN,NaN
238,3,0,552,695,508,492,434,393,NaN,NaN,NaN,NaN,NaN,NaN,NaN,NaN,NaN,NaN,NaN,NaN,NaN,NaN
239,3,0,549,695,506,492,431,395,NaN,NaN,NaN,NaN,NaN,NaN,NaN,NaN,NaN,NaN,NaN,NaN,NaN,NaN
240,3,0,549,695,505,493,429,396,NaN,NaN,NaN,NaN,NaN,NaN,NaN,NaN,NaN,NaN,NaN,NaN,NaN,NaN
241,3,0,547,695,503,493,427,397,NaN,NaN,NaN,NaN,NaN,NaN,NaN,NaN,NaN,NaN,NaN,NaN,NaN,NaN
242,3,0,546,695,500,492,424,399,NaN,NaN,NaN,NaN,NaN,NaN,NaN,NaN,NaN,NaN,NaN,NaN,NaN,NaN
243,3,0,544,695,496,493,421,400,NaN,NaN,NaN,NaN,NaN,NaN,NaN,NaN,NaN,NaN,NaN,NaN,NaN,NaN
244,3,0,543,695,494,491,418,400,NaN,NaN,NaN,NaN,NaN,NaN,NaN,NaN,NaN,NaN,NaN,NaN,NaN,NaN
245,3,0,541,695,491,490,415,400,NaN,NaN,NaN,NaN,NaN,NaN,NaN,NaN,NaN,NaN,NaN,NaN,NaN,NaN
246,3,0,541,695,489,489,412,400,NaN,NaN,NaN,NaN,NaN,NaN,NaN,NaN,NaN,NaN,NaN,NaN,NaN,NaN
247,3,0,540,695,487,487,411,400,NaN,NaN,NaN,NaN,NaN,NaN,NaN,NaN,NaN,NaN,NaN,NaN,NaN,NaN
248,3,0,540,695,484,484,408,398,NaN,NaN,NaN,NaN,NaN,NaN,NaN,NaN,NaN,NaN,NaN,NaN,NaN,NaN
249,3,0,540,695,483,480,407,397,NaN,NaN,NaN,NaN,NaN,NaN,NaN,NaN,NaN,NaN,NaN,NaN,NaN,NaN
250,3,0,542,695,482,478,406,396,NaN,NaN,NaN,NaN,NaN,NaN,NaN,NaN,NaN,NaN,NaN,NaN,NaN,NaN
251,3,0,542,695,481,476,405,396,NaN,NaN,NaN,NaN,NaN,NaN,NaN,NaN,NaN,NaN,NaN,NaN,NaN,NaN
252,3,0,542,695,478,474,403,396,NaN,NaN,NaN,NaN,NaN,NaN,NaN,NaN,NaN,NaN,NaN,NaN,NaN,NaN
253,3,0,544,695,478,473,403,396,NaN,NaN,NaN,NaN,NaN,NaN,NaN,NaN,NaN,NaN,NaN,NaN,NaN,NaN
254,3,0,546,695,478,470,403,396,NaN,NaN,NaN,NaN,NaN,NaN,NaN,NaN,NaN,NaN,NaN,NaN,NaN,NaN
255,3,0,548,695,478,468,404,395,NaN,NaN,NaN,NaN,NaN,NaN,NaN,NaN,NaN,NaN,NaN,NaN,NaN,NaN
256,3,0,549,695,477,466,404,395,NaN,NaN,NaN,NaN,NaN,NaN,NaN,NaN,NaN,NaN,NaN,NaN,NaN,NaN
257,3,0,552,695,478,466,405,397,NaN,NaN,NaN,NaN,NaN,NaN,NaN,NaN,NaN,NaN,NaN,NaN,NaN,NaN
258,3,0,554,695,478,467,406,400,NaN,NaN,NaN,NaN,NaN,NaN,NaN,NaN,NaN,NaN,NaN,NaN,NaN,NaN
259,3,0,556,695,479,465,407,400,NaN,NaN,NaN,NaN,NaN,NaN,NaN,NaN,NaN,NaN,NaN,NaN,NaN,NaN
260,3,0,559,695,479,464,409,402,NaN,NaN,NaN,NaN,NaN,NaN,NaN,NaN,NaN,NaN,NaN,NaN,NaN,NaN
261,3,0,563,695,481,464,411,404,NaN,NaN,NaN,NaN,NaN,NaN,NaN,NaN,NaN,NaN,NaN,NaN,NaN,NaN
262,3,0,568,695,485,464,415,406,NaN,NaN,NaN,NaN,NaN,NaN,NaN,NaN,NaN,NaN,NaN,NaN,NaN,NaN
263,3,0,572,695,486,463,417,407,NaN,NaN,NaN,NaN,NaN,NaN,NaN,NaN,NaN,NaN,NaN,NaN,NaN,NaN
264,3,0,576,695,488,462,420,409,NaN,NaN,NaN,NaN,NaN,NaN,NaN,NaN,NaN,NaN,NaN,NaN,NaN,NaN
265,3,0,581,695,491,462,423,411,NaN,NaN,NaN,NaN,NaN,NaN,NaN,NaN,NaN,NaN,NaN,NaN,NaN,NaN
266,3,1,581,695,489,457,421,410,NaN,NaN,NaN,NaN,NaN,NaN,NaN,NaN,NaN,NaN,NaN,NaN,NaN,NaN
267,3,0,582,695,493,460,425,412,NaN,NaN,NaN,NaN,NaN,NaN,NaN,NaN,NaN,NaN,NaN,NaN,NaN,NaN
268,3,0,583,695,497,464,429,415,NaN,NaN,NaN,NaN,NaN,NaN,NaN,NaN,NaN,NaN,NaN,NaN,NaN,NaN
269,3,0,584,695,501,467,433,417,NaN,NaN,NaN,NaN,NaN,NaN,NaN,NaN,NaN,NaN,NaN,NaN,NaN,NaN
270,3,0,586,695,505,470,437,419,NaN,NaN,NaN,NaN,NaN,NaN,NaN,NaN,NaN,NaN,NaN,NaN,NaN,NaN
271,3,0,587,695,508,474,440,422,NaN,NaN,NaN,NaN,NaN,NaN,NaN,NaN,NaN,NaN,NaN,NaN,NaN,NaN
272,3,0,587,695,510,477,442,424,NaN,NaN,NaN,NaN,NaN,NaN,NaN,NaN,NaN,NaN,NaN,NaN,NaN,NaN
273,3,0,587,695,512,481,444,427,NaN,NaN,NaN,NaN,NaN,NaN,NaN,NaN,NaN,NaN,NaN,NaN,NaN,NaN
274,3,0,588,695,515,485,446,430,NaN,NaN,NaN,NaN,NaN,NaN,NaN,NaN,NaN,NaN,NaN,NaN,NaN,NaN
275,3,0,589,695,518,489,449,433,NaN,NaN,NaN,NaN,NaN,NaN,NaN,NaN,NaN,NaN,NaN,NaN,NaN,NaN
276,3,0,591,695,522,493,452,436,NaN,NaN,NaN,NaN,NaN,NaN,NaN,NaN,NaN,NaN,NaN,NaN,NaN,NaN
277,3,0,592,695,525,497,455,439,NaN,NaN,NaN,NaN,NaN,NaN,NaN,NaN,NaN,NaN,NaN,NaN,NaN,NaN
278,3,0,592,695,527,501,457,441,NaN,NaN,NaN,NaN,NaN,NaN,NaN,NaN,NaN,NaN,NaN,NaN,NaN,NaN
279,3,0,592,695,530,505,459,444,NaN,NaN,NaN,NaN,NaN,NaN,NaN,NaN,NaN,NaN,NaN,NaN,NaN,NaN
280,3,0,594,695,534,509,463,446,NaN,NaN,NaN,NaN,NaN,NaN,NaN,NaN,NaN,NaN,NaN,NaN,NaN,NaN
281,3,0,596,695,538,514,466,450,NaN,NaN,NaN,NaN,NaN,NaN,NaN,NaN,NaN,NaN,NaN,NaN,NaN,NaN
282,3,0,598,695,542,518,470,452,NaN,NaN,NaN,NaN,NaN,NaN,NaN,NaN,NaN,NaN,NaN,NaN,NaN,NaN
283,3,0,599,695,545,523,473,455,NaN,NaN,NaN,NaN,NaN,NaN,NaN,NaN,NaN,NaN,NaN,NaN,NaN,NaN
284,3,0,600,695,548,527,476,458,NaN,NaN,NaN,NaN,NaN,NaN,NaN,NaN,NaN,NaN,NaN,NaN,NaN,NaN
285,3,0,601,695,551,532,479,461,NaN,NaN,NaN,NaN,NaN,NaN,NaN,NaN,NaN,NaN,NaN,NaN,NaN,NaN
286,3,1,602,695,554,536,482,463,NaN,NaN,NaN,NaN,NaN,NaN,NaN,NaN,NaN,NaN,NaN,NaN,NaN,NaN
287,7,0,601,695,555,540,483,466,429,417,412,330,444,281,522,238,NaN,NaN,NaN,NaN,NaN,NaN
288,7,0,600,695,556,543,484,467,430,418,413,331,445,282,523,238,NaN,NaN,NaN,NaN,NaN,NaN
289,7,0,600,695,556,545,484,468,430,418,414,330,446,281,524,237,NaN,NaN,NaN,NaN,NaN,NaN
290,7,0,600,695,557,547,485,468,431,418,416,329,448,280,526,236,NaN,NaN,NaN,NaN,NaN,NaN
291,7,0,598,695,556,548,484,468,431,417,415,329,448,279,527,236,NaN,NaN,NaN,NaN,NaN,NaN
292,7,0,597,695,555,548,483,467,430,417,415,328,448,278,527,235,NaN,NaN,NaN,NaN,NaN,NaN
293,7,0,595,695,554,548,482,467,429,416,415,327,448,278,527,234,NaN,NaN,NaN,NaN,NaN,NaN
294,7,0,594,695,554,549,482,467,429,416,415,327,449,277,528,234,NaN,NaN,NaN,NaN,NaN,NaN
295,7,1,593,695,553,549,482,466,429,415,416,326,450,276,530,233,NaN,NaN,NaN,NaN,NaN,NaN
296,7,0,589,695,552,551,480,466,427,414,416,326,451,277,530,233,NaN,NaN,NaN,NaN,NaN,NaN
297,7,0,585,695,551,554,477,467,427,414,417,325,453,276,533,233,NaN,NaN,NaN,NaN,NaN,NaN
298,7,0,578,695,549,558,474,468,424,414,417,326,454,276,533,233,NaN,NaN,NaN,NaN,NaN,NaN
299,7,0,572,695,546,563,470,471,422,415,416,326,455,276,534,234,NaN,NaN,NaN,NaN,NaN,NaN
300,7,0,564,695,543,569,467,474,419,416,415,328,455,278,533,235,NaN,NaN,NaN,NaN,NaN,NaN
301,7,0,558,695,540,577,464,478,417,420,416,330,457,280,534,238,NaN,NaN,NaN,NaN,NaN,NaN
302,7,0,552,695,537,583,460,482,415,421,415,331,458,281,535,238,NaN,NaN,NaN,NaN,NaN,NaN
303,7,0,544,695,532,590,455,485,411,423,413,333,456,283,533,240,NaN,NaN,NaN,NaN,NaN,NaN
304,7,0,538,695,530,599,451,489,409,426,412,335,457,285,534,242,NaN,NaN,NaN,NaN,NaN,NaN
305,7,0,534,695,528,608,449,494,407,429,413,338,459,287,535,245,NaN,NaN,NaN,NaN,NaN,NaN
306,7,0,517,695,490,558,399,476,385,393,424,322,492,274,544,237,NaN,NaN,NaN,NaN,NaN,NaN
307,7,0,512,695,488,564,397,480,384,396,423,325,492,276,545,239,NaN,NaN,NaN,NaN,NaN,NaN
308,7,0,508,695,487,570,395,484,383,399,422,328,492,279,544,241,NaN,NaN,NaN,NaN,NaN,NaN
309,7,0,506,695,486,575,396,489,383,402,423,330,493,281,545,244,NaN,NaN,NaN,NaN,NaN,NaN
310,7,0,503,695,486,580,395,492,383,405,423,333,493,284,546,246,NaN,NaN,NaN,NaN,NaN,NaN
311,7,0,500,695,484,583,393,495,382,407,422,335,493,286,546,248,NaN,NaN,NaN,NaN,NaN,NaN
312,7,0,498,695,483,587,392,497,381,409,423,336,493,287,546,250,NaN,NaN,NaN,NaN,NaN,NaN
313,7,0,497,695,483,590,392,499,381,410,423,338,494,289,547,252,NaN,NaN,NaN,NaN,NaN,NaN
314,7,0,494,695,481,591,390,500,380,411,423,339,494,290,547,253,NaN,NaN,NaN,NaN,NaN,NaN
315,7,0,491,695,479,593,388,501,378,412,421,339,493,291,546,254,NaN,NaN,NaN,NaN,NaN,NaN
316,7,0,490,695,479,595,387,502,379,412,422,340,494,291,547,254,NaN,NaN,NaN,NaN,NaN,NaN
317,7,0,489,695,478,597,387,504,379,413,422,341,494,293,548,256,NaN,NaN,NaN,NaN,NaN,NaN
318,7,0,486,695,476,599,385,505,377,414,421,341,494,293,548,256,NaN,NaN,NaN,NaN,NaN,NaN
319,7,0,485,695,476,602,384,507,377,415,421,342,494,294,548,257,NaN,NaN,NaN,NaN,NaN,NaN
320,7,0,485,695,476,605,385,508,377,416,422,343,496,294,550,257,NaN,NaN,NaN,NaN,NaN,NaN
321,7,0,484,695,476,610,384,512,377,418,423,344,496,296,551,259,NaN,NaN,NaN,NaN,NaN,NaN
322,7,0,484,695,476,613,384,513,377,419,423,345,497,296,551,259,NaN,NaN,NaN,NaN,NaN,NaN
323,7,0,482,695,475,617,383,516,376,420,423,346,497,297,551,259,NaN,NaN,NaN,NaN,NaN,NaN
324,7,0,482,695,475,623,382,519,376,423,423,348,497,298,552,261,NaN,NaN,NaN,NaN,NaN,NaN
325,7,0,482,695,476,628,382,523,377,425,424,349,499,300,554,262,NaN,NaN,NaN,NaN,NaN,NaN
326,7,0,484,695,478,633,385,526,379,427,427,351,502,301,557,263,NaN,NaN,NaN,NaN,NaN,NaN
327,7,0,486,695,480,638,387,529,382,429,430,352,505,302,560,264,NaN,NaN,NaN,NaN,NaN,NaN
328,7,0,487,695,481,643,388,533,384,432,432,354,507,304,563,267,NaN,NaN,NaN,NaN,NaN,NaN
329,7,0,490,695,484,649,391,536,387,434,436,357,511,306,567,269,NaN,NaN,NaN,NaN,NaN,NaN
330,7,0,494,695,489,653,395,539,392,436,441,358,517,308,572,270,NaN,NaN,NaN,NaN,NaN,NaN
331,7,0,498,695,492,658,399,542,396,438,446,360,522,309,577,271,NaN,NaN,NaN,NaN,NaN,NaN
332,7,0,501,695,496,663,403,545,400,440,450,362,526,311,582,273,NaN,NaN,NaN,NaN,NaN,NaN
333,7,0,506,695,500,669,407,548,405,443,455,364,532,313,587,275,NaN,NaN,NaN,NaN,NaN,NaN
334,7,0,511,695,505,673,412,551,411,444,462,365,538,314,594,276,NaN,NaN,NaN,NaN,NaN,NaN
335,7,0,515,695,510,678,416,554,416,446,467,366,544,315,600,278,NaN,NaN,NaN,NaN,NaN,NaN
336,7,0,520,695,514,683,421,557,421,448,473,368,550,317,606,279,NaN,NaN,NaN,NaN,NaN,NaN
337,6,1,520,695,421,557,421,448,473,368,550,317,606,279,NaN,NaN,NaN,NaN,NaN,NaN,NaN,NaN
338,6,0,517,695,425,559,425,449,478,369,555,318,611,279,NaN,NaN,NaN,NaN,NaN,NaN,NaN,NaN
339,6,0,514,695,428,562,430,451,482,370,559,319,616,280,NaN,NaN,NaN,NaN,NaN,NaN,NaN,NaN
340,6,0,510,695,433,567,435,454,487,373,565,321,621,283,NaN,NaN,NaN,NaN,NaN,NaN,NaN,NaN
341,6,0,508,695,438,574,440,458,494,375,572,324,629,286,NaN,NaN,NaN,NaN,NaN,NaN,NaN,NaN
342,6,0,506,695,442,578,445,461,499,378,577,326,634,288,NaN,NaN,NaN,NaN,NaN,NaN,NaN,NaN
343,6,0,503,695,445,582,449,464,503,380,582,327,639,289,NaN,NaN,NaN,NaN,NaN,NaN,NaN,NaN
344,7,0,502,695,447,587,452,467,507,383,586,330,643,292,632,277,NaN,NaN,NaN,NaN,NaN,NaN
345,7,0,501,695,451,592,456,471,512,385,591,332,649,293,637,279,NaN,NaN,NaN,NaN,NaN,NaN
346,7,0,501,695,454,596,460,473,516,387,596,334,653,295,641,280,NaN,NaN,NaN,NaN,NaN,NaN
347,7,0,499,695,455,600,462,476,518,389,598,335,656,296,644,281,NaN,NaN,NaN,NaN,NaN,NaN
348,7,0,499,695,457,605,464,479,521,391,602,337,660,298,648,283,NaN,NaN,NaN,NaN,NaN,NaN
349,7,0,498,695,457,608,466,480,523,392,605,338,662,299,650,284,NaN,NaN,NaN,NaN,NaN,NaN
350,7,0,497,695,457,610,466,481,525,392,606,338,664,299,652,283,NaN,NaN,NaN,NaN,NaN,NaN
351,7,0,497,695,458,614,468,482,527,393,608,338,666,299,655,284,NaN,NaN,NaN,NaN,NaN,NaN
352,7,0,496,695,458,617,468,484,528,394,610,339,668,300,656,284,NaN,NaN,NaN,NaN,NaN,NaN
353,7,1,496,695,458,617,468,484,528,394,610,339,668,300,656,284,NaN,NaN,NaN,NaN,NaN,NaN
354,7,0,493,695,457,619,468,485,528,394,611,339,669,300,657,284,NaN,NaN,NaN,NaN,NaN,NaN
355,7,0,491,695,457,621,467,486,528,394,611,339,669,299,657,283,NaN,NaN,NaN,NaN,NaN,NaN
356,7,0,488,695,456,623,467,486,529,394,612,338,670,299,658,283,NaN,NaN,NaN,NaN,NaN,NaN
357,7,0,486,695,454,624,466,485,528,393,611,337,670,297,658,281,NaN,NaN,NaN,NaN,NaN,NaN
358,7,0,483,695,452,626,464,486,526,393,610,336,669,297,656,281,NaN,NaN,NaN,NaN,NaN,NaN
359,7,0,479,695,451,630,464,488,526,394,610,337,669,297,657,281,NaN,NaN,NaN,NaN,NaN,NaN
360,7,0,477,695,451,633,464,489,527,394,612,337,671,296,659,280,NaN,NaN,NaN,NaN,NaN,NaN
361,7,0,475,695,450,636,464,490,528,395,612,337,671,297,659,280,NaN,NaN,NaN,NaN,NaN,NaN
362,7,0,473,695,449,637,463,491,527,395,611,337,670,296,658,280,NaN,NaN,NaN,NaN,NaN,NaN
363,7,0,472,695,448,638,463,490,527,394,612,335,671,295,658,278,NaN,NaN,NaN,NaN,NaN,NaN
364,7,0,471,695,448,638,463,489,528,392,612,333,672,292,659,276,NaN,NaN,NaN,NaN,NaN,NaN
365,7,0,472,695,449,638,464,488,529,390,614,331,674,290,661,274,NaN,NaN,NaN,NaN,NaN,NaN
366,7,0,472,695,449,638,466,486,531,388,616,329,676,288,663,271,NaN,NaN,NaN,NaN,NaN,NaN
367,7,0,473,695,451,638,468,484,534,386,619,327,679,285,666,269,NaN,NaN,NaN,NaN,NaN,NaN
368,7,0,475,695,453,637,471,482,537,383,623,324,683,282,670,266,NaN,NaN,NaN,NaN,NaN,NaN
369,7,0,477,695,455,636,474,480,540,380,626,321,686,279,674,262,NaN,NaN,NaN,NaN,NaN,NaN
370,7,0,479,694,458,635,478,476,544,377,630,317,691,275,678,258,NaN,NaN,NaN,NaN,NaN,NaN
371,7,0,482,693,460,633,481,473,548,373,634,313,696,271,683,254,NaN,NaN,NaN,NaN,NaN,NaN
372,7,0,486,695,464,635,486,474,553,373,640,313,701,270,688,253,NaN,NaN,NaN,NaN,NaN,NaN
373,7,0,489,695,468,637,491,473,559,371,646,311,708,268,695,251,NaN,NaN,NaN,NaN,NaN,NaN
374,7,1,489,695,468,637,491,473,559,371,646,311,708,268,695,251,NaN,NaN,NaN,NaN,NaN,NaN
375,7,0,487,695,468,638,492,472,561,369,648,309,711,266,698,249,NaN,NaN,NaN,NaN,NaN,NaN
376,7,0,488,695,471,639,494,472,565,369,652,309,715,265,702,248,NaN,NaN,NaN,NaN,NaN,NaN
377,7,0,488,695,473,642,498,472,569,369,657,308,720,265,707,247,NaN,NaN,NaN,NaN,NaN,NaN
378,7,0,491,695,477,643,503,471,576,368,663,307,726,263,713,246,NaN,NaN,NaN,NaN,NaN,NaN
379,7,0,492,695,480,645,506,471,580,367,668,305,731,262,718,244,NaN,NaN,NaN,NaN,NaN,NaN
380,7,0,493,695,482,648,509,472,585,367,673,305,736,261,724,244,NaN,NaN,NaN,NaN,NaN,NaN
381,7,0,495,695,485,650,513,472,589,366,677,305,741,261,728,243,NaN,NaN,NaN,NaN,NaN,NaN
382,7,0,496,695,487,653,515,472,593,367,681,305,745,261,732,243,NaN,NaN,NaN,NaN,NaN,NaN
383,7,0,498,695,489,656,518,473,597,367,685,306,749,262,737,244,NaN,NaN,NaN,NaN,NaN,NaN
384,7,0,500,695,492,658,521,473,601,367,690,305,754,261,742,243,NaN,NaN,NaN,NaN,NaN,NaN
385,7,0,502,695,495,661,524,474,606,367,695,305,759,261,746,243,NaN,NaN,NaN,NaN,NaN,NaN
386,7,0,505,695,498,664,527,475,610,367,699,305,763,261,750,243,NaN,NaN,NaN,NaN,NaN,NaN
387,7,0,507,695,501,668,531,476,615,368,703,306,768,261,755,243,NaN,NaN,NaN,NaN,NaN,NaN
388,7,0,510,695,504,670,534,475,619,367,708,304,773,260,760,241,NaN,NaN,NaN,NaN,NaN,NaN
389,7,0,513,695,506,673,537,476,623,367,712,305,777,260,764,241,NaN,NaN,NaN,NaN,NaN,NaN
390,7,0,515,695,508,679,539,478,627,369,716,306,781,261,768,242,NaN,NaN,NaN,NaN,NaN,NaN
391,6,1,515,695,539,478,627,369,716,306,781,261,768,242,NaN,NaN,NaN,NaN,NaN,NaN,NaN,NaN
392,6,0,519,695,543,478,631,369,721,305,786,260,773,241,NaN,NaN,NaN,NaN,NaN,NaN,NaN,NaN
393,6,0,522,695,545,479,634,369,723,305,789,260,776,241,NaN,NaN,NaN,NaN,NaN,NaN,NaN,NaN
394,6,0,525,695,548,481,637,370,726,306,792,260,779,241,NaN,NaN,NaN,NaN,NaN,NaN,NaN,NaN
395,6,0,528,695,551,481,640,369,730,304,796,258,783,239,NaN,NaN,NaN,NaN,NaN,NaN,NaN,NaN
396,6,0,532,695,555,481,645,368,735,303,801,257,787,237,NaN,NaN,NaN,NaN,NaN,NaN,NaN,NaN
397,6,0,535,695,558,482,647,368,738,303,804,257,790,237,NaN,NaN,NaN,NaN,NaN,NaN,NaN,NaN
398,6,0,537,695,560,483,650,368,740,303,807,256,793,236,NaN,NaN,NaN,NaN,NaN,NaN,NaN,NaN
399,6,0,540,695,562,483,652,367,743,302,810,255,796,235,NaN,NaN,NaN,NaN,NaN,NaN,NaN,NaN
400,6,0,542,695,564,483,655,366,746,300,813,253,799,233,NaN,NaN,NaN,NaN,NaN,NaN,NaN,NaN
401,6,0,545,695,567,482,659,365,750,299,817,252,803,232,NaN,NaN,NaN,NaN,NaN,NaN,NaN,NaN
402,6,0,549,695,572,483,663,364,756,298,823,251,808,231,NaN,NaN,NaN,NaN,NaN,NaN,NaN,NaN
403,6,0,551,695,575,484,667,365,760,298,827,250,813,230,NaN,NaN,NaN,NaN,NaN,NaN,NaN,NaN
404,6,0,554,695,577,484,670,364,764,297,831,250,817,230,NaN,NaN,NaN,NaN,NaN,NaN,NaN,NaN
405,6,0,557,695,580,485,674,365,768,297,836,250,822,230,NaN,NaN,NaN,NaN,NaN,NaN,NaN,NaN
406,6,0,560,695,585,486,680,365,774,297,842,250,828,230,NaN,NaN,NaN,NaN,NaN,NaN,NaN,NaN
407,6,0,564,695,589,487,685,364,780,296,849,249,834,229,NaN,NaN,NaN,NaN,NaN,NaN,NaN,NaN
408,6,0,565,695,591,488,688,364,784,296,853,248,838,228,NaN,NaN,NaN,NaN,NaN,NaN,NaN,NaN
409,6,0,568,695,595,491,692,367,789,298,858,249,844,229,NaN,NaN,NaN,NaN,NaN,NaN,NaN,NaN
410,6,0,573,695,601,496,699,370,796,300,866,251,851,231,NaN,NaN,NaN,NaN,NaN,NaN,NaN,NaN
411,6,0,577,695,606,500,705,372,803,302,873,253,858,232,NaN,NaN,NaN,NaN,NaN,NaN,NaN,NaN
412,6,1,577,695,606,500,705,372,803,302,873,253,858,232,NaN,NaN,NaN,NaN,NaN,NaN,NaN,NaN
413,6,0,582,695,610,505,709,376,808,305,878,256,863,235,NaN,NaN,NaN,NaN,NaN,NaN,NaN,NaN
414,6,0,587,695,614,510,714,379,813,308,883,259,868,237,NaN,NaN,NaN,NaN,NaN,NaN,NaN,NaN
415,6,0,593,695,618,514,718,382,818,311,889,261,873,240,NaN,NaN,NaN,NaN,NaN,NaN,NaN,NaN
416,6,0,598,695,622,519,723,385,823,314,894,264,879,242,NaN,NaN,NaN,NaN,NaN,NaN,NaN,NaN
417,6,0,603,695,626,524,728,389,828,317,899,267,883,245,NaN,NaN,NaN,NaN,NaN,NaN,NaN,NaN
418,6,0,608,695,629,530,732,394,832,321,903,271,888,249,NaN,NaN,NaN,NaN,NaN,NaN,NaN,NaN
419,6,0,612,695,632,536,735,399,836,326,907,275,892,253,NaN,NaN,NaN,NaN,NaN,NaN,NaN,NaN
420,6,0,614,695,633,542,737,403,837,330,909,279,893,258,NaN,NaN,NaN,NaN,NaN,NaN,NaN,NaN
421,6,0,616,695,634,548,738,408,839,334,910,283,894,261,NaN,NaN,NaN,NaN,NaN,NaN,NaN,NaN
422,6,0,616,695,635,554,739,412,840,339,911,288,895,266,NaN,NaN,NaN,NaN,NaN,NaN,NaN,NaN
423,6,0,615,695,633,559,738,416,838,342,910,292,893,270,NaN,NaN,NaN,NaN,NaN,NaN,NaN,NaN
424,6,0,614,695,631,563,736,419,837,345,908,294,892,272,NaN,NaN,NaN,NaN,NaN,NaN,NaN,NaN
425,6,0,611,695,629,567,734,422,834,348,905,298,889,276,NaN,NaN,NaN,NaN,NaN,NaN,NaN,NaN
426,6,0,608,695,625,569,731,424,831,350,902,300,885,278,NaN,NaN,NaN,NaN,NaN,NaN,NaN,NaN
427,6,0,604,695,621,570,727,425,827,351,897,300,881,279,NaN,NaN,NaN,NaN,NaN,NaN,NaN,NaN
428,6,0,600,695,617,569,722,423,822,350,893,299,876,278,NaN,NaN,NaN,NaN,NaN,NaN,NaN,NaN
429,6,0,598,694,614,567,719,422,818,348,888,298,871,276,NaN,NaN,NaN,NaN,NaN,NaN,NaN,NaN
430,6,0,594,693,610,566,715,420,815,346,885,296,867,275,NaN,NaN,NaN,NaN,NaN,NaN,NaN,NaN
431,6,0,590,693,606,564,710,418,810,344,879,294,862,273,NaN,NaN,NaN,NaN,NaN,NaN,NaN,NaN
432,6,0,588,690,603,560,707,414,806,340,875,290,857,269,NaN,NaN,NaN,NaN,NaN,NaN,NaN,NaN
433,6,1,588,690,603,560,707,414,806,340,875,290,857,269,NaN,NaN,NaN,NaN,NaN,NaN,NaN,NaN
434,6,0,586,692,603,556,705,412,803,339,871,288,853,268,NaN,NaN,NaN,NaN,NaN,NaN,NaN,NaN
435,6,0,587,694,604,552,705,409,801,335,868,286,849,265,NaN,NaN,NaN,NaN,NaN,NaN,NaN,NaN
436,6,0,588,695,607,548,705,407,801,333,866,283,848,263,NaN,NaN,NaN,NaN,NaN,NaN,NaN,NaN
437,6,0,588,695,608,545,705,405,798,332,864,282,845,261,NaN,NaN,NaN,NaN,NaN,NaN,NaN,NaN
438,6,0,588,695,609,544,704,404,797,330,861,281,842,260,NaN,NaN,NaN,NaN,NaN,NaN,NaN,NaN
439,6,0,589,695,612,541,704,403,796,329,859,279,840,258,NaN,NaN,NaN,NaN,NaN,NaN,NaN,NaN
440,6,0,590,695,614,539,705,402,796,328,859,278,839,257,NaN,NaN,NaN,NaN,NaN,NaN,NaN,NaN
441,6,0,591,695,617,536,706,402,796,327,859,277,838,256,NaN,NaN,NaN,NaN,NaN,NaN,NaN,NaN
442,6,0,592,695,619,534,708,400,797,326,859,276,838,255,NaN,NaN,NaN,NaN,NaN,NaN,NaN,NaN
443,6,0,594,695,622,530,710,398,798,324,860,274,839,253,NaN,NaN,NaN,NaN,NaN,NaN,NaN,NaN
444,6,0,595,695,626,527,712,397,800,323,860,273,839,252,NaN,NaN,NaN,NaN,NaN,NaN,NaN,NaN
445,6,0,596,695,629,524,714,396,801,322,861,272,839,251,NaN,NaN,NaN,NaN,NaN,NaN,NaN,NaN
446,6,0,597,695,633,521,717,395,804,321,863,272,841,251,NaN,NaN,NaN,NaN,NaN,NaN,NaN,NaN
447,6,0,599,695,637,518,721,394,806,321,865,271,843,250,NaN,NaN,NaN,NaN,NaN,NaN,NaN,NaN
448,6,0,600,695,641,515,724,393,809,320,867,270,845,250,NaN,NaN,NaN,NaN,NaN,NaN,NaN,NaN
449,6,0,600,695,643,511,726,391,811,318,868,269,846,248,NaN,NaN,NaN,NaN,NaN,NaN,NaN,NaN
450,6,0,600,695,646,509,727,391,812,318,869,269,846,248,NaN,NaN,NaN,NaN,NaN,NaN,NaN,NaN
451,6,0,602,695,651,506,731,391,815,319,871,269,848,248,NaN,NaN,NaN,NaN,NaN,NaN,NaN,NaN
452,6,0,604,695,656,505,736,392,818,319,874,270,851,249,NaN,NaN,NaN,NaN,NaN,NaN,NaN,NaN
453,6,0,605,695,659,503,739,393,820,320,876,271,852,250,NaN,NaN,NaN,NaN,NaN,NaN,NaN,NaN
454,6,1,605,695,662,498,740,392,821,320,876,271,852,250,NaN,NaN,NaN,NaN,NaN,NaN,NaN,NaN
455,6,0,610,695,664,500,742,392,822,320,877,270,853,250,NaN,NaN,NaN,NaN,NaN,NaN,NaN,NaN
456,6,0,615,695,666,503,744,394,825,321,879,271,855,250,NaN,NaN,NaN,NaN,NaN,NaN,NaN,NaN
457,6,0,620,695,668,506,746,396,827,322,882,272,857,250,NaN,NaN,NaN,NaN,NaN,NaN,NaN,NaN
458,6,0,623,695,668,510,746,398,827,324,882,273,857,252,NaN,NaN,NaN,NaN,NaN,NaN,NaN,NaN
459,6,0,626,695,669,511,747,398,828,323,883,273,857,251,NaN,NaN,NaN,NaN,NaN,NaN,NaN,NaN
460,6,0,631,695,671,512,749,398,830,322,885,271,859,250,NaN,NaN,NaN,NaN,NaN,NaN,NaN,NaN
461,6,0,634,695,673,513,751,397,832,322,887,270,861,249,NaN,NaN,NaN,NaN,NaN,NaN,NaN,NaN
462,6,0,637,695,674,513,752,397,833,321,887,269,861,248,NaN,NaN,NaN,NaN,NaN,NaN,NaN,NaN
463,6,0,639,695,675,513,753,396,833,320,888,268,861,247,NaN,NaN,NaN,NaN,NaN,NaN,NaN,NaN
464,6,0,644,695,678,513,755,395,836,318,890,266,863,245,NaN,NaN,NaN,NaN,NaN,NaN,NaN,NaN
465,6,0,649,695,681,512,759,393,839,316,893,264,866,243,NaN,NaN,NaN,NaN,NaN,NaN,NaN,NaN
466,6,0,652,695,683,512,760,391,841,314,894,262,867,240,NaN,NaN,NaN,NaN,NaN,NaN,NaN,NaN
467,6,0,656,695,685,514,762,392,843,314,896,262,868,240,NaN,NaN,NaN,NaN,NaN,NaN,NaN,NaN
468,6,0,659,695,688,517,764,393,844,314,897,262,869,240,NaN,NaN,NaN,NaN,NaN,NaN,NaN,NaN
469,6,0,664,695,691,519,767,393,847,314,900,262,871,240,NaN,NaN,NaN,NaN,NaN,NaN,NaN,NaN
470,6,0,666,695,692,523,768,395,848,315,901,263,872,241,NaN,NaN,NaN,NaN,NaN,NaN,NaN,NaN
471,6,0,668,695,693,527,769,398,848,318,901,264,871,242,NaN,NaN,NaN,NaN,NaN,NaN,NaN,NaN
472,6,0,670,695,694,532,770,401,849,320,901,266,872,244,NaN,NaN,NaN,NaN,NaN,NaN,NaN,NaN
473,6,0,672,695,696,538,772,404,852,321,904,268,874,245,NaN,NaN,NaN,NaN,NaN,NaN,NaN,NaN
474,6,0,672,695,696,545,772,409,852,326,904,272,874,249,NaN,NaN,NaN,NaN,NaN,NaN,NaN,NaN
475,6,1,672,695,696,545,772,409,852,326,904,272,874,249,NaN,NaN,NaN,NaN,NaN,NaN,NaN,NaN
476,6,0,674,695,696,551,772,414,852,330,904,276,874,253,NaN,NaN,NaN,NaN,NaN,NaN,NaN,NaN
477,6,0,675,695,696,556,773,416,853,333,905,278,874,255,NaN,NaN,NaN,NaN,NaN,NaN,NaN,NaN
478,6,0,676,695,696,562,773,420,853,336,905,281,874,258,NaN,NaN,NaN,NaN,NaN,NaN,NaN,NaN
479,6,0,678,695,695,568,773,424,854,339,905,284,874,261,NaN,NaN,NaN,NaN,NaN,NaN,NaN,NaN
480,6,0,678,695,694,573,773,427,854,342,906,287,874,264,NaN,NaN,NaN,NaN,NaN,NaN,NaN,NaN
481,6,0,678,695,693,578,772,430,853,344,905,290,873,266,NaN,NaN,NaN,NaN,NaN,NaN,NaN,NaN
482,6,0,678,695,692,583,772,433,853,347,905,292,873,269,NaN,NaN,NaN,NaN,NaN,NaN,NaN,NaN
483,6,0,678,695,691,586,772,434,853,348,905,293,873,270,NaN,NaN,NaN,NaN,NaN,NaN,NaN,NaN
484,6,0,676,695,690,589,771,436,852,349,904,294,872,270,NaN,NaN,NaN,NaN,NaN,NaN,NaN,NaN
485,6,0,676,695,689,592,770,437,852,349,904,294,871,270,NaN,NaN,NaN,NaN,NaN,NaN,NaN,NaN
486,6,0,676,695,688,595,770,437,852,349,904,294,871,270,NaN,NaN,NaN,NaN,NaN,NaN,NaN,NaN
487,6,0,678,695,689,597,771,437,853,349,905,294,872,269,NaN,NaN,NaN,NaN,NaN,NaN,NaN,NaN
488,6,0,679,695,690,597,772,436,855,347,907,292,873,268,NaN,NaN,NaN,NaN,NaN,NaN,NaN,NaN
489,6,0,681,695,692,598,774,435,856,346,908,290,874,266,NaN,NaN,NaN,NaN,NaN,NaN,NaN,NaN
490,6,0,683,695,693,599,775,434,858,344,910,288,875,263,NaN,NaN,NaN,NaN,NaN,NaN,NaN,NaN
491,6,0,685,695,695,598,776,431,859,340,911,284,877,259,NaN,NaN,NaN,NaN,NaN,NaN,NaN,NaN
492,6,0,686,695,696,598,777,429,859,338,912,281,877,256,NaN,NaN,NaN,NaN,NaN,NaN,NaN,NaN
493,6,0,688,695,697,599,777,426,860,335,912,277,877,252,NaN,NaN,NaN,NaN,NaN,NaN,NaN,NaN
494,6,0,689,695,698,599,778,424,861,331,913,274,877,249,NaN,NaN,NaN,NaN,NaN,NaN,NaN,NaN
495,6,0,691,695,699,597,779,420,861,327,913,269,877,244,NaN,NaN,NaN,NaN,NaN,NaN,NaN,NaN
496,6,1,691,695,699,597,779,420,861,327,913,269,877,244,NaN,NaN,NaN,NaN,NaN,NaN,NaN,NaN
497,6,0,692,695,701,590,779,415,860,323,912,264,876,239,NaN,NaN,NaN,NaN,NaN,NaN,NaN,NaN
498,6,0,693,694,703,582,778,408,860,316,911,258,875,233,NaN,NaN,NaN,NaN,NaN,NaN,NaN,NaN
499,6,0,694,694,705,574,779,402,859,310,911,253,874,228,NaN,NaN,NaN,NaN,NaN,NaN,NaN,NaN
500,6,0,696,695,707,566,779,396,859,306,909,246,873,223,NaN,NaN,NaN,NaN,NaN,NaN,NaN,NaN
501,6,0,696,695,709,559,778,392,857,301,908,242,871,219,NaN,NaN,NaN,NaN,NaN,NaN,NaN,NaN
502,6,0,697,695,710,553,776,388,855,298,905,239,869,216,NaN,NaN,NaN,NaN,NaN,NaN,NaN,NaN
503,6,0,697,695,710,548,775,385,853,295,903,236,866,213,NaN,NaN,NaN,NaN,NaN,NaN,NaN,NaN
504,6,0,698,695,713,544,774,382,852,292,901,233,864,210,NaN,NaN,NaN,NaN,NaN,NaN,NaN,NaN
505,6,0,698,695,713,539,773,380,850,291,898,231,862,208,NaN,NaN,NaN,NaN,NaN,NaN,NaN,NaN
506,6,0,698,695,713,536,771,379,847,289,895,229,859,207,NaN,NaN,NaN,NaN,NaN,NaN,NaN,NaN
507,6,0,697,695,714,534,769,378,845,289,892,229,856,206,NaN,NaN,NaN,NaN,NaN,NaN,NaN,NaN
508,6,0,697,695,714,532,767,379,843,289,890,228,854,206,NaN,NaN,NaN,NaN,NaN,NaN,NaN,NaN
509,6,0,695,695,714,529,765,379,841,290,887,229,851,207,NaN,NaN,NaN,NaN,NaN,NaN,NaN,NaN
510,6,0,694,695,713,526,763,378,838,290,884,229,848,207,NaN,NaN,NaN,NaN,NaN,NaN,NaN,NaN
511,6,0,694,695,714,522,761,378,836,290,882,229,845,207,NaN,NaN,NaN,NaN,NaN,NaN,NaN,NaN
512,6,0,694,695,715,517,761,376,835,289,880,228,844,207,NaN,NaN,NaN,NaN,NaN,NaN,NaN,NaN
513,6,0,695,695,716,512,760,375,834,288,879,227,842,206,NaN,NaN,NaN,NaN,NaN,NaN,NaN,NaN
514,6,0,694,695,717,506,758,374,832,288,877,227,840,206,NaN,NaN,NaN,NaN,NaN,NaN,NaN,NaN
515,6,0,693,695,716,502,756,374,830,288,874,227,838,207,NaN,NaN,NaN,NaN,NaN,NaN,NaN,NaN
516,6,1,693,695,717,494,756,372,830,288,874,227,838,207,NaN,NaN,NaN,NaN,NaN,NaN,NaN,NaN
517,6,0,695,695,716,497,755,374,829,289,872,228,836,208,NaN,NaN,NaN,NaN,NaN,NaN,NaN,NaN
518,6,0,696,695,715,502,753,376,827,291,871,229,834,209,NaN,NaN,NaN,NaN,NaN,NaN,NaN,NaN
519,6,0,698,695,714,508,752,381,826,294,869,232,832,212,NaN,NaN,NaN,NaN,NaN,NaN,NaN,NaN
520,6,0,700,695,715,515,752,385,826,298,869,236,832,215,NaN,NaN,NaN,NaN,NaN,NaN,NaN,NaN
521,6,0,703,695,715,520,752,388,826,301,869,238,831,218,NaN,NaN,NaN,NaN,NaN,NaN,NaN,NaN
522,6,0,705,695,715,527,752,393,825,304,868,241,830,221,NaN,NaN,NaN,NaN,NaN,NaN,NaN,NaN
523,6,0,706,695,715,535,751,399,825,309,867,245,829,225,NaN,NaN,NaN,NaN,NaN,NaN,NaN,NaN
524,6,0,706,695,714,543,751,405,824,314,866,250,828,229,NaN,NaN,NaN,NaN,NaN,NaN,NaN,NaN
525,6,0,706,695,713,550,750,410,823,318,865,254,827,233,NaN,NaN,NaN,NaN,NaN,NaN,NaN,NaN
526,6,0,705,695,711,558,748,415,821,322,863,258,825,236,NaN,NaN,NaN,NaN,NaN,NaN,NaN,NaN
527,6,0,703,695,708,566,745,420,819,327,861,262,822,240,NaN,NaN,NaN,NaN,NaN,NaN,NaN,NaN
528,6,0,701,695,705,573,742,425,816,331,858,266,819,244,NaN,NaN,NaN,NaN,NaN,NaN,NaN,NaN
529,6,0,698,695,702,580,739,429,814,335,854,270,815,248,NaN,NaN,NaN,NaN,NaN,NaN,NaN,NaN
530,6,0,695,695,698,587,735,433,811,338,850,273,811,251,NaN,NaN,NaN,NaN,NaN,NaN,NaN,NaN
531,6,0,692,695,695,594,732,438,807,341,847,276,807,254,NaN,NaN,NaN,NaN,NaN,NaN,NaN,NaN
532,6,0,689,695,692,602,728,442,804,345,843,280,803,257,NaN,NaN,NaN,NaN,NaN,NaN,NaN,NaN
533,6,0,686,695,688,608,725,446,800,348,839,282,799,259,NaN,NaN,NaN,NaN,NaN,NaN,NaN,NaN
534,6,0,682,695,684,613,720,448,795,349,834,283,793,261,NaN,NaN,NaN,NaN,NaN,NaN,NaN,NaN
535,6,0,677,695,679,619,715,451,790,352,829,285,788,262,NaN,NaN,NaN,NaN,NaN,NaN,NaN,NaN
536,6,0,673,695,675,627,710,455,785,354,823,287,783,264,NaN,NaN,NaN,NaN,NaN,NaN,NaN,NaN
537,6,1,673,695,675,627,710,455,785,354,823,287,783,264,NaN,NaN,NaN,NaN,NaN,NaN,NaN,NaN
538,6,0,669,695,671,632,706,456,781,354,820,286,779,263,NaN,NaN,NaN,NaN,NaN,NaN,NaN,NaN
539,6,0,662,695,663,638,696,459,771,356,809,288,768,265,NaN,NaN,NaN,NaN,NaN,NaN,NaN,NaN
540,6,0,658,695,658,645,691,463,766,358,804,288,763,266,NaN,NaN,NaN,NaN,NaN,NaN,NaN,NaN
541,6,0,651,695,652,652,685,466,761,359,798,289,757,266,NaN,NaN,NaN,NaN,NaN,NaN,NaN,NaN
542,6,0,646,695,647,656,679,467,755,358,792,288,750,265,NaN,NaN,NaN,NaN,NaN,NaN,NaN,NaN
543,6,0,640,695,641,661,673,468,749,358,786,287,744,263,NaN,NaN,NaN,NaN,NaN,NaN,NaN,NaN
544,6,0,634,695,636,664,667,468,743,357,780,286,737,262,NaN,NaN,NaN,NaN,NaN,NaN,NaN,NaN
545,6,0,629,695,630,668,661,468,737,356,774,284,731,260,NaN,NaN,NaN,NaN,NaN,NaN,NaN,NaN
546,6,0,623,695,625,670,656,467,732,353,768,281,726,257,NaN,NaN,NaN,NaN,NaN,NaN,NaN,NaN
547,6,0,618,695,620,671,651,465,727,350,763,277,720,253,NaN,NaN,NaN,NaN,NaN,NaN,NaN,NaN
548,6,0,612,695,615,674,646,464,723,347,759,274,716,250,NaN,NaN,NaN,NaN,NaN,NaN,NaN,NaN
549,6,0,606,695,610,677,640,463,717,345,753,271,710,247,NaN,NaN,NaN,NaN,NaN,NaN,NaN,NaN
550,5,1,606,695,640,463,717,345,753,271,710,247,NaN,NaN,NaN,NaN,NaN,NaN,NaN,NaN,NaN,NaN
551,5,0,604,695,637,462,715,342,751,268,707,244,NaN,NaN,NaN,NaN,NaN,NaN,NaN,NaN,NaN,NaN
552,5,0,601,695,634,461,712,340,748,265,704,240,NaN,NaN,NaN,NaN,NaN,NaN,NaN,NaN,NaN,NaN
553,5,0,599,695,631,461,709,338,746,262,702,238,NaN,NaN,NaN,NaN,NaN,NaN,NaN,NaN,NaN,NaN
554,5,0,598,695,628,462,707,338,744,261,700,236,NaN,NaN,NaN,NaN,NaN,NaN,NaN,NaN,NaN,NaN
555,5,0,598,695,628,464,707,338,743,260,699,235,NaN,NaN,NaN,NaN,NaN,NaN,NaN,NaN,NaN,NaN
556,5,0,597,695,626,467,706,338,742,259,698,234,NaN,NaN,NaN,NaN,NaN,NaN,NaN,NaN,NaN,NaN
557,5,0,595,695,623,468,704,337,740,257,695,232,NaN,NaN,NaN,NaN,NaN,NaN,NaN,NaN,NaN,NaN
558,5,0,593,695,621,470,701,337,738,256,693,231,NaN,NaN,NaN,NaN,NaN,NaN,NaN,NaN,NaN,NaN
559,5,0,595,695,621,472,702,337,738,256,693,230,NaN,NaN,NaN,NaN,NaN,NaN,NaN,NaN,NaN,NaN
560,5,0,595,695,621,474,702,337,738,255,693,230,NaN,NaN,NaN,NaN,NaN,NaN,NaN,NaN,NaN,NaN
561,5,0,595,695,620,477,702,339,738,256,692,230,NaN,NaN,NaN,NaN,NaN,NaN,NaN,NaN,NaN,NaN
562,5,0,594,695,617,481,699,340,735,257,689,231,NaN,NaN,NaN,NaN,NaN,NaN,NaN,NaN,NaN,NaN
563,5,0,593,695,616,485,698,342,734,258,688,232,NaN,NaN,NaN,NaN,NaN,NaN,NaN,NaN,NaN,NaN
564,5,0,594,695,616,488,698,344,734,259,688,233,NaN,NaN,NaN,NaN,NaN,NaN,NaN,NaN,NaN,NaN
565,5,0,594,695,616,492,698,345,733,260,687,233,NaN,NaN,NaN,NaN,NaN,NaN,NaN,NaN,NaN,NaN
566,5,0,595,695,616,495,699,347,733,261,687,234,NaN,NaN,NaN,NaN,NaN,NaN,NaN,NaN,NaN,NaN
567,5,0,596,695,616,500,699,349,733,262,686,235,NaN,NaN,NaN,NaN,NaN,NaN,NaN,NaN,NaN,NaN
568,5,0,596,695,616,504,699,351,733,264,686,236,NaN,NaN,NaN,NaN,NaN,NaN,NaN,NaN,NaN,NaN
569,5,0,597,695,617,508,700,352,733,265,686,237,NaN,NaN,NaN,NaN,NaN,NaN,NaN,NaN,NaN,NaN
570,5,0,599,695,618,512,701,354,734,266,686,238,NaN,NaN,NaN,NaN,NaN,NaN,NaN,NaN,NaN,NaN
571,5,1,599,695,618,512,701,354,734,266,686,238,NaN,NaN,NaN,NaN,NaN,NaN,NaN,NaN,NaN,NaN
572,5,0,602,695,619,513,700,356,732,268,684,240,NaN,NaN,NaN,NaN,NaN,NaN,NaN,NaN,NaN,NaN
573,5,0,603,695,621,514,700,356,731,270,683,241,NaN,NaN,NaN,NaN,NaN,NaN,NaN,NaN,NaN,NaN
574,5,0,605,695,622,515,700,358,729,270,682,243,NaN,NaN,NaN,NaN,NaN,NaN,NaN,NaN,NaN,NaN
575,5,0,606,695,624,518,700,361,727,273,680,246,NaN,NaN,NaN,NaN,NaN,NaN,NaN,NaN,NaN,NaN
576,5,0,608,695,625,520,699,363,725,277,679,249,NaN,NaN,NaN,NaN,NaN,NaN,NaN,NaN,NaN,NaN
577,5,0,609,695,626,521,699,366,724,278,679,251,NaN,NaN,NaN,NaN,NaN,NaN,NaN,NaN,NaN,NaN
578,5,0,609,695,626,523,698,367,721,280,677,253,NaN,NaN,NaN,NaN,NaN,NaN,NaN,NaN,NaN,NaN
579,5,0,609,695,626,524,696,370,718,283,674,256,NaN,NaN,NaN,NaN,NaN,NaN,NaN,NaN,NaN,NaN
580,5,0,610,695,627,524,695,371,715,285,672,257,NaN,NaN,NaN,NaN,NaN,NaN,NaN,NaN,NaN,NaN
581,5,0,611,695,628,523,695,372,714,286,671,259,NaN,NaN,NaN,NaN,NaN,NaN,NaN,NaN,NaN,NaN
582,5,0,611,695,630,522,695,372,713,286,670,259,NaN,NaN,NaN,NaN,NaN,NaN,NaN,NaN,NaN,NaN
583,5,0,612,695,631,521,694,372,711,287,669,260,NaN,NaN,NaN,NaN,NaN,NaN,NaN,NaN,NaN,NaN
584,5,0,613,695,632,519,694,372,709,288,668,261,NaN,NaN,NaN,NaN,NaN,NaN,NaN,NaN,NaN,NaN
585,5,0,611,695,631,518,691,372,705,289,664,262,NaN,NaN,NaN,NaN,NaN,NaN,NaN,NaN,NaN,NaN
586,5,0,610,695,631,517,689,373,702,290,661,263,NaN,NaN,NaN,NaN,NaN,NaN,NaN,NaN,NaN,NaN
587,5,0,610,695,632,515,688,373,700,291,660,265,NaN,NaN,NaN,NaN,NaN,NaN,NaN,NaN,NaN,NaN
588,5,0,611,695,633,515,689,374,698,293,659,266,NaN,NaN,NaN,NaN,NaN,NaN,NaN,NaN,NaN,NaN
589,5,0,610,695,633,513,687,374,695,293,657,267,NaN,NaN,NaN,NaN,NaN,NaN,NaN,NaN,NaN,NaN
590,5,0,608,695,633,512,685,375,692,294,654,268,NaN,NaN,NaN,NaN,NaN,NaN,NaN,NaN,NaN,NaN
591,5,1,608,695,634,506,684,373,690,294,653,268,NaN,NaN,NaN,NaN,NaN,NaN,NaN,NaN,NaN,NaN
592,5,0,611,695,635,513,685,377,691,297,653,271,NaN,NaN,NaN,NaN,NaN,NaN,NaN,NaN,NaN,NaN
593,5,0,613,695,635,519,684,381,690,300,652,274,NaN,NaN,NaN,NaN,NaN,NaN,NaN,NaN,NaN,NaN
594,5,0,616,695,636,526,685,386,690,304,652,277,NaN,NaN,NaN,NaN,NaN,NaN,NaN,NaN,NaN,NaN
595,5,0,620,695,637,533,686,390,691,307,653,280,NaN,NaN,NaN,NaN,NaN,NaN,NaN,NaN,NaN,NaN
596,5,0,621,695,637,539,686,393,691,309,652,282,NaN,NaN,NaN,NaN,NaN,NaN,NaN,NaN,NaN,NaN
597,5,0,623,695,636,545,685,397,689,312,650,284,NaN,NaN,NaN,NaN,NaN,NaN,NaN,NaN,NaN,NaN
598,5,0,624,695,636,550,685,400,689,314,650,287,NaN,NaN,NaN,NaN,NaN,NaN,NaN,NaN,NaN,NaN
599,5,0,627,695,638,556,687,403,690,316,651,288,NaN,NaN,NaN,NaN,NaN,NaN,NaN,NaN,NaN,NaN
600,5,0,630,695,640,561,688,405,692,318,652,290,NaN,NaN,NaN,NaN,NaN,NaN,NaN,NaN,NaN,NaN
601,5,0,633,695,642,565,690,407,692,319,652,291,NaN,NaN,NaN,NaN,NaN,NaN,NaN,NaN,NaN,NaN
602,5,0,635,695,643,570,690,410,692,321,652,293,NaN,NaN,NaN,NaN,NaN,NaN,NaN,NaN,NaN,NaN
603,5,0,638,695,644,576,691,413,692,323,651,295,NaN,NaN,NaN,NaN,NaN,NaN,NaN,NaN,NaN,NaN
604,5,0,641,695,646,582,692,416,693,325,652,296,NaN,NaN,NaN,NaN,NaN,NaN,NaN,NaN,NaN,NaN
605,5,0,643,695,648,586,693,417,694,326,652,297,NaN,NaN,NaN,NaN,NaN,NaN,NaN,NaN,NaN,NaN
606,5,0,644,695,648,591,693,419,693,327,651,298,NaN,NaN,NaN,NaN,NaN,NaN,NaN,NaN,NaN,NaN
607,5,0,647,695,650,597,694,422,693,328,651,300,NaN,NaN,NaN,NaN,NaN,NaN,NaN,NaN,NaN,NaN
608,5,0,647,695,651,604,694,425,693,331,650,302,NaN,NaN,NaN,NaN,NaN,NaN,NaN,NaN,NaN,NaN
609,5,0,648,695,652,611,695,429,693,333,649,304,NaN,NaN,NaN,NaN,NaN,NaN,NaN,NaN,NaN,NaN
610,5,0,649,695,652,619,695,433,692,336,648,306,NaN,NaN,NaN,NaN,NaN,NaN,NaN,NaN,NaN,NaN
611,5,0,649,695,652,626,694,436,691,338,647,308,NaN,NaN,NaN,NaN,NaN,NaN,NaN,NaN,NaN,NaN
612,5,1,649,695,652,626,694,436,691,338,647,308,NaN,NaN,NaN,NaN,NaN,NaN,NaN,NaN,NaN,NaN
613,5,0,648,695,651,633,692,439,689,340,644,310,NaN,NaN,NaN,NaN,NaN,NaN,NaN,NaN,NaN,NaN
614,5,0,647,695,649,640,690,442,686,342,642,312,NaN,NaN,NaN,NaN,NaN,NaN,NaN,NaN,NaN,NaN
615,5,0,646,695,648,645,688,445,684,343,639,312,NaN,NaN,NaN,NaN,NaN,NaN,NaN,NaN,NaN,NaN
616,5,0,645,695,647,650,687,446,683,343,637,312,NaN,NaN,NaN,NaN,NaN,NaN,NaN,NaN,NaN,NaN
617,5,0,645,695,646,654,687,447,682,342,636,311,NaN,NaN,NaN,NaN,NaN,NaN,NaN,NaN,NaN,NaN
618,5,0,645,695,647,659,687,448,681,343,635,311,NaN,NaN,NaN,NaN,NaN,NaN,NaN,NaN,NaN,NaN
619,5,0,644,695,645,664,685,449,679,343,632,312,NaN,NaN,NaN,NaN,NaN,NaN,NaN,NaN,NaN,NaN
620,5,0,644,695,644,670,684,451,677,343,631,312,NaN,NaN,NaN,NaN,NaN,NaN,NaN,NaN,NaN,NaN
621,5,0,644,695,645,677,684,453,677,344,630,312,NaN,NaN,NaN,NaN,NaN,NaN,NaN,NaN,NaN,NaN
622,4,1,644,695,684,453,677,344,630,312,NaN,NaN,NaN,NaN,NaN,NaN,NaN,NaN,NaN,NaN,NaN,NaN
623,4,0,644,695,682,454,675,343,627,311,NaN,NaN,NaN,NaN,NaN,NaN,NaN,NaN,NaN,NaN,NaN,NaN
624,4,0,644,695,680,457,673,345,625,312,NaN,NaN,NaN,NaN,NaN,NaN,NaN,NaN,NaN,NaN,NaN,NaN
625,4,0,649,695,682,462,674,348,626,315,NaN,NaN,NaN,NaN,NaN,NaN,NaN,NaN,NaN,NaN,NaN,NaN
626,4,0,650,695,682,466,674,350,625,317,NaN,NaN,NaN,NaN,NaN,NaN,NaN,NaN,NaN,NaN,NaN,NaN
627,4,0,653,695,682,469,674,351,625,317,NaN,NaN,NaN,NaN,NaN,NaN,NaN,NaN,NaN,NaN,NaN,NaN
628,4,0,653,695,681,472,672,353,623,319,NaN,NaN,NaN,NaN,NaN,NaN,NaN,NaN,NaN,NaN,NaN,NaN
629,4,0,655,695,681,477,671,356,622,321,NaN,NaN,NaN,NaN,NaN,NaN,NaN,NaN,NaN,NaN,NaN,NaN
630,4,0,657,695,681,480,671,357,621,321,NaN,NaN,NaN,NaN,NaN,NaN,NaN,NaN,NaN,NaN,NaN,NaN
631,4,0,658,695,681,481,671,357,621,321,NaN,NaN,NaN,NaN,NaN,NaN,NaN,NaN,NaN,NaN,NaN,NaN
632,4,0,657,695,680,484,669,357,618,321,NaN,NaN,NaN,NaN,NaN,NaN,NaN,NaN,NaN,NaN,NaN,NaN
633,4,0,658,695,680,485,668,357,617,320,NaN,NaN,NaN,NaN,NaN,NaN,NaN,NaN,NaN,NaN,NaN,NaN
634,4,0,659,695,680,485,668,355,616,319,NaN,NaN,NaN,NaN,NaN,NaN,NaN,NaN,NaN,NaN,NaN,NaN
635,4,0,660,695,679,484,667,353,614,316,NaN,NaN,NaN,NaN,NaN,NaN,NaN,NaN,NaN,NaN,NaN,NaN
636,4,0,662,695,680,484,667,352,614,315,NaN,NaN,NaN,NaN,NaN,NaN,NaN,NaN,NaN,NaN,NaN,NaN
637,4,0,663,695,681,483,667,349,614,312,NaN,NaN,NaN,NaN,NaN,NaN,NaN,NaN,NaN,NaN,NaN,NaN
638,4,0,665,695,682,482,667,347,613,309,NaN,NaN,NaN,NaN,NaN,NaN,NaN,NaN,NaN,NaN,NaN,NaN
639,4,0,667,695,683,481,667,344,612,307,NaN,NaN,NaN,NaN,NaN,NaN,NaN,NaN,NaN,NaN,NaN,NaN
640,4,0,669,695,684,482,667,343,612,305,NaN,NaN,NaN,NaN,NaN,NaN,NaN,NaN,NaN,NaN,NaN,NaN
641,4,0,671,695,684,482,666,342,610,303,NaN,NaN,NaN,NaN,NaN,NaN,NaN,NaN,NaN,NaN,NaN,NaN
642,4,0,673,695,685,484,666,341,609,302,NaN,NaN,NaN,NaN,NaN,NaN,NaN,NaN,NaN,NaN,NaN,NaN
643,4,1,673,695,685,484,666,341,609,302,NaN,NaN,NaN,NaN,NaN,NaN,NaN,NaN,NaN,NaN,NaN,NaN
644,5,0,674,695,685,484,665,340,608,301,549,289,NaN,NaN,NaN,NaN,NaN,NaN,NaN,NaN,NaN,NaN
645,5,0,675,695,684,483,662,340,604,301,546,289,NaN,NaN,NaN,NaN,NaN,NaN,NaN,NaN,NaN,NaN
646,5,0,678,695,684,481,661,338,603,298,544,287,NaN,NaN,NaN,NaN,NaN,NaN,NaN,NaN,NaN,NaN
647,5,0,680,695,685,479,660,336,602,296,543,285,NaN,NaN,NaN,NaN,NaN,NaN,NaN,NaN,NaN,NaN
648,5,0,680,695,684,477,659,334,599,294,541,284,NaN,NaN,NaN,NaN,NaN,NaN,NaN,NaN,NaN,NaN
649,5,0,681,695,683,475,657,334,597,294,538,283,NaN,NaN,NaN,NaN,NaN,NaN,NaN,NaN,NaN,NaN
650,5,0,683,695,683,473,656,332,596,292,537,282,NaN,NaN,NaN,NaN,NaN,NaN,NaN,NaN,NaN,NaN
651,5,0,683,695,683,470,654,330,594,289,535,280,NaN,NaN,NaN,NaN,NaN,NaN,NaN,NaN,NaN,NaN
652,5,0,685,695,683,465,654,326,592,286,533,277,NaN,NaN,NaN,NaN,NaN,NaN,NaN,NaN,NaN,NaN
653,4,0,686,695,682,462,652,324,590,284,NaN,NaN,NaN,NaN,NaN,NaN,NaN,NaN,NaN,NaN,NaN,NaN
654,4,0,687,695,683,458,651,321,589,282,NaN,NaN,NaN,NaN,NaN,NaN,NaN,NaN,NaN,NaN,NaN,NaN
655,4,0,688,695,683,454,651,319,588,279,NaN,NaN,NaN,NaN,NaN,NaN,NaN,NaN,NaN,NaN,NaN,NaN
656,4,0,689,695,682,450,649,316,586,276,NaN,NaN,NaN,NaN,NaN,NaN,NaN,NaN,NaN,NaN,NaN,NaN
657,4,0,690,695,681,447,648,314,584,274,NaN,NaN,NaN,NaN,NaN,NaN,NaN,NaN,NaN,NaN,NaN,NaN
658,4,0,691,695,681,444,647,312,582,273,NaN,NaN,NaN,NaN,NaN,NaN,NaN,NaN,NaN,NaN,NaN,NaN
659,5,1,691,695,681,440,646,311,582,272,524,266,NaN,NaN,NaN,NaN,NaN,NaN,NaN,NaN,NaN,NaN
660,5,0,693,695,682,443,646,312,581,272,523,266,NaN,NaN,NaN,NaN,NaN,NaN,NaN,NaN,NaN,NaN
661,5,0,694,695,683,447,646,313,581,272,522,266,NaN,NaN,NaN,NaN,NaN,NaN,NaN,NaN,NaN,NaN
662,5,0,697,695,685,451,647,314,581,273,522,267,NaN,NaN,NaN,NaN,NaN,NaN,NaN,NaN,NaN,NaN
663,5,0,699,695,687,455,649,316,582,274,523,267,NaN,NaN,NaN,NaN,NaN,NaN,NaN,NaN,NaN,NaN
664,5,0,700,695,687,460,648,319,581,276,522,269,NaN,NaN,NaN,NaN,NaN,NaN,NaN,NaN,NaN,NaN
665,5,0,700,695,688,465,648,321,580,278,520,270,NaN,NaN,NaN,NaN,NaN,NaN,NaN,NaN,NaN,NaN
666,5,0,702,695,690,470,649,323,580,279,520,271,NaN,NaN,NaN,NaN,NaN,NaN,NaN,NaN,NaN,NaN
667,5,0,705,695,693,475,651,325,582,281,521,273,NaN,NaN,NaN,NaN,NaN,NaN,NaN,NaN,NaN,NaN
668,5,0,707,695,695,480,652,328,583,282,522,274,NaN,NaN,NaN,NaN,NaN,NaN,NaN,NaN,NaN,NaN
669,5,0,710,695,697,485,654,330,583,284,522,276,NaN,NaN,NaN,NaN,NaN,NaN,NaN,NaN,NaN,NaN
670,5,0,713,695,700,490,655,332,584,286,522,277,NaN,NaN,NaN,NaN,NaN,NaN,NaN,NaN,NaN,NaN
671,5,0,716,695,703,495,657,334,585,287,523,278,NaN,NaN,NaN,NaN,NaN,NaN,NaN,NaN,NaN,NaN
672,5,0,719,695,706,500,658,336,586,289,523,280,NaN,NaN,NaN,NaN,NaN,NaN,NaN,NaN,NaN,NaN
673,5,0,721,695,708,505,659,339,586,291,523,282,NaN,NaN,NaN,NaN,NaN,NaN,NaN,NaN,NaN,NaN
674,5,0,724,695,711,510,660,341,586,292,523,283,NaN,NaN,NaN,NaN,NaN,NaN,NaN,NaN,NaN,NaN
675,5,0,729,695,714,516,662,344,587,294,523,285,NaN,NaN,NaN,NaN,NaN,NaN,NaN,NaN,NaN,NaN
676,5,0,732,695,717,522,664,347,588,296,524,287,NaN,NaN,NaN,NaN,NaN,NaN,NaN,NaN,NaN,NaN
677,5,0,735,695,719,531,664,353,587,301,522,292,NaN,NaN,NaN,NaN,NaN,NaN,NaN,NaN,NaN,NaN
678,5,0,739,695,722,541,665,359,587,306,522,297,NaN,NaN,NaN,NaN,NaN,NaN,NaN,NaN,NaN,NaN
679,5,0,744,695,726,551,668,364,589,311,523,301,NaN,NaN,NaN,NaN,NaN,NaN,NaN,NaN,NaN,NaN
680,5,1,744,695,726,551,668,364,589,311,523,301,NaN,NaN,NaN,NaN,NaN,NaN,NaN,NaN,NaN,NaN
681,5,0,743,695,725,553,665,371,586,318,520,308,NaN,NaN,NaN,NaN,NaN,NaN,NaN,NaN,NaN,NaN
682,5,0,745,695,726,555,666,377,588,323,519,314,NaN,NaN,NaN,NaN,NaN,NaN,NaN,NaN,NaN,NaN
683,5,0,746,695,726,555,666,383,587,329,518,320,NaN,NaN,NaN,NaN,NaN,NaN,NaN,NaN,NaN,NaN
684,5,0,746,695,726,554,665,389,586,334,515,326,NaN,NaN,NaN,NaN,NaN,NaN,NaN,NaN,NaN,NaN
685,5,0,747,695,725,556,663,396,585,342,513,334,NaN,NaN,NaN,NaN,NaN,NaN,NaN,NaN,NaN,NaN
686,5,0,748,695,724,554,662,402,584,348,511,339,NaN,NaN,NaN,NaN,NaN,NaN,NaN,NaN,NaN,NaN
687,5,0,748,695,722,553,660,407,583,352,509,345,NaN,NaN,NaN,NaN,NaN,NaN,NaN,NaN,NaN,NaN
688,5,0,748,695,720,550,657,412,580,357,505,350,NaN,NaN,NaN,NaN,NaN,NaN,NaN,NaN,NaN,NaN
689,5,0,750,695,718,547,655,417,578,362,502,356,NaN,NaN,NaN,NaN,NaN,NaN,NaN,NaN,NaN,NaN
690,5,0,751,695,716,542,653,421,577,365,499,359,NaN,NaN,NaN,NaN,NaN,NaN,NaN,NaN,NaN,NaN
691,5,0,751,695,713,536,649,424,574,368,496,363,NaN,NaN,NaN,NaN,NaN,NaN,NaN,NaN,NaN,NaN
692,5,0,752,695,709,529,646,426,571,370,492,366,NaN,NaN,NaN,NaN,NaN,NaN,NaN,NaN,NaN,NaN
693,5,1,752,695,706,517,644,426,570,371,490,367,NaN,NaN,NaN,NaN,NaN,NaN,NaN,NaN,NaN,NaN
694,7,0,748,695,702,519,637,428,554,379,440,370,244,360,211,331,NaN,NaN,NaN,NaN,NaN,NaN
695,7,1,748,695,702,520,635,429,545,384,398,370,274,364,228,339,NaN,NaN,NaN,NaN,NaN,NaN
696,7,0,744,695,702,526,634,433,543,387,395,372,270,366,223,342,NaN,NaN,NaN,NaN,NaN,NaN
697,7,0,741,695,702,533,633,436,542,389,393,374,268,367,221,344,NaN,NaN,NaN,NaN,NaN,NaN
698,7,0,735,695,699,539,630,441,538,392,389,376,264,369,216,347,NaN,NaN,NaN,NaN,NaN,NaN
699,7,0,731,695,697,545,627,445,534,396,385,378,261,370,211,349,NaN,NaN,NaN,NaN,NaN,NaN
700,7,0,727,695,696,551,625,448,532,398,382,380,257,371,207,350,NaN,NaN,NaN,NaN,NaN,NaN
701,7,0,725,695,696,554,624,449,530,398,379,380,253,371,203,351,NaN,NaN,NaN,NaN,NaN,NaN
702,7,0,723,695,696,559,623,451,528,398,376,380,250,371,199,352,NaN,NaN,NaN,NaN,NaN,NaN
703,7,0,721,695,696,564,621,453,526,399,373,381,247,372,195,353,NaN,NaN,NaN,NaN,NaN,NaN
704,7,0,720,695,696,569,621,456,524,401,371,382,245,372,191,354,NaN,NaN,NaN,NaN,NaN,NaN
705,7,0,719,695,697,573,620,458,522,402,368,382,242,372,188,356,NaN,NaN,NaN,NaN,NaN,NaN
706,7,0,718,695,697,577,619,459,521,402,365,382,239,372,184,356,NaN,NaN,NaN,NaN,NaN,NaN
707,7,0,718,695,698,581,618,461,519,403,363,382,236,372,179,357,NaN,NaN,NaN,NaN,NaN,NaN
708,7,0,719,695,700,586,618,463,518,404,360,383,233,372,175,359,NaN,NaN,NaN,NaN,NaN,NaN
709,7,0,719,695,701,591,618,465,516,405,358,383,230,372,172,360,NaN,NaN,NaN,NaN,NaN,NaN
710,7,0,720,695,702,597,618,467,515,406,356,383,228,373,168,361,NaN,NaN,NaN,NaN,NaN,NaN
711,7,0,721,695,704,603,617,470,513,408,353,384,224,373,164,363,NaN,NaN,NaN,NaN,NaN,NaN
712,7,0,723,695,706,610,617,474,512,410,351,386,222,374,160,365,NaN,NaN,NaN,NaN,NaN,NaN
713,7,0,725,695,707,617,617,477,511,411,348,386,219,374,156,366,NaN,NaN,NaN,NaN,NaN,NaN
714,7,0,726,695,709,628,617,483,509,415,345,389,215,376,151,369,NaN,NaN,NaN,NaN,NaN,NaN
715,7,1,726,695,709,628,617,483,509,415,345,389,215,376,150,370,NaN,NaN,NaN,NaN,NaN,NaN
716,7,0,724,695,710,637,617,488,508,418,343,391,213,377,149,371,NaN,NaN,NaN,NaN,NaN,NaN
717,7,0,721,695,710,648,616,494,506,423,341,394,211,379,146,373,NaN,NaN,NaN,NaN,NaN,NaN
718,7,1,719,695,711,660,615,502,504,427,338,397,208,382,143,375,NaN,NaN,NaN,NaN,NaN,NaN
719,7,0,718,695,713,670,615,507,503,431,336,399,205,383,140,376,NaN,NaN,NaN,NaN,NaN,NaN
720,7,1,718,695,714,679,616,511,503,433,334,401,204,383,139,376,NaN,NaN,NaN,NaN,NaN,NaN
721,6,0,711,695,700,667,597,508,476,434,308,401,189,382,NaN,NaN,NaN,NaN,NaN,NaN,NaN,NaN
722,6,0,691,695,599,513,479,440,306,407,155,393,109,362,NaN,NaN,NaN,NaN,NaN,NaN,NaN,NaN
723,6,0,683,695,592,512,471,440,295,409,145,393,103,361,NaN,NaN,NaN,NaN,NaN,NaN,NaN,NaN
724,6,0,676,695,586,510,462,441,284,410,136,391,96,360,NaN,NaN,NaN,NaN,NaN,NaN,NaN,NaN
725,6,0,672,695,582,511,455,443,276,411,128,390,91,359,NaN,NaN,NaN,NaN,NaN,NaN,NaN,NaN
726,6,0,670,695,580,513,452,445,271,413,123,390,87,360,NaN,NaN,NaN,NaN,NaN,NaN,NaN,NaN
727,6,0,668,695,578,514,448,447,265,414,117,389,82,360,NaN,NaN,NaN,NaN,NaN,NaN,NaN,NaN
728,6,0,667,695,576,517,445,449,262,415,112,389,78,360,NaN,NaN,NaN,NaN,NaN,NaN,NaN,NaN
729,6,1,667,695,576,517,444,449,261,415,109,389,73,361,NaN,NaN,NaN,NaN,NaN,NaN,NaN,NaN
730,6,0,664,695,577,522,445,451,262,416,111,389,75,360,NaN,NaN,NaN,NaN,NaN,NaN,NaN,NaN
731,6,0,660,695,578,527,445,454,262,417,112,388,77,359,NaN,NaN,NaN,NaN,NaN,NaN,NaN,NaN
732,6,0,657,695,580,534,446,458,263,419,113,389,79,359,NaN,NaN,NaN,NaN,NaN,NaN,NaN,NaN
733,6,0,655,695,584,542,449,464,265,421,116,390,82,360,NaN,NaN,NaN,NaN,NaN,NaN,NaN,NaN
734,6,0,657,695,585,550,449,468,266,424,118,390,85,360,NaN,NaN,NaN,NaN,NaN,NaN,NaN,NaN
735,6,0,659,688,586,558,450,473,266,426,119,391,86,360,NaN,NaN,NaN,NaN,NaN,NaN,NaN,NaN
736,6,0,659,695,588,566,451,478,267,429,121,392,89,360,NaN,NaN,NaN,NaN,NaN,NaN,NaN,NaN
737,6,0,656,695,591,573,453,483,269,431,124,392,92,360,NaN,NaN,NaN,NaN,NaN,NaN,NaN,NaN
738,6,0,652,695,592,580,454,486,270,432,125,392,95,359,NaN,NaN,NaN,NaN,NaN,NaN,NaN,NaN
739,6,0,650,695,594,585,454,488,271,432,127,391,96,358,NaN,NaN,NaN,NaN,NaN,NaN,NaN,NaN
740,6,0,649,695,597,590,457,491,273,433,129,390,100,357,NaN,NaN,NaN,NaN,NaN,NaN,NaN,NaN
741,6,0,648,695,600,596,458,493,274,433,131,390,102,356,NaN,NaN,NaN,NaN,NaN,NaN,NaN,NaN
742,6,0,647,695,602,602,460,496,275,434,133,389,104,355,NaN,NaN,NaN,NaN,NaN,NaN,NaN,NaN
743,6,0,647,695,605,606,461,498,276,434,135,388,107,353,NaN,NaN,NaN,NaN,NaN,NaN,NaN,NaN
744,6,0,645,695,607,612,461,500,272,435,135,387,107,353,NaN,NaN,NaN,NaN,NaN,NaN,NaN,NaN
745,6,1,643,695,609,619,461,504,271,437,135,388,108,353,NaN,NaN,NaN,NaN,NaN,NaN,NaN,NaN
746,3,0,635,695,594,614,446,503,NaN,NaN,NaN,NaN,NaN,NaN,NaN,NaN,NaN,NaN,NaN,NaN,NaN,NaN
747,3,0,628,695,580,606,430,502,NaN,NaN,NaN,NaN,NaN,NaN,NaN,NaN,NaN,NaN,NaN,NaN,NaN,NaN
748,3,0,623,695,566,600,416,501,NaN,NaN,NaN,NaN,NaN,NaN,NaN,NaN,NaN,NaN,NaN,NaN,NaN,NaN
749,3,0,616,695,551,595,400,502,NaN,NaN,NaN,NaN,NaN,NaN,NaN,NaN,NaN,NaN,NaN,NaN,NaN,NaN
750,3,0,610,695,536,589,384,503,NaN,NaN,NaN,NaN,NaN,NaN,NaN,NaN,NaN,NaN,NaN,NaN,NaN,NaN
751,3,0,607,695,520,582,368,503,NaN,NaN,NaN,NaN,NaN,NaN,NaN,NaN,NaN,NaN,NaN,NaN,NaN,NaN
752,3,0,603,695,504,573,352,502,NaN,NaN,NaN,NaN,NaN,NaN,NaN,NaN,NaN,NaN,NaN,NaN,NaN,NaN
753,3,0,599,695,486,564,335,501,NaN,NaN,NaN,NaN,NaN,NaN,NaN,NaN,NaN,NaN,NaN,NaN,NaN,NaN
754,3,0,596,695,469,548,319,496,NaN,NaN,NaN,NaN,NaN,NaN,NaN,NaN,NaN,NaN,NaN,NaN,NaN,NaN
755,3,0,590,695,469,552,318,498,NaN,NaN,NaN,NaN,NaN,NaN,NaN,NaN,NaN,NaN,NaN,NaN,NaN,NaN
756,3,0,584,695,469,556,318,500,NaN,NaN,NaN,NaN,NaN,NaN,NaN,NaN,NaN,NaN,NaN,NaN,NaN,NaN
757,3,0,575,695,468,561,316,503,NaN,NaN,NaN,NaN,NaN,NaN,NaN,NaN,NaN,NaN,NaN,NaN,NaN,NaN
758,3,0,567,695,466,566,314,506,NaN,NaN,NaN,NaN,NaN,NaN,NaN,NaN,NaN,NaN,NaN,NaN,NaN,NaN
759,3,0,560,695,465,570,313,508,NaN,NaN,NaN,NaN,NaN,NaN,NaN,NaN,NaN,NaN,NaN,NaN,NaN,NaN
760,3,0,554,695,464,573,311,510,NaN,NaN,NaN,NaN,NaN,NaN,NaN,NaN,NaN,NaN,NaN,NaN,NaN,NaN
761,3,0,549,695,463,576,310,511,NaN,NaN,NaN,NaN,NaN,NaN,NaN,NaN,NaN,NaN,NaN,NaN,NaN,NaN
762,3,0,544,695,463,580,309,512,NaN,NaN,NaN,NaN,NaN,NaN,NaN,NaN,NaN,NaN,NaN,NaN,NaN,NaN
763,3,1,539,695,463,583,309,513,NaN,NaN,NaN,NaN,NaN,NaN,NaN,NaN,NaN,NaN,NaN,NaN,NaN,NaN
764,4,0,528,695,455,582,298,504,208,333,NaN,NaN,NaN,NaN,NaN,NaN,NaN,NaN,NaN,NaN,NaN,NaN
765,4,0,518,695,449,581,286,495,196,336,NaN,NaN,NaN,NaN,NaN,NaN,NaN,NaN,NaN,NaN,NaN,NaN
766,4,0,510,695,444,580,276,486,184,340,NaN,NaN,NaN,NaN,NaN,NaN,NaN,NaN,NaN,NaN,NaN,NaN
767,4,0,503,695,439,580,258,481,172,343,NaN,NaN,NaN,NaN,NaN,NaN,NaN,NaN,NaN,NaN,NaN,NaN
768,4,0,497,695,434,582,236,475,177,342,NaN,NaN,NaN,NaN,NaN,NaN,NaN,NaN,NaN,NaN,NaN,NaN
769,4,0,492,695,430,585,218,476,164,350,NaN,NaN,NaN,NaN,NaN,NaN,NaN,NaN,NaN,NaN,NaN,NaN
770,4,0,490,695,426,587,205,470,160,357,NaN,NaN,NaN,NaN,NaN,NaN,NaN,NaN,NaN,NaN,NaN,NaN
771,4,0,486,695,418,590,191,465,149,369,NaN,NaN,NaN,NaN,NaN,NaN,NaN,NaN,NaN,NaN,NaN,NaN
772,4,1,485,695,413,584,176,455,149,369,NaN,NaN,NaN,NaN,NaN,NaN,NaN,NaN,NaN,NaN,NaN,NaN
773,4,0,477,695,413,593,178,458,152,370,NaN,NaN,NaN,NaN,NaN,NaN,NaN,NaN,NaN,NaN,NaN,NaN
774,4,1,472,695,416,600,181,460,158,371,NaN,NaN,NaN,NaN,NaN,NaN,NaN,NaN,NaN,NaN,NaN,NaN
775,5,0,463,695,402,598,185,460,154,371,62,358,NaN,NaN,NaN,NaN,NaN,NaN,NaN,NaN,NaN,NaN
776,5,0,454,695,386,595,187,459,150,373,45,367,NaN,NaN,NaN,NaN,NaN,NaN,NaN,NaN,NaN,NaN
777,5,0,446,695,369,592,189,459,144,375,20,365,NaN,NaN,NaN,NaN,NaN,NaN,NaN,NaN,NaN,NaN
778,5,0,441,695,354,587,191,458,139,376,20,365,NaN,NaN,NaN,NaN,NaN,NaN,NaN,NaN,NaN,NaN
779,5,0,437,695,339,582,194,457,134,378,20,365,NaN,NaN,NaN,NaN,NaN,NaN,NaN,NaN,NaN,NaN
780,5,0,435,695,323,575,195,456,128,379,23,365,NaN,NaN,NaN,NaN,NaN,NaN,NaN,NaN,NaN,NaN
781,5,0,434,695,307,568,198,455,123,381,26,366,NaN,NaN,NaN,NaN,NaN,NaN,NaN,NaN,NaN,NaN
782,5,1,433,695,291,555,198,451,114,381,26,366,NaN,NaN,NaN,NaN,NaN,NaN,NaN,NaN,NaN,NaN
783,5,0,424,695,291,560,199,453,116,382,29,367,NaN,NaN,NaN,NaN,NaN,NaN,NaN,NaN,NaN,NaN
784,5,0,416,695,292,565,201,456,119,384,31,368,NaN,NaN,NaN,NaN,NaN,NaN,NaN,NaN,NaN,NaN
785,5,0,408,695,292,570,202,458,121,385,34,369,NaN,NaN,NaN,NaN,NaN,NaN,NaN,NaN,NaN,NaN
786,5,0,400,695,292,575,203,461,123,386,36,370,NaN,NaN,NaN,NaN,NaN,NaN,NaN,NaN,NaN,NaN
787,5,0,391,695,292,582,204,464,124,388,38,371,NaN,NaN,NaN,NaN,NaN,NaN,NaN,NaN,NaN,NaN
788,5,0,381,695,292,590,205,469,125,392,39,374,NaN,NaN,NaN,NaN,NaN,NaN,NaN,NaN,NaN,NaN
789,5,1,372,695,292,597,206,473,127,394,41,375,NaN,NaN,NaN,NaN,NaN,NaN,NaN,NaN,NaN,NaN
790,4,0,359,695,284,594,198,470,120,393,NaN,NaN,NaN,NaN,NaN,NaN,NaN,NaN,NaN,NaN,NaN,NaN
791,4,0,347,695,276,590,191,467,112,393,NaN,NaN,NaN,NaN,NaN,NaN,NaN,NaN,NaN,NaN,NaN,NaN
792,4,0,337,695,268,586,182,464,104,392,NaN,NaN,NaN,NaN,NaN,NaN,NaN,NaN,NaN,NaN,NaN,NaN
793,4,0,328,695,260,582,175,460,97,391,NaN,NaN,NaN,NaN,NaN,NaN,NaN,NaN,NaN,NaN,NaN,NaN
794,4,0,321,695,253,577,169,457,90,390,NaN,NaN,NaN,NaN,NaN,NaN,NaN,NaN,NaN,NaN,NaN,NaN
795,4,0,314,695,246,570,161,452,83,389,NaN,NaN,NaN,NaN,NaN,NaN,NaN,NaN,NaN,NaN,NaN,NaN
796,4,0,308,695,237,564,154,448,76,388,NaN,NaN,NaN,NaN,NaN,NaN,NaN,NaN,NaN,NaN,NaN,NaN
797,4,0,304,695,230,557,147,444,69,387,NaN,NaN,NaN,NaN,NaN,NaN,NaN,NaN,NaN,NaN,NaN,NaN
798,4,0,302,695,225,549,142,439,63,386,NaN,NaN,NaN,NaN,NaN,NaN,NaN,NaN,NaN,NaN,NaN,NaN
799,4,0,301,695,220,541,137,434,59,384,NaN,NaN,NaN,NaN,NaN,NaN,NaN,NaN,NaN,NaN,NaN,NaN
800,4,0,301,695,216,533,134,429,55,383,NaN,NaN,NaN,NaN,NaN,NaN,NaN,NaN,NaN,NaN,NaN,NaN
801,4,1,301,695,209,520,126,422,46,380,NaN,NaN,NaN,NaN,NaN,NaN,NaN,NaN,NaN,NaN,NaN,NaN
802,4,0,299,695,212,524,131,424,52,382,NaN,NaN,NaN,NaN,NaN,NaN,NaN,NaN,NaN,NaN,NaN,NaN
803,4,0,297,695,216,528,136,427,58,384,NaN,NaN,NaN,NaN,NaN,NaN,NaN,NaN,NaN,NaN,NaN,NaN
804,4,0,295,695,220,532,142,430,65,387,NaN,NaN,NaN,NaN,NaN,NaN,NaN,NaN,NaN,NaN,NaN,NaN
805,4,0,294,695,224,535,148,432,72,388,NaN,NaN,NaN,NaN,NaN,NaN,NaN,NaN,NaN,NaN,NaN,NaN
806,4,0,294,695,230,539,154,434,79,390,NaN,NaN,NaN,NaN,NaN,NaN,NaN,NaN,NaN,NaN,NaN,NaN
807,4,0,294,695,235,545,162,439,87,394,NaN,NaN,NaN,NaN,NaN,NaN,NaN,NaN,NaN,NaN,NaN,NaN
808,4,0,295,695,241,550,169,442,96,397,NaN,NaN,NaN,NaN,NaN,NaN,NaN,NaN,NaN,NaN,NaN,NaN
809,4,0,295,695,245,554,175,444,102,399,NaN,NaN,NaN,NaN,NaN,NaN,NaN,NaN,NaN,NaN,NaN,NaN
810,4,0,296,695,250,558,181,447,110,401,NaN,NaN,NaN,NaN,NaN,NaN,NaN,NaN,NaN,NaN,NaN,NaN
811,4,1,298,695,255,563,188,450,118,403,NaN,NaN,NaN,NaN,NaN,NaN,NaN,NaN,NaN,NaN,NaN,NaN
812,4,0,301,695,261,566,195,452,126,405,NaN,NaN,NaN,NaN,NaN,NaN,NaN,NaN,NaN,NaN,NaN,NaN
813,4,0,305,695,268,569,203,454,134,407,NaN,NaN,NaN,NaN,NaN,NaN,NaN,NaN,NaN,NaN,NaN,NaN
814,4,0,309,695,275,573,211,457,143,409,NaN,NaN,NaN,NaN,NaN,NaN,NaN,NaN,NaN,NaN,NaN,NaN
815,4,0,312,695,281,577,218,459,151,411,NaN,NaN,NaN,NaN,NaN,NaN,NaN,NaN,NaN,NaN,NaN,NaN
816,4,0,315,695,286,579,224,461,157,413,NaN,NaN,NaN,NaN,NaN,NaN,NaN,NaN,NaN,NaN,NaN,NaN
817,1815871528,0,1501390391,4,269355428,0,645058912,753387184,664,664,786115904,-16,664,-1,15,0,-253701952,0,-667108732,0,0,0
