Frame,#ofPoints,ManualInput,X1,Y1,X2,Y2,X3,Y3,X4,Y4,X5,Y5,X6,Y6,X7,Y7,X8,Y8,X9,Y9,X10,Y10
0,3,1,677,692,468,299,395,250,NaN,NaN,NaN,NaN,NaN,NaN,NaN,NaN,NaN,NaN,NaN,NaN,NaN,NaN
1,3,0,677,692,468,299,395,250,NaN,NaN,NaN,NaN,NaN,NaN,NaN,NaN,NaN,NaN,NaN,NaN,NaN,NaN
2,3,0,677,692,468,299,395,250,NaN,NaN,NaN,NaN,NaN,NaN,NaN,NaN,NaN,NaN,NaN,NaN,NaN,NaN
3,3,0,676,692,467,299,395,250,NaN,NaN,NaN,NaN,NaN,NaN,NaN,NaN,NaN,NaN,NaN,NaN,NaN,NaN
4,3,0,676,692,467,300,394,250,NaN,NaN,NaN,NaN,NaN,NaN,NaN,NaN,NaN,NaN,NaN,NaN,NaN,NaN
5,3,0,676,693,467,300,394,251,NaN,NaN,NaN,NaN,NaN,NaN,NaN,NaN,NaN,NaN,NaN,NaN,NaN,NaN
6,3,0,675,693,467,300,394,251,NaN,NaN,NaN,NaN,NaN,NaN,NaN,NaN,NaN,NaN,NaN,NaN,NaN,NaN
7,3,0,675,693,467,300,394,251,NaN,NaN,NaN,NaN,NaN,NaN,NaN,NaN,NaN,NaN,NaN,NaN,NaN,NaN
8,3,0,675,693,467,300,394,251,NaN,NaN,NaN,NaN,NaN,NaN,NaN,NaN,NaN,NaN,NaN,NaN,NaN,NaN
9,3,0,675,693,467,300,394,251,NaN,NaN,NaN,NaN,NaN,NaN,NaN,NaN,NaN,NaN,NaN,NaN,NaN,NaN
10,3,0,676,693,467,300,394,251,NaN,NaN,NaN,NaN,NaN,NaN,NaN,NaN,NaN,NaN,NaN,NaN,NaN,NaN
11,3,0,676,693,467,300,395,251,NaN,NaN,NaN,NaN,NaN,NaN,NaN,NaN,NaN,NaN,NaN,NaN,NaN,NaN
12,3,0,676,694,467,300,395,251,NaN,NaN,NaN,NaN,NaN,NaN,NaN,NaN,NaN,NaN,NaN,NaN,NaN,NaN
13,3,0,677,693,468,300,395,251,NaN,NaN,NaN,NaN,NaN,NaN,NaN,NaN,NaN,NaN,NaN,NaN,NaN,NaN
14,3,0,677,693,469,300,396,251,NaN,NaN,NaN,NaN,NaN,NaN,NaN,NaN,NaN,NaN,NaN,NaN,NaN,NaN
15,3,0,678,694,469,300,396,251,NaN,NaN,NaN,NaN,NaN,NaN,NaN,NaN,NaN,NaN,NaN,NaN,NaN,NaN
16,3,0,679,694,470,300,397,251,NaN,NaN,NaN,NaN,NaN,NaN,NaN,NaN,NaN,NaN,NaN,NaN,NaN,NaN
17,3,0,679,695,470,301,397,252,NaN,NaN,NaN,NaN,NaN,NaN,NaN,NaN,NaN,NaN,NaN,NaN,NaN,NaN
18,3,0,679,695,470,301,398,252,NaN,NaN,NaN,NaN,NaN,NaN,NaN,NaN,NaN,NaN,NaN,NaN,NaN,NaN
19,3,0,679,695,470,301,398,252,NaN,NaN,NaN,NaN,NaN,NaN,NaN,NaN,NaN,NaN,NaN,NaN,NaN,NaN
20,3,0,679,695,470,302,397,253,NaN,NaN,NaN,NaN,NaN,NaN,NaN,NaN,NaN,NaN,NaN,NaN,NaN,NaN
21,3,0,679,695,470,302,397,253,NaN,NaN,NaN,NaN,NaN,NaN,NaN,NaN,NaN,NaN,NaN,NaN,NaN,NaN
22,3,0,678,695,470,302,397,253,NaN,NaN,NaN,NaN,NaN,NaN,NaN,NaN,NaN,NaN,NaN,NaN,NaN,NaN
23,3,0,677,695,469,302,396,253,NaN,NaN,NaN,NaN,NaN,NaN,NaN,NaN,NaN,NaN,NaN,NaN,NaN,NaN
24,3,0,676,695,469,302,396,253,NaN,NaN,NaN,NaN,NaN,NaN,NaN,NaN,NaN,NaN,NaN,NaN,NaN,NaN
25,3,0,675,695,468,302,396,253,NaN,NaN,NaN,NaN,NaN,NaN,NaN,NaN,NaN,NaN,NaN,NaN,NaN,NaN
26,3,0,674,695,468,302,395,253,NaN,NaN,NaN,NaN,NaN,NaN,NaN,NaN,NaN,NaN,NaN,NaN,NaN,NaN
27,3,0,673,695,467,302,395,253,NaN,NaN,NaN,NaN,NaN,NaN,NaN,NaN,NaN,NaN,NaN,NaN,NaN,NaN
28,3,0,672,695,467,303,394,254,NaN,NaN,NaN,NaN,NaN,NaN,NaN,NaN,NaN,NaN,NaN,NaN,NaN,NaN
29,3,0,671,695,466,303,393,254,NaN,NaN,NaN,NaN,NaN,NaN,NaN,NaN,NaN,NaN,NaN,NaN,NaN,NaN
30,3,0,670,695,465,303,393,254,NaN,NaN,NaN,NaN,NaN,NaN,NaN,NaN,NaN,NaN,NaN,NaN,NaN,NaN
31,3,0,669,695,465,303,392,254,NaN,NaN,NaN,NaN,NaN,NaN,NaN,NaN,NaN,NaN,NaN,NaN,NaN,NaN
32,3,0,668,695,464,303,392,254,NaN,NaN,NaN,NaN,NaN,NaN,NaN,NaN,NaN,NaN,NaN,NaN,NaN,NaN
33,3,0,667,695,464,303,391,254,NaN,NaN,NaN,NaN,NaN,NaN,NaN,NaN,NaN,NaN,NaN,NaN,NaN,NaN
34,3,0,666,695,464,303,391,254,NaN,NaN,NaN,NaN,NaN,NaN,NaN,NaN,NaN,NaN,NaN,NaN,NaN,NaN
35,3,0,666,695,464,303,391,254,NaN,NaN,NaN,NaN,NaN,NaN,NaN,NaN,NaN,NaN,NaN,NaN,NaN,NaN
36,3,0,666,695,464,303,391,254,NaN,NaN,NaN,NaN,NaN,NaN,NaN,NaN,NaN,NaN,NaN,NaN,NaN,NaN
37,3,0,666,695,464,304,391,254,NaN,NaN,NaN,NaN,NaN,NaN,NaN,NaN,NaN,NaN,NaN,NaN,NaN,NaN
38,3,0,665,695,464,304,390,254,NaN,NaN,NaN,NaN,NaN,NaN,NaN,NaN,NaN,NaN,NaN,NaN,NaN,NaN
39,3,0,665,695,464,304,390,254,NaN,NaN,NaN,NaN,NaN,NaN,NaN,NaN,NaN,NaN,NaN,NaN,NaN,NaN
40,3,0,665,695,464,304,390,254,NaN,NaN,NaN,NaN,NaN,NaN,NaN,NaN,NaN,NaN,NaN,NaN,NaN,NaN
41,3,0,665,695,464,305,390,254,NaN,NaN,NaN,NaN,NaN,NaN,NaN,NaN,NaN,NaN,NaN,NaN,NaN,NaN
42,3,0,665,695,464,305,390,255,NaN,NaN,NaN,NaN,NaN,NaN,NaN,NaN,NaN,NaN,NaN,NaN,NaN,NaN
43,3,0,665,695,464,306,390,255,NaN,NaN,NaN,NaN,NaN,NaN,NaN,NaN,NaN,NaN,NaN,NaN,NaN,NaN
44,3,0,665,695,464,307,389,256,NaN,NaN,NaN,NaN,NaN,NaN,NaN,NaN,NaN,NaN,NaN,NaN,NaN,NaN
45,3,0,665,695,463,307,389,256,NaN,NaN,NaN,NaN,NaN,NaN,NaN,NaN,NaN,NaN,NaN,NaN,NaN,NaN
46,3,0,664,695,463,308,388,257,NaN,NaN,NaN,NaN,NaN,NaN,NaN,NaN,NaN,NaN,NaN,NaN,NaN,NaN
47,3,0,663,695,462,309,387,258,NaN,NaN,NaN,NaN,NaN,NaN,NaN,NaN,NaN,NaN,NaN,NaN,NaN,NaN
48,3,0,662,695,461,310,386,259,NaN,NaN,NaN,NaN,NaN,NaN,NaN,NaN,NaN,NaN,NaN,NaN,NaN,NaN
49,3,0,660,695,460,312,385,260,NaN,NaN,NaN,NaN,NaN,NaN,NaN,NaN,NaN,NaN,NaN,NaN,NaN,NaN
50,3,0,658,695,458,313,383,261,NaN,NaN,NaN,NaN,NaN,NaN,NaN,NaN,NaN,NaN,NaN,NaN,NaN,NaN
51,3,0,656,695,456,314,381,262,NaN,NaN,NaN,NaN,NaN,NaN,NaN,NaN,NaN,NaN,NaN,NaN,NaN,NaN
52,3,0,653,695,453,315,378,263,NaN,NaN,NaN,NaN,NaN,NaN,NaN,NaN,NaN,NaN,NaN,NaN,NaN,NaN
53,3,0,650,695,450,317,375,264,NaN,NaN,NaN,NaN,NaN,NaN,NaN,NaN,NaN,NaN,NaN,NaN,NaN,NaN
54,3,0,647,695,447,318,371,265,NaN,NaN,NaN,NaN,NaN,NaN,NaN,NaN,NaN,NaN,NaN,NaN,NaN,NaN
55,3,0,644,695,444,319,367,266,NaN,NaN,NaN,NaN,NaN,NaN,NaN,NaN,NaN,NaN,NaN,NaN,NaN,NaN
56,3,0,641,695,440,319,364,267,NaN,NaN,NaN,NaN,NaN,NaN,NaN,NaN,NaN,NaN,NaN,NaN,NaN,NaN
57,3,0,638,695,437,320,360,267,NaN,NaN,NaN,NaN,NaN,NaN,NaN,NaN,NaN,NaN,NaN,NaN,NaN,NaN
58,3,0,635,695,434,321,357,268,NaN,NaN,NaN,NaN,NaN,NaN,NaN,NaN,NaN,NaN,NaN,NaN,NaN,NaN
59,3,0,632,695,430,322,353,269,NaN,NaN,NaN,NaN,NaN,NaN,NaN,NaN,NaN,NaN,NaN,NaN,NaN,NaN
60,3,0,629,695,427,322,349,269,NaN,NaN,NaN,NaN,NaN,NaN,NaN,NaN,NaN,NaN,NaN,NaN,NaN,NaN
61,3,0,626,695,424,323,346,270,NaN,NaN,NaN,NaN,NaN,NaN,NaN,NaN,NaN,NaN,NaN,NaN,NaN,NaN
62,3,0,623,695,420,323,342,270,NaN,NaN,NaN,NaN,NaN,NaN,NaN,NaN,NaN,NaN,NaN,NaN,NaN,NaN
63,3,0,620,695,417,323,339,270,NaN,NaN,NaN,NaN,NaN,NaN,NaN,NaN,NaN,NaN,NaN,NaN,NaN,NaN
64,3,0,617,695,414,324,335,270,NaN,NaN,NaN,NaN,NaN,NaN,NaN,NaN,NaN,NaN,NaN,NaN,NaN,NaN
65,3,0,614,695,411,324,332,270,NaN,NaN,NaN,NaN,NaN,NaN,NaN,NaN,NaN,NaN,NaN,NaN,NaN,NaN
66,3,0,612,695,408,323,330,270,NaN,NaN,NaN,NaN,NaN,NaN,NaN,NaN,NaN,NaN,NaN,NaN,NaN,NaN
67,3,0,610,695,406,323,327,270,NaN,NaN,NaN,NaN,NaN,NaN,NaN,NaN,NaN,NaN,NaN,NaN,NaN,NaN
68,3,0,608,695,404,323,326,269,NaN,NaN,NaN,NaN,NaN,NaN,NaN,NaN,NaN,NaN,NaN,NaN,NaN,NaN
69,3,0,606,695,403,322,324,268,NaN,NaN,NaN,NaN,NaN,NaN,NaN,NaN,NaN,NaN,NaN,NaN,NaN,NaN
70,3,0,604,695,401,321,322,267,NaN,NaN,NaN,NaN,NaN,NaN,NaN,NaN,NaN,NaN,NaN,NaN,NaN,NaN
71,3,0,603,695,400,321,321,266,NaN,NaN,NaN,NaN,NaN,NaN,NaN,NaN,NaN,NaN,NaN,NaN,NaN,NaN
72,3,0,602,695,399,319,321,265,NaN,NaN,NaN,NaN,NaN,NaN,NaN,NaN,NaN,NaN,NaN,NaN,NaN,NaN
73,3,0,600,695,398,318,319,264,NaN,NaN,NaN,NaN,NaN,NaN,NaN,NaN,NaN,NaN,NaN,NaN,NaN,NaN
74,3,0,598,695,397,317,318,263,NaN,NaN,NaN,NaN,NaN,NaN,NaN,NaN,NaN,NaN,NaN,NaN,NaN,NaN
75,3,0,596,695,396,317,318,262,NaN,NaN,NaN,NaN,NaN,NaN,NaN,NaN,NaN,NaN,NaN,NaN,NaN,NaN
76,3,0,594,695,395,316,317,262,NaN,NaN,NaN,NaN,NaN,NaN,NaN,NaN,NaN,NaN,NaN,NaN,NaN,NaN
77,3,0,591,695,394,316,316,262,NaN,NaN,NaN,NaN,NaN,NaN,NaN,NaN,NaN,NaN,NaN,NaN,NaN,NaN
78,3,0,587,695,392,317,315,262,NaN,NaN,NaN,NaN,NaN,NaN,NaN,NaN,NaN,NaN,NaN,NaN,NaN,NaN
79,3,0,583,695,391,317,314,262,NaN,NaN,NaN,NaN,NaN,NaN,NaN,NaN,NaN,NaN,NaN,NaN,NaN,NaN
80,3,0,578,695,390,318,313,263,NaN,NaN,NaN,NaN,NaN,NaN,NaN,NaN,NaN,NaN,NaN,NaN,NaN,NaN
81,3,0,574,695,389,319,312,264,NaN,NaN,NaN,NaN,NaN,NaN,NaN,NaN,NaN,NaN,NaN,NaN,NaN,NaN
82,3,0,570,695,388,320,312,264,NaN,NaN,NaN,NaN,NaN,NaN,NaN,NaN,NaN,NaN,NaN,NaN,NaN,NaN
83,3,0,565,695,388,321,312,265,NaN,NaN,NaN,NaN,NaN,NaN,NaN,NaN,NaN,NaN,NaN,NaN,NaN,NaN
84,3,0,561,695,387,323,312,266,NaN,NaN,NaN,NaN,NaN,NaN,NaN,NaN,NaN,NaN,NaN,NaN,NaN,NaN
85,3,0,557,695,388,324,313,266,NaN,NaN,NaN,NaN,NaN,NaN,NaN,NaN,NaN,NaN,NaN,NaN,NaN,NaN
86,3,0,554,695,389,325,314,267,NaN,NaN,NaN,NaN,NaN,NaN,NaN,NaN,NaN,NaN,NaN,NaN,NaN,NaN
87,3,0,551,695,390,325,316,267,NaN,NaN,NaN,NaN,NaN,NaN,NaN,NaN,NaN,NaN,NaN,NaN,NaN,NaN
88,3,0,548,695,392,326,318,267,NaN,NaN,NaN,NaN,NaN,NaN,NaN,NaN,NaN,NaN,NaN,NaN,NaN,NaN
89,3,0,546,695,394,327,321,267,NaN,NaN,NaN,NaN,NaN,NaN,NaN,NaN,NaN,NaN,NaN,NaN,NaN,NaN
90,3,0,544,695,396,328,324,268,NaN,NaN,NaN,NaN,NaN,NaN,NaN,NaN,NaN,NaN,NaN,NaN,NaN,NaN
91,3,0,543,695,399,329,328,268,NaN,NaN,NaN,NaN,NaN,NaN,NaN,NaN,NaN,NaN,NaN,NaN,NaN,NaN
92,3,0,542,695,401,329,331,267,NaN,NaN,NaN,NaN,NaN,NaN,NaN,NaN,NaN,NaN,NaN,NaN,NaN,NaN
93,3,0,542,695,404,328,334,266,NaN,NaN,NaN,NaN,NaN,NaN,NaN,NaN,NaN,NaN,NaN,NaN,NaN,NaN
94,3,0,542,695,406,327,337,265,NaN,NaN,NaN,NaN,NaN,NaN,NaN,NaN,NaN,NaN,NaN,NaN,NaN,NaN
95,3,0,542,695,409,327,340,265,NaN,NaN,NaN,NaN,NaN,NaN,NaN,NaN,NaN,NaN,NaN,NaN,NaN,NaN
96,3,0,543,695,411,327,342,264,NaN,NaN,NaN,NaN,NaN,NaN,NaN,NaN,NaN,NaN,NaN,NaN,NaN,NaN
97,3,0,544,695,414,326,346,263,NaN,NaN,NaN,NaN,NaN,NaN,NaN,NaN,NaN,NaN,NaN,NaN,NaN,NaN
98,3,0,545,695,417,326,348,263,NaN,NaN,NaN,NaN,NaN,NaN,NaN,NaN,NaN,NaN,NaN,NaN,NaN,NaN
99,3,0,546,695,419,325,351,262,NaN,NaN,NaN,NaN,NaN,NaN,NaN,NaN,NaN,NaN,NaN,NaN,NaN,NaN
100,3,0,548,695,421,324,353,261,NaN,NaN,NaN,NaN,NaN,NaN,NaN,NaN,NaN,NaN,NaN,NaN,NaN,NaN
101,3,0,550,695,424,323,356,259,NaN,NaN,NaN,NaN,NaN,NaN,NaN,NaN,NaN,NaN,NaN,NaN,NaN,NaN
102,3,0,552,695,426,322,358,258,NaN,NaN,NaN,NaN,NaN,NaN,NaN,NaN,NaN,NaN,NaN,NaN,NaN,NaN
103,3,0,553,695,427,321,360,257,NaN,NaN,NaN,NaN,NaN,NaN,NaN,NaN,NaN,NaN,NaN,NaN,NaN,NaN
104,3,0,554,695,429,320,360,255,NaN,NaN,NaN,NaN,NaN,NaN,NaN,NaN,NaN,NaN,NaN,NaN,NaN,NaN
105,3,0,555,695,429,319,361,254,NaN,NaN,NaN,NaN,NaN,NaN,NaN,NaN,NaN,NaN,NaN,NaN,NaN,NaN
106,3,0,555,695,429,318,361,253,NaN,NaN,NaN,NaN,NaN,NaN,NaN,NaN,NaN,NaN,NaN,NaN,NaN,NaN
107,3,0,555,695,429,317,361,252,NaN,NaN,NaN,NaN,NaN,NaN,NaN,NaN,NaN,NaN,NaN,NaN,NaN,NaN
108,3,0,554,695,429,316,360,251,NaN,NaN,NaN,NaN,NaN,NaN,NaN,NaN,NaN,NaN,NaN,NaN,NaN,NaN
109,3,0,553,695,428,316,360,250,NaN,NaN,NaN,NaN,NaN,NaN,NaN,NaN,NaN,NaN,NaN,NaN,NaN,NaN
110,3,0,552,695,427,315,359,249,NaN,NaN,NaN,NaN,NaN,NaN,NaN,NaN,NaN,NaN,NaN,NaN,NaN,NaN
111,3,0,551,695,427,315,358,249,NaN,NaN,NaN,NaN,NaN,NaN,NaN,NaN,NaN,NaN,NaN,NaN,NaN,NaN
112,3,0,550,695,426,316,357,248,NaN,NaN,NaN,NaN,NaN,NaN,NaN,NaN,NaN,NaN,NaN,NaN,NaN,NaN
113,3,0,549,695,426,316,357,248,NaN,NaN,NaN,NaN,NaN,NaN,NaN,NaN,NaN,NaN,NaN,NaN,NaN,NaN
114,3,0,548,695,425,317,356,249,NaN,NaN,NaN,NaN,NaN,NaN,NaN,NaN,NaN,NaN,NaN,NaN,NaN,NaN
115,3,0,547,695,425,319,355,249,NaN,NaN,NaN,NaN,NaN,NaN,NaN,NaN,NaN,NaN,NaN,NaN,NaN,NaN
116,3,0,546,695,425,320,355,251,NaN,NaN,NaN,NaN,NaN,NaN,NaN,NaN,NaN,NaN,NaN,NaN,NaN,NaN
117,3,0,545,695,425,322,355,252,NaN,NaN,NaN,NaN,NaN,NaN,NaN,NaN,NaN,NaN,NaN,NaN,NaN,NaN
118,3,0,544,695,425,325,355,254,NaN,NaN,NaN,NaN,NaN,NaN,NaN,NaN,NaN,NaN,NaN,NaN,NaN,NaN
119,3,0,543,695,425,327,354,256,NaN,NaN,NaN,NaN,NaN,NaN,NaN,NaN,NaN,NaN,NaN,NaN,NaN,NaN
120,3,0,541,695,425,329,354,257,NaN,NaN,NaN,NaN,NaN,NaN,NaN,NaN,NaN,NaN,NaN,NaN,NaN,NaN
121,3,0,539,695,424,330,353,258,NaN,NaN,NaN,NaN,NaN,NaN,NaN,NaN,NaN,NaN,NaN,NaN,NaN,NaN
122,3,0,537,695,423,331,352,259,NaN,NaN,NaN,NaN,NaN,NaN,NaN,NaN,NaN,NaN,NaN,NaN,NaN,NaN
123,3,0,535,695,422,332,351,259,NaN,NaN,NaN,NaN,NaN,NaN,NaN,NaN,NaN,NaN,NaN,NaN,NaN,NaN
124,3,0,533,695,421,333,350,259,NaN,NaN,NaN,NaN,NaN,NaN,NaN,NaN,NaN,NaN,NaN,NaN,NaN,NaN
125,3,0,531,695,420,333,349,260,NaN,NaN,NaN,NaN,NaN,NaN,NaN,NaN,NaN,NaN,NaN,NaN,NaN,NaN
126,3,0,529,695,420,334,349,260,NaN,NaN,NaN,NaN,NaN,NaN,NaN,NaN,NaN,NaN,NaN,NaN,NaN,NaN
127,3,0,527,695,419,334,348,260,NaN,NaN,NaN,NaN,NaN,NaN,NaN,NaN,NaN,NaN,NaN,NaN,NaN,NaN
128,3,0,525,695,418,335,347,260,NaN,NaN,NaN,NaN,NaN,NaN,NaN,NaN,NaN,NaN,NaN,NaN,NaN,NaN
129,3,0,523,695,417,335,346,259,NaN,NaN,NaN,NaN,NaN,NaN,NaN,NaN,NaN,NaN,NaN,NaN,NaN,NaN
130,3,0,521,695,416,335,346,259,NaN,NaN,NaN,NaN,NaN,NaN,NaN,NaN,NaN,NaN,NaN,NaN,NaN,NaN
131,3,0,519,695,416,334,346,258,NaN,NaN,NaN,NaN,NaN,NaN,NaN,NaN,NaN,NaN,NaN,NaN,NaN,NaN
132,3,0,518,695,416,334,346,257,NaN,NaN,NaN,NaN,NaN,NaN,NaN,NaN,NaN,NaN,NaN,NaN,NaN,NaN
133,3,0,516,695,417,333,347,256,NaN,NaN,NaN,NaN,NaN,NaN,NaN,NaN,NaN,NaN,NaN,NaN,NaN,NaN
134,3,0,514,695,417,332,348,255,NaN,NaN,NaN,NaN,NaN,NaN,NaN,NaN,NaN,NaN,NaN,NaN,NaN,NaN
135,3,0,512,695,418,332,349,254,NaN,NaN,NaN,NaN,NaN,NaN,NaN,NaN,NaN,NaN,NaN,NaN,NaN,NaN
136,3,0,510,695,419,332,351,253,NaN,NaN,NaN,NaN,NaN,NaN,NaN,NaN,NaN,NaN,NaN,NaN,NaN,NaN
137,3,0,509,695,420,330,353,251,NaN,NaN,NaN,NaN,NaN,NaN,NaN,NaN,NaN,NaN,NaN,NaN,NaN,NaN
138,3,0,508,695,422,330,355,250,NaN,NaN,NaN,NaN,NaN,NaN,NaN,NaN,NaN,NaN,NaN,NaN,NaN,NaN
139,3,0,507,695,424,330,358,249,NaN,NaN,NaN,NaN,NaN,NaN,NaN,NaN,NaN,NaN,NaN,NaN,NaN,NaN
140,3,0,506,695,427,330,362,248,NaN,NaN,NaN,NaN,NaN,NaN,NaN,NaN,NaN,NaN,NaN,NaN,NaN,NaN
141,3,0,506,695,431,330,366,248,NaN,NaN,NaN,NaN,NaN,NaN,NaN,NaN,NaN,NaN,NaN,NaN,NaN,NaN
142,3,1,506,695,434,331,370,248,NaN,NaN,NaN,NaN,NaN,NaN,NaN,NaN,NaN,NaN,NaN,NaN,NaN,NaN
143,3,0,506,695,438,331,374,247,NaN,NaN,NaN,NaN,NaN,NaN,NaN,NaN,NaN,NaN,NaN,NaN,NaN,NaN
144,3,0,507,695,442,332,379,247,NaN,NaN,NaN,NaN,NaN,NaN,NaN,NaN,NaN,NaN,NaN,NaN,NaN,NaN
145,3,0,509,695,447,333,385,247,NaN,NaN,NaN,NaN,NaN,NaN,NaN,NaN,NaN,NaN,NaN,NaN,NaN,NaN
146,3,0,511,695,452,335,391,248,NaN,NaN,NaN,NaN,NaN,NaN,NaN,NaN,NaN,NaN,NaN,NaN,NaN,NaN
147,3,0,513,695,457,336,396,249,NaN,NaN,NaN,NaN,NaN,NaN,NaN,NaN,NaN,NaN,NaN,NaN,NaN,NaN
148,3,0,516,695,462,337,401,249,NaN,NaN,NaN,NaN,NaN,NaN,NaN,NaN,NaN,NaN,NaN,NaN,NaN,NaN
149,3,0,519,695,467,338,407,250,NaN,NaN,NaN,NaN,NaN,NaN,NaN,NaN,NaN,NaN,NaN,NaN,NaN,NaN
150,3,0,522,695,471,339,412,251,NaN,NaN,NaN,NaN,NaN,NaN,NaN,NaN,NaN,NaN,NaN,NaN,NaN,NaN
151,5,0,522,695,470,333,416,246,385,170,458,132,NaN,NaN,NaN,NaN,NaN,NaN,NaN,NaN,NaN,NaN
152,5,0,525,695,474,333,419,246,389,169,463,132,NaN,NaN,NaN,NaN,NaN,NaN,NaN,NaN,NaN,NaN
153,5,0,527,695,477,333,422,245,394,169,468,132,NaN,NaN,NaN,NaN,NaN,NaN,NaN,NaN,NaN,NaN
154,5,0,528,695,479,332,425,245,397,169,471,132,NaN,NaN,NaN,NaN,NaN,NaN,NaN,NaN,NaN,NaN
155,5,0,529,695,480,332,427,244,400,168,474,131,NaN,NaN,NaN,NaN,NaN,NaN,NaN,NaN,NaN,NaN
156,5,0,530,695,481,332,428,244,401,167,475,130,NaN,NaN,NaN,NaN,NaN,NaN,NaN,NaN,NaN,NaN
157,5,0,530,695,481,332,429,244,403,168,477,130,NaN,NaN,NaN,NaN,NaN,NaN,NaN,NaN,NaN,NaN
158,5,0,529,695,481,332,429,244,403,168,477,130,NaN,NaN,NaN,NaN,NaN,NaN,NaN,NaN,NaN,NaN
159,5,0,528,695,480,332,428,244,403,167,477,130,NaN,NaN,NaN,NaN,NaN,NaN,NaN,NaN,NaN,NaN
160,5,0,527,695,479,334,427,244,403,167,477,130,NaN,NaN,NaN,NaN,NaN,NaN,NaN,NaN,NaN,NaN
161,5,0,526,695,477,334,425,244,402,167,477,130,NaN,NaN,NaN,NaN,NaN,NaN,NaN,NaN,NaN,NaN
162,5,0,524,695,476,334,424,244,402,167,476,130,NaN,NaN,NaN,NaN,NaN,NaN,NaN,NaN,NaN,NaN
163,5,0,522,695,474,335,423,244,401,166,475,130,NaN,NaN,NaN,NaN,NaN,NaN,NaN,NaN,NaN,NaN
164,5,0,521,695,474,336,422,244,402,167,475,130,NaN,NaN,NaN,NaN,NaN,NaN,NaN,NaN,NaN,NaN
165,5,0,520,695,472,337,421,245,401,167,475,130,NaN,NaN,NaN,NaN,NaN,NaN,NaN,NaN,NaN,NaN
166,5,0,519,695,471,338,421,245,401,166,474,129,NaN,NaN,NaN,NaN,NaN,NaN,NaN,NaN,NaN,NaN
167,5,0,518,695,471,340,420,246,401,167,474,131,NaN,NaN,NaN,NaN,NaN,NaN,NaN,NaN,NaN,NaN
168,5,0,517,695,469,343,419,248,402,168,474,132,NaN,NaN,NaN,NaN,NaN,NaN,NaN,NaN,NaN,NaN
169,5,0,515,695,469,345,419,250,401,169,475,133,NaN,NaN,NaN,NaN,NaN,NaN,NaN,NaN,NaN,NaN
170,5,0,514,695,468,347,418,251,402,171,475,135,NaN,NaN,NaN,NaN,NaN,NaN,NaN,NaN,NaN,NaN
171,5,0,512,695,467,349,418,253,401,173,475,136,NaN,NaN,NaN,NaN,NaN,NaN,NaN,NaN,NaN,NaN
172,5,0,510,695,465,351,417,255,401,173,475,137,NaN,NaN,NaN,NaN,NaN,NaN,NaN,NaN,NaN,NaN
173,5,0,508,695,464,353,416,256,401,175,474,139,NaN,NaN,NaN,NaN,NaN,NaN,NaN,NaN,NaN,NaN
174,5,0,506,695,462,355,415,258,401,177,475,141,NaN,NaN,NaN,NaN,NaN,NaN,NaN,NaN,NaN,NaN
175,5,0,504,695,462,357,415,259,402,177,475,142,NaN,NaN,NaN,NaN,NaN,NaN,NaN,NaN,NaN,NaN
176,5,0,502,695,460,358,414,259,402,178,475,143,NaN,NaN,NaN,NaN,NaN,NaN,NaN,NaN,NaN,NaN
177,5,0,501,695,459,358,413,260,402,178,475,143,NaN,NaN,NaN,NaN,NaN,NaN,NaN,NaN,NaN,NaN
178,5,0,499,695,457,358,412,259,402,178,475,143,NaN,NaN,NaN,NaN,NaN,NaN,NaN,NaN,NaN,NaN
179,5,0,497,695,456,358,411,258,402,178,475,143,NaN,NaN,NaN,NaN,NaN,NaN,NaN,NaN,NaN,NaN
180,5,0,495,695,454,356,411,257,403,177,476,142,NaN,NaN,NaN,NaN,NaN,NaN,NaN,NaN,NaN,NaN
181,5,0,493,695,453,355,410,256,403,176,476,142,NaN,NaN,NaN,NaN,NaN,NaN,NaN,NaN,NaN,NaN
182,5,0,491,695,452,354,410,255,405,174,477,141,NaN,NaN,NaN,NaN,NaN,NaN,NaN,NaN,NaN,NaN
183,5,0,489,695,451,353,410,254,405,173,477,140,NaN,NaN,NaN,NaN,NaN,NaN,NaN,NaN,NaN,NaN
184,5,0,488,695,451,352,410,252,407,172,479,139,NaN,NaN,NaN,NaN,NaN,NaN,NaN,NaN,NaN,NaN
185,5,0,486,695,450,350,411,250,409,169,480,137,NaN,NaN,NaN,NaN,NaN,NaN,NaN,NaN,NaN,NaN
186,5,0,485,695,450,348,411,248,411,167,482,134,NaN,NaN,NaN,NaN,NaN,NaN,NaN,NaN,NaN,NaN
187,5,0,483,695,450,346,412,245,413,165,484,131,NaN,NaN,NaN,NaN,NaN,NaN,NaN,NaN,NaN,NaN
188,5,0,481,695,450,345,413,242,415,161,486,129,NaN,NaN,NaN,NaN,NaN,NaN,NaN,NaN,NaN,NaN
189,5,0,479,695,449,342,414,239,418,158,487,126,NaN,NaN,NaN,NaN,NaN,NaN,NaN,NaN,NaN,NaN
190,5,0,477,695,448,341,415,237,420,155,489,123,NaN,NaN,NaN,NaN,NaN,NaN,NaN,NaN,NaN,NaN
191,5,0,475,695,448,340,416,235,422,153,491,121,NaN,NaN,NaN,NaN,NaN,NaN,NaN,NaN,NaN,NaN
192,5,0,474,695,448,340,417,234,426,152,494,120,NaN,NaN,NaN,NaN,NaN,NaN,NaN,NaN,NaN,NaN
193,5,0,473,695,449,340,421,233,430,150,498,119,NaN,NaN,NaN,NaN,NaN,NaN,NaN,NaN,NaN,NaN
194,5,0,474,695,452,340,424,233,435,149,502,118,NaN,NaN,NaN,NaN,NaN,NaN,NaN,NaN,NaN,NaN
195,5,0,475,695,454,341,427,232,440,148,507,118,NaN,NaN,NaN,NaN,NaN,NaN,NaN,NaN,NaN,NaN
196,5,0,477,695,457,341,432,231,446,147,512,118,NaN,NaN,NaN,NaN,NaN,NaN,NaN,NaN,NaN,NaN
197,5,0,479,695,461,342,437,231,452,147,518,118,NaN,NaN,NaN,NaN,NaN,NaN,NaN,NaN,NaN,NaN
198,5,0,482,695,465,342,442,231,459,147,524,118,NaN,NaN,NaN,NaN,NaN,NaN,NaN,NaN,NaN,NaN
199,5,0,485,695,469,343,447,231,465,147,530,119,NaN,NaN,NaN,NaN,NaN,NaN,NaN,NaN,NaN,NaN
200,5,0,489,695,473,343,453,232,471,147,535,119,NaN,NaN,NaN,NaN,NaN,NaN,NaN,NaN,NaN,NaN
201,5,0,492,695,477,343,458,231,477,147,541,119,NaN,NaN,NaN,NaN,NaN,NaN,NaN,NaN,NaN,NaN
202,5,0,496,695,481,342,462,231,483,146,546,119,NaN,NaN,NaN,NaN,NaN,NaN,NaN,NaN,NaN,NaN
203,5,0,499,695,484,343,466,231,488,146,551,119,NaN,NaN,NaN,NaN,NaN,NaN,NaN,NaN,NaN,NaN
204,5,0,502,695,487,342,470,230,492,146,555,119,NaN,NaN,NaN,NaN,NaN,NaN,NaN,NaN,NaN,NaN
205,5,0,505,695,490,342,473,229,496,145,558,118,NaN,NaN,NaN,NaN,NaN,NaN,NaN,NaN,NaN,NaN
206,5,0,507,695,491,341,475,229,499,145,561,118,NaN,NaN,NaN,NaN,NaN,NaN,NaN,NaN,NaN,NaN
207,5,0,508,695,492,341,477,228,502,144,563,118,NaN,NaN,NaN,NaN,NaN,NaN,NaN,NaN,NaN,NaN
208,5,0,508,695,493,341,478,227,503,143,565,117,NaN,NaN,NaN,NaN,NaN,NaN,NaN,NaN,NaN,NaN
209,5,0,509,695,493,341,479,227,505,143,566,118,NaN,NaN,NaN,NaN,NaN,NaN,NaN,NaN,NaN,NaN
210,5,0,509,695,493,341,479,227,506,143,567,117,NaN,NaN,NaN,NaN,NaN,NaN,NaN,NaN,NaN,NaN
211,5,0,509,695,492,341,479,226,506,141,567,116,NaN,NaN,NaN,NaN,NaN,NaN,NaN,NaN,NaN,NaN
212,5,0,509,695,492,341,479,225,507,140,567,115,NaN,NaN,NaN,NaN,NaN,NaN,NaN,NaN,NaN,NaN
213,5,0,509,695,491,340,479,224,507,139,567,114,NaN,NaN,NaN,NaN,NaN,NaN,NaN,NaN,NaN,NaN
214,5,0,509,695,490,340,478,223,508,138,567,113,NaN,NaN,NaN,NaN,NaN,NaN,NaN,NaN,NaN,NaN
215,5,0,509,695,489,340,478,222,508,138,568,113,NaN,NaN,NaN,NaN,NaN,NaN,NaN,NaN,NaN,NaN
216,5,0,509,695,489,340,478,221,508,137,568,113,NaN,NaN,NaN,NaN,NaN,NaN,NaN,NaN,NaN,NaN
217,5,0,509,695,488,340,477,221,508,136,567,112,NaN,NaN,NaN,NaN,NaN,NaN,NaN,NaN,NaN,NaN
218,5,0,509,695,487,340,477,221,508,136,567,112,NaN,NaN,NaN,NaN,NaN,NaN,NaN,NaN,NaN,NaN
219,5,0,509,695,487,341,476,221,509,136,567,113,NaN,NaN,NaN,NaN,NaN,NaN,NaN,NaN,NaN,NaN
220,5,0,509,695,486,342,476,221,508,136,567,113,NaN,NaN,NaN,NaN,NaN,NaN,NaN,NaN,NaN,NaN
221,5,0,509,695,485,342,475,221,509,136,567,113,NaN,NaN,NaN,NaN,NaN,NaN,NaN,NaN,NaN,NaN
222,5,0,508,695,484,342,475,221,509,136,566,113,NaN,NaN,NaN,NaN,NaN,NaN,NaN,NaN,NaN,NaN
223,5,0,508,695,483,342,474,220,508,135,566,112,NaN,NaN,NaN,NaN,NaN,NaN,NaN,NaN,NaN,NaN
224,5,0,508,695,482,341,474,219,508,134,566,112,NaN,NaN,NaN,NaN,NaN,NaN,NaN,NaN,NaN,NaN
225,5,0,507,695,481,340,473,218,508,134,565,111,NaN,NaN,NaN,NaN,NaN,NaN,NaN,NaN,NaN,NaN
226,5,0,507,695,480,339,473,217,509,132,566,110,NaN,NaN,NaN,NaN,NaN,NaN,NaN,NaN,NaN,NaN
227,5,0,507,695,480,338,473,216,509,131,566,109,NaN,NaN,NaN,NaN,NaN,NaN,NaN,NaN,NaN,NaN
228,5,0,506,695,479,336,473,214,510,130,566,109,NaN,NaN,NaN,NaN,NaN,NaN,NaN,NaN,NaN,NaN
229,5,0,505,695,478,335,473,213,511,129,567,108,NaN,NaN,NaN,NaN,NaN,NaN,NaN,NaN,NaN,NaN
230,5,0,504,695,477,333,473,212,512,128,568,107,NaN,NaN,NaN,NaN,NaN,NaN,NaN,NaN,NaN,NaN
231,5,0,504,695,477,332,474,210,513,127,569,106,NaN,NaN,NaN,NaN,NaN,NaN,NaN,NaN,NaN,NaN
232,5,0,503,695,476,332,474,210,515,126,570,106,NaN,NaN,NaN,NaN,NaN,NaN,NaN,NaN,NaN,NaN
233,5,0,502,695,475,332,475,209,516,126,571,106,NaN,NaN,NaN,NaN,NaN,NaN,NaN,NaN,NaN,NaN
234,5,0,500,695,475,331,475,208,517,126,572,106,NaN,NaN,NaN,NaN,NaN,NaN,NaN,NaN,NaN,NaN
235,5,0,499,695,474,332,476,208,518,126,574,106,NaN,NaN,NaN,NaN,NaN,NaN,NaN,NaN,NaN,NaN
236,5,0,499,695,474,332,477,209,520,126,576,107,NaN,NaN,NaN,NaN,NaN,NaN,NaN,NaN,NaN,NaN
237,5,0,498,695,475,332,479,209,522,126,578,107,NaN,NaN,NaN,NaN,NaN,NaN,NaN,NaN,NaN,NaN
238,5,0,498,695,475,333,481,208,525,126,580,107,NaN,NaN,NaN,NaN,NaN,NaN,NaN,NaN,NaN,NaN
239,5,0,499,695,477,333,484,208,529,126,584,107,NaN,NaN,NaN,NaN,NaN,NaN,NaN,NaN,NaN,NaN
240,5,0,500,695,479,333,488,208,533,125,589,107,NaN,NaN,NaN,NaN,NaN,NaN,NaN,NaN,NaN,NaN
241,5,0,503,695,483,334,493,209,539,126,594,108,NaN,NaN,NaN,NaN,NaN,NaN,NaN,NaN,NaN,NaN
242,5,0,505,695,486,335,497,209,544,127,599,109,NaN,NaN,NaN,NaN,NaN,NaN,NaN,NaN,NaN,NaN
243,5,0,509,695,490,335,502,209,550,127,605,109,NaN,NaN,NaN,NaN,NaN,NaN,NaN,NaN,NaN,NaN
244,5,0,512,695,495,335,508,208,557,126,611,109,NaN,NaN,NaN,NaN,NaN,NaN,NaN,NaN,NaN,NaN
245,5,0,517,695,499,333,514,206,563,125,618,108,NaN,NaN,NaN,NaN,NaN,NaN,NaN,NaN,NaN,NaN
246,5,0,521,695,504,332,520,205,570,124,625,107,NaN,NaN,NaN,NaN,NaN,NaN,NaN,NaN,NaN,NaN
247,5,0,525,695,509,331,526,203,576,122,631,106,NaN,NaN,NaN,NaN,NaN,NaN,NaN,NaN,NaN,NaN
248,5,0,529,695,513,330,531,202,582,122,637,105,NaN,NaN,NaN,NaN,NaN,NaN,NaN,NaN,NaN,NaN
249,5,0,533,695,517,328,536,200,587,120,642,104,NaN,NaN,NaN,NaN,NaN,NaN,NaN,NaN,NaN,NaN
250,5,0,536,695,521,326,541,198,593,119,647,103,NaN,NaN,NaN,NaN,NaN,NaN,NaN,NaN,NaN,NaN
251,5,0,540,695,525,324,545,196,598,117,652,101,NaN,NaN,NaN,NaN,NaN,NaN,NaN,NaN,NaN,NaN
252,5,0,543,695,528,322,550,194,603,115,657,99,NaN,NaN,NaN,NaN,NaN,NaN,NaN,NaN,NaN,NaN
253,5,0,546,695,532,319,554,191,608,113,662,97,NaN,NaN,NaN,NaN,NaN,NaN,NaN,NaN,NaN,NaN
254,5,0,549,695,535,316,558,189,612,111,666,96,NaN,NaN,NaN,NaN,NaN,NaN,NaN,NaN,NaN,NaN
255,5,0,552,695,538,314,561,186,616,109,670,94,NaN,NaN,NaN,NaN,NaN,NaN,NaN,NaN,NaN,NaN
256,5,0,554,695,540,312,564,184,619,107,673,92,NaN,NaN,NaN,NaN,NaN,NaN,NaN,NaN,NaN,NaN
257,5,0,556,695,541,311,566,182,622,106,676,91,NaN,NaN,NaN,NaN,NaN,NaN,NaN,NaN,NaN,NaN
258,5,0,558,695,543,310,567,181,624,105,677,90,NaN,NaN,NaN,NaN,NaN,NaN,NaN,NaN,NaN,NaN
259,5,0,559,695,543,310,568,181,625,104,678,90,NaN,NaN,NaN,NaN,NaN,NaN,NaN,NaN,NaN,NaN
260,5,0,561,695,543,310,568,180,626,104,679,90,NaN,NaN,NaN,NaN,NaN,NaN,NaN,NaN,NaN,NaN
261,5,0,562,695,543,310,568,180,627,105,679,90,NaN,NaN,NaN,NaN,NaN,NaN,NaN,NaN,NaN,NaN
262,5,0,563,695,543,310,568,180,627,104,679,90,NaN,NaN,NaN,NaN,NaN,NaN,NaN,NaN,NaN,NaN
263,5,0,564,695,542,310,568,179,627,104,679,89,NaN,NaN,NaN,NaN,NaN,NaN,NaN,NaN,NaN,NaN
264,5,0,565,695,542,310,568,178,627,104,679,89,NaN,NaN,NaN,NaN,NaN,NaN,NaN,NaN,NaN,NaN
265,5,0,566,695,542,310,567,178,627,103,678,88,NaN,NaN,NaN,NaN,NaN,NaN,NaN,NaN,NaN,NaN
266,5,0,568,695,542,311,567,178,628,104,678,89,NaN,NaN,NaN,NaN,NaN,NaN,NaN,NaN,NaN,NaN
267,5,0,569,695,541,312,567,179,628,105,678,90,NaN,NaN,NaN,NaN,NaN,NaN,NaN,NaN,NaN,NaN
268,5,0,571,695,541,314,567,180,628,107,677,91,NaN,NaN,NaN,NaN,NaN,NaN,NaN,NaN,NaN,NaN
269,5,0,573,695,542,316,567,182,629,110,678,93,NaN,NaN,NaN,NaN,NaN,NaN,NaN,NaN,NaN,NaN
270,5,0,575,695,543,318,568,185,631,112,679,96,NaN,NaN,NaN,NaN,NaN,NaN,NaN,NaN,NaN,NaN
271,5,0,577,695,543,321,569,187,632,115,680,98,NaN,NaN,NaN,NaN,NaN,NaN,NaN,NaN,NaN,NaN
272,5,0,578,695,543,322,569,188,633,117,680,100,NaN,NaN,NaN,NaN,NaN,NaN,NaN,NaN,NaN,NaN
273,5,0,578,695,543,323,570,189,633,119,681,102,NaN,NaN,NaN,NaN,NaN,NaN,NaN,NaN,NaN,NaN
274,5,0,579,695,543,324,570,191,634,121,682,104,NaN,NaN,NaN,NaN,NaN,NaN,NaN,NaN,NaN,NaN
275,5,0,580,695,544,324,571,191,636,122,683,105,NaN,NaN,NaN,NaN,NaN,NaN,NaN,NaN,NaN,NaN
276,5,0,580,695,544,324,572,191,637,122,684,106,NaN,NaN,NaN,NaN,NaN,NaN,NaN,NaN,NaN,NaN
277,5,0,580,695,544,323,573,191,639,122,686,106,NaN,NaN,NaN,NaN,NaN,NaN,NaN,NaN,NaN,NaN
278,5,0,579,695,544,322,575,190,641,122,687,106,NaN,NaN,NaN,NaN,NaN,NaN,NaN,NaN,NaN,NaN
279,5,0,579,695,545,320,576,189,642,121,689,106,NaN,NaN,NaN,NaN,NaN,NaN,NaN,NaN,NaN,NaN
280,5,0,578,695,545,318,578,188,644,121,691,106,NaN,NaN,NaN,NaN,NaN,NaN,NaN,NaN,NaN,NaN
281,5,0,577,695,546,317,580,187,647,121,694,106,NaN,NaN,NaN,NaN,NaN,NaN,NaN,NaN,NaN,NaN
282,5,0,576,695,547,316,582,186,649,120,697,106,NaN,NaN,NaN,NaN,NaN,NaN,NaN,NaN,NaN,NaN
283,5,0,574,695,547,314,584,185,652,120,700,106,NaN,NaN,NaN,NaN,NaN,NaN,NaN,NaN,NaN,NaN
284,5,0,573,695,548,313,587,184,655,120,704,106,NaN,NaN,NaN,NaN,NaN,NaN,NaN,NaN,NaN,NaN
285,5,0,571,695,550,312,590,183,658,120,707,106,NaN,NaN,NaN,NaN,NaN,NaN,NaN,NaN,NaN,NaN
286,5,0,569,695,551,312,593,183,661,120,712,107,NaN,NaN,NaN,NaN,NaN,NaN,NaN,NaN,NaN,NaN
287,5,0,567,695,553,311,597,182,665,121,716,107,NaN,NaN,NaN,NaN,NaN,NaN,NaN,NaN,NaN,NaN
288,5,0,565,695,554,310,601,181,669,121,721,107,NaN,NaN,NaN,NaN,NaN,NaN,NaN,NaN,NaN,NaN
289,5,0,564,695,557,310,605,181,674,123,727,108,NaN,NaN,NaN,NaN,NaN,NaN,NaN,NaN,NaN,NaN
290,5,0,563,695,560,310,610,181,679,124,733,109,NaN,NaN,NaN,NaN,NaN,NaN,NaN,NaN,NaN,NaN
291,5,0,563,695,564,310,616,181,684,126,739,110,NaN,NaN,NaN,NaN,NaN,NaN,NaN,NaN,NaN,NaN
292,5,1,563,695,564,308,616,180,685,126,739,110,NaN,NaN,NaN,NaN,NaN,NaN,NaN,NaN,NaN,NaN
293,5,0,564,695,568,310,621,181,691,127,745,111,NaN,NaN,NaN,NaN,NaN,NaN,NaN,NaN,NaN,NaN
294,5,0,566,695,572,311,627,181,697,128,752,111,NaN,NaN,NaN,NaN,NaN,NaN,NaN,NaN,NaN,NaN
295,5,0,568,695,577,313,632,182,702,129,758,112,NaN,NaN,NaN,NaN,NaN,NaN,NaN,NaN,NaN,NaN
296,5,0,569,695,581,314,638,183,707,129,763,113,NaN,NaN,NaN,NaN,NaN,NaN,NaN,NaN,NaN,NaN
297,5,0,572,695,584,315,642,183,712,130,769,113,NaN,NaN,NaN,NaN,NaN,NaN,NaN,NaN,NaN,NaN
298,5,0,573,695,588,316,647,183,717,130,773,113,NaN,NaN,NaN,NaN,NaN,NaN,NaN,NaN,NaN,NaN
299,5,0,575,695,591,317,651,183,721,130,778,113,NaN,NaN,NaN,NaN,NaN,NaN,NaN,NaN,NaN,NaN
300,5,0,577,695,594,318,654,184,725,130,782,114,NaN,NaN,NaN,NaN,NaN,NaN,NaN,NaN,NaN,NaN
301,5,0,579,695,596,319,657,184,728,131,786,114,NaN,NaN,NaN,NaN,NaN,NaN,NaN,NaN,NaN,NaN
302,5,0,581,695,599,320,660,184,732,131,789,114,NaN,NaN,NaN,NaN,NaN,NaN,NaN,NaN,NaN,NaN
303,5,0,582,695,601,321,662,185,734,131,791,114,NaN,NaN,NaN,NaN,NaN,NaN,NaN,NaN,NaN,NaN
304,5,0,584,695,602,323,664,185,736,132,793,115,NaN,NaN,NaN,NaN,NaN,NaN,NaN,NaN,NaN,NaN
305,5,0,585,695,603,324,665,186,738,132,795,115,NaN,NaN,NaN,NaN,NaN,NaN,NaN,NaN,NaN,NaN
306,5,0,586,695,604,326,666,186,739,132,796,115,NaN,NaN,NaN,NaN,NaN,NaN,NaN,NaN,NaN,NaN
307,5,0,586,695,604,328,667,187,739,133,796,116,NaN,NaN,NaN,NaN,NaN,NaN,NaN,NaN,NaN,NaN
308,5,0,587,695,604,329,667,187,739,133,797,116,NaN,NaN,NaN,NaN,NaN,NaN,NaN,NaN,NaN,NaN
309,5,0,587,695,604,331,667,188,739,133,797,116,NaN,NaN,NaN,NaN,NaN,NaN,NaN,NaN,NaN,NaN
310,5,0,587,695,604,332,667,187,739,132,797,115,NaN,NaN,NaN,NaN,NaN,NaN,NaN,NaN,NaN,NaN
311,5,0,588,695,603,333,666,187,738,132,796,114,NaN,NaN,NaN,NaN,NaN,NaN,NaN,NaN,NaN,NaN
312,5,0,589,695,603,334,666,187,738,131,796,114,NaN,NaN,NaN,NaN,NaN,NaN,NaN,NaN,NaN,NaN
313,5,0,590,695,603,335,666,187,738,131,796,113,NaN,NaN,NaN,NaN,NaN,NaN,NaN,NaN,NaN,NaN
314,5,0,591,695,603,336,666,186,738,130,796,113,NaN,NaN,NaN,NaN,NaN,NaN,NaN,NaN,NaN,NaN
315,5,0,593,695,604,338,666,187,738,130,797,113,NaN,NaN,NaN,NaN,NaN,NaN,NaN,NaN,NaN,NaN
316,5,0,593,695,603,339,666,187,738,130,796,113,NaN,NaN,NaN,NaN,NaN,NaN,NaN,NaN,NaN,NaN
317,5,0,593,695,603,340,665,187,737,130,796,112,NaN,NaN,NaN,NaN,NaN,NaN,NaN,NaN,NaN,NaN
318,5,0,594,695,603,342,665,187,737,130,795,112,NaN,NaN,NaN,NaN,NaN,NaN,NaN,NaN,NaN,NaN
319,5,0,594,695,602,343,665,188,736,130,795,112,NaN,NaN,NaN,NaN,NaN,NaN,NaN,NaN,NaN,NaN
320,5,0,595,695,602,344,665,188,736,130,795,112,NaN,NaN,NaN,NaN,NaN,NaN,NaN,NaN,NaN,NaN
321,5,0,595,695,602,346,665,188,737,130,795,112,NaN,NaN,NaN,NaN,NaN,NaN,NaN,NaN,NaN,NaN
322,5,0,596,695,603,347,665,188,737,130,795,112,NaN,NaN,NaN,NaN,NaN,NaN,NaN,NaN,NaN,NaN
323,5,0,596,695,602,348,665,189,737,130,795,112,NaN,NaN,NaN,NaN,NaN,NaN,NaN,NaN,NaN,NaN
324,5,0,596,695,602,349,664,188,736,130,795,111,NaN,NaN,NaN,NaN,NaN,NaN,NaN,NaN,NaN,NaN
325,5,0,596,695,602,349,664,188,736,129,795,111,NaN,NaN,NaN,NaN,NaN,NaN,NaN,NaN,NaN,NaN
326,5,0,597,695,601,350,664,187,736,129,795,110,NaN,NaN,NaN,NaN,NaN,NaN,NaN,NaN,NaN,NaN
327,5,0,597,695,601,350,664,187,737,128,795,109,NaN,NaN,NaN,NaN,NaN,NaN,NaN,NaN,NaN,NaN
328,5,0,596,695,601,350,664,186,737,127,795,108,NaN,NaN,NaN,NaN,NaN,NaN,NaN,NaN,NaN,NaN
329,5,0,596,695,601,351,664,185,737,126,795,107,NaN,NaN,NaN,NaN,NaN,NaN,NaN,NaN,NaN,NaN
330,5,0,596,695,600,351,664,185,737,125,796,107,NaN,NaN,NaN,NaN,NaN,NaN,NaN,NaN,NaN,NaN
331,5,0,595,695,600,352,665,184,738,125,796,106,NaN,NaN,NaN,NaN,NaN,NaN,NaN,NaN,NaN,NaN
332,5,0,595,695,600,353,665,184,739,124,797,105,NaN,NaN,NaN,NaN,NaN,NaN,NaN,NaN,NaN,NaN
333,5,0,595,695,600,355,666,184,740,124,798,105,NaN,NaN,NaN,NaN,NaN,NaN,NaN,NaN,NaN,NaN
334,5,0,594,695,600,355,667,183,741,122,800,103,NaN,NaN,NaN,NaN,NaN,NaN,NaN,NaN,NaN,NaN
335,5,0,594,695,601,357,669,183,743,122,802,102,NaN,NaN,NaN,NaN,NaN,NaN,NaN,NaN,NaN,NaN
336,5,0,594,695,601,358,670,182,745,121,804,101,NaN,NaN,NaN,NaN,NaN,NaN,NaN,NaN,NaN,NaN
337,5,0,598,695,603,360,673,182,748,120,807,101,NaN,NaN,NaN,NaN,NaN,NaN,NaN,NaN,NaN,NaN
338,5,0,598,695,604,362,675,182,750,120,810,100,NaN,NaN,NaN,NaN,NaN,NaN,NaN,NaN,NaN,NaN
339,5,0,599,695,606,364,678,183,753,120,813,100,NaN,NaN,NaN,NaN,NaN,NaN,NaN,NaN,NaN,NaN
340,5,0,599,695,607,366,681,183,756,120,816,100,NaN,NaN,NaN,NaN,NaN,NaN,NaN,NaN,NaN,NaN
341,5,0,600,695,609,368,683,183,760,120,820,100,NaN,NaN,NaN,NaN,NaN,NaN,NaN,NaN,NaN,NaN
342,5,0,602,695,611,370,687,183,763,120,824,100,NaN,NaN,NaN,NaN,NaN,NaN,NaN,NaN,NaN,NaN
343,5,0,603,695,614,371,690,184,767,120,827,100,NaN,NaN,NaN,NaN,NaN,NaN,NaN,NaN,NaN,NaN
344,5,0,604,695,616,374,693,184,771,120,831,100,NaN,NaN,NaN,NaN,NaN,NaN,NaN,NaN,NaN,NaN
345,5,0,606,695,618,376,696,185,774,121,835,101,NaN,NaN,NaN,NaN,NaN,NaN,NaN,NaN,NaN,NaN
346,5,0,608,695,620,377,699,185,778,121,838,101,NaN,NaN,NaN,NaN,NaN,NaN,NaN,NaN,NaN,NaN
347,5,0,610,695,622,379,702,186,781,121,841,101,NaN,NaN,NaN,NaN,NaN,NaN,NaN,NaN,NaN,NaN
348,5,0,612,695,625,380,705,186,783,121,844,101,NaN,NaN,NaN,NaN,NaN,NaN,NaN,NaN,NaN,NaN
349,5,0,614,695,627,382,707,186,786,121,847,101,NaN,NaN,NaN,NaN,NaN,NaN,NaN,NaN,NaN,NaN
350,5,0,616,695,629,383,710,186,789,121,850,101,NaN,NaN,NaN,NaN,NaN,NaN,NaN,NaN,NaN,NaN
351,5,1,616,645,629,383,710,186,789,121,850,101,NaN,NaN,NaN,NaN,NaN,NaN,NaN,NaN,NaN,NaN
352,5,0,618,650,630,382,712,185,791,120,852,100,NaN,NaN,NaN,NaN,NaN,NaN,NaN,NaN,NaN,NaN
353,5,0,619,655,631,383,712,185,791,120,853,100,NaN,NaN,NaN,NaN,NaN,NaN,NaN,NaN,NaN,NaN
354,5,0,621,661,630,382,713,185,792,119,853,99,NaN,NaN,NaN,NaN,NaN,NaN,NaN,NaN,NaN,NaN
355,5,0,622,667,630,382,712,184,791,118,852,98,NaN,NaN,NaN,NaN,NaN,NaN,NaN,NaN,NaN,NaN
356,5,0,622,674,630,382,712,184,791,117,851,97,NaN,NaN,NaN,NaN,NaN,NaN,NaN,NaN,NaN,NaN
357,5,0,623,682,629,382,711,184,791,117,850,96,NaN,NaN,NaN,NaN,NaN,NaN,NaN,NaN,NaN,NaN
358,5,0,623,690,628,383,710,184,790,116,849,95,NaN,NaN,NaN,NaN,NaN,NaN,NaN,NaN,NaN,NaN
359,5,0,624,695,627,383,708,183,788,115,847,94,NaN,NaN,NaN,NaN,NaN,NaN,NaN,NaN,NaN,NaN
360,5,0,625,695,626,383,707,183,786,114,845,93,NaN,NaN,NaN,NaN,NaN,NaN,NaN,NaN,NaN,NaN
361,5,0,625,695,625,385,705,184,784,114,843,93,NaN,NaN,NaN,NaN,NaN,NaN,NaN,NaN,NaN,NaN
362,5,0,626,695,623,387,704,185,783,115,842,94,NaN,NaN,NaN,NaN,NaN,NaN,NaN,NaN,NaN,NaN
363,5,0,626,695,622,388,702,186,781,116,840,94,NaN,NaN,NaN,NaN,NaN,NaN,NaN,NaN,NaN,NaN
364,5,0,626,695,621,389,701,187,780,116,838,95,NaN,NaN,NaN,NaN,NaN,NaN,NaN,NaN,NaN,NaN
365,5,0,626,695,619,391,699,189,778,117,836,95,NaN,NaN,NaN,NaN,NaN,NaN,NaN,NaN,NaN,NaN
366,5,0,625,695,617,391,697,189,776,117,834,95,NaN,NaN,NaN,NaN,NaN,NaN,NaN,NaN,NaN,NaN
367,5,0,625,695,615,390,695,189,774,117,832,95,NaN,NaN,NaN,NaN,NaN,NaN,NaN,NaN,NaN,NaN
368,5,0,624,695,613,390,694,189,773,116,831,95,NaN,NaN,NaN,NaN,NaN,NaN,NaN,NaN,NaN,NaN
369,5,0,624,695,612,389,693,189,772,116,829,94,NaN,NaN,NaN,NaN,NaN,NaN,NaN,NaN,NaN,NaN
370,5,0,623,695,611,388,692,189,771,115,828,94,NaN,NaN,NaN,NaN,NaN,NaN,NaN,NaN,NaN,NaN
371,5,0,623,695,609,386,691,188,771,115,827,93,NaN,NaN,NaN,NaN,NaN,NaN,NaN,NaN,NaN,NaN
372,5,0,622,695,608,384,690,187,771,114,827,92,NaN,NaN,NaN,NaN,NaN,NaN,NaN,NaN,NaN,NaN
373,5,0,622,695,607,383,690,187,770,113,827,92,NaN,NaN,NaN,NaN,NaN,NaN,NaN,NaN,NaN,NaN
374,5,0,622,695,606,382,690,186,770,112,826,91,NaN,NaN,NaN,NaN,NaN,NaN,NaN,NaN,NaN,NaN
375,5,0,621,695,605,381,690,186,770,112,826,91,NaN,NaN,NaN,NaN,NaN,NaN,NaN,NaN,NaN,NaN
376,5,0,621,695,604,380,689,186,770,111,826,90,NaN,NaN,NaN,NaN,NaN,NaN,NaN,NaN,NaN,NaN
377,5,0,620,695,603,379,689,186,771,111,826,90,NaN,NaN,NaN,NaN,NaN,NaN,NaN,NaN,NaN,NaN
378,5,0,619,695,602,379,689,186,771,111,827,90,NaN,NaN,NaN,NaN,NaN,NaN,NaN,NaN,NaN,NaN
379,5,0,618,695,601,379,689,186,771,111,827,90,NaN,NaN,NaN,NaN,NaN,NaN,NaN,NaN,NaN,NaN
380,5,0,617,695,599,379,689,187,771,110,827,89,NaN,NaN,NaN,NaN,NaN,NaN,NaN,NaN,NaN,NaN
381,5,0,614,695,597,379,688,187,771,110,826,89,NaN,NaN,NaN,NaN,NaN,NaN,NaN,NaN,NaN,NaN
382,5,1,615,669,597,377,688,187,771,110,826,89,NaN,NaN,NaN,NaN,NaN,NaN,NaN,NaN,NaN,NaN
383,5,0,612,677,596,379,688,186,772,110,827,89,NaN,NaN,NaN,NaN,NaN,NaN,NaN,NaN,NaN,NaN
384,5,0,610,686,596,381,690,187,774,110,829,89,NaN,NaN,NaN,NaN,NaN,NaN,NaN,NaN,NaN,NaN
385,5,0,591,695,596,383,691,187,776,109,831,89,NaN,NaN,NaN,NaN,NaN,NaN,NaN,NaN,NaN,NaN
386,5,0,590,695,598,385,695,188,780,110,835,89,NaN,NaN,NaN,NaN,NaN,NaN,NaN,NaN,NaN,NaN
387,5,0,589,695,599,387,697,188,783,110,839,90,NaN,NaN,NaN,NaN,NaN,NaN,NaN,NaN,NaN,NaN
388,5,0,589,695,601,389,701,188,787,111,844,91,NaN,NaN,NaN,NaN,NaN,NaN,NaN,NaN,NaN,NaN
389,5,0,589,695,602,391,704,189,791,112,847,91,NaN,NaN,NaN,NaN,NaN,NaN,NaN,NaN,NaN,NaN
390,5,0,590,695,605,393,709,189,797,112,853,91,NaN,NaN,NaN,NaN,NaN,NaN,NaN,NaN,NaN,NaN
391,5,0,591,695,608,393,713,190,801,112,857,92,NaN,NaN,NaN,NaN,NaN,NaN,NaN,NaN,NaN,NaN
392,5,0,594,695,611,395,718,190,806,112,863,92,NaN,NaN,NaN,NaN,NaN,NaN,NaN,NaN,NaN,NaN
393,5,0,596,695,614,397,721,190,810,113,867,93,NaN,NaN,NaN,NaN,NaN,NaN,NaN,NaN,NaN,NaN
394,5,0,599,695,618,397,726,190,815,113,872,93,NaN,NaN,NaN,NaN,NaN,NaN,NaN,NaN,NaN,NaN
395,5,0,602,695,621,399,729,190,818,114,875,93,NaN,NaN,NaN,NaN,NaN,NaN,NaN,NaN,NaN,NaN
396,5,0,604,695,624,400,733,190,822,114,879,93,NaN,NaN,NaN,NaN,NaN,NaN,NaN,NaN,NaN,NaN
397,5,0,607,695,626,401,735,190,825,113,882,94,NaN,NaN,NaN,NaN,NaN,NaN,NaN,NaN,NaN,NaN
398,5,0,609,695,629,402,739,190,828,113,885,94,NaN,NaN,NaN,NaN,NaN,NaN,NaN,NaN,NaN,NaN
399,5,0,611,695,631,403,740,190,830,113,887,94,NaN,NaN,NaN,NaN,NaN,NaN,NaN,NaN,NaN,NaN
400,5,0,613,695,632,405,742,190,831,114,888,94,NaN,NaN,NaN,NaN,NaN,NaN,NaN,NaN,NaN,NaN
401,5,0,615,695,633,406,742,190,832,114,890,94,NaN,NaN,NaN,NaN,NaN,NaN,NaN,NaN,NaN,NaN
402,5,0,616,695,634,408,743,190,832,113,890,93,NaN,NaN,NaN,NaN,NaN,NaN,NaN,NaN,NaN,NaN
403,5,0,618,695,635,409,743,190,832,112,890,92,NaN,NaN,NaN,NaN,NaN,NaN,NaN,NaN,NaN,NaN
404,5,0,620,695,636,410,743,189,832,112,890,91,NaN,NaN,NaN,NaN,NaN,NaN,NaN,NaN,NaN,NaN
405,5,0,621,695,637,412,743,188,831,111,890,90,NaN,NaN,NaN,NaN,NaN,NaN,NaN,NaN,NaN,NaN
406,5,0,623,695,638,413,742,187,831,110,889,89,NaN,NaN,NaN,NaN,NaN,NaN,NaN,NaN,NaN,NaN
407,5,0,624,695,638,414,742,187,830,108,888,88,NaN,NaN,NaN,NaN,NaN,NaN,NaN,NaN,NaN,NaN
408,5,0,626,695,638,416,741,186,828,108,886,87,NaN,NaN,NaN,NaN,NaN,NaN,NaN,NaN,NaN,NaN
409,5,0,627,695,640,417,741,186,828,107,886,86,NaN,NaN,NaN,NaN,NaN,NaN,NaN,NaN,NaN,NaN
410,5,0,628,695,639,418,740,186,826,107,884,86,NaN,NaN,NaN,NaN,NaN,NaN,NaN,NaN,NaN,NaN
411,5,0,628,695,639,420,739,186,825,106,883,85,NaN,NaN,NaN,NaN,NaN,NaN,NaN,NaN,NaN,NaN
412,5,0,627,695,639,421,738,185,823,106,882,84,NaN,NaN,NaN,NaN,NaN,NaN,NaN,NaN,NaN,NaN
413,5,0,627,695,638,422,737,185,822,106,880,84,NaN,NaN,NaN,NaN,NaN,NaN,NaN,NaN,NaN,NaN
414,5,0,627,695,638,422,736,184,821,106,880,83,NaN,NaN,NaN,NaN,NaN,NaN,NaN,NaN,NaN,NaN
415,5,0,627,695,638,423,736,184,822,105,879,83,NaN,NaN,NaN,NaN,NaN,NaN,NaN,NaN,NaN,NaN
416,5,0,626,695,638,424,736,184,821,105,880,83,NaN,NaN,NaN,NaN,NaN,NaN,NaN,NaN,NaN,NaN
417,5,0,626,695,639,424,737,183,822,105,880,83,NaN,NaN,NaN,NaN,NaN,NaN,NaN,NaN,NaN,NaN
418,5,0,625,695,638,424,737,183,822,105,881,83,NaN,NaN,NaN,NaN,NaN,NaN,NaN,NaN,NaN,NaN
419,5,0,625,695,639,425,738,182,823,105,881,83,NaN,NaN,NaN,NaN,NaN,NaN,NaN,NaN,NaN,NaN
420,5,0,624,695,638,425,738,182,823,104,882,83,NaN,NaN,NaN,NaN,NaN,NaN,NaN,NaN,NaN,NaN
421,5,0,623,695,639,425,739,182,825,104,883,83,NaN,NaN,NaN,NaN,NaN,NaN,NaN,NaN,NaN,NaN
422,5,0,622,695,639,426,739,181,825,104,884,83,NaN,NaN,NaN,NaN,NaN,NaN,NaN,NaN,NaN,NaN
423,5,0,621,695,639,427,741,180,827,104,886,83,NaN,NaN,NaN,NaN,NaN,NaN,NaN,NaN,NaN,NaN
424,5,0,621,695,640,428,742,180,829,104,888,83,NaN,NaN,NaN,NaN,NaN,NaN,NaN,NaN,NaN,NaN
425,5,0,620,695,640,429,744,180,831,104,890,83,NaN,NaN,NaN,NaN,NaN,NaN,NaN,NaN,NaN,NaN
426,5,0,619,695,640,431,745,181,832,104,892,83,NaN,NaN,NaN,NaN,NaN,NaN,NaN,NaN,NaN,NaN
427,5,0,619,695,641,433,748,181,836,105,895,84,NaN,NaN,NaN,NaN,NaN,NaN,NaN,NaN,NaN,NaN
428,5,0,619,695,643,436,751,181,839,105,899,85,NaN,NaN,NaN,NaN,NaN,NaN,NaN,NaN,NaN,NaN
429,5,0,620,695,645,438,754,182,843,106,903,85,NaN,NaN,NaN,NaN,NaN,NaN,NaN,NaN,NaN,NaN
430,5,0,620,695,646,441,757,183,847,107,907,87,NaN,NaN,NaN,NaN,NaN,NaN,NaN,NaN,NaN,NaN
431,5,0,620,695,648,443,761,184,850,109,911,88,NaN,NaN,NaN,NaN,NaN,NaN,NaN,NaN,NaN,NaN
432,5,0,621,695,650,445,764,184,855,109,916,88,NaN,NaN,NaN,NaN,NaN,NaN,NaN,NaN,NaN,NaN
433,5,0,622,695,653,446,769,184,859,109,921,89,NaN,NaN,NaN,NaN,NaN,NaN,NaN,NaN,NaN,NaN
434,5,0,623,695,656,448,773,184,864,110,926,90,NaN,NaN,NaN,NaN,NaN,NaN,NaN,NaN,NaN,NaN
435,5,0,625,695,658,450,777,185,868,111,930,91,NaN,NaN,NaN,NaN,NaN,NaN,NaN,NaN,NaN,NaN
436,5,0,625,695,660,451,780,186,872,112,934,92,NaN,NaN,NaN,NaN,NaN,NaN,NaN,NaN,NaN,NaN
437,5,0,626,695,661,452,783,186,875,113,937,93,NaN,NaN,NaN,NaN,NaN,NaN,NaN,NaN,NaN,NaN
438,5,0,627,695,663,452,785,186,877,113,940,93,NaN,NaN,NaN,NaN,NaN,NaN,NaN,NaN,NaN,NaN
439,5,0,628,695,665,453,787,185,880,113,942,93,NaN,NaN,NaN,NaN,NaN,NaN,NaN,NaN,NaN,NaN
440,5,0,628,695,666,453,789,185,881,113,944,94,NaN,NaN,NaN,NaN,NaN,NaN,NaN,NaN,NaN,NaN
441,5,0,629,695,668,453,790,184,883,113,946,94,NaN,NaN,NaN,NaN,NaN,NaN,NaN,NaN,NaN,NaN
442,5,0,630,695,669,454,792,184,884,113,948,94,NaN,NaN,NaN,NaN,NaN,NaN,NaN,NaN,NaN,NaN
443,5,0,630,695,670,455,792,184,885,113,949,94,NaN,NaN,NaN,NaN,NaN,NaN,NaN,NaN,NaN,NaN
444,5,0,631,695,672,456,794,184,887,114,950,94,NaN,NaN,NaN,NaN,NaN,NaN,NaN,NaN,NaN,NaN
445,5,0,633,695,673,457,795,184,888,114,952,95,NaN,NaN,NaN,NaN,NaN,NaN,NaN,NaN,NaN,NaN
446,5,0,634,695,675,459,796,183,888,114,953,95,NaN,NaN,NaN,NaN,NaN,NaN,NaN,NaN,NaN,NaN
447,5,0,635,695,676,460,796,183,889,113,953,94,NaN,NaN,NaN,NaN,NaN,NaN,NaN,NaN,NaN,NaN
448,5,0,636,695,677,461,797,182,889,113,953,93,NaN,NaN,NaN,NaN,NaN,NaN,NaN,NaN,NaN,NaN
449,5,0,638,695,679,462,797,181,889,112,954,92,NaN,NaN,NaN,NaN,NaN,NaN,NaN,NaN,NaN,NaN
450,5,0,640,695,681,464,798,181,890,111,955,92,NaN,NaN,NaN,NaN,NaN,NaN,NaN,NaN,NaN,NaN
451,5,0,642,695,684,465,799,181,890,111,955,92,NaN,NaN,NaN,NaN,NaN,NaN,NaN,NaN,NaN,NaN
452,5,0,644,695,686,467,800,181,891,111,956,92,NaN,NaN,NaN,NaN,NaN,NaN,NaN,NaN,NaN,NaN
453,5,0,646,695,687,469,800,181,891,112,956,92,NaN,NaN,NaN,NaN,NaN,NaN,NaN,NaN,NaN,NaN
454,5,0,647,695,688,469,800,181,891,111,956,91,NaN,NaN,NaN,NaN,NaN,NaN,NaN,NaN,NaN,NaN
455,5,0,647,695,689,470,800,180,890,111,955,90,NaN,NaN,NaN,NaN,NaN,NaN,NaN,NaN,NaN,NaN
456,5,0,648,695,690,470,799,180,890,111,955,90,NaN,NaN,NaN,NaN,NaN,NaN,NaN,NaN,NaN,NaN
457,5,0,648,695,690,470,800,179,890,110,955,90,NaN,NaN,NaN,NaN,NaN,NaN,NaN,NaN,NaN,NaN
458,5,0,648,695,691,469,800,179,890,110,956,90,NaN,NaN,NaN,NaN,NaN,NaN,NaN,NaN,NaN,NaN
459,5,0,648,695,691,469,800,178,890,110,956,90,NaN,NaN,NaN,NaN,NaN,NaN,NaN,NaN,NaN,NaN
460,5,0,647,695,691,468,801,177,890,109,956,89,NaN,NaN,NaN,NaN,NaN,NaN,NaN,NaN,NaN,NaN
461,5,1,647,695,692,465,801,176,891,109,957,89,NaN,NaN,NaN,NaN,NaN,NaN,NaN,NaN,NaN,NaN
462,5,0,647,695,691,467,800,176,890,109,956,89,NaN,NaN,NaN,NaN,NaN,NaN,NaN,NaN,NaN,NaN
463,5,0,647,695,690,469,800,176,890,109,956,89,NaN,NaN,NaN,NaN,NaN,NaN,NaN,NaN,NaN,NaN
464,5,0,647,695,689,471,800,176,890,109,956,88,NaN,NaN,NaN,NaN,NaN,NaN,NaN,NaN,NaN,NaN
465,5,0,647,695,688,474,800,177,890,109,956,89,NaN,NaN,NaN,NaN,NaN,NaN,NaN,NaN,NaN,NaN
466,5,0,647,695,687,477,799,177,890,109,956,89,NaN,NaN,NaN,NaN,NaN,NaN,NaN,NaN,NaN,NaN
467,5,0,647,695,685,480,799,178,889,110,956,89,NaN,NaN,NaN,NaN,NaN,NaN,NaN,NaN,NaN,NaN
468,5,0,646,695,683,484,798,179,889,110,956,90,NaN,NaN,NaN,NaN,NaN,NaN,NaN,NaN,NaN,NaN
469,5,0,646,695,682,489,799,180,890,111,957,91,NaN,NaN,NaN,NaN,NaN,NaN,NaN,NaN,NaN,NaN
470,5,0,645,695,680,493,799,181,891,112,957,91,NaN,NaN,NaN,NaN,NaN,NaN,NaN,NaN,NaN,NaN
471,5,0,643,695,678,497,799,182,891,113,958,92,NaN,NaN,NaN,NaN,NaN,NaN,NaN,NaN,NaN,NaN
472,5,0,642,695,676,502,798,184,891,114,958,94,NaN,NaN,NaN,NaN,NaN,NaN,NaN,NaN,NaN,NaN
473,5,0,641,695,674,507,798,185,891,116,959,95,NaN,NaN,NaN,NaN,NaN,NaN,NaN,NaN,NaN,NaN
474,5,0,640,695,672,511,799,187,892,117,960,97,NaN,NaN,NaN,NaN,NaN,NaN,NaN,NaN,NaN,NaN
475,5,0,640,695,671,515,800,188,894,118,961,98,NaN,NaN,NaN,NaN,NaN,NaN,NaN,NaN,NaN,NaN
476,5,0,640,695,671,518,802,189,896,119,963,99,NaN,NaN,NaN,NaN,NaN,NaN,NaN,NaN,NaN,NaN
477,5,0,641,695,670,522,803,190,897,120,965,100,NaN,NaN,NaN,NaN,NaN,NaN,NaN,NaN,NaN,NaN
478,5,0,642,695,670,526,804,192,899,122,967,102,NaN,NaN,NaN,NaN,NaN,NaN,NaN,NaN,NaN,NaN
479,5,0,642,695,669,530,805,193,900,123,968,103,NaN,NaN,NaN,NaN,NaN,NaN,NaN,NaN,NaN,NaN
480,5,0,643,695,669,533,806,194,901,124,969,103,NaN,NaN,NaN,NaN,NaN,NaN,NaN,NaN,NaN,NaN
481,5,0,643,695,669,536,806,195,902,125,970,104,NaN,NaN,NaN,NaN,NaN,NaN,NaN,NaN,NaN,NaN
482,5,0,644,695,669,539,807,195,903,125,971,105,NaN,NaN,NaN,NaN,NaN,NaN,NaN,NaN,NaN,NaN
483,5,0,646,695,669,542,808,196,903,125,972,105,NaN,NaN,NaN,NaN,NaN,NaN,NaN,NaN,NaN,NaN
484,5,0,647,695,669,545,808,196,904,125,972,105,NaN,NaN,NaN,NaN,NaN,NaN,NaN,NaN,NaN,NaN
485,5,0,648,695,669,548,808,197,904,126,972,105,NaN,NaN,NaN,NaN,NaN,NaN,NaN,NaN,NaN,NaN
486,5,0,650,695,670,552,809,197,904,126,973,106,NaN,NaN,NaN,NaN,NaN,NaN,NaN,NaN,NaN,NaN
487,5,0,652,695,670,556,809,198,904,127,973,106,NaN,NaN,NaN,NaN,NaN,NaN,NaN,NaN,NaN,NaN
488,5,0,654,695,671,560,809,199,905,127,973,107,NaN,NaN,NaN,NaN,NaN,NaN,NaN,NaN,NaN,NaN
489,5,0,656,695,672,565,810,200,905,128,973,107,NaN,NaN,NaN,NaN,NaN,NaN,NaN,NaN,NaN,NaN
490,5,0,659,695,673,571,810,201,905,129,974,108,NaN,NaN,NaN,NaN,NaN,NaN,NaN,NaN,NaN,NaN
491,5,0,661,695,674,576,810,203,905,130,974,108,NaN,NaN,NaN,NaN,NaN,NaN,NaN,NaN,NaN,NaN
492,5,0,664,695,676,580,810,203,905,129,973,108,NaN,NaN,NaN,NaN,NaN,NaN,NaN,NaN,NaN,NaN
493,5,0,666,695,677,584,810,203,904,129,973,107,NaN,NaN,NaN,NaN,NaN,NaN,NaN,NaN,NaN,NaN
494,5,0,669,695,679,588,810,203,904,129,972,107,NaN,NaN,NaN,NaN,NaN,NaN,NaN,NaN,NaN,NaN
495,5,0,672,695,681,593,810,204,904,129,972,107,NaN,NaN,NaN,NaN,NaN,NaN,NaN,NaN,NaN,NaN
496,5,0,674,695,682,598,810,205,903,130,971,108,NaN,NaN,NaN,NaN,NaN,NaN,NaN,NaN,NaN,NaN
497,5,0,676,695,683,603,810,206,902,130,970,108,NaN,NaN,NaN,NaN,NaN,NaN,NaN,NaN,NaN,NaN
498,5,0,677,695,683,608,809,207,901,131,969,108,NaN,NaN,NaN,NaN,NaN,NaN,NaN,NaN,NaN,NaN
499,5,0,678,695,684,612,808,208,900,131,967,108,NaN,NaN,NaN,NaN,NaN,NaN,NaN,NaN,NaN,NaN
500,5,0,678,695,684,616,806,208,898,131,965,108,NaN,NaN,NaN,NaN,NaN,NaN,NaN,NaN,NaN,NaN
501,5,0,678,695,684,620,805,209,897,131,964,108,NaN,NaN,NaN,NaN,NaN,NaN,NaN,NaN,NaN,NaN
502,5,0,679,695,684,624,804,209,896,131,963,108,NaN,NaN,NaN,NaN,NaN,NaN,NaN,NaN,NaN,NaN
503,5,0,679,695,683,627,804,209,895,131,962,108,NaN,NaN,NaN,NaN,NaN,NaN,NaN,NaN,NaN,NaN
504,5,0,679,695,683,631,803,209,893,131,960,108,NaN,NaN,NaN,NaN,NaN,NaN,NaN,NaN,NaN,NaN
505,5,0,678,695,682,634,802,210,892,131,959,108,NaN,NaN,NaN,NaN,NaN,NaN,NaN,NaN,NaN,NaN
506,5,0,678,695,682,638,801,210,892,131,958,108,NaN,NaN,NaN,NaN,NaN,NaN,NaN,NaN,NaN,NaN
507,5,0,678,695,682,642,800,210,891,131,957,108,NaN,NaN,NaN,NaN,NaN,NaN,NaN,NaN,NaN,NaN
508,5,0,678,695,681,646,800,210,890,131,957,108,NaN,NaN,NaN,NaN,NaN,NaN,NaN,NaN,NaN,NaN
509,5,0,677,695,680,650,799,211,890,131,957,108,NaN,NaN,NaN,NaN,NaN,NaN,NaN,NaN,NaN,NaN
510,5,0,677,695,680,655,799,211,890,132,957,108,NaN,NaN,NaN,NaN,NaN,NaN,NaN,NaN,NaN,NaN
511,5,0,676,695,679,661,799,212,890,132,957,109,NaN,NaN,NaN,NaN,NaN,NaN,NaN,NaN,NaN,NaN
512,5,0,675,695,678,667,799,213,890,133,957,109,NaN,NaN,NaN,NaN,NaN,NaN,NaN,NaN,NaN,NaN
513,5,0,674,695,677,673,799,214,890,133,957,110,NaN,NaN,NaN,NaN,NaN,NaN,NaN,NaN,NaN,NaN
514,5,0,673,695,676,680,799,215,890,134,957,110,NaN,NaN,NaN,NaN,NaN,NaN,NaN,NaN,NaN,NaN
515,4,1,673,695,799,215,890,134,957,110,NaN,NaN,NaN,NaN,NaN,NaN,NaN,NaN,NaN,NaN,NaN,NaN
516,4,0,675,695,799,216,890,135,957,111,NaN,NaN,NaN,NaN,NaN,NaN,NaN,NaN,NaN,NaN,NaN,NaN
517,4,0,676,695,799,217,892,136,959,111,NaN,NaN,NaN,NaN,NaN,NaN,NaN,NaN,NaN,NaN,NaN,NaN
518,4,0,678,695,799,219,892,137,959,112,NaN,NaN,NaN,NaN,NaN,NaN,NaN,NaN,NaN,NaN,NaN,NaN
519,4,0,679,695,799,221,892,138,961,114,NaN,NaN,NaN,NaN,NaN,NaN,NaN,NaN,NaN,NaN,NaN,NaN
520,4,0,681,695,799,223,893,139,961,115,NaN,NaN,NaN,NaN,NaN,NaN,NaN,NaN,NaN,NaN,NaN,NaN
521,4,0,682,695,800,225,894,140,963,116,NaN,NaN,NaN,NaN,NaN,NaN,NaN,NaN,NaN,NaN,NaN,NaN
522,4,0,684,695,800,226,895,141,963,116,NaN,NaN,NaN,NaN,NaN,NaN,NaN,NaN,NaN,NaN,NaN,NaN
523,4,0,685,695,800,228,895,143,964,117,NaN,NaN,NaN,NaN,NaN,NaN,NaN,NaN,NaN,NaN,NaN,NaN
524,4,0,686,695,800,230,896,144,965,119,NaN,NaN,NaN,NaN,NaN,NaN,NaN,NaN,NaN,NaN,NaN,NaN
525,4,0,688,695,801,231,896,145,966,120,NaN,NaN,NaN,NaN,NaN,NaN,NaN,NaN,NaN,NaN,NaN,NaN
526,4,0,689,695,801,233,896,146,966,121,NaN,NaN,NaN,NaN,NaN,NaN,NaN,NaN,NaN,NaN,NaN,NaN
527,4,0,691,695,800,234,897,147,967,122,NaN,NaN,NaN,NaN,NaN,NaN,NaN,NaN,NaN,NaN,NaN,NaN
528,4,0,692,695,800,235,897,147,966,122,NaN,NaN,NaN,NaN,NaN,NaN,NaN,NaN,NaN,NaN,NaN,NaN
529,4,0,693,695,799,236,896,148,966,123,NaN,NaN,NaN,NaN,NaN,NaN,NaN,NaN,NaN,NaN,NaN,NaN
530,4,0,695,695,798,237,895,149,964,124,NaN,NaN,NaN,NaN,NaN,NaN,NaN,NaN,NaN,NaN,NaN,NaN
531,4,0,696,695,796,239,893,150,962,125,NaN,NaN,NaN,NaN,NaN,NaN,NaN,NaN,NaN,NaN,NaN,NaN
532,4,0,696,695,793,241,889,151,959,126,NaN,NaN,NaN,NaN,NaN,NaN,NaN,NaN,NaN,NaN,NaN,NaN
533,4,0,696,695,789,243,885,153,955,128,NaN,NaN,NaN,NaN,NaN,NaN,NaN,NaN,NaN,NaN,NaN,NaN
534,4,0,695,695,784,245,881,155,950,129,NaN,NaN,NaN,NaN,NaN,NaN,NaN,NaN,NaN,NaN,NaN,NaN
535,4,0,694,695,779,248,875,156,944,130,NaN,NaN,NaN,NaN,NaN,NaN,NaN,NaN,NaN,NaN,NaN,NaN
536,4,0,692,695,773,250,868,157,938,131,NaN,NaN,NaN,NaN,NaN,NaN,NaN,NaN,NaN,NaN,NaN,NaN
537,4,0,690,695,766,251,861,158,930,132,NaN,NaN,NaN,NaN,NaN,NaN,NaN,NaN,NaN,NaN,NaN,NaN
538,4,0,687,695,759,253,853,159,921,133,NaN,NaN,NaN,NaN,NaN,NaN,NaN,NaN,NaN,NaN,NaN,NaN
539,4,0,683,695,751,254,844,160,913,133,NaN,NaN,NaN,NaN,NaN,NaN,NaN,NaN,NaN,NaN,NaN,NaN
540,4,0,678,695,741,256,834,161,902,134,NaN,NaN,NaN,NaN,NaN,NaN,NaN,NaN,NaN,NaN,NaN,NaN
541,4,0,673,695,732,258,824,162,892,135,NaN,NaN,NaN,NaN,NaN,NaN,NaN,NaN,NaN,NaN,NaN,NaN
542,4,0,667,695,722,260,813,163,880,136,NaN,NaN,NaN,NaN,NaN,NaN,NaN,NaN,NaN,NaN,NaN,NaN
543,4,0,659,695,711,262,802,164,868,137,NaN,NaN,NaN,NaN,NaN,NaN,NaN,NaN,NaN,NaN,NaN,NaN
544,4,0,652,695,700,264,790,166,857,138,NaN,NaN,NaN,NaN,NaN,NaN,NaN,NaN,NaN,NaN,NaN,NaN
545,4,0,644,695,690,266,779,167,846,140,NaN,NaN,NaN,NaN,NaN,NaN,NaN,NaN,NaN,NaN,NaN,NaN
546,4,0,636,695,679,267,769,169,835,141,NaN,NaN,NaN,NaN,NaN,NaN,NaN,NaN,NaN,NaN,NaN,NaN
547,4,0,628,695,669,268,758,169,825,142,NaN,NaN,NaN,NaN,NaN,NaN,NaN,NaN,NaN,NaN,NaN,NaN
548,4,0,620,695,660,269,749,169,815,142,NaN,NaN,NaN,NaN,NaN,NaN,NaN,NaN,NaN,NaN,NaN,NaN
549,4,0,613,695,651,270,740,170,807,143,NaN,NaN,NaN,NaN,NaN,NaN,NaN,NaN,NaN,NaN,NaN,NaN
550,4,0,606,695,643,271,733,170,799,143,NaN,NaN,NaN,NaN,NaN,NaN,NaN,NaN,NaN,NaN,NaN,NaN
551,4,0,599,695,636,271,725,170,791,142,NaN,NaN,NaN,NaN,NaN,NaN,NaN,NaN,NaN,NaN,NaN,NaN
552,4,0,592,695,629,271,718,170,785,142,NaN,NaN,NaN,NaN,NaN,NaN,NaN,NaN,NaN,NaN,NaN,NaN
553,4,0,586,695,622,271,712,170,778,141,NaN,NaN,NaN,NaN,NaN,NaN,NaN,NaN,NaN,NaN,NaN,NaN
554,4,0,580,695,616,271,706,169,772,141,NaN,NaN,NaN,NaN,NaN,NaN,NaN,NaN,NaN,NaN,NaN,NaN
555,4,0,574,695,610,272,700,169,767,141,NaN,NaN,NaN,NaN,NaN,NaN,NaN,NaN,NaN,NaN,NaN,NaN
556,4,0,568,695,604,272,695,169,761,141,NaN,NaN,NaN,NaN,NaN,NaN,NaN,NaN,NaN,NaN,NaN,NaN
557,4,0,562,695,598,272,690,169,757,141,NaN,NaN,NaN,NaN,NaN,NaN,NaN,NaN,NaN,NaN,NaN,NaN
558,4,0,557,695,593,272,685,169,751,141,NaN,NaN,NaN,NaN,NaN,NaN,NaN,NaN,NaN,NaN,NaN,NaN
559,4,0,551,695,587,273,679,168,746,141,NaN,NaN,NaN,NaN,NaN,NaN,NaN,NaN,NaN,NaN,NaN,NaN
560,4,0,546,695,582,273,674,168,741,141,NaN,NaN,NaN,NaN,NaN,NaN,NaN,NaN,NaN,NaN,NaN,NaN
561,4,0,542,695,577,273,670,167,737,139,NaN,NaN,NaN,NaN,NaN,NaN,NaN,NaN,NaN,NaN,NaN,NaN
562,4,0,538,695,573,274,666,167,734,139,NaN,NaN,NaN,NaN,NaN,NaN,NaN,NaN,NaN,NaN,NaN,NaN
563,4,0,534,695,569,275,662,168,730,140,NaN,NaN,NaN,NaN,NaN,NaN,NaN,NaN,NaN,NaN,NaN,NaN
564,4,0,530,695,564,276,658,169,727,140,NaN,NaN,NaN,NaN,NaN,NaN,NaN,NaN,NaN,NaN,NaN,NaN
565,4,0,526,695,561,277,655,169,723,140,NaN,NaN,NaN,NaN,NaN,NaN,NaN,NaN,NaN,NaN,NaN,NaN
566,4,0,523,695,557,278,652,169,720,141,NaN,NaN,NaN,NaN,NaN,NaN,NaN,NaN,NaN,NaN,NaN,NaN
567,4,0,520,695,554,278,649,169,718,141,NaN,NaN,NaN,NaN,NaN,NaN,NaN,NaN,NaN,NaN,NaN,NaN
568,4,0,518,695,551,279,647,169,715,141,NaN,NaN,NaN,NaN,NaN,NaN,NaN,NaN,NaN,NaN,NaN,NaN
569,4,0,516,695,548,280,645,170,714,141,NaN,NaN,NaN,NaN,NaN,NaN,NaN,NaN,NaN,NaN,NaN,NaN
570,4,0,513,695,546,280,642,170,711,141,NaN,NaN,NaN,NaN,NaN,NaN,NaN,NaN,NaN,NaN,NaN,NaN
571,4,0,511,695,543,280,639,169,708,141,NaN,NaN,NaN,NaN,NaN,NaN,NaN,NaN,NaN,NaN,NaN,NaN
572,4,0,508,695,540,281,637,169,706,141,NaN,NaN,NaN,NaN,NaN,NaN,NaN,NaN,NaN,NaN,NaN,NaN
573,4,0,506,695,536,281,633,169,702,141,NaN,NaN,NaN,NaN,NaN,NaN,NaN,NaN,NaN,NaN,NaN,NaN
574,4,0,504,695,533,282,630,169,700,141,NaN,NaN,NaN,NaN,NaN,NaN,NaN,NaN,NaN,NaN,NaN,NaN
575,4,0,503,695,530,282,627,169,696,141,NaN,NaN,NaN,NaN,NaN,NaN,NaN,NaN,NaN,NaN,NaN,NaN
576,4,0,501,695,526,283,623,169,692,140,NaN,NaN,NaN,NaN,NaN,NaN,NaN,NaN,NaN,NaN,NaN,NaN
577,4,0,499,695,523,283,619,169,688,140,NaN,NaN,NaN,NaN,NaN,NaN,NaN,NaN,NaN,NaN,NaN,NaN
578,4,0,498,695,520,283,616,169,685,140,NaN,NaN,NaN,NaN,NaN,NaN,NaN,NaN,NaN,NaN,NaN,NaN
579,4,0,498,695,517,284,612,169,681,140,NaN,NaN,NaN,NaN,NaN,NaN,NaN,NaN,NaN,NaN,NaN,NaN
580,4,0,496,695,513,285,609,169,678,140,NaN,NaN,NaN,NaN,NaN,NaN,NaN,NaN,NaN,NaN,NaN,NaN
581,4,0,495,695,510,286,605,170,673,140,NaN,NaN,NaN,NaN,NaN,NaN,NaN,NaN,NaN,NaN,NaN,NaN
582,4,0,493,695,506,287,601,169,669,140,NaN,NaN,NaN,NaN,NaN,NaN,NaN,NaN,NaN,NaN,NaN,NaN
583,4,0,491,695,502,287,596,169,665,139,NaN,NaN,NaN,NaN,NaN,NaN,NaN,NaN,NaN,NaN,NaN,NaN
584,4,0,489,695,497,287,592,169,660,139,NaN,NaN,NaN,NaN,NaN,NaN,NaN,NaN,NaN,NaN,NaN,NaN
585,4,0,486,695,493,288,587,168,656,138,NaN,NaN,NaN,NaN,NaN,NaN,NaN,NaN,NaN,NaN,NaN,NaN
586,4,0,483,695,489,288,583,167,652,138,NaN,NaN,NaN,NaN,NaN,NaN,NaN,NaN,NaN,NaN,NaN,NaN
587,4,0,479,695,484,287,578,166,647,136,NaN,NaN,NaN,NaN,NaN,NaN,NaN,NaN,NaN,NaN,NaN,NaN
588,4,0,475,695,479,287,573,165,642,135,NaN,NaN,NaN,NaN,NaN,NaN,NaN,NaN,NaN,NaN,NaN,NaN
589,4,0,471,695,474,286,569,164,638,133,NaN,NaN,NaN,NaN,NaN,NaN,NaN,NaN,NaN,NaN,NaN,NaN
590,4,0,467,695,470,284,565,162,634,131,NaN,NaN,NaN,NaN,NaN,NaN,NaN,NaN,NaN,NaN,NaN,NaN
591,4,0,464,695,466,283,561,159,630,129,NaN,NaN,NaN,NaN,NaN,NaN,NaN,NaN,NaN,NaN,NaN,NaN
592,4,0,460,695,462,281,558,157,627,127,NaN,NaN,NaN,NaN,NaN,NaN,NaN,NaN,NaN,NaN,NaN,NaN
593,4,0,457,695,459,280,555,155,624,125,NaN,NaN,NaN,NaN,NaN,NaN,NaN,NaN,NaN,NaN,NaN,NaN
594,4,0,454,695,456,279,552,154,622,123,NaN,NaN,NaN,NaN,NaN,NaN,NaN,NaN,NaN,NaN,NaN,NaN
595,4,0,451,695,453,278,549,152,619,121,NaN,NaN,NaN,NaN,NaN,NaN,NaN,NaN,NaN,NaN,NaN,NaN
596,4,0,449,695,450,278,547,151,618,120,NaN,NaN,NaN,NaN,NaN,NaN,NaN,NaN,NaN,NaN,NaN,NaN
597,4,0,446,695,448,277,546,150,616,119,NaN,NaN,NaN,NaN,NaN,NaN,NaN,NaN,NaN,NaN,NaN,NaN
598,4,0,444,695,446,277,544,149,615,118,NaN,NaN,NaN,NaN,NaN,NaN,NaN,NaN,NaN,NaN,NaN,NaN
599,4,0,442,695,445,279,544,150,614,118,NaN,NaN,NaN,NaN,NaN,NaN,NaN,NaN,NaN,NaN,NaN,NaN
600,4,0,439,695,443,280,543,151,614,119,NaN,NaN,NaN,NaN,NaN,NaN,NaN,NaN,NaN,NaN,NaN,NaN
601,4,0,437,695,442,282,543,152,614,120,NaN,NaN,NaN,NaN,NaN,NaN,NaN,NaN,NaN,NaN,NaN,NaN
602,4,0,436,695,442,284,544,153,615,122,NaN,NaN,NaN,NaN,NaN,NaN,NaN,NaN,NaN,NaN,NaN,NaN
603,4,0,435,695,442,287,544,156,616,124,NaN,NaN,NaN,NaN,NaN,NaN,NaN,NaN,NaN,NaN,NaN,NaN
604,4,0,434,695,442,291,545,158,618,127,NaN,NaN,NaN,NaN,NaN,NaN,NaN,NaN,NaN,NaN,NaN,NaN
605,4,0,433,695,444,294,548,161,621,129,NaN,NaN,NaN,NaN,NaN,NaN,NaN,NaN,NaN,NaN,NaN,NaN
606,4,0,434,695,446,297,552,164,625,131,NaN,NaN,NaN,NaN,NaN,NaN,NaN,NaN,NaN,NaN,NaN,NaN
607,4,0,434,695,448,301,554,167,628,135,NaN,NaN,NaN,NaN,NaN,NaN,NaN,NaN,NaN,NaN,NaN,NaN
608,4,0,434,695,450,305,558,170,632,138,NaN,NaN,NaN,NaN,NaN,NaN,NaN,NaN,NaN,NaN,NaN,NaN
609,4,0,435,695,453,308,562,174,636,142,NaN,NaN,NaN,NaN,NaN,NaN,NaN,NaN,NaN,NaN,NaN,NaN
610,4,0,436,695,456,312,565,177,640,145,NaN,NaN,NaN,NaN,NaN,NaN,NaN,NaN,NaN,NaN,NaN,NaN
611,4,0,437,695,459,315,569,179,644,148,NaN,NaN,NaN,NaN,NaN,NaN,NaN,NaN,NaN,NaN,NaN,NaN
612,4,0,437,695,461,317,573,182,648,151,NaN,NaN,NaN,NaN,NaN,NaN,NaN,NaN,NaN,NaN,NaN,NaN
613,4,0,437,695,463,320,576,185,651,153,NaN,NaN,NaN,NaN,NaN,NaN,NaN,NaN,NaN,NaN,NaN,NaN
614,4,0,437,695,465,323,579,188,655,156,NaN,NaN,NaN,NaN,NaN,NaN,NaN,NaN,NaN,NaN,NaN,NaN
615,4,0,437,695,466,325,580,190,656,159,NaN,NaN,NaN,NaN,NaN,NaN,NaN,NaN,NaN,NaN,NaN,NaN
616,4,0,436,695,466,327,582,192,658,161,NaN,NaN,NaN,NaN,NaN,NaN,NaN,NaN,NaN,NaN,NaN,NaN
617,4,0,435,695,466,329,583,194,659,163,NaN,NaN,NaN,NaN,NaN,NaN,NaN,NaN,NaN,NaN,NaN,NaN
618,4,0,434,695,466,331,583,196,660,165,NaN,NaN,NaN,NaN,NaN,NaN,NaN,NaN,NaN,NaN,NaN,NaN
619,4,0,434,695,466,332,583,197,660,166,NaN,NaN,NaN,NaN,NaN,NaN,NaN,NaN,NaN,NaN,NaN,NaN
620,4,0,433,695,466,334,584,198,661,167,NaN,NaN,NaN,NaN,NaN,NaN,NaN,NaN,NaN,NaN,NaN,NaN
621,4,0,432,695,465,335,583,199,661,168,NaN,NaN,NaN,NaN,NaN,NaN,NaN,NaN,NaN,NaN,NaN,NaN
622,4,0,432,695,465,336,583,199,661,169,NaN,NaN,NaN,NaN,NaN,NaN,NaN,NaN,NaN,NaN,NaN,NaN
623,4,0,432,695,464,337,583,200,661,169,NaN,NaN,NaN,NaN,NaN,NaN,NaN,NaN,NaN,NaN,NaN,NaN
624,4,0,432,695,464,338,583,200,661,170,NaN,NaN,NaN,NaN,NaN,NaN,NaN,NaN,NaN,NaN,NaN,NaN
625,4,0,431,695,463,338,583,201,660,170,NaN,NaN,NaN,NaN,NaN,NaN,NaN,NaN,NaN,NaN,NaN,NaN
626,4,0,431,695,463,339,582,201,660,170,NaN,NaN,NaN,NaN,NaN,NaN,NaN,NaN,NaN,NaN,NaN,NaN
627,4,0,431,695,462,340,582,201,660,171,NaN,NaN,NaN,NaN,NaN,NaN,NaN,NaN,NaN,NaN,NaN,NaN
628,4,0,431,695,462,340,582,202,660,171,NaN,NaN,NaN,NaN,NaN,NaN,NaN,NaN,NaN,NaN,NaN,NaN
629,4,0,431,695,462,341,582,202,660,171,NaN,NaN,NaN,NaN,NaN,NaN,NaN,NaN,NaN,NaN,NaN,NaN
630,4,0,432,695,462,342,582,202,660,171,NaN,NaN,NaN,NaN,NaN,NaN,NaN,NaN,NaN,NaN,NaN,NaN
631,4,0,432,695,462,342,582,202,660,171,NaN,NaN,NaN,NaN,NaN,NaN,NaN,NaN,NaN,NaN,NaN,NaN
632,4,0,432,695,462,343,582,202,661,171,NaN,NaN,NaN,NaN,NaN,NaN,NaN,NaN,NaN,NaN,NaN,NaN
633,4,0,432,695,462,343,582,203,661,171,NaN,NaN,NaN,NaN,NaN,NaN,NaN,NaN,NaN,NaN,NaN,NaN
634,4,0,432,695,462,343,582,202,661,171,NaN,NaN,NaN,NaN,NaN,NaN,NaN,NaN,NaN,NaN,NaN,NaN
635,4,0,432,695,461,343,582,202,661,171,NaN,NaN,NaN,NaN,NaN,NaN,NaN,NaN,NaN,NaN,NaN,NaN
636,4,0,431,695,461,343,582,202,662,171,NaN,NaN,NaN,NaN,NaN,NaN,NaN,NaN,NaN,NaN,NaN,NaN
637,4,0,431,695,461,343,582,202,662,171,NaN,NaN,NaN,NaN,NaN,NaN,NaN,NaN,NaN,NaN,NaN,NaN
638,4,0,431,695,460,343,582,202,662,171,NaN,NaN,NaN,NaN,NaN,NaN,NaN,NaN,NaN,NaN,NaN,NaN
639,4,0,431,695,460,343,583,201,662,171,NaN,NaN,NaN,NaN,NaN,NaN,NaN,NaN,NaN,NaN,NaN,NaN
640,4,0,430,695,460,343,583,201,663,171,NaN,NaN,NaN,NaN,NaN,NaN,NaN,NaN,NaN,NaN,NaN,NaN
641,4,0,430,695,460,343,583,201,663,170,NaN,NaN,NaN,NaN,NaN,NaN,NaN,NaN,NaN,NaN,NaN,NaN
642,4,0,430,695,460,343,583,201,663,170,NaN,NaN,NaN,NaN,NaN,NaN,NaN,NaN,NaN,NaN,NaN,NaN
643,4,0,429,695,459,343,583,201,663,170,NaN,NaN,NaN,NaN,NaN,NaN,NaN,NaN,NaN,NaN,NaN,NaN
644,4,0,429,695,459,344,583,201,664,170,NaN,NaN,NaN,NaN,NaN,NaN,NaN,NaN,NaN,NaN,NaN,NaN
645,4,0,428,695,459,344,583,201,664,170,NaN,NaN,NaN,NaN,NaN,NaN,NaN,NaN,NaN,NaN,NaN,NaN
646,4,0,428,695,458,344,583,201,664,170,NaN,NaN,NaN,NaN,NaN,NaN,NaN,NaN,NaN,NaN,NaN,NaN
647,4,0,427,695,458,344,583,201,665,170,NaN,NaN,NaN,NaN,NaN,NaN,NaN,NaN,NaN,NaN,NaN,NaN
648,4,0,427,695,458,344,584,201,665,170,NaN,NaN,NaN,NaN,NaN,NaN,NaN,NaN,NaN,NaN,NaN,NaN
649,4,0,426,695,458,344,584,200,665,170,NaN,NaN,NaN,NaN,NaN,NaN,NaN,NaN,NaN,NaN,NaN,NaN
650,4,0,426,695,457,344,584,200,666,170,NaN,NaN,NaN,NaN,NaN,NaN,NaN,NaN,NaN,NaN,NaN,NaN
651,4,0,425,695,457,344,584,200,666,170,NaN,NaN,NaN,NaN,NaN,NaN,NaN,NaN,NaN,NaN,NaN,NaN
652,4,0,424,695,457,344,584,200,666,170,NaN,NaN,NaN,NaN,NaN,NaN,NaN,NaN,NaN,NaN,NaN,NaN
653,4,0,424,695,456,344,584,200,666,170,NaN,NaN,NaN,NaN,NaN,NaN,NaN,NaN,NaN,NaN,NaN,NaN
654,4,0,423,695,456,344,585,200,667,169,NaN,NaN,NaN,NaN,NaN,NaN,NaN,NaN,NaN,NaN,NaN,NaN
655,4,0,422,695,456,344,584,200,667,169,NaN,NaN,NaN,NaN,NaN,NaN,NaN,NaN,NaN,NaN,NaN,NaN
656,4,0,422,695,455,344,585,199,667,169,NaN,NaN,NaN,NaN,NaN,NaN,NaN,NaN,NaN,NaN,NaN,NaN
657,4,0,421,695,455,344,585,199,668,169,NaN,NaN,NaN,NaN,NaN,NaN,NaN,NaN,NaN,NaN,NaN,NaN
658,4,1,421,695,455,344,585,199,668,169,NaN,NaN,NaN,NaN,NaN,NaN,NaN,NaN,NaN,NaN,NaN,NaN
659,4,0,421,695,455,344,585,199,668,169,NaN,NaN,NaN,NaN,NaN,NaN,NaN,NaN,NaN,NaN,NaN,NaN
660,4,0,421,695,456,344,586,199,669,169,NaN,NaN,NaN,NaN,NaN,NaN,NaN,NaN,NaN,NaN,NaN,NaN
661,4,0,421,695,456,344,587,199,669,169,NaN,NaN,NaN,NaN,NaN,NaN,NaN,NaN,NaN,NaN,NaN,NaN
662,4,0,422,695,457,344,588,199,671,169,NaN,NaN,NaN,NaN,NaN,NaN,NaN,NaN,NaN,NaN,NaN,NaN
663,4,0,424,695,459,344,590,199,673,169,NaN,NaN,NaN,NaN,NaN,NaN,NaN,NaN,NaN,NaN,NaN,NaN
664,4,0,426,695,462,344,592,199,675,169,NaN,NaN,NaN,NaN,NaN,NaN,NaN,NaN,NaN,NaN,NaN,NaN
665,4,0,429,695,464,343,594,199,677,169,NaN,NaN,NaN,NaN,NaN,NaN,NaN,NaN,NaN,NaN,NaN,NaN
666,4,0,432,695,467,343,597,198,680,168,NaN,NaN,NaN,NaN,NaN,NaN,NaN,NaN,NaN,NaN,NaN,NaN
667,4,0,435,695,470,342,600,197,683,168,NaN,NaN,NaN,NaN,NaN,NaN,NaN,NaN,NaN,NaN,NaN,NaN
668,4,0,438,695,473,342,603,197,686,167,NaN,NaN,NaN,NaN,NaN,NaN,NaN,NaN,NaN,NaN,NaN,NaN
669,4,0,441,695,476,341,606,196,689,167,NaN,NaN,NaN,NaN,NaN,NaN,NaN,NaN,NaN,NaN,NaN,NaN
670,4,0,444,695,479,341,609,195,692,166,NaN,NaN,NaN,NaN,NaN,NaN,NaN,NaN,NaN,NaN,NaN,NaN
671,4,0,447,695,482,340,612,195,694,165,NaN,NaN,NaN,NaN,NaN,NaN,NaN,NaN,NaN,NaN,NaN,NaN
672,4,0,450,695,485,340,614,194,697,164,NaN,NaN,NaN,NaN,NaN,NaN,NaN,NaN,NaN,NaN,NaN,NaN
673,4,0,452,695,486,339,616,193,698,163,NaN,NaN,NaN,NaN,NaN,NaN,NaN,NaN,NaN,NaN,NaN,NaN
674,715,10,0,479,0,505,-664801814,134,601478,117,1831408064,479,431,779,1890928160,911,431,327,1083,224,500,346
