Frame,#ofPoints,ManualInput,X1,Y1,X2,Y2,X3,Y3,X4,Y4,X5,Y5,X6,Y6,X7,Y7,X8,Y8,X9,Y9,X10,Y10
0,5,1,749,698,778,553,673,446,650,393,620,368,NaN,NaN,NaN,NaN,NaN,NaN,NaN,NaN,NaN,NaN
1,5,0,750,695,777,552,673,446,650,393,620,368,NaN,NaN,NaN,NaN,NaN,NaN,NaN,NaN,NaN,NaN
2,5,0,753,695,778,551,674,445,651,393,621,368,NaN,NaN,NaN,NaN,NaN,NaN,NaN,NaN,NaN,NaN
3,5,0,754,694,778,549,674,445,651,393,621,368,NaN,NaN,NaN,NaN,NaN,NaN,NaN,NaN,NaN,NaN
4,5,0,756,694,778,549,674,445,651,393,621,368,NaN,NaN,NaN,NaN,NaN,NaN,NaN,NaN,NaN,NaN
5,5,0,757,694,778,548,675,445,652,394,620,368,NaN,NaN,NaN,NaN,NaN,NaN,NaN,NaN,NaN,NaN
6,5,0,759,695,778,548,675,445,652,394,621,368,NaN,NaN,NaN,NaN,NaN,NaN,NaN,NaN,NaN,NaN
7,5,0,761,695,778,547,675,444,652,394,621,369,NaN,NaN,NaN,NaN,NaN,NaN,NaN,NaN,NaN,NaN
8,5,0,762,695,777,546,675,444,652,395,620,369,NaN,NaN,NaN,NaN,NaN,NaN,NaN,NaN,NaN,NaN
9,5,0,763,695,777,545,675,444,652,395,621,369,NaN,NaN,NaN,NaN,NaN,NaN,NaN,NaN,NaN,NaN
10,5,0,764,695,777,545,676,444,652,395,621,369,NaN,NaN,NaN,NaN,NaN,NaN,NaN,NaN,NaN,NaN
11,5,0,766,695,777,544,676,444,653,395,621,370,NaN,NaN,NaN,NaN,NaN,NaN,NaN,NaN,NaN,NaN
12,5,0,768,695,777,543,676,444,653,396,622,370,NaN,NaN,NaN,NaN,NaN,NaN,NaN,NaN,NaN,NaN
13,5,0,770,695,777,542,677,444,654,396,622,370,NaN,NaN,NaN,NaN,NaN,NaN,NaN,NaN,NaN,NaN
14,5,0,771,695,777,541,678,444,654,397,622,371,NaN,NaN,NaN,NaN,NaN,NaN,NaN,NaN,NaN,NaN
15,5,0,772,695,776,541,677,444,654,398,622,371,NaN,NaN,NaN,NaN,NaN,NaN,NaN,NaN,NaN,NaN
16,5,0,772,695,776,542,677,445,653,399,621,372,NaN,NaN,NaN,NaN,NaN,NaN,NaN,NaN,NaN,NaN
17,5,0,770,695,772,542,673,446,650,400,619,373,NaN,NaN,NaN,NaN,NaN,NaN,NaN,NaN,NaN,NaN
18,5,0,768,695,769,542,671,446,648,401,615,374,NaN,NaN,NaN,NaN,NaN,NaN,NaN,NaN,NaN,NaN
19,5,0,766,695,765,542,668,447,645,401,612,375,NaN,NaN,NaN,NaN,NaN,NaN,NaN,NaN,NaN,NaN
20,5,0,765,695,762,542,665,448,643,402,610,376,NaN,NaN,NaN,NaN,NaN,NaN,NaN,NaN,NaN,NaN
21,5,0,764,695,760,543,664,449,641,404,608,377,NaN,NaN,NaN,NaN,NaN,NaN,NaN,NaN,NaN,NaN
22,5,0,764,695,758,544,662,450,639,405,606,378,NaN,NaN,NaN,NaN,NaN,NaN,NaN,NaN,NaN,NaN
23,5,0,765,695,756,546,660,452,638,408,604,380,NaN,NaN,NaN,NaN,NaN,NaN,NaN,NaN,NaN,NaN
24,5,0,764,695,754,547,658,453,636,409,602,382,NaN,NaN,NaN,NaN,NaN,NaN,NaN,NaN,NaN,NaN
25,5,0,764,695,752,548,657,455,635,410,601,383,NaN,NaN,NaN,NaN,NaN,NaN,NaN,NaN,NaN,NaN
26,5,0,764,695,750,549,656,455,634,411,600,384,NaN,NaN,NaN,NaN,NaN,NaN,NaN,NaN,NaN,NaN
27,5,0,764,695,749,550,655,456,633,412,599,385,NaN,NaN,NaN,NaN,NaN,NaN,NaN,NaN,NaN,NaN
28,5,0,764,695,748,550,654,457,632,413,598,386,NaN,NaN,NaN,NaN,NaN,NaN,NaN,NaN,NaN,NaN
29,5,0,764,695,746,550,653,457,631,414,597,387,NaN,NaN,NaN,NaN,NaN,NaN,NaN,NaN,NaN,NaN
30,5,0,764,695,745,550,652,457,631,415,596,387,NaN,NaN,NaN,NaN,NaN,NaN,NaN,NaN,NaN,NaN
31,5,0,765,695,745,551,652,460,630,418,595,389,NaN,NaN,NaN,NaN,NaN,NaN,NaN,NaN,NaN,NaN
32,5,0,766,695,743,554,650,462,629,422,594,391,NaN,NaN,NaN,NaN,NaN,NaN,NaN,NaN,NaN,NaN
33,5,0,770,695,746,554,653,462,634,422,597,391,NaN,NaN,NaN,NaN,NaN,NaN,NaN,NaN,NaN,NaN
34,5,0,773,695,747,556,655,462,638,422,597,393,NaN,NaN,NaN,NaN,NaN,NaN,NaN,NaN,NaN,NaN
35,5,0,778,695,750,559,658,465,642,424,601,395,NaN,NaN,NaN,NaN,NaN,NaN,NaN,NaN,NaN,NaN
36,5,0,780,695,750,563,659,468,643,427,601,397,NaN,NaN,NaN,NaN,NaN,NaN,NaN,NaN,NaN,NaN
37,5,0,783,695,751,564,660,469,644,428,602,397,NaN,NaN,NaN,NaN,NaN,NaN,NaN,NaN,NaN,NaN
38,5,0,783,695,749,567,659,471,643,430,601,399,NaN,NaN,NaN,NaN,NaN,NaN,NaN,NaN,NaN,NaN
39,5,0,782,695,747,569,657,473,642,432,599,401,NaN,NaN,NaN,NaN,NaN,NaN,NaN,NaN,NaN,NaN
40,5,0,781,695,744,571,655,474,640,433,597,402,NaN,NaN,NaN,NaN,NaN,NaN,NaN,NaN,NaN,NaN
41,5,0,780,695,741,573,653,476,638,435,595,403,NaN,NaN,NaN,NaN,NaN,NaN,NaN,NaN,NaN,NaN
42,5,0,778,695,738,574,650,477,635,436,592,405,NaN,NaN,NaN,NaN,NaN,NaN,NaN,NaN,NaN,NaN
43,5,0,776,695,735,575,648,478,633,438,590,405,NaN,NaN,NaN,NaN,NaN,NaN,NaN,NaN,NaN,NaN
44,5,0,775,695,732,575,645,479,631,439,587,406,NaN,NaN,NaN,NaN,NaN,NaN,NaN,NaN,NaN,NaN
45,5,0,773,695,728,576,643,480,629,439,585,407,NaN,NaN,NaN,NaN,NaN,NaN,NaN,NaN,NaN,NaN
46,5,0,771,695,725,576,640,480,626,440,582,407,NaN,NaN,NaN,NaN,NaN,NaN,NaN,NaN,NaN,NaN
47,5,0,768,695,721,577,637,481,623,441,579,408,NaN,NaN,NaN,NaN,NaN,NaN,NaN,NaN,NaN,NaN
48,5,0,766,695,717,577,634,481,620,442,576,408,NaN,NaN,NaN,NaN,NaN,NaN,NaN,NaN,NaN,NaN
49,5,0,764,695,714,577,631,482,617,442,573,409,NaN,NaN,NaN,NaN,NaN,NaN,NaN,NaN,NaN,NaN
50,5,0,762,695,710,577,627,482,614,443,570,409,NaN,NaN,NaN,NaN,NaN,NaN,NaN,NaN,NaN,NaN
51,5,0,761,695,707,577,625,482,612,444,567,410,NaN,NaN,NaN,NaN,NaN,NaN,NaN,NaN,NaN,NaN
52,5,0,759,695,703,577,621,483,609,444,563,410,NaN,NaN,NaN,NaN,NaN,NaN,NaN,NaN,NaN,NaN
53,5,0,756,695,698,578,616,484,604,445,558,411,NaN,NaN,NaN,NaN,NaN,NaN,NaN,NaN,NaN,NaN
54,5,0,753,695,693,578,611,484,599,446,553,412,NaN,NaN,NaN,NaN,NaN,NaN,NaN,NaN,NaN,NaN
55,5,0,751,695,689,579,608,485,596,448,549,413,NaN,NaN,NaN,NaN,NaN,NaN,NaN,NaN,NaN,NaN
56,5,0,749,695,685,581,604,488,591,450,546,414,NaN,NaN,NaN,NaN,NaN,NaN,NaN,NaN,NaN,NaN
57,5,0,748,695,682,585,600,492,588,454,540,419,NaN,NaN,NaN,NaN,NaN,NaN,NaN,NaN,NaN,NaN
58,5,0,743,695,677,584,596,493,582,454,535,420,NaN,NaN,NaN,NaN,NaN,NaN,NaN,NaN,NaN,NaN
59,5,0,743,695,670,587,588,494,574,454,524,420,NaN,NaN,NaN,NaN,NaN,NaN,NaN,NaN,NaN,NaN
60,5,0,741,695,665,588,583,495,570,455,519,421,NaN,NaN,NaN,NaN,NaN,NaN,NaN,NaN,NaN,NaN
61,5,0,739,695,661,589,579,496,563,456,514,422,NaN,NaN,NaN,NaN,NaN,NaN,NaN,NaN,NaN,NaN
62,5,0,739,695,658,590,576,497,562,457,511,423,NaN,NaN,NaN,NaN,NaN,NaN,NaN,NaN,NaN,NaN
63,5,0,739,695,656,590,574,498,560,458,510,424,NaN,NaN,NaN,NaN,NaN,NaN,NaN,NaN,NaN,NaN
64,5,0,739,695,655,590,573,499,559,459,509,424,NaN,NaN,NaN,NaN,NaN,NaN,NaN,NaN,NaN,NaN
65,5,0,740,695,653,590,572,499,559,460,508,425,NaN,NaN,NaN,NaN,NaN,NaN,NaN,NaN,NaN,NaN
66,5,1,740,702,652,589,572,499,559,460,508,425,NaN,NaN,NaN,NaN,NaN,NaN,NaN,NaN,NaN,NaN
67,5,0,731,695,653,592,572,501,559,461,508,426,NaN,NaN,NaN,NaN,NaN,NaN,NaN,NaN,NaN,NaN
68,5,0,729,695,653,594,572,502,558,463,507,428,NaN,NaN,NaN,NaN,NaN,NaN,NaN,NaN,NaN,NaN
69,5,0,727,695,653,596,572,504,558,464,507,429,NaN,NaN,NaN,NaN,NaN,NaN,NaN,NaN,NaN,NaN
70,5,0,723,695,653,598,571,505,558,465,506,430,NaN,NaN,NaN,NaN,NaN,NaN,NaN,NaN,NaN,NaN
71,5,0,721,695,653,599,571,506,557,466,505,431,NaN,NaN,NaN,NaN,NaN,NaN,NaN,NaN,NaN,NaN
72,5,0,719,695,653,601,571,507,557,467,505,431,NaN,NaN,NaN,NaN,NaN,NaN,NaN,NaN,NaN,NaN
73,5,0,717,695,653,602,571,508,557,468,505,431,NaN,NaN,NaN,NaN,NaN,NaN,NaN,NaN,NaN,NaN
74,5,0,715,695,654,603,572,508,558,468,506,431,NaN,NaN,NaN,NaN,NaN,NaN,NaN,NaN,NaN,NaN
75,5,0,714,695,655,604,572,509,558,468,507,432,NaN,NaN,NaN,NaN,NaN,NaN,NaN,NaN,NaN,NaN
76,5,0,713,695,657,606,574,510,561,469,509,432,NaN,NaN,NaN,NaN,NaN,NaN,NaN,NaN,NaN,NaN
77,5,0,711,695,658,608,575,512,561,470,509,433,NaN,NaN,NaN,NaN,NaN,NaN,NaN,NaN,NaN,NaN
78,5,0,708,695,657,610,574,513,560,471,509,434,NaN,NaN,NaN,NaN,NaN,NaN,NaN,NaN,NaN,NaN
79,5,0,703,695,656,612,573,514,559,472,507,435,NaN,NaN,NaN,NaN,NaN,NaN,NaN,NaN,NaN,NaN
80,5,0,698,695,654,614,571,515,558,473,506,436,NaN,NaN,NaN,NaN,NaN,NaN,NaN,NaN,NaN,NaN
81,5,0,693,695,651,616,569,516,556,474,504,436,NaN,NaN,NaN,NaN,NaN,NaN,NaN,NaN,NaN,NaN
82,5,0,687,695,648,618,566,517,554,474,502,437,NaN,NaN,NaN,NaN,NaN,NaN,NaN,NaN,NaN,NaN
83,5,0,682,695,645,620,564,518,552,475,500,438,NaN,NaN,NaN,NaN,NaN,NaN,NaN,NaN,NaN,NaN
84,5,0,677,695,642,622,562,520,550,476,498,438,NaN,NaN,NaN,NaN,NaN,NaN,NaN,NaN,NaN,NaN
85,5,0,670,695,639,627,559,524,547,480,496,441,NaN,NaN,NaN,NaN,NaN,NaN,NaN,NaN,NaN,NaN
86,5,0,665,695,636,632,557,526,545,481,493,443,NaN,NaN,NaN,NaN,NaN,NaN,NaN,NaN,NaN,NaN
87,5,0,659,695,633,636,554,529,543,484,491,445,NaN,NaN,NaN,NaN,NaN,NaN,NaN,NaN,NaN,NaN
88,5,0,653,695,630,640,551,532,541,486,488,448,NaN,NaN,NaN,NaN,NaN,NaN,NaN,NaN,NaN,NaN
89,5,0,647,695,626,644,549,534,538,488,486,449,NaN,NaN,NaN,NaN,NaN,NaN,NaN,NaN,NaN,NaN
90,5,0,642,695,623,647,546,537,536,489,484,451,NaN,NaN,NaN,NaN,NaN,NaN,NaN,NaN,NaN,NaN
91,5,0,638,695,622,653,545,541,535,493,483,454,NaN,NaN,NaN,NaN,NaN,NaN,NaN,NaN,NaN,NaN
92,5,0,634,695,620,657,543,544,533,496,482,458,NaN,NaN,NaN,NaN,NaN,NaN,NaN,NaN,NaN,NaN
93,5,0,632,695,619,661,542,547,533,498,481,459,NaN,NaN,NaN,NaN,NaN,NaN,NaN,NaN,NaN,NaN
94,5,0,630,695,618,664,542,548,533,499,480,460,NaN,NaN,NaN,NaN,NaN,NaN,NaN,NaN,NaN,NaN
95,5,0,628,695,617,666,541,549,532,500,480,460,NaN,NaN,NaN,NaN,NaN,NaN,NaN,NaN,NaN,NaN
96,5,0,627,695,616,668,540,550,531,500,479,461,NaN,NaN,NaN,NaN,NaN,NaN,NaN,NaN,NaN,NaN
97,5,0,625,695,615,669,539,551,531,501,478,461,NaN,NaN,NaN,NaN,NaN,NaN,NaN,NaN,NaN,NaN
98,5,0,624,695,615,670,539,551,530,501,477,461,NaN,NaN,NaN,NaN,NaN,NaN,NaN,NaN,NaN,NaN
99,5,0,623,695,614,671,538,551,530,501,477,461,NaN,NaN,NaN,NaN,NaN,NaN,NaN,NaN,NaN,NaN
100,5,0,622,695,614,671,537,551,529,500,476,460,NaN,NaN,NaN,NaN,NaN,NaN,NaN,NaN,NaN,NaN
101,5,0,622,695,613,671,537,550,529,499,476,458,NaN,NaN,NaN,NaN,NaN,NaN,NaN,NaN,NaN,NaN
102,5,0,622,694,613,670,537,548,528,497,476,457,NaN,NaN,NaN,NaN,NaN,NaN,NaN,NaN,NaN,NaN
103,5,0,622,692,613,668,537,546,528,495,476,455,NaN,NaN,NaN,NaN,NaN,NaN,NaN,NaN,NaN,NaN
104,5,0,622,691,614,667,537,544,529,493,476,453,NaN,NaN,NaN,NaN,NaN,NaN,NaN,NaN,NaN,NaN
105,5,0,623,689,615,665,538,542,529,491,476,451,NaN,NaN,NaN,NaN,NaN,NaN,NaN,NaN,NaN,NaN
106,5,0,624,689,616,664,538,541,530,490,477,449,NaN,NaN,NaN,NaN,NaN,NaN,NaN,NaN,NaN,NaN
107,5,0,626,688,618,664,539,540,531,488,477,448,NaN,NaN,NaN,NaN,NaN,NaN,NaN,NaN,NaN,NaN
108,5,0,627,688,619,664,541,539,532,487,478,446,NaN,NaN,NaN,NaN,NaN,NaN,NaN,NaN,NaN,NaN
109,5,0,629,689,621,664,542,538,533,486,479,445,NaN,NaN,NaN,NaN,NaN,NaN,NaN,NaN,NaN,NaN
110,5,0,631,690,623,665,543,537,534,485,480,444,NaN,NaN,NaN,NaN,NaN,NaN,NaN,NaN,NaN,NaN
111,5,0,633,690,625,665,544,537,535,485,481,443,NaN,NaN,NaN,NaN,NaN,NaN,NaN,NaN,NaN,NaN
112,5,0,635,694,627,669,545,538,536,486,482,444,NaN,NaN,NaN,NaN,NaN,NaN,NaN,NaN,NaN,NaN
113,5,0,637,695,629,676,546,543,537,489,482,447,NaN,NaN,NaN,NaN,NaN,NaN,NaN,NaN,NaN,NaN
114,5,0,639,695,632,684,547,548,538,494,483,453,NaN,NaN,NaN,NaN,NaN,NaN,NaN,NaN,NaN,NaN
115,4,1,639,695,547,548,538,494,483,453,NaN,NaN,NaN,NaN,NaN,NaN,NaN,NaN,NaN,NaN,NaN,NaN
116,4,0,637,695,547,551,538,494,483,456,NaN,NaN,NaN,NaN,NaN,NaN,NaN,NaN,NaN,NaN,NaN,NaN
117,4,0,638,695,548,552,539,494,483,456,NaN,NaN,NaN,NaN,NaN,NaN,NaN,NaN,NaN,NaN,NaN,NaN
118,4,0,640,695,549,551,540,493,484,454,NaN,NaN,NaN,NaN,NaN,NaN,NaN,NaN,NaN,NaN,NaN,NaN
119,4,0,640,695,549,551,539,492,484,453,NaN,NaN,NaN,NaN,NaN,NaN,NaN,NaN,NaN,NaN,NaN,NaN
120,4,0,641,695,549,550,539,491,483,452,NaN,NaN,NaN,NaN,NaN,NaN,NaN,NaN,NaN,NaN,NaN,NaN
121,4,0,642,695,549,549,540,490,484,450,NaN,NaN,NaN,NaN,NaN,NaN,NaN,NaN,NaN,NaN,NaN,NaN
122,4,0,643,695,549,548,540,488,484,448,NaN,NaN,NaN,NaN,NaN,NaN,NaN,NaN,NaN,NaN,NaN,NaN
123,4,0,645,695,549,547,540,486,484,446,NaN,NaN,NaN,NaN,NaN,NaN,NaN,NaN,NaN,NaN,NaN,NaN
124,4,0,647,694,550,545,541,484,484,444,NaN,NaN,NaN,NaN,NaN,NaN,NaN,NaN,NaN,NaN,NaN,NaN
125,4,0,649,692,551,541,542,480,485,440,NaN,NaN,NaN,NaN,NaN,NaN,NaN,NaN,NaN,NaN,NaN,NaN
126,4,0,652,687,553,536,543,476,487,435,NaN,NaN,NaN,NaN,NaN,NaN,NaN,NaN,NaN,NaN,NaN,NaN
127,4,0,655,682,554,530,545,470,489,428,NaN,NaN,NaN,NaN,NaN,NaN,NaN,NaN,NaN,NaN,NaN,NaN
128,4,0,658,677,556,523,546,463,491,421,NaN,NaN,NaN,NaN,NaN,NaN,NaN,NaN,NaN,NaN,NaN,NaN
129,4,0,660,673,557,518,547,459,492,416,NaN,NaN,NaN,NaN,NaN,NaN,NaN,NaN,NaN,NaN,NaN,NaN
130,4,0,663,670,558,515,551,454,496,412,NaN,NaN,NaN,NaN,NaN,NaN,NaN,NaN,NaN,NaN,NaN,NaN
131,4,0,665,670,559,513,553,451,497,409,NaN,NaN,NaN,NaN,NaN,NaN,NaN,NaN,NaN,NaN,NaN,NaN
132,4,0,667,670,560,512,554,449,498,407,NaN,NaN,NaN,NaN,NaN,NaN,NaN,NaN,NaN,NaN,NaN,NaN
133,4,0,668,670,560,510,555,447,499,405,NaN,NaN,NaN,NaN,NaN,NaN,NaN,NaN,NaN,NaN,NaN,NaN
134,4,0,669,670,560,509,555,445,499,404,NaN,NaN,NaN,NaN,NaN,NaN,NaN,NaN,NaN,NaN,NaN,NaN
135,4,0,670,670,559,508,555,444,499,402,NaN,NaN,NaN,NaN,NaN,NaN,NaN,NaN,NaN,NaN,NaN,NaN
136,4,0,670,670,559,507,555,442,499,400,NaN,NaN,NaN,NaN,NaN,NaN,NaN,NaN,NaN,NaN,NaN,NaN
137,4,0,670,671,558,506,554,441,500,399,NaN,NaN,NaN,NaN,NaN,NaN,NaN,NaN,NaN,NaN,NaN,NaN
138,4,0,671,673,558,506,555,440,500,398,NaN,NaN,NaN,NaN,NaN,NaN,NaN,NaN,NaN,NaN,NaN,NaN
139,4,0,673,675,558,506,555,439,500,397,NaN,NaN,NaN,NaN,NaN,NaN,NaN,NaN,NaN,NaN,NaN,NaN
140,4,0,674,677,558,506,555,439,500,396,NaN,NaN,NaN,NaN,NaN,NaN,NaN,NaN,NaN,NaN,NaN,NaN
141,4,0,675,679,558,506,555,438,501,395,NaN,NaN,NaN,NaN,NaN,NaN,NaN,NaN,NaN,NaN,NaN,NaN
142,4,0,677,681,558,505,556,437,501,393,NaN,NaN,NaN,NaN,NaN,NaN,NaN,NaN,NaN,NaN,NaN,NaN
143,4,0,679,681,559,504,556,436,502,392,NaN,NaN,NaN,NaN,NaN,NaN,NaN,NaN,NaN,NaN,NaN,NaN
144,4,0,681,681,559,502,557,434,503,389,NaN,NaN,NaN,NaN,NaN,NaN,NaN,NaN,NaN,NaN,NaN,NaN
145,4,0,683,679,560,497,558,430,504,384,NaN,NaN,NaN,NaN,NaN,NaN,NaN,NaN,NaN,NaN,NaN,NaN
146,4,0,685,676,561,493,559,425,505,379,NaN,NaN,NaN,NaN,NaN,NaN,NaN,NaN,NaN,NaN,NaN,NaN
147,4,0,688,674,562,490,560,420,506,375,NaN,NaN,NaN,NaN,NaN,NaN,NaN,NaN,NaN,NaN,NaN,NaN
148,4,0,691,673,562,488,560,417,507,372,NaN,NaN,NaN,NaN,NaN,NaN,NaN,NaN,NaN,NaN,NaN,NaN
149,4,0,694,673,563,486,561,415,507,370,NaN,NaN,NaN,NaN,NaN,NaN,NaN,NaN,NaN,NaN,NaN,NaN
150,4,0,697,674,564,485,562,414,508,369,NaN,NaN,NaN,NaN,NaN,NaN,NaN,NaN,NaN,NaN,NaN,NaN
151,4,0,700,675,565,484,563,413,509,367,NaN,NaN,NaN,NaN,NaN,NaN,NaN,NaN,NaN,NaN,NaN,NaN
152,4,0,704,676,566,484,565,412,510,366,NaN,NaN,NaN,NaN,NaN,NaN,NaN,NaN,NaN,NaN,NaN,NaN
153,4,0,707,677,567,483,566,411,512,365,NaN,NaN,NaN,NaN,NaN,NaN,NaN,NaN,NaN,NaN,NaN,NaN
154,4,0,710,679,568,483,566,411,512,365,NaN,NaN,NaN,NaN,NaN,NaN,NaN,NaN,NaN,NaN,NaN,NaN
155,4,0,713,683,568,483,566,411,512,365,NaN,NaN,NaN,NaN,NaN,NaN,NaN,NaN,NaN,NaN,NaN,NaN
156,4,0,715,688,567,486,566,412,512,366,NaN,NaN,NaN,NaN,NaN,NaN,NaN,NaN,NaN,NaN,NaN,NaN
157,4,0,716,694,565,488,566,414,509,367,NaN,NaN,NaN,NaN,NaN,NaN,NaN,NaN,NaN,NaN,NaN,NaN
158,4,0,716,695,563,489,561,414,506,367,NaN,NaN,NaN,NaN,NaN,NaN,NaN,NaN,NaN,NaN,NaN,NaN
159,4,0,717,695,561,491,559,415,505,367,NaN,NaN,NaN,NaN,NaN,NaN,NaN,NaN,NaN,NaN,NaN,NaN
160,4,0,718,695,560,493,558,416,504,368,NaN,NaN,NaN,NaN,NaN,NaN,NaN,NaN,NaN,NaN,NaN,NaN
161,4,0,720,695,559,495,558,417,503,368,NaN,NaN,NaN,NaN,NaN,NaN,NaN,NaN,NaN,NaN,NaN,NaN
162,4,1,722,692,559,495,558,417,503,368,NaN,NaN,NaN,NaN,NaN,NaN,NaN,NaN,NaN,NaN,NaN,NaN
163,4,0,720,695,560,495,558,417,503,368,NaN,NaN,NaN,NaN,NaN,NaN,NaN,NaN,NaN,NaN,NaN,NaN
164,4,0,716,695,561,495,559,417,503,367,NaN,NaN,NaN,NaN,NaN,NaN,NaN,NaN,NaN,NaN,NaN,NaN
165,4,0,713,695,562,497,559,417,504,367,NaN,NaN,NaN,NaN,NaN,NaN,NaN,NaN,NaN,NaN,NaN,NaN
166,4,0,709,695,563,497,560,418,505,367,NaN,NaN,NaN,NaN,NaN,NaN,NaN,NaN,NaN,NaN,NaN,NaN
167,4,0,706,695,564,498,561,418,506,367,NaN,NaN,NaN,NaN,NaN,NaN,NaN,NaN,NaN,NaN,NaN,NaN
168,4,0,702,695,565,497,562,417,506,367,NaN,NaN,NaN,NaN,NaN,NaN,NaN,NaN,NaN,NaN,NaN,NaN
169,4,0,699,695,566,497,563,417,507,366,NaN,NaN,NaN,NaN,NaN,NaN,NaN,NaN,NaN,NaN,NaN,NaN
170,4,0,695,695,567,495,563,417,507,365,NaN,NaN,NaN,NaN,NaN,NaN,NaN,NaN,NaN,NaN,NaN,NaN
171,4,0,692,695,567,494,563,416,507,364,NaN,NaN,NaN,NaN,NaN,NaN,NaN,NaN,NaN,NaN,NaN,NaN
172,4,0,689,695,567,493,563,415,508,363,NaN,NaN,NaN,NaN,NaN,NaN,NaN,NaN,NaN,NaN,NaN,NaN
173,4,0,685,695,567,492,563,414,508,363,NaN,NaN,NaN,NaN,NaN,NaN,NaN,NaN,NaN,NaN,NaN,NaN
174,4,0,682,695,568,492,563,414,508,362,NaN,NaN,NaN,NaN,NaN,NaN,NaN,NaN,NaN,NaN,NaN,NaN
175,4,0,678,695,568,492,564,413,509,362,NaN,NaN,NaN,NaN,NaN,NaN,NaN,NaN,NaN,NaN,NaN,NaN
176,4,0,676,695,569,491,565,413,510,361,NaN,NaN,NaN,NaN,NaN,NaN,NaN,NaN,NaN,NaN,NaN,NaN
177,4,0,673,695,571,492,569,414,512,362,NaN,NaN,NaN,NaN,NaN,NaN,NaN,NaN,NaN,NaN,NaN,NaN
178,4,0,672,695,575,494,572,416,515,363,NaN,NaN,NaN,NaN,NaN,NaN,NaN,NaN,NaN,NaN,NaN,NaN
179,4,0,670,695,577,496,574,417,516,364,NaN,NaN,NaN,NaN,NaN,NaN,NaN,NaN,NaN,NaN,NaN,NaN
180,4,0,666,695,579,498,575,419,517,366,NaN,NaN,NaN,NaN,NaN,NaN,NaN,NaN,NaN,NaN,NaN,NaN
181,4,0,662,695,579,501,575,421,517,367,NaN,NaN,NaN,NaN,NaN,NaN,NaN,NaN,NaN,NaN,NaN,NaN
182,4,0,659,695,579,502,575,422,517,368,NaN,NaN,NaN,NaN,NaN,NaN,NaN,NaN,NaN,NaN,NaN,NaN
183,4,0,655,695,579,504,574,424,516,369,NaN,NaN,NaN,NaN,NaN,NaN,NaN,NaN,NaN,NaN,NaN,NaN
184,4,0,653,695,579,505,574,424,516,370,NaN,NaN,NaN,NaN,NaN,NaN,NaN,NaN,NaN,NaN,NaN,NaN
185,4,0,650,695,580,505,574,425,515,370,NaN,NaN,NaN,NaN,NaN,NaN,NaN,NaN,NaN,NaN,NaN,NaN
186,4,0,647,695,580,505,573,426,514,370,NaN,NaN,NaN,NaN,NaN,NaN,NaN,NaN,NaN,NaN,NaN,NaN
187,4,0,645,695,580,506,573,425,513,371,NaN,NaN,NaN,NaN,NaN,NaN,NaN,NaN,NaN,NaN,NaN,NaN
188,4,0,643,695,581,506,573,426,512,371,NaN,NaN,NaN,NaN,NaN,NaN,NaN,NaN,NaN,NaN,NaN,NaN
189,4,0,642,695,581,506,572,427,512,371,NaN,NaN,NaN,NaN,NaN,NaN,NaN,NaN,NaN,NaN,NaN,NaN
190,4,0,640,695,581,507,572,426,511,371,NaN,NaN,NaN,NaN,NaN,NaN,NaN,NaN,NaN,NaN,NaN,NaN
191,4,0,639,695,582,506,572,427,511,371,NaN,NaN,NaN,NaN,NaN,NaN,NaN,NaN,NaN,NaN,NaN,NaN
192,4,0,638,695,583,507,572,428,511,372,NaN,NaN,NaN,NaN,NaN,NaN,NaN,NaN,NaN,NaN,NaN,NaN
193,4,0,637,695,584,508,572,428,510,372,NaN,NaN,NaN,NaN,NaN,NaN,NaN,NaN,NaN,NaN,NaN,NaN
194,4,0,636,695,584,508,572,429,510,373,NaN,NaN,NaN,NaN,NaN,NaN,NaN,NaN,NaN,NaN,NaN,NaN
195,4,0,634,695,585,510,572,431,509,375,NaN,NaN,NaN,NaN,NaN,NaN,NaN,NaN,NaN,NaN,NaN,NaN
196,4,0,632,695,586,513,571,435,508,378,NaN,NaN,NaN,NaN,NaN,NaN,NaN,NaN,NaN,NaN,NaN,NaN
197,4,0,629,695,586,519,571,441,507,383,NaN,NaN,NaN,NaN,NaN,NaN,NaN,NaN,NaN,NaN,NaN,NaN
198,4,0,627,695,587,524,570,446,506,386,NaN,NaN,NaN,NaN,NaN,NaN,NaN,NaN,NaN,NaN,NaN,NaN
199,4,0,625,695,587,525,569,447,505,387,NaN,NaN,NaN,NaN,NaN,NaN,NaN,NaN,NaN,NaN,NaN,NaN
200,4,0,624,695,588,527,569,449,504,388,NaN,NaN,NaN,NaN,NaN,NaN,NaN,NaN,NaN,NaN,NaN,NaN
201,4,0,623,695,590,528,570,449,504,389,NaN,NaN,NaN,NaN,NaN,NaN,NaN,NaN,NaN,NaN,NaN,NaN
202,4,0,620,695,589,530,569,450,502,389,NaN,NaN,NaN,NaN,NaN,NaN,NaN,NaN,NaN,NaN,NaN,NaN
203,4,0,619,695,589,530,567,451,500,389,NaN,NaN,NaN,NaN,NaN,NaN,NaN,NaN,NaN,NaN,NaN,NaN
204,4,0,616,695,588,530,566,451,498,389,NaN,NaN,NaN,NaN,NaN,NaN,NaN,NaN,NaN,NaN,NaN,NaN
205,4,0,614,695,588,531,564,452,497,389,NaN,NaN,NaN,NaN,NaN,NaN,NaN,NaN,NaN,NaN,NaN,NaN
206,4,0,613,695,588,531,564,452,496,389,NaN,NaN,NaN,NaN,NaN,NaN,NaN,NaN,NaN,NaN,NaN,NaN
207,4,0,612,695,588,531,563,452,495,389,NaN,NaN,NaN,NaN,NaN,NaN,NaN,NaN,NaN,NaN,NaN,NaN
208,4,0,612,695,590,531,563,452,495,389,NaN,NaN,NaN,NaN,NaN,NaN,NaN,NaN,NaN,NaN,NaN,NaN
209,4,0,611,695,590,531,563,452,495,389,NaN,NaN,NaN,NaN,NaN,NaN,NaN,NaN,NaN,NaN,NaN,NaN
210,4,0,611,695,591,531,563,452,494,389,NaN,NaN,NaN,NaN,NaN,NaN,NaN,NaN,NaN,NaN,NaN,NaN
211,4,0,610,695,591,530,563,452,493,388,NaN,NaN,NaN,NaN,NaN,NaN,NaN,NaN,NaN,NaN,NaN,NaN
212,4,0,608,695,591,529,562,452,492,388,NaN,NaN,NaN,NaN,NaN,NaN,NaN,NaN,NaN,NaN,NaN,NaN
213,4,0,607,695,591,529,561,452,491,388,NaN,NaN,NaN,NaN,NaN,NaN,NaN,NaN,NaN,NaN,NaN,NaN
214,4,0,606,695,591,528,560,451,489,387,NaN,NaN,NaN,NaN,NaN,NaN,NaN,NaN,NaN,NaN,NaN,NaN
215,4,0,605,695,591,527,559,451,489,387,NaN,NaN,NaN,NaN,NaN,NaN,NaN,NaN,NaN,NaN,NaN,NaN
216,4,0,603,695,592,527,560,451,489,388,NaN,NaN,NaN,NaN,NaN,NaN,NaN,NaN,NaN,NaN,NaN,NaN
217,4,0,602,695,592,525,559,450,488,389,NaN,NaN,NaN,NaN,NaN,NaN,NaN,NaN,NaN,NaN,NaN,NaN
218,4,0,601,695,593,525,559,451,487,389,NaN,NaN,NaN,NaN,NaN,NaN,NaN,NaN,NaN,NaN,NaN,NaN
219,4,0,601,695,595,526,560,452,488,390,NaN,NaN,NaN,NaN,NaN,NaN,NaN,NaN,NaN,NaN,NaN,NaN
220,4,0,602,695,597,527,562,452,488,390,NaN,NaN,NaN,NaN,NaN,NaN,NaN,NaN,NaN,NaN,NaN,NaN
221,4,0,604,695,600,527,564,452,490,390,NaN,NaN,NaN,NaN,NaN,NaN,NaN,NaN,NaN,NaN,NaN,NaN
222,4,0,605,695,603,528,566,453,492,391,NaN,NaN,NaN,NaN,NaN,NaN,NaN,NaN,NaN,NaN,NaN,NaN
223,4,0,605,695,605,528,567,454,492,391,NaN,NaN,NaN,NaN,NaN,NaN,NaN,NaN,NaN,NaN,NaN,NaN
224,4,0,605,695,606,528,567,454,492,391,NaN,NaN,NaN,NaN,NaN,NaN,NaN,NaN,NaN,NaN,NaN,NaN
225,4,0,605,695,606,527,566,454,491,390,NaN,NaN,NaN,NaN,NaN,NaN,NaN,NaN,NaN,NaN,NaN,NaN
226,4,0,604,695,606,526,565,454,490,390,NaN,NaN,NaN,NaN,NaN,NaN,NaN,NaN,NaN,NaN,NaN,NaN
227,4,0,602,695,605,525,564,453,488,390,NaN,NaN,NaN,NaN,NaN,NaN,NaN,NaN,NaN,NaN,NaN,NaN
228,4,0,601,695,605,524,562,453,485,389,NaN,NaN,NaN,NaN,NaN,NaN,NaN,NaN,NaN,NaN,NaN,NaN
229,4,0,599,695,603,523,560,452,483,388,NaN,NaN,NaN,NaN,NaN,NaN,NaN,NaN,NaN,NaN,NaN,NaN
230,4,0,598,695,603,521,558,451,481,387,NaN,NaN,NaN,NaN,NaN,NaN,NaN,NaN,NaN,NaN,NaN,NaN
231,4,0,597,695,602,519,556,450,478,386,NaN,NaN,NaN,NaN,NaN,NaN,NaN,NaN,NaN,NaN,NaN,NaN
232,4,0,596,695,602,517,555,449,477,385,NaN,NaN,NaN,NaN,NaN,NaN,NaN,NaN,NaN,NaN,NaN,NaN
233,4,0,596,695,603,515,554,448,475,384,NaN,NaN,NaN,NaN,NaN,NaN,NaN,NaN,NaN,NaN,NaN,NaN
234,4,0,597,695,603,512,554,446,474,383,NaN,NaN,NaN,NaN,NaN,NaN,NaN,NaN,NaN,NaN,NaN,NaN
235,4,0,597,695,604,511,553,445,473,382,NaN,NaN,NaN,NaN,NaN,NaN,NaN,NaN,NaN,NaN,NaN,NaN
236,4,0,598,695,606,509,553,445,472,381,NaN,NaN,NaN,NaN,NaN,NaN,NaN,NaN,NaN,NaN,NaN,NaN
237,4,0,599,695,606,508,553,445,472,381,NaN,NaN,NaN,NaN,NaN,NaN,NaN,NaN,NaN,NaN,NaN,NaN
238,4,0,599,695,607,508,552,445,470,382,NaN,NaN,NaN,NaN,NaN,NaN,NaN,NaN,NaN,NaN,NaN,NaN
239,4,0,599,695,608,508,552,446,469,382,NaN,NaN,NaN,NaN,NaN,NaN,NaN,NaN,NaN,NaN,NaN,NaN
240,4,0,599,695,608,509,551,447,468,383,NaN,NaN,NaN,NaN,NaN,NaN,NaN,NaN,NaN,NaN,NaN,NaN
241,4,0,600,695,609,508,550,447,466,383,NaN,NaN,NaN,NaN,NaN,NaN,NaN,NaN,NaN,NaN,NaN,NaN
242,4,0,600,695,610,508,550,448,466,383,NaN,NaN,NaN,NaN,NaN,NaN,NaN,NaN,NaN,NaN,NaN,NaN
243,4,0,601,695,611,508,549,448,465,383,NaN,NaN,NaN,NaN,NaN,NaN,NaN,NaN,NaN,NaN,NaN,NaN
244,4,0,600,695,610,508,548,449,463,384,NaN,NaN,NaN,NaN,NaN,NaN,NaN,NaN,NaN,NaN,NaN,NaN
245,4,0,600,695,611,508,547,450,461,384,NaN,NaN,NaN,NaN,NaN,NaN,NaN,NaN,NaN,NaN,NaN,NaN
246,4,0,601,695,612,508,547,451,460,384,NaN,NaN,NaN,NaN,NaN,NaN,NaN,NaN,NaN,NaN,NaN,NaN
247,4,1,601,695,612,506,546,450,459,384,NaN,NaN,NaN,NaN,NaN,NaN,NaN,NaN,NaN,NaN,NaN,NaN
248,5,0,602,695,613,507,547,450,460,384,480,371,NaN,NaN,NaN,NaN,NaN,NaN,NaN,NaN,NaN,NaN
249,5,0,602,695,613,508,546,451,460,384,481,371,NaN,NaN,NaN,NaN,NaN,NaN,NaN,NaN,NaN,NaN
250,5,0,602,695,612,507,546,450,461,384,481,371,NaN,NaN,NaN,NaN,NaN,NaN,NaN,NaN,NaN,NaN
251,5,0,602,695,612,508,546,450,460,385,481,370,NaN,NaN,NaN,NaN,NaN,NaN,NaN,NaN,NaN,NaN
252,5,0,601,695,612,508,546,450,460,384,482,370,NaN,NaN,NaN,NaN,NaN,NaN,NaN,NaN,NaN,NaN
253,5,0,600,695,612,508,545,449,460,384,482,369,NaN,NaN,NaN,NaN,NaN,NaN,NaN,NaN,NaN,NaN
254,5,0,599,695,611,506,545,449,460,383,483,369,NaN,NaN,NaN,NaN,NaN,NaN,NaN,NaN,NaN,NaN
255,5,0,599,695,611,506,545,449,460,383,483,368,NaN,NaN,NaN,NaN,NaN,NaN,NaN,NaN,NaN,NaN
256,5,0,598,695,611,506,545,447,461,382,484,368,NaN,NaN,NaN,NaN,NaN,NaN,NaN,NaN,NaN,NaN
257,5,0,597,695,611,506,545,447,460,382,484,367,NaN,NaN,NaN,NaN,NaN,NaN,NaN,NaN,NaN,NaN
258,5,0,596,695,609,505,544,447,460,382,485,367,NaN,NaN,NaN,NaN,NaN,NaN,NaN,NaN,NaN,NaN
259,5,0,594,695,608,506,543,447,460,382,484,367,NaN,NaN,NaN,NaN,NaN,NaN,NaN,NaN,NaN,NaN
260,5,0,593,695,608,506,543,447,460,382,484,366,NaN,NaN,NaN,NaN,NaN,NaN,NaN,NaN,NaN,NaN
261,5,0,591,695,607,506,542,447,460,382,485,366,NaN,NaN,NaN,NaN,NaN,NaN,NaN,NaN,NaN,NaN
262,5,0,592,695,608,507,544,447,463,382,488,365,NaN,NaN,NaN,NaN,NaN,NaN,NaN,NaN,NaN,NaN
263,5,0,595,695,611,510,547,448,466,383,491,366,NaN,NaN,NaN,NaN,NaN,NaN,NaN,NaN,NaN,NaN
264,5,0,599,695,615,512,550,451,471,385,495,367,NaN,NaN,NaN,NaN,NaN,NaN,NaN,NaN,NaN,NaN
265,5,0,602,695,618,515,553,452,472,385,497,368,NaN,NaN,NaN,NaN,NaN,NaN,NaN,NaN,NaN,NaN
266,5,0,605,695,620,517,555,452,474,386,499,369,NaN,NaN,NaN,NaN,NaN,NaN,NaN,NaN,NaN,NaN
267,5,0,606,695,621,518,556,453,476,386,501,369,NaN,NaN,NaN,NaN,NaN,NaN,NaN,NaN,NaN,NaN
268,5,0,607,695,621,518,557,454,477,387,502,369,NaN,NaN,NaN,NaN,NaN,NaN,NaN,NaN,NaN,NaN
269,5,0,609,695,622,520,558,454,477,387,503,369,NaN,NaN,NaN,NaN,NaN,NaN,NaN,NaN,NaN,NaN
270,5,0,609,695,622,520,558,454,478,387,504,369,NaN,NaN,NaN,NaN,NaN,NaN,NaN,NaN,NaN,NaN
271,5,0,609,695,622,520,558,454,478,387,504,369,NaN,NaN,NaN,NaN,NaN,NaN,NaN,NaN,NaN,NaN
272,5,0,610,695,622,521,558,454,478,387,505,369,NaN,NaN,NaN,NaN,NaN,NaN,NaN,NaN,NaN,NaN
273,5,0,611,695,623,520,559,454,478,387,505,368,NaN,NaN,NaN,NaN,NaN,NaN,NaN,NaN,NaN,NaN
274,5,0,612,695,623,520,559,453,479,387,506,368,NaN,NaN,NaN,NaN,NaN,NaN,NaN,NaN,NaN,NaN
275,5,0,613,695,623,520,559,452,479,386,506,367,NaN,NaN,NaN,NaN,NaN,NaN,NaN,NaN,NaN,NaN
276,5,0,614,695,624,519,559,452,479,385,507,366,NaN,NaN,NaN,NaN,NaN,NaN,NaN,NaN,NaN,NaN
277,5,0,615,695,624,518,560,451,479,384,507,365,NaN,NaN,NaN,NaN,NaN,NaN,NaN,NaN,NaN,NaN
278,5,0,617,695,625,518,560,450,480,384,508,364,NaN,NaN,NaN,NaN,NaN,NaN,NaN,NaN,NaN,NaN
279,5,0,618,695,626,517,560,449,480,383,509,363,NaN,NaN,NaN,NaN,NaN,NaN,NaN,NaN,NaN,NaN
280,5,0,619,695,626,517,561,448,480,383,509,362,NaN,NaN,NaN,NaN,NaN,NaN,NaN,NaN,NaN,NaN
281,5,0,621,695,627,517,562,448,481,382,510,362,NaN,NaN,NaN,NaN,NaN,NaN,NaN,NaN,NaN,NaN
282,5,0,624,695,629,517,563,447,482,381,511,361,NaN,NaN,NaN,NaN,NaN,NaN,NaN,NaN,NaN,NaN
283,5,0,627,695,631,517,564,446,483,381,513,360,NaN,NaN,NaN,NaN,NaN,NaN,NaN,NaN,NaN,NaN
284,5,0,631,695,634,521,567,449,485,385,515,363,NaN,NaN,NaN,NaN,NaN,NaN,NaN,NaN,NaN,NaN
285,5,0,633,695,635,521,568,449,486,384,516,362,NaN,NaN,NaN,NaN,NaN,NaN,NaN,NaN,NaN,NaN
286,5,0,634,695,635,523,567,451,485,386,515,363,NaN,NaN,NaN,NaN,NaN,NaN,NaN,NaN,NaN,NaN
287,5,0,637,695,637,526,569,452,486,386,516,363,NaN,NaN,NaN,NaN,NaN,NaN,NaN,NaN,NaN,NaN
288,5,0,640,695,638,527,570,452,486,386,518,363,NaN,NaN,NaN,NaN,NaN,NaN,NaN,NaN,NaN,NaN
289,5,0,642,695,640,530,571,454,488,387,519,363,NaN,NaN,NaN,NaN,NaN,NaN,NaN,NaN,NaN,NaN
290,5,0,645,695,641,531,572,455,490,388,521,364,NaN,NaN,NaN,NaN,NaN,NaN,NaN,NaN,NaN,NaN
291,5,0,647,695,643,533,574,456,491,388,523,364,NaN,NaN,NaN,NaN,NaN,NaN,NaN,NaN,NaN,NaN
292,5,0,649,695,644,535,576,456,492,389,525,365,NaN,NaN,NaN,NaN,NaN,NaN,NaN,NaN,NaN,NaN
293,5,0,652,695,646,536,577,457,494,390,527,365,NaN,NaN,NaN,NaN,NaN,NaN,NaN,NaN,NaN,NaN
294,5,0,655,695,648,538,579,458,497,390,529,365,NaN,NaN,NaN,NaN,NaN,NaN,NaN,NaN,NaN,NaN
295,5,0,658,695,650,540,581,459,498,391,531,366,NaN,NaN,NaN,NaN,NaN,NaN,NaN,NaN,NaN,NaN
296,5,0,661,695,652,541,583,460,500,391,533,366,NaN,NaN,NaN,NaN,NaN,NaN,NaN,NaN,NaN,NaN
297,5,0,663,695,654,542,585,460,502,391,536,366,NaN,NaN,NaN,NaN,NaN,NaN,NaN,NaN,NaN,NaN
298,5,0,666,695,655,544,586,461,503,392,537,366,NaN,NaN,NaN,NaN,NaN,NaN,NaN,NaN,NaN,NaN
299,5,0,667,695,657,545,587,461,504,392,539,366,NaN,NaN,NaN,NaN,NaN,NaN,NaN,NaN,NaN,NaN
300,5,0,669,695,657,546,588,461,505,392,540,366,NaN,NaN,NaN,NaN,NaN,NaN,NaN,NaN,NaN,NaN
301,5,0,670,695,658,547,589,461,506,393,541,366,NaN,NaN,NaN,NaN,NaN,NaN,NaN,NaN,NaN,NaN
302,5,0,671,695,659,547,589,461,506,393,542,366,NaN,NaN,NaN,NaN,NaN,NaN,NaN,NaN,NaN,NaN
303,5,0,672,695,659,548,590,461,507,393,543,366,NaN,NaN,NaN,NaN,NaN,NaN,NaN,NaN,NaN,NaN
304,5,0,672,695,659,548,590,461,507,393,543,365,NaN,NaN,NaN,NaN,NaN,NaN,NaN,NaN,NaN,NaN
305,5,0,673,695,659,548,590,461,507,393,544,365,NaN,NaN,NaN,NaN,NaN,NaN,NaN,NaN,NaN,NaN
306,5,0,673,695,659,549,590,461,507,393,545,365,NaN,NaN,NaN,NaN,NaN,NaN,NaN,NaN,NaN,NaN
307,5,0,674,695,659,550,590,461,508,393,547,366,NaN,NaN,NaN,NaN,NaN,NaN,NaN,NaN,NaN,NaN
308,5,0,674,695,659,553,591,462,509,395,547,368,NaN,NaN,NaN,NaN,NaN,NaN,NaN,NaN,NaN,NaN
309,5,0,675,695,659,556,592,464,510,396,549,369,NaN,NaN,NaN,NaN,NaN,NaN,NaN,NaN,NaN,NaN
310,5,0,677,695,660,558,592,465,511,397,550,370,NaN,NaN,NaN,NaN,NaN,NaN,NaN,NaN,NaN,NaN
311,5,0,679,695,661,561,595,467,513,399,552,371,NaN,NaN,NaN,NaN,NaN,NaN,NaN,NaN,NaN,NaN
312,5,0,682,695,663,566,597,470,515,401,555,373,NaN,NaN,NaN,NaN,NaN,NaN,NaN,NaN,NaN,NaN
313,5,0,685,695,665,569,599,472,516,403,557,374,NaN,NaN,NaN,NaN,NaN,NaN,NaN,NaN,NaN,NaN
314,5,0,687,695,667,573,600,474,518,404,558,376,NaN,NaN,NaN,NaN,NaN,NaN,NaN,NaN,NaN,NaN
315,5,0,689,695,668,575,601,475,519,406,560,377,NaN,NaN,NaN,NaN,NaN,NaN,NaN,NaN,NaN,NaN
316,5,0,690,695,668,577,602,476,520,406,561,377,NaN,NaN,NaN,NaN,NaN,NaN,NaN,NaN,NaN,NaN
317,5,0,691,695,669,577,603,476,521,406,562,376,NaN,NaN,NaN,NaN,NaN,NaN,NaN,NaN,NaN,NaN
318,5,0,691,695,668,578,602,475,521,405,562,376,NaN,NaN,NaN,NaN,NaN,NaN,NaN,NaN,NaN,NaN
319,5,0,690,695,667,578,601,475,519,405,561,375,NaN,NaN,NaN,NaN,NaN,NaN,NaN,NaN,NaN,NaN
320,5,0,689,695,665,579,599,475,517,405,560,375,NaN,NaN,NaN,NaN,NaN,NaN,NaN,NaN,NaN,NaN
321,5,0,689,695,664,579,598,475,516,405,559,375,NaN,NaN,NaN,NaN,NaN,NaN,NaN,NaN,NaN,NaN
322,5,0,689,695,664,580,597,475,515,405,558,375,NaN,NaN,NaN,NaN,NaN,NaN,NaN,NaN,NaN,NaN
323,5,0,689,695,663,581,597,475,514,406,558,375,NaN,NaN,NaN,NaN,NaN,NaN,NaN,NaN,NaN,NaN
324,5,0,690,695,663,582,597,475,514,406,558,374,NaN,NaN,NaN,NaN,NaN,NaN,NaN,NaN,NaN,NaN
325,5,0,692,695,664,583,597,476,514,407,559,375,NaN,NaN,NaN,NaN,NaN,NaN,NaN,NaN,NaN,NaN
326,5,0,694,695,665,586,598,478,515,408,560,376,NaN,NaN,NaN,NaN,NaN,NaN,NaN,NaN,NaN,NaN
327,5,0,696,695,666,589,598,483,515,411,561,380,NaN,NaN,NaN,NaN,NaN,NaN,NaN,NaN,NaN,NaN
328,5,0,699,695,668,594,600,487,516,416,562,384,NaN,NaN,NaN,NaN,NaN,NaN,NaN,NaN,NaN,NaN
329,5,0,701,695,669,597,601,487,517,417,563,384,NaN,NaN,NaN,NaN,NaN,NaN,NaN,NaN,NaN,NaN
330,5,0,703,695,669,601,601,488,516,417,563,384,NaN,NaN,NaN,NaN,NaN,NaN,NaN,NaN,NaN,NaN
331,5,0,706,695,671,603,603,489,518,418,565,385,NaN,NaN,NaN,NaN,NaN,NaN,NaN,NaN,NaN,NaN
332,5,0,709,695,674,606,606,490,520,418,568,385,NaN,NaN,NaN,NaN,NaN,NaN,NaN,NaN,NaN,NaN
333,5,0,712,695,676,609,608,491,522,419,570,386,NaN,NaN,NaN,NaN,NaN,NaN,NaN,NaN,NaN,NaN
334,5,0,715,695,677,612,609,492,523,420,572,386,NaN,NaN,NaN,NaN,NaN,NaN,NaN,NaN,NaN,NaN
335,5,1,715,695,677,611,609,492,523,420,572,386,NaN,NaN,NaN,NaN,NaN,NaN,NaN,NaN,NaN,NaN
336,5,0,714,695,679,613,610,492,525,420,574,386,NaN,NaN,NaN,NaN,NaN,NaN,NaN,NaN,NaN,NaN
337,5,0,713,695,680,614,612,493,526,419,575,385,NaN,NaN,NaN,NaN,NaN,NaN,NaN,NaN,NaN,NaN
338,5,0,714,695,682,615,613,492,527,419,577,384,NaN,NaN,NaN,NaN,NaN,NaN,NaN,NaN,NaN,NaN
339,5,0,714,695,683,616,614,492,529,418,578,383,NaN,NaN,NaN,NaN,NaN,NaN,NaN,NaN,NaN,NaN
340,5,0,714,695,684,616,616,491,530,416,580,382,NaN,NaN,NaN,NaN,NaN,NaN,NaN,NaN,NaN,NaN
341,5,0,715,695,685,616,617,490,531,415,581,380,NaN,NaN,NaN,NaN,NaN,NaN,NaN,NaN,NaN,NaN
342,5,0,715,695,686,616,618,489,533,414,583,379,NaN,NaN,NaN,NaN,NaN,NaN,NaN,NaN,NaN,NaN
343,5,0,716,695,688,615,620,488,534,412,584,377,NaN,NaN,NaN,NaN,NaN,NaN,NaN,NaN,NaN,NaN
344,5,0,717,695,690,615,622,487,536,411,587,376,NaN,NaN,NaN,NaN,NaN,NaN,NaN,NaN,NaN,NaN
345,5,0,719,695,692,616,625,487,539,410,590,375,NaN,NaN,NaN,NaN,NaN,NaN,NaN,NaN,NaN,NaN
346,5,0,721,695,695,617,627,486,542,409,593,374,NaN,NaN,NaN,NaN,NaN,NaN,NaN,NaN,NaN,NaN
347,5,0,723,695,698,620,630,487,545,409,596,374,NaN,NaN,NaN,NaN,NaN,NaN,NaN,NaN,NaN,NaN
348,5,0,723,695,700,622,632,488,546,409,599,374,NaN,NaN,NaN,NaN,NaN,NaN,NaN,NaN,NaN,NaN
349,5,0,723,695,701,625,633,489,548,410,600,374,NaN,NaN,NaN,NaN,NaN,NaN,NaN,NaN,NaN,NaN
350,5,0,723,695,702,628,634,490,548,410,601,375,NaN,NaN,NaN,NaN,NaN,NaN,NaN,NaN,NaN,NaN
351,5,0,722,695,702,632,635,492,549,410,602,375,NaN,NaN,NaN,NaN,NaN,NaN,NaN,NaN,NaN,NaN
352,5,0,721,695,702,635,635,493,549,411,603,376,NaN,NaN,NaN,NaN,NaN,NaN,NaN,NaN,NaN,NaN
353,5,0,721,695,703,639,635,495,549,412,603,377,NaN,NaN,NaN,NaN,NaN,NaN,NaN,NaN,NaN,NaN
354,5,0,720,695,703,642,636,497,550,413,604,377,NaN,NaN,NaN,NaN,NaN,NaN,NaN,NaN,NaN,NaN
355,5,0,720,695,704,646,636,498,550,413,604,377,NaN,NaN,NaN,NaN,NaN,NaN,NaN,NaN,NaN,NaN
356,5,0,721,695,705,648,637,499,550,413,605,377,NaN,NaN,NaN,NaN,NaN,NaN,NaN,NaN,NaN,NaN
357,5,0,722,695,706,650,637,499,551,412,605,376,NaN,NaN,NaN,NaN,NaN,NaN,NaN,NaN,NaN,NaN
358,5,0,722,695,707,652,638,499,551,412,606,375,NaN,NaN,NaN,NaN,NaN,NaN,NaN,NaN,NaN,NaN
359,5,0,724,695,708,654,639,499,552,411,607,375,NaN,NaN,NaN,NaN,NaN,NaN,NaN,NaN,NaN,NaN
360,5,0,725,695,710,656,640,499,552,410,607,374,NaN,NaN,NaN,NaN,NaN,NaN,NaN,NaN,NaN,NaN
361,5,0,727,695,711,657,640,499,552,410,608,373,NaN,NaN,NaN,NaN,NaN,NaN,NaN,NaN,NaN,NaN
362,5,0,728,695,712,658,641,498,552,409,608,372,NaN,NaN,NaN,NaN,NaN,NaN,NaN,NaN,NaN,NaN
363,5,0,730,695,714,659,642,498,553,408,609,371,NaN,NaN,NaN,NaN,NaN,NaN,NaN,NaN,NaN,NaN
364,4,1,730,695,642,498,553,408,609,371,NaN,NaN,NaN,NaN,NaN,NaN,NaN,NaN,NaN,NaN,NaN,NaN
365,4,0,730,695,643,498,554,408,610,370,NaN,NaN,NaN,NaN,NaN,NaN,NaN,NaN,NaN,NaN,NaN,NaN
366,4,0,725,695,644,498,553,410,609,371,NaN,NaN,NaN,NaN,NaN,NaN,NaN,NaN,NaN,NaN,NaN,NaN
367,4,0,723,695,646,501,553,411,608,374,NaN,NaN,NaN,NaN,NaN,NaN,NaN,NaN,NaN,NaN,NaN,NaN
368,4,0,719,695,645,504,551,412,606,375,NaN,NaN,NaN,NaN,NaN,NaN,NaN,NaN,NaN,NaN,NaN,NaN
369,4,0,717,695,645,506,550,413,606,376,NaN,NaN,NaN,NaN,NaN,NaN,NaN,NaN,NaN,NaN,NaN,NaN
370,4,0,716,695,645,510,550,415,606,378,NaN,NaN,NaN,NaN,NaN,NaN,NaN,NaN,NaN,NaN,NaN,NaN
371,4,0,714,695,645,511,550,415,606,378,NaN,NaN,NaN,NaN,NaN,NaN,NaN,NaN,NaN,NaN,NaN,NaN
372,4,0,711,695,645,514,549,417,605,379,NaN,NaN,NaN,NaN,NaN,NaN,NaN,NaN,NaN,NaN,NaN,NaN
373,4,0,709,695,645,516,549,417,605,379,NaN,NaN,NaN,NaN,NaN,NaN,NaN,NaN,NaN,NaN,NaN,NaN
374,4,0,707,695,646,518,549,418,605,379,NaN,NaN,NaN,NaN,NaN,NaN,NaN,NaN,NaN,NaN,NaN,NaN
375,4,0,706,695,646,519,549,418,606,379,NaN,NaN,NaN,NaN,NaN,NaN,NaN,NaN,NaN,NaN,NaN,NaN
376,4,0,706,695,647,520,550,418,607,379,NaN,NaN,NaN,NaN,NaN,NaN,NaN,NaN,NaN,NaN,NaN,NaN
377,4,0,705,695,648,521,551,418,608,378,NaN,NaN,NaN,NaN,NaN,NaN,NaN,NaN,NaN,NaN,NaN,NaN
378,4,0,704,695,648,521,551,417,608,378,NaN,NaN,NaN,NaN,NaN,NaN,NaN,NaN,NaN,NaN,NaN,NaN
379,4,0,703,695,649,521,551,417,609,377,NaN,NaN,NaN,NaN,NaN,NaN,NaN,NaN,NaN,NaN,NaN,NaN
380,4,0,701,695,649,521,551,416,609,376,NaN,NaN,NaN,NaN,NaN,NaN,NaN,NaN,NaN,NaN,NaN,NaN
381,4,0,699,695,649,521,551,416,609,376,NaN,NaN,NaN,NaN,NaN,NaN,NaN,NaN,NaN,NaN,NaN,NaN
382,4,0,698,695,649,521,551,415,610,375,NaN,NaN,NaN,NaN,NaN,NaN,NaN,NaN,NaN,NaN,NaN,NaN
383,4,0,696,695,649,522,551,414,610,374,NaN,NaN,NaN,NaN,NaN,NaN,NaN,NaN,NaN,NaN,NaN,NaN
384,4,0,695,695,649,522,551,414,610,374,NaN,NaN,NaN,NaN,NaN,NaN,NaN,NaN,NaN,NaN,NaN,NaN
385,4,0,693,695,648,524,550,415,610,374,NaN,NaN,NaN,NaN,NaN,NaN,NaN,NaN,NaN,NaN,NaN,NaN
386,4,0,690,695,648,526,550,415,610,374,NaN,NaN,NaN,NaN,NaN,NaN,NaN,NaN,NaN,NaN,NaN,NaN
387,4,0,687,695,647,528,549,417,610,375,NaN,NaN,NaN,NaN,NaN,NaN,NaN,NaN,NaN,NaN,NaN,NaN
388,4,0,684,695,646,531,549,418,610,376,NaN,NaN,NaN,NaN,NaN,NaN,NaN,NaN,NaN,NaN,NaN,NaN
389,4,0,682,695,646,533,550,419,611,377,NaN,NaN,NaN,NaN,NaN,NaN,NaN,NaN,NaN,NaN,NaN,NaN
390,4,0,681,695,647,538,551,421,613,379,NaN,NaN,NaN,NaN,NaN,NaN,NaN,NaN,NaN,NaN,NaN,NaN
391,4,0,681,695,649,542,552,424,614,381,NaN,NaN,NaN,NaN,NaN,NaN,NaN,NaN,NaN,NaN,NaN,NaN
392,4,0,680,695,651,547,553,426,616,383,NaN,NaN,NaN,NaN,NaN,NaN,NaN,NaN,NaN,NaN,NaN,NaN
393,4,0,679,695,652,551,555,428,618,384,NaN,NaN,NaN,NaN,NaN,NaN,NaN,NaN,NaN,NaN,NaN,NaN
394,4,0,679,695,653,554,555,430,619,385,NaN,NaN,NaN,NaN,NaN,NaN,NaN,NaN,NaN,NaN,NaN,NaN
395,4,0,678,695,653,556,556,430,619,386,NaN,NaN,NaN,NaN,NaN,NaN,NaN,NaN,NaN,NaN,NaN,NaN
396,4,0,677,695,653,558,555,431,619,386,NaN,NaN,NaN,NaN,NaN,NaN,NaN,NaN,NaN,NaN,NaN,NaN
397,4,0,675,695,652,559,554,431,619,386,NaN,NaN,NaN,NaN,NaN,NaN,NaN,NaN,NaN,NaN,NaN,NaN
398,4,0,673,695,651,560,553,431,618,386,NaN,NaN,NaN,NaN,NaN,NaN,NaN,NaN,NaN,NaN,NaN,NaN
399,4,0,672,695,651,562,553,432,617,387,NaN,NaN,NaN,NaN,NaN,NaN,NaN,NaN,NaN,NaN,NaN,NaN
400,4,0,671,695,650,563,552,432,617,387,NaN,NaN,NaN,NaN,NaN,NaN,NaN,NaN,NaN,NaN,NaN,NaN
401,4,0,670,695,650,565,552,432,617,387,NaN,NaN,NaN,NaN,NaN,NaN,NaN,NaN,NaN,NaN,NaN,NaN
402,4,0,669,695,650,568,551,435,617,389,NaN,NaN,NaN,NaN,NaN,NaN,NaN,NaN,NaN,NaN,NaN,NaN
403,4,0,668,695,650,574,550,439,617,392,NaN,NaN,NaN,NaN,NaN,NaN,NaN,NaN,NaN,NaN,NaN,NaN
404,4,0,668,695,651,579,550,443,617,396,NaN,NaN,NaN,NaN,NaN,NaN,NaN,NaN,NaN,NaN,NaN,NaN
405,4,0,667,695,652,583,550,446,617,399,NaN,NaN,NaN,NaN,NaN,NaN,NaN,NaN,NaN,NaN,NaN,NaN
406,4,0,666,695,653,588,549,450,617,402,NaN,NaN,NaN,NaN,NaN,NaN,NaN,NaN,NaN,NaN,NaN,NaN
407,4,0,666,695,654,592,549,451,617,402,NaN,NaN,NaN,NaN,NaN,NaN,NaN,NaN,NaN,NaN,NaN,NaN
408,4,0,667,695,655,595,550,452,619,402,NaN,NaN,NaN,NaN,NaN,NaN,NaN,NaN,NaN,NaN,NaN,NaN
409,4,0,668,695,656,597,550,452,619,402,NaN,NaN,NaN,NaN,NaN,NaN,NaN,NaN,NaN,NaN,NaN,NaN
410,4,0,667,695,656,599,550,453,619,403,NaN,NaN,NaN,NaN,NaN,NaN,NaN,NaN,NaN,NaN,NaN,NaN
411,4,0,667,695,656,601,550,452,620,402,NaN,NaN,NaN,NaN,NaN,NaN,NaN,NaN,NaN,NaN,NaN,NaN
412,4,0,666,695,656,603,550,452,619,402,NaN,NaN,NaN,NaN,NaN,NaN,NaN,NaN,NaN,NaN,NaN,NaN
413,4,0,666,695,656,603,549,450,620,400,NaN,NaN,NaN,NaN,NaN,NaN,NaN,NaN,NaN,NaN,NaN,NaN
414,4,0,666,695,657,603,550,448,620,398,NaN,NaN,NaN,NaN,NaN,NaN,NaN,NaN,NaN,NaN,NaN,NaN
415,4,0,666,695,657,604,551,447,621,397,NaN,NaN,NaN,NaN,NaN,NaN,NaN,NaN,NaN,NaN,NaN,NaN
416,4,0,667,695,658,605,551,446,622,396,NaN,NaN,NaN,NaN,NaN,NaN,NaN,NaN,NaN,NaN,NaN,NaN
417,4,0,667,695,659,606,552,446,623,395,NaN,NaN,NaN,NaN,NaN,NaN,NaN,NaN,NaN,NaN,NaN,NaN
418,4,0,668,695,660,608,553,446,624,395,NaN,NaN,NaN,NaN,NaN,NaN,NaN,NaN,NaN,NaN,NaN,NaN
419,4,0,668,695,661,609,553,445,625,395,NaN,NaN,NaN,NaN,NaN,NaN,NaN,NaN,NaN,NaN,NaN,NaN
420,4,0,668,695,662,610,554,445,626,394,NaN,NaN,NaN,NaN,NaN,NaN,NaN,NaN,NaN,NaN,NaN,NaN
421,4,0,669,695,662,611,555,445,627,394,NaN,NaN,NaN,NaN,NaN,NaN,NaN,NaN,NaN,NaN,NaN,NaN
422,4,0,669,695,663,612,557,444,629,393,NaN,NaN,NaN,NaN,NaN,NaN,NaN,NaN,NaN,NaN,NaN,NaN
423,4,0,671,695,665,614,558,445,630,394,NaN,NaN,NaN,NaN,NaN,NaN,NaN,NaN,NaN,NaN,NaN,NaN
424,4,0,674,695,668,618,562,446,634,395,NaN,NaN,NaN,NaN,NaN,NaN,NaN,NaN,NaN,NaN,NaN,NaN
425,4,0,679,695,674,623,568,449,640,397,NaN,NaN,NaN,NaN,NaN,NaN,NaN,NaN,NaN,NaN,NaN,NaN
426,4,0,684,695,680,629,573,451,644,399,NaN,NaN,NaN,NaN,NaN,NaN,NaN,NaN,NaN,NaN,NaN,NaN
427,4,0,688,695,684,634,576,453,649,401,NaN,NaN,NaN,NaN,NaN,NaN,NaN,NaN,NaN,NaN,NaN,NaN
428,4,0,690,695,687,638,580,454,653,402,NaN,NaN,NaN,NaN,NaN,NaN,NaN,NaN,NaN,NaN,NaN,NaN
429,4,0,692,695,688,641,581,456,655,403,NaN,NaN,NaN,NaN,NaN,NaN,NaN,NaN,NaN,NaN,NaN,NaN
430,4,0,693,695,690,644,582,456,656,403,NaN,NaN,NaN,NaN,NaN,NaN,NaN,NaN,NaN,NaN,NaN,NaN
431,4,0,693,695,690,645,583,456,656,403,NaN,NaN,NaN,NaN,NaN,NaN,NaN,NaN,NaN,NaN,NaN,NaN
432,4,0,693,695,690,646,583,455,657,402,NaN,NaN,NaN,NaN,NaN,NaN,NaN,NaN,NaN,NaN,NaN,NaN
433,4,0,693,695,691,647,583,454,657,401,NaN,NaN,NaN,NaN,NaN,NaN,NaN,NaN,NaN,NaN,NaN,NaN
434,4,0,694,695,691,648,583,453,657,400,NaN,NaN,NaN,NaN,NaN,NaN,NaN,NaN,NaN,NaN,NaN,NaN
435,4,0,694,695,692,649,583,451,658,399,NaN,NaN,NaN,NaN,NaN,NaN,NaN,NaN,NaN,NaN,NaN,NaN
436,4,0,695,695,693,650,583,451,658,398,NaN,NaN,NaN,NaN,NaN,NaN,NaN,NaN,NaN,NaN,NaN,NaN
437,4,0,696,695,694,652,584,450,659,397,NaN,NaN,NaN,NaN,NaN,NaN,NaN,NaN,NaN,NaN,NaN,NaN
438,4,0,697,695,695,654,585,450,660,396,NaN,NaN,NaN,NaN,NaN,NaN,NaN,NaN,NaN,NaN,NaN,NaN
439,4,0,698,695,696,656,585,449,661,396,NaN,NaN,NaN,NaN,NaN,NaN,NaN,NaN,NaN,NaN,NaN,NaN
440,4,0,700,695,698,658,586,449,662,395,NaN,NaN,NaN,NaN,NaN,NaN,NaN,NaN,NaN,NaN,NaN,NaN
441,4,0,702,695,700,660,587,449,663,395,NaN,NaN,NaN,NaN,NaN,NaN,NaN,NaN,NaN,NaN,NaN,NaN
442,4,0,704,695,702,662,588,449,664,394,NaN,NaN,NaN,NaN,NaN,NaN,NaN,NaN,NaN,NaN,NaN,NaN
443,4,0,704,695,703,667,589,451,665,397,NaN,NaN,NaN,NaN,NaN,NaN,NaN,NaN,NaN,NaN,NaN,NaN
444,4,0,707,695,705,673,589,455,665,399,NaN,NaN,NaN,NaN,NaN,NaN,NaN,NaN,NaN,NaN,NaN,NaN
445,4,0,707,695,705,677,588,455,665,399,NaN,NaN,NaN,NaN,NaN,NaN,NaN,NaN,NaN,NaN,NaN,NaN
446,3,1,707,695,588,455,665,399,NaN,NaN,NaN,NaN,NaN,NaN,NaN,NaN,NaN,NaN,NaN,NaN,NaN,NaN
447,4,0,705,695,588,455,666,399,733,342,NaN,NaN,NaN,NaN,NaN,NaN,NaN,NaN,NaN,NaN,NaN,NaN
448,4,0,702,695,588,456,666,399,733,344,NaN,NaN,NaN,NaN,NaN,NaN,NaN,NaN,NaN,NaN,NaN,NaN
449,4,0,698,695,588,457,664,399,733,345,NaN,NaN,NaN,NaN,NaN,NaN,NaN,NaN,NaN,NaN,NaN,NaN
450,4,0,694,695,587,458,664,399,733,347,NaN,NaN,NaN,NaN,NaN,NaN,NaN,NaN,NaN,NaN,NaN,NaN
451,4,0,691,695,587,459,664,399,734,348,NaN,NaN,NaN,NaN,NaN,NaN,NaN,NaN,NaN,NaN,NaN,NaN
452,4,0,688,695,587,461,664,399,735,349,NaN,NaN,NaN,NaN,NaN,NaN,NaN,NaN,NaN,NaN,NaN,NaN
453,4,0,686,695,588,461,665,398,736,350,NaN,NaN,NaN,NaN,NaN,NaN,NaN,NaN,NaN,NaN,NaN,NaN
454,4,0,685,695,589,461,666,398,738,350,NaN,NaN,NaN,NaN,NaN,NaN,NaN,NaN,NaN,NaN,NaN,NaN
455,4,0,684,695,591,460,667,397,740,349,NaN,NaN,NaN,NaN,NaN,NaN,NaN,NaN,NaN,NaN,NaN,NaN
456,4,0,684,695,592,459,668,394,742,348,NaN,NaN,NaN,NaN,NaN,NaN,NaN,NaN,NaN,NaN,NaN,NaN
457,4,0,684,695,593,458,669,393,744,346,NaN,NaN,NaN,NaN,NaN,NaN,NaN,NaN,NaN,NaN,NaN,NaN
458,4,0,683,695,594,457,671,392,745,345,NaN,NaN,NaN,NaN,NaN,NaN,NaN,NaN,NaN,NaN,NaN,NaN
459,4,0,683,695,594,456,672,390,747,343,NaN,NaN,NaN,NaN,NaN,NaN,NaN,NaN,NaN,NaN,NaN,NaN
460,4,0,682,695,595,455,673,388,748,341,NaN,NaN,NaN,NaN,NaN,NaN,NaN,NaN,NaN,NaN,NaN,NaN
461,4,0,681,695,595,454,673,386,749,339,NaN,NaN,NaN,NaN,NaN,NaN,NaN,NaN,NaN,NaN,NaN,NaN
462,4,0,680,695,597,453,674,384,751,337,NaN,NaN,NaN,NaN,NaN,NaN,NaN,NaN,NaN,NaN,NaN,NaN
463,4,0,681,695,600,452,678,382,754,336,NaN,NaN,NaN,NaN,NaN,NaN,NaN,NaN,NaN,NaN,NaN,NaN
464,4,0,684,695,605,453,684,382,760,337,NaN,NaN,NaN,NaN,NaN,NaN,NaN,NaN,NaN,NaN,NaN,NaN
465,4,0,685,695,608,455,688,383,767,338,NaN,NaN,NaN,NaN,NaN,NaN,NaN,NaN,NaN,NaN,NaN,NaN
466,4,0,685,695,612,456,692,383,771,340,NaN,NaN,NaN,NaN,NaN,NaN,NaN,NaN,NaN,NaN,NaN,NaN
467,4,0,684,695,614,458,694,384,774,342,NaN,NaN,NaN,NaN,NaN,NaN,NaN,NaN,NaN,NaN,NaN,NaN
468,4,0,683,695,615,460,695,385,776,344,NaN,NaN,NaN,NaN,NaN,NaN,NaN,NaN,NaN,NaN,NaN,NaN
469,4,0,681,695,615,462,696,386,777,347,NaN,NaN,NaN,NaN,NaN,NaN,NaN,NaN,NaN,NaN,NaN,NaN
470,4,0,680,695,616,464,696,387,778,350,NaN,NaN,NaN,NaN,NaN,NaN,NaN,NaN,NaN,NaN,NaN,NaN
471,4,0,678,695,616,466,696,388,779,352,NaN,NaN,NaN,NaN,NaN,NaN,NaN,NaN,NaN,NaN,NaN,NaN
472,4,0,675,695,615,467,696,388,780,354,NaN,NaN,NaN,NaN,NaN,NaN,NaN,NaN,NaN,NaN,NaN,NaN
473,4,0,673,695,615,469,696,389,780,356,NaN,NaN,NaN,NaN,NaN,NaN,NaN,NaN,NaN,NaN,NaN,NaN
474,4,0,671,695,615,471,697,390,781,358,NaN,NaN,NaN,NaN,NaN,NaN,NaN,NaN,NaN,NaN,NaN,NaN
475,4,0,669,695,615,472,697,390,783,359,NaN,NaN,NaN,NaN,NaN,NaN,NaN,NaN,NaN,NaN,NaN,NaN
476,4,0,668,695,615,473,697,391,784,361,NaN,NaN,NaN,NaN,NaN,NaN,NaN,NaN,NaN,NaN,NaN,NaN
477,4,0,666,695,615,474,697,391,785,362,NaN,NaN,NaN,NaN,NaN,NaN,NaN,NaN,NaN,NaN,NaN,NaN
478,4,0,665,695,615,475,698,391,786,362,NaN,NaN,NaN,NaN,NaN,NaN,NaN,NaN,NaN,NaN,NaN,NaN
479,4,0,663,695,615,475,697,391,786,363,NaN,NaN,NaN,NaN,NaN,NaN,NaN,NaN,NaN,NaN,NaN,NaN
480,4,0,658,695,612,476,695,391,784,363,NaN,NaN,NaN,NaN,NaN,NaN,NaN,NaN,NaN,NaN,NaN,NaN
481,4,0,654,695,609,476,693,390,783,362,NaN,NaN,NaN,NaN,NaN,NaN,NaN,NaN,NaN,NaN,NaN,NaN
482,4,0,651,695,608,476,692,390,783,362,NaN,NaN,NaN,NaN,NaN,NaN,NaN,NaN,NaN,NaN,NaN,NaN
483,4,0,649,695,607,480,691,392,783,364,NaN,NaN,NaN,NaN,NaN,NaN,NaN,NaN,NaN,NaN,NaN,NaN
484,4,0,646,695,607,481,692,393,783,366,NaN,NaN,NaN,NaN,NaN,NaN,NaN,NaN,NaN,NaN,NaN,NaN
485,4,0,644,695,606,483,693,394,785,368,NaN,NaN,NaN,NaN,NaN,NaN,NaN,NaN,NaN,NaN,NaN,NaN
486,4,0,643,695,607,485,694,394,788,369,NaN,NaN,NaN,NaN,NaN,NaN,NaN,NaN,NaN,NaN,NaN,NaN
487,4,0,644,695,608,487,695,395,792,372,NaN,NaN,NaN,NaN,NaN,NaN,NaN,NaN,NaN,NaN,NaN,NaN
488,4,0,645,695,609,489,697,397,795,374,NaN,NaN,NaN,NaN,NaN,NaN,NaN,NaN,NaN,NaN,NaN,NaN
489,4,0,644,695,611,491,699,398,798,376,NaN,NaN,NaN,NaN,NaN,NaN,NaN,NaN,NaN,NaN,NaN,NaN
490,4,0,644,695,611,494,700,400,801,379,NaN,NaN,NaN,NaN,NaN,NaN,NaN,NaN,NaN,NaN,NaN,NaN
491,4,0,643,695,612,496,701,402,803,381,NaN,NaN,NaN,NaN,NaN,NaN,NaN,NaN,NaN,NaN,NaN,NaN
492,4,0,642,695,612,498,701,403,805,383,NaN,NaN,NaN,NaN,NaN,NaN,NaN,NaN,NaN,NaN,NaN,NaN
493,4,0,643,695,614,499,703,403,809,385,NaN,NaN,NaN,NaN,NaN,NaN,NaN,NaN,NaN,NaN,NaN,NaN
494,4,0,644,695,616,500,705,403,812,385,NaN,NaN,NaN,NaN,NaN,NaN,NaN,NaN,NaN,NaN,NaN,NaN
495,4,0,644,695,618,501,707,404,815,386,NaN,NaN,NaN,NaN,NaN,NaN,NaN,NaN,NaN,NaN,NaN,NaN
496,4,0,645,695,620,502,708,405,818,386,NaN,NaN,NaN,NaN,NaN,NaN,NaN,NaN,NaN,NaN,NaN,NaN
497,4,0,645,695,621,504,710,406,821,387,NaN,NaN,NaN,NaN,NaN,NaN,NaN,NaN,NaN,NaN,NaN,NaN
498,4,0,645,695,622,505,711,406,824,388,NaN,NaN,NaN,NaN,NaN,NaN,NaN,NaN,NaN,NaN,NaN,NaN
499,4,0,644,695,623,506,711,407,825,389,NaN,NaN,NaN,NaN,NaN,NaN,NaN,NaN,NaN,NaN,NaN,NaN
500,4,0,643,695,623,507,711,408,826,389,NaN,NaN,NaN,NaN,NaN,NaN,NaN,NaN,NaN,NaN,NaN,NaN
501,4,0,641,695,622,509,711,409,826,390,NaN,NaN,NaN,NaN,NaN,NaN,NaN,NaN,NaN,NaN,NaN,NaN
502,4,0,639,695,622,513,711,412,827,392,NaN,NaN,NaN,NaN,NaN,NaN,NaN,NaN,NaN,NaN,NaN,NaN
503,4,0,636,695,621,513,710,412,827,392,NaN,NaN,NaN,NaN,NaN,NaN,NaN,NaN,NaN,NaN,NaN,NaN
504,4,0,638,695,623,515,712,413,832,393,NaN,NaN,NaN,NaN,NaN,NaN,NaN,NaN,NaN,NaN,NaN,NaN
505,4,0,640,695,627,518,716,416,838,395,NaN,NaN,NaN,NaN,NaN,NaN,NaN,NaN,NaN,NaN,NaN,NaN
506,4,0,643,695,630,522,720,419,844,397,NaN,NaN,NaN,NaN,NaN,NaN,NaN,NaN,NaN,NaN,NaN,NaN
507,4,0,645,695,634,526,724,422,849,399,NaN,NaN,NaN,NaN,NaN,NaN,NaN,NaN,NaN,NaN,NaN,NaN
508,4,0,646,695,636,530,727,426,852,401,NaN,NaN,NaN,NaN,NaN,NaN,NaN,NaN,NaN,NaN,NaN,NaN
509,4,0,647,695,638,534,728,429,854,404,NaN,NaN,NaN,NaN,NaN,NaN,NaN,NaN,NaN,NaN,NaN,NaN
510,4,0,647,695,638,538,729,431,856,406,NaN,NaN,NaN,NaN,NaN,NaN,NaN,NaN,NaN,NaN,NaN,NaN
511,4,0,646,695,639,541,730,433,857,407,NaN,NaN,NaN,NaN,NaN,NaN,NaN,NaN,NaN,NaN,NaN,NaN
512,4,0,646,695,640,543,730,434,858,408,NaN,NaN,NaN,NaN,NaN,NaN,NaN,NaN,NaN,NaN,NaN,NaN
513,4,0,646,695,640,546,731,435,859,409,NaN,NaN,NaN,NaN,NaN,NaN,NaN,NaN,NaN,NaN,NaN,NaN
514,4,0,645,695,640,548,731,436,860,410,NaN,NaN,NaN,NaN,NaN,NaN,NaN,NaN,NaN,NaN,NaN,NaN
515,4,0,645,695,640,550,731,436,862,411,NaN,NaN,NaN,NaN,NaN,NaN,NaN,NaN,NaN,NaN,NaN,NaN
516,4,0,644,695,640,552,732,436,863,411,NaN,NaN,NaN,NaN,NaN,NaN,NaN,NaN,NaN,NaN,NaN,NaN
517,4,0,643,695,640,553,732,436,864,411,NaN,NaN,NaN,NaN,NaN,NaN,NaN,NaN,NaN,NaN,NaN,NaN
518,4,0,643,695,640,554,732,435,865,410,NaN,NaN,NaN,NaN,NaN,NaN,NaN,NaN,NaN,NaN,NaN,NaN
519,4,0,641,695,640,554,732,434,866,410,NaN,NaN,NaN,NaN,NaN,NaN,NaN,NaN,NaN,NaN,NaN,NaN
520,4,0,639,695,639,555,731,433,866,409,NaN,NaN,NaN,NaN,NaN,NaN,NaN,NaN,NaN,NaN,NaN,NaN
521,4,1,639,697,639,555,731,432,866,409,NaN,NaN,NaN,NaN,NaN,NaN,NaN,NaN,NaN,NaN,NaN,NaN
522,4,0,639,695,641,554,734,431,868,408,NaN,NaN,NaN,NaN,NaN,NaN,NaN,NaN,NaN,NaN,NaN,NaN
523,4,0,640,695,644,554,739,432,870,406,NaN,NaN,NaN,NaN,NaN,NaN,NaN,NaN,NaN,NaN,NaN,NaN
524,4,0,640,695,646,555,743,433,873,407,NaN,NaN,NaN,NaN,NaN,NaN,NaN,NaN,NaN,NaN,NaN,NaN
525,4,0,641,695,649,557,746,434,875,406,NaN,NaN,NaN,NaN,NaN,NaN,NaN,NaN,NaN,NaN,NaN,NaN
526,4,0,643,695,653,558,751,436,878,407,NaN,NaN,NaN,NaN,NaN,NaN,NaN,NaN,NaN,NaN,NaN,NaN
527,4,0,645,695,657,559,757,438,882,407,NaN,NaN,NaN,NaN,NaN,NaN,NaN,NaN,NaN,NaN,NaN,NaN
528,4,0,648,695,661,560,763,440,885,407,NaN,NaN,NaN,NaN,NaN,NaN,NaN,NaN,NaN,NaN,NaN,NaN
529,4,0,651,695,667,561,769,443,891,407,NaN,NaN,NaN,NaN,NaN,NaN,NaN,NaN,NaN,NaN,NaN,NaN
530,4,0,653,695,671,561,777,445,895,408,NaN,NaN,NaN,NaN,NaN,NaN,NaN,NaN,NaN,NaN,NaN,NaN
531,4,0,655,695,675,562,783,447,899,407,NaN,NaN,NaN,NaN,NaN,NaN,NaN,NaN,NaN,NaN,NaN,NaN
532,4,0,657,695,680,561,788,448,902,406,NaN,NaN,NaN,NaN,NaN,NaN,NaN,NaN,NaN,NaN,NaN,NaN
533,4,0,658,695,684,561,793,449,906,405,NaN,NaN,NaN,NaN,NaN,NaN,NaN,NaN,NaN,NaN,NaN,NaN
534,4,0,659,695,687,560,798,449,909,404,NaN,NaN,NaN,NaN,NaN,NaN,NaN,NaN,NaN,NaN,NaN,NaN
535,4,0,660,695,690,559,804,450,913,402,NaN,NaN,NaN,NaN,NaN,NaN,NaN,NaN,NaN,NaN,NaN,NaN
536,4,0,661,695,694,558,809,449,915,399,NaN,NaN,NaN,NaN,NaN,NaN,NaN,NaN,NaN,NaN,NaN,NaN
537,4,0,662,695,697,556,814,449,918,397,NaN,NaN,NaN,NaN,NaN,NaN,NaN,NaN,NaN,NaN,NaN,NaN
538,4,0,663,695,701,554,818,449,920,395,NaN,NaN,NaN,NaN,NaN,NaN,NaN,NaN,NaN,NaN,NaN,NaN
539,4,0,663,695,704,552,824,448,924,392,NaN,NaN,NaN,NaN,NaN,NaN,NaN,NaN,NaN,NaN,NaN,NaN
540,4,0,663,695,707,549,828,446,927,389,NaN,NaN,NaN,NaN,NaN,NaN,NaN,NaN,NaN,NaN,NaN,NaN
541,4,0,663,695,710,546,833,445,930,386,NaN,NaN,NaN,NaN,NaN,NaN,NaN,NaN,NaN,NaN,NaN,NaN
542,4,0,662,695,712,543,837,442,932,383,NaN,NaN,NaN,NaN,NaN,NaN,NaN,NaN,NaN,NaN,NaN,NaN
543,4,0,660,695,713,539,839,439,932,379,NaN,NaN,NaN,NaN,NaN,NaN,NaN,NaN,NaN,NaN,NaN,NaN
544,4,0,658,694,714,534,841,437,933,375,NaN,NaN,NaN,NaN,NaN,NaN,NaN,NaN,NaN,NaN,NaN,NaN
545,4,0,657,695,716,533,845,437,934,373,NaN,NaN,NaN,NaN,NaN,NaN,NaN,NaN,NaN,NaN,NaN,NaN
546,4,0,656,695,718,533,850,438,937,372,NaN,NaN,NaN,NaN,NaN,NaN,NaN,NaN,NaN,NaN,NaN,NaN
547,4,0,655,695,719,534,855,440,940,371,NaN,NaN,NaN,NaN,NaN,NaN,NaN,NaN,NaN,NaN,NaN,NaN
548,4,0,653,695,720,534,857,442,940,370,NaN,NaN,NaN,NaN,NaN,NaN,NaN,NaN,NaN,NaN,NaN,NaN
549,4,0,651,695,720,534,856,446,939,370,NaN,NaN,NaN,NaN,NaN,NaN,NaN,NaN,NaN,NaN,NaN,NaN
550,4,0,649,695,721,534,857,450,938,370,NaN,NaN,NaN,NaN,NaN,NaN,NaN,NaN,NaN,NaN,NaN,NaN
551,4,0,647,695,722,535,859,454,938,369,NaN,NaN,NaN,NaN,NaN,NaN,NaN,NaN,NaN,NaN,NaN,NaN
552,4,0,645,695,723,535,859,456,939,371,NaN,NaN,NaN,NaN,NaN,NaN,NaN,NaN,NaN,NaN,NaN,NaN
553,4,0,644,695,725,535,860,456,941,371,NaN,NaN,NaN,NaN,NaN,NaN,NaN,NaN,NaN,NaN,NaN,NaN
554,4,0,643,695,727,533,863,456,944,370,NaN,NaN,NaN,NaN,NaN,NaN,NaN,NaN,NaN,NaN,NaN,NaN
555,4,0,645,695,731,532,868,457,947,369,NaN,NaN,NaN,NaN,NaN,NaN,NaN,NaN,NaN,NaN,NaN,NaN
556,4,0,646,695,735,531,873,458,952,368,NaN,NaN,NaN,NaN,NaN,NaN,NaN,NaN,NaN,NaN,NaN,NaN
557,4,0,646,695,738,529,877,458,955,367,NaN,NaN,NaN,NaN,NaN,NaN,NaN,NaN,NaN,NaN,NaN,NaN
558,4,0,645,695,740,527,880,458,957,366,NaN,NaN,NaN,NaN,NaN,NaN,NaN,NaN,NaN,NaN,NaN,NaN
559,4,0,644,695,742,524,882,458,957,364,NaN,NaN,NaN,NaN,NaN,NaN,NaN,NaN,NaN,NaN,NaN,NaN
560,4,0,643,695,743,521,885,458,958,363,NaN,NaN,NaN,NaN,NaN,NaN,NaN,NaN,NaN,NaN,NaN,NaN
561,4,0,642,695,745,518,888,457,959,361,NaN,NaN,NaN,NaN,NaN,NaN,NaN,NaN,NaN,NaN,NaN,NaN
562,4,0,641,695,747,515,891,457,961,359,NaN,NaN,NaN,NaN,NaN,NaN,NaN,NaN,NaN,NaN,NaN,NaN
563,4,0,641,695,750,512,894,456,962,357,NaN,NaN,NaN,NaN,NaN,NaN,NaN,NaN,NaN,NaN,NaN,NaN
564,4,0,640,695,751,508,897,455,963,355,NaN,NaN,NaN,NaN,NaN,NaN,NaN,NaN,NaN,NaN,NaN,NaN
565,4,0,639,695,753,505,900,454,964,352,NaN,NaN,NaN,NaN,NaN,NaN,NaN,NaN,NaN,NaN,NaN,NaN
566,4,0,636,695,754,501,900,453,962,350,NaN,NaN,NaN,NaN,NaN,NaN,NaN,NaN,NaN,NaN,NaN,NaN
567,4,0,631,695,750,498,898,452,958,348,NaN,NaN,NaN,NaN,NaN,NaN,NaN,NaN,NaN,NaN,NaN,NaN
568,4,0,625,695,747,494,896,451,953,345,NaN,NaN,NaN,NaN,NaN,NaN,NaN,NaN,NaN,NaN,NaN,NaN
569,4,0,619,695,744,491,894,450,951,343,NaN,NaN,NaN,NaN,NaN,NaN,NaN,NaN,NaN,NaN,NaN,NaN
570,4,0,616,695,743,488,894,450,949,341,NaN,NaN,NaN,NaN,NaN,NaN,NaN,NaN,NaN,NaN,NaN,NaN
571,4,0,613,695,744,485,896,450,953,340,NaN,NaN,NaN,NaN,NaN,NaN,NaN,NaN,NaN,NaN,NaN,NaN
572,4,0,612,695,745,483,898,450,956,338,NaN,NaN,NaN,NaN,NaN,NaN,NaN,NaN,NaN,NaN,NaN,NaN
573,4,0,612,695,748,480,902,449,963,337,NaN,NaN,NaN,NaN,NaN,NaN,NaN,NaN,NaN,NaN,NaN,NaN
574,4,0,613,695,750,477,905,449,969,336,NaN,NaN,NaN,NaN,NaN,NaN,NaN,NaN,NaN,NaN,NaN,NaN
575,4,0,614,695,753,474,909,449,968,339,NaN,NaN,NaN,NaN,NaN,NaN,NaN,NaN,NaN,NaN,NaN,NaN
576,4,0,614,695,756,472,913,450,967,342,NaN,NaN,NaN,NaN,NaN,NaN,NaN,NaN,NaN,NaN,NaN,NaN
577,4,0,615,695,759,471,918,451,969,341,NaN,NaN,NaN,NaN,NaN,NaN,NaN,NaN,NaN,NaN,NaN,NaN
578,4,1,615,695,762,467,921,450,970,340,NaN,NaN,NaN,NaN,NaN,NaN,NaN,NaN,NaN,NaN,NaN,NaN
579,4,0,623,695,768,470,925,451,971,339,NaN,NaN,NaN,NaN,NaN,NaN,NaN,NaN,NaN,NaN,NaN,NaN
580,4,0,632,695,774,472,928,449,973,339,NaN,NaN,NaN,NaN,NaN,NaN,NaN,NaN,NaN,NaN,NaN,NaN
581,4,0,645,695,783,477,934,451,975,338,NaN,NaN,NaN,NaN,NaN,NaN,NaN,NaN,NaN,NaN,NaN,NaN
582,4,0,656,695,792,482,939,452,978,339,NaN,NaN,NaN,NaN,NaN,NaN,NaN,NaN,NaN,NaN,NaN,NaN
583,4,0,667,695,801,487,945,454,982,340,NaN,NaN,NaN,NaN,NaN,NaN,NaN,NaN,NaN,NaN,NaN,NaN
584,4,0,674,695,809,490,950,453,984,338,NaN,NaN,NaN,NaN,NaN,NaN,NaN,NaN,NaN,NaN,NaN,NaN
585,4,0,681,695,815,492,952,453,984,337,NaN,NaN,NaN,NaN,NaN,NaN,NaN,NaN,NaN,NaN,NaN,NaN
586,4,0,688,695,821,497,955,454,984,337,NaN,NaN,NaN,NaN,NaN,NaN,NaN,NaN,NaN,NaN,NaN,NaN
587,4,0,693,695,828,501,957,454,984,337,NaN,NaN,NaN,NaN,NaN,NaN,NaN,NaN,NaN,NaN,NaN,NaN
588,4,0,697,695,833,506,958,455,983,336,NaN,NaN,NaN,NaN,NaN,NaN,NaN,NaN,NaN,NaN,NaN,NaN
589,4,0,701,695,839,512,960,457,983,336,NaN,NaN,NaN,NaN,NaN,NaN,NaN,NaN,NaN,NaN,NaN,NaN
590,4,0,707,695,845,517,962,458,983,336,NaN,NaN,NaN,NaN,NaN,NaN,NaN,NaN,NaN,NaN,NaN,NaN
591,4,0,709,695,851,522,963,459,982,336,NaN,NaN,NaN,NaN,NaN,NaN,NaN,NaN,NaN,NaN,NaN,NaN
592,4,0,708,695,854,526,961,459,979,335,NaN,NaN,NaN,NaN,NaN,NaN,NaN,NaN,NaN,NaN,NaN,NaN
593,4,0,704,695,854,530,956,459,972,334,NaN,NaN,NaN,NaN,NaN,NaN,NaN,NaN,NaN,NaN,NaN,NaN
594,4,0,699,695,853,533,950,458,964,333,NaN,NaN,NaN,NaN,NaN,NaN,NaN,NaN,NaN,NaN,NaN,NaN
595,4,0,694,695,853,537,944,458,957,332,NaN,NaN,NaN,NaN,NaN,NaN,NaN,NaN,NaN,NaN,NaN,NaN
596,4,0,689,695,854,540,940,458,952,332,NaN,NaN,NaN,NaN,NaN,NaN,NaN,NaN,NaN,NaN,NaN,NaN
597,4,0,684,695,855,544,937,458,947,331,NaN,NaN,NaN,NaN,NaN,NaN,NaN,NaN,NaN,NaN,NaN,NaN
598,4,0,681,695,858,549,934,458,943,331,NaN,NaN,NaN,NaN,NaN,NaN,NaN,NaN,NaN,NaN,NaN,NaN
599,4,0,677,695,860,554,931,459,939,331,NaN,NaN,NaN,NaN,NaN,NaN,NaN,NaN,NaN,NaN,NaN,NaN
600,4,1,677,695,866,555,932,457,939,330,NaN,NaN,NaN,NaN,NaN,NaN,NaN,NaN,NaN,NaN,NaN,NaN
601,4,0,691,695,863,559,929,459,935,331,NaN,NaN,NaN,NaN,NaN,NaN,NaN,NaN,NaN,NaN,NaN,NaN
602,4,0,704,695,861,563,926,462,932,332,NaN,NaN,NaN,NaN,NaN,NaN,NaN,NaN,NaN,NaN,NaN,NaN
603,4,0,716,695,859,566,924,464,927,334,NaN,NaN,NaN,NaN,NaN,NaN,NaN,NaN,NaN,NaN,NaN,NaN
604,4,0,727,695,857,570,921,468,923,336,NaN,NaN,NaN,NaN,NaN,NaN,NaN,NaN,NaN,NaN,NaN,NaN
605,4,0,737,695,854,574,918,470,920,337,NaN,NaN,NaN,NaN,NaN,NaN,NaN,NaN,NaN,NaN,NaN,NaN
606,4,0,745,695,851,578,914,473,915,338,NaN,NaN,NaN,NaN,NaN,NaN,NaN,NaN,NaN,NaN,NaN,NaN
607,4,0,754,695,848,582,911,476,911,340,NaN,NaN,NaN,NaN,NaN,NaN,NaN,NaN,NaN,NaN,NaN,NaN
608,4,0,767,695,846,594,909,482,907,344,NaN,NaN,NaN,NaN,NaN,NaN,NaN,NaN,NaN,NaN,NaN,NaN
609,4,0,777,695,844,603,907,490,902,352,NaN,NaN,NaN,NaN,NaN,NaN,NaN,NaN,NaN,NaN,NaN,NaN
610,4,0,785,695,841,613,903,498,898,358,NaN,NaN,NaN,NaN,NaN,NaN,NaN,NaN,NaN,NaN,NaN,NaN
611,4,0,790,695,837,621,899,505,893,363,NaN,NaN,NaN,NaN,NaN,NaN,NaN,NaN,NaN,NaN,NaN,NaN
612,4,0,791,695,833,629,893,511,887,367,NaN,NaN,NaN,NaN,NaN,NaN,NaN,NaN,NaN,NaN,NaN,NaN
613,4,0,789,695,826,637,886,517,880,371,NaN,NaN,NaN,NaN,NaN,NaN,NaN,NaN,NaN,NaN,NaN,NaN
614,4,0,788,695,821,644,881,522,873,374,NaN,NaN,NaN,NaN,NaN,NaN,NaN,NaN,NaN,NaN,NaN,NaN
615,4,0,787,695,816,651,876,527,868,376,NaN,NaN,NaN,NaN,NaN,NaN,NaN,NaN,NaN,NaN,NaN,NaN
616,4,0,786,695,812,656,871,531,862,378,NaN,NaN,NaN,NaN,NaN,NaN,NaN,NaN,NaN,NaN,NaN,NaN
617,4,0,784,695,809,661,867,534,857,380,NaN,NaN,NaN,NaN,NaN,NaN,NaN,NaN,NaN,NaN,NaN,NaN
618,4,0,783,695,806,666,864,537,853,382,NaN,NaN,NaN,NaN,NaN,NaN,NaN,NaN,NaN,NaN,NaN,NaN
619,4,0,781,695,804,670,861,540,848,383,NaN,NaN,NaN,NaN,NaN,NaN,NaN,NaN,NaN,NaN,NaN,NaN
620,3,1,781,695,861,540,848,383,NaN,NaN,NaN,NaN,NaN,NaN,NaN,NaN,NaN,NaN,NaN,NaN,NaN,NaN
621,3,0,783,695,857,542,843,384,NaN,NaN,NaN,NaN,NaN,NaN,NaN,NaN,NaN,NaN,NaN,NaN,NaN,NaN
622,3,0,783,695,852,544,837,386,NaN,NaN,NaN,NaN,NaN,NaN,NaN,NaN,NaN,NaN,NaN,NaN,NaN,NaN
623,3,0,784,695,849,547,832,387,NaN,NaN,NaN,NaN,NaN,NaN,NaN,NaN,NaN,NaN,NaN,NaN,NaN,NaN
624,3,0,786,695,846,550,829,389,NaN,NaN,NaN,NaN,NaN,NaN,NaN,NaN,NaN,NaN,NaN,NaN,NaN,NaN
625,3,0,789,695,846,552,825,391,NaN,NaN,NaN,NaN,NaN,NaN,NaN,NaN,NaN,NaN,NaN,NaN,NaN,NaN
626,3,0,794,695,849,556,822,394,NaN,NaN,NaN,NaN,NaN,NaN,NaN,NaN,NaN,NaN,NaN,NaN,NaN,NaN
627,3,0,799,695,846,562,819,399,NaN,NaN,NaN,NaN,NaN,NaN,NaN,NaN,NaN,NaN,NaN,NaN,NaN,NaN
628,3,0,801,695,846,564,814,398,NaN,NaN,NaN,NaN,NaN,NaN,NaN,NaN,NaN,NaN,NaN,NaN,NaN,NaN
629,3,0,804,695,844,569,811,401,NaN,NaN,NaN,NaN,NaN,NaN,NaN,NaN,NaN,NaN,NaN,NaN,NaN,NaN
630,3,0,807,695,844,573,809,402,NaN,NaN,NaN,NaN,NaN,NaN,NaN,NaN,NaN,NaN,NaN,NaN,NaN,NaN
631,3,0,810,695,843,577,806,404,NaN,NaN,NaN,NaN,NaN,NaN,NaN,NaN,NaN,NaN,NaN,NaN,NaN,NaN
632,3,0,813,695,843,581,805,407,NaN,NaN,NaN,NaN,NaN,NaN,NaN,NaN,NaN,NaN,NaN,NaN,NaN,NaN
633,3,0,815,695,842,586,803,410,NaN,NaN,NaN,NaN,NaN,NaN,NaN,NaN,NaN,NaN,NaN,NaN,NaN,NaN
634,3,0,816,695,841,591,800,413,NaN,NaN,NaN,NaN,NaN,NaN,NaN,NaN,NaN,NaN,NaN,NaN,NaN,NaN
635,3,0,817,695,839,595,796,416,NaN,NaN,NaN,NaN,NaN,NaN,NaN,NaN,NaN,NaN,NaN,NaN,NaN,NaN
636,3,0,817,695,837,599,793,419,NaN,NaN,NaN,NaN,NaN,NaN,NaN,NaN,NaN,NaN,NaN,NaN,NaN,NaN
637,3,0,817,695,836,604,790,421,NaN,NaN,NaN,NaN,NaN,NaN,NaN,NaN,NaN,NaN,NaN,NaN,NaN,NaN
638,3,0,817,695,834,608,788,424,NaN,NaN,NaN,NaN,NaN,NaN,NaN,NaN,NaN,NaN,NaN,NaN,NaN,NaN
639,3,0,816,695,831,613,784,427,NaN,NaN,NaN,NaN,NaN,NaN,NaN,NaN,NaN,NaN,NaN,NaN,NaN,NaN
640,3,0,815,695,829,617,781,430,NaN,NaN,NaN,NaN,NaN,NaN,NaN,NaN,NaN,NaN,NaN,NaN,NaN,NaN
641,3,0,813,695,826,622,778,433,NaN,NaN,NaN,NaN,NaN,NaN,NaN,NaN,NaN,NaN,NaN,NaN,NaN,NaN
642,3,0,811,695,822,628,774,436,NaN,NaN,NaN,NaN,NaN,NaN,NaN,NaN,NaN,NaN,NaN,NaN,NaN,NaN
643,3,0,808,695,819,633,770,440,NaN,NaN,NaN,NaN,NaN,NaN,NaN,NaN,NaN,NaN,NaN,NaN,NaN,NaN
644,3,0,805,695,815,639,766,443,NaN,NaN,NaN,NaN,NaN,NaN,NaN,NaN,NaN,NaN,NaN,NaN,NaN,NaN
645,3,0,801,695,811,644,762,446,NaN,NaN,NaN,NaN,NaN,NaN,NaN,NaN,NaN,NaN,NaN,NaN,NaN,NaN
646,3,0,798,695,808,650,758,450,NaN,NaN,NaN,NaN,NaN,NaN,NaN,NaN,NaN,NaN,NaN,NaN,NaN,NaN
647,3,0,795,695,804,657,754,455,NaN,NaN,NaN,NaN,NaN,NaN,NaN,NaN,NaN,NaN,NaN,NaN,NaN,NaN
648,3,0,791,695,800,665,750,463,NaN,NaN,NaN,NaN,NaN,NaN,NaN,NaN,NaN,NaN,NaN,NaN,NaN,NaN
649,3,0,786,695,796,675,746,470,NaN,NaN,NaN,NaN,NaN,NaN,NaN,NaN,NaN,NaN,NaN,NaN,NaN,NaN
650,2,1,786,695,746,470,NaN,NaN,NaN,NaN,NaN,NaN,NaN,NaN,NaN,NaN,NaN,NaN,NaN,NaN,NaN,NaN
651,3,0,780,695,741,474,920,403,NaN,NaN,NaN,NaN,NaN,NaN,NaN,NaN,NaN,NaN,NaN,NaN,NaN,NaN
652,3,0,773,695,737,476,916,405,NaN,NaN,NaN,NaN,NaN,NaN,NaN,NaN,NaN,NaN,NaN,NaN,NaN,NaN
653,3,0,767,695,733,479,912,407,NaN,NaN,NaN,NaN,NaN,NaN,NaN,NaN,NaN,NaN,NaN,NaN,NaN,NaN
654,3,0,762,695,729,481,908,409,NaN,NaN,NaN,NaN,NaN,NaN,NaN,NaN,NaN,NaN,NaN,NaN,NaN,NaN
655,3,0,755,695,725,484,905,411,NaN,NaN,NaN,NaN,NaN,NaN,NaN,NaN,NaN,NaN,NaN,NaN,NaN,NaN
656,3,0,751,695,722,486,903,413,NaN,NaN,NaN,NaN,NaN,NaN,NaN,NaN,NaN,NaN,NaN,NaN,NaN,NaN
657,3,0,747,695,719,487,900,414,NaN,NaN,NaN,NaN,NaN,NaN,NaN,NaN,NaN,NaN,NaN,NaN,NaN,NaN
658,3,0,743,695,716,488,897,415,NaN,NaN,NaN,NaN,NaN,NaN,NaN,NaN,NaN,NaN,NaN,NaN,NaN,NaN
659,3,0,738,695,713,489,893,415,NaN,NaN,NaN,NaN,NaN,NaN,NaN,NaN,NaN,NaN,NaN,NaN,NaN,NaN
660,3,0,734,695,709,489,890,415,NaN,NaN,NaN,NaN,NaN,NaN,NaN,NaN,NaN,NaN,NaN,NaN,NaN,NaN
661,3,0,730,695,706,489,887,415,NaN,NaN,NaN,NaN,NaN,NaN,NaN,NaN,NaN,NaN,NaN,NaN,NaN,NaN
662,3,0,726,695,701,488,883,414,NaN,NaN,NaN,NaN,NaN,NaN,NaN,NaN,NaN,NaN,NaN,NaN,NaN,NaN
663,3,0,720,695,697,488,879,414,NaN,NaN,NaN,NaN,NaN,NaN,NaN,NaN,NaN,NaN,NaN,NaN,NaN,NaN
664,3,0,715,695,692,488,875,414,NaN,NaN,NaN,NaN,NaN,NaN,NaN,NaN,NaN,NaN,NaN,NaN,NaN,NaN
665,3,0,711,695,688,488,871,414,NaN,NaN,NaN,NaN,NaN,NaN,NaN,NaN,NaN,NaN,NaN,NaN,NaN,NaN
666,3,0,706,695,684,489,868,414,NaN,NaN,NaN,NaN,NaN,NaN,NaN,NaN,NaN,NaN,NaN,NaN,NaN,NaN
667,3,0,703,695,681,489,865,414,NaN,NaN,NaN,NaN,NaN,NaN,NaN,NaN,NaN,NaN,NaN,NaN,NaN,NaN
668,3,0,700,695,678,489,862,414,NaN,NaN,NaN,NaN,NaN,NaN,NaN,NaN,NaN,NaN,NaN,NaN,NaN,NaN
669,3,0,697,695,675,490,860,414,NaN,NaN,NaN,NaN,NaN,NaN,NaN,NaN,NaN,NaN,NaN,NaN,NaN,NaN
670,3,0,695,695,673,490,858,414,NaN,NaN,NaN,NaN,NaN,NaN,NaN,NaN,NaN,NaN,NaN,NaN,NaN,NaN
671,3,0,693,695,670,490,856,414,NaN,NaN,NaN,NaN,NaN,NaN,NaN,NaN,NaN,NaN,NaN,NaN,NaN,NaN
672,3,0,692,695,669,491,856,414,NaN,NaN,NaN,NaN,NaN,NaN,NaN,NaN,NaN,NaN,NaN,NaN,NaN,NaN
673,3,0,692,695,667,491,855,414,NaN,NaN,NaN,NaN,NaN,NaN,NaN,NaN,NaN,NaN,NaN,NaN,NaN,NaN
674,3,0,692,695,667,491,855,414,NaN,NaN,NaN,NaN,NaN,NaN,NaN,NaN,NaN,NaN,NaN,NaN,NaN,NaN
675,3,0,692,695,666,493,855,415,NaN,NaN,NaN,NaN,NaN,NaN,NaN,NaN,NaN,NaN,NaN,NaN,NaN,NaN
676,3,0,692,695,665,495,855,416,NaN,NaN,NaN,NaN,NaN,NaN,NaN,NaN,NaN,NaN,NaN,NaN,NaN,NaN
677,3,0,691,695,664,498,856,418,NaN,NaN,NaN,NaN,NaN,NaN,NaN,NaN,NaN,NaN,NaN,NaN,NaN,NaN
678,3,0,689,695,661,500,855,420,NaN,NaN,NaN,NaN,NaN,NaN,NaN,NaN,NaN,NaN,NaN,NaN,NaN,NaN
679,3,0,688,695,659,504,854,422,NaN,NaN,NaN,NaN,NaN,NaN,NaN,NaN,NaN,NaN,NaN,NaN,NaN,NaN
680,3,0,689,695,660,507,854,424,NaN,NaN,NaN,NaN,NaN,NaN,NaN,NaN,NaN,NaN,NaN,NaN,NaN,NaN
681,3,0,690,695,660,510,855,426,NaN,NaN,NaN,NaN,NaN,NaN,NaN,NaN,NaN,NaN,NaN,NaN,NaN,NaN
682,3,0,691,695,661,513,855,428,NaN,NaN,NaN,NaN,NaN,NaN,NaN,NaN,NaN,NaN,NaN,NaN,NaN,NaN
683,3,0,692,695,662,515,856,429,NaN,NaN,NaN,NaN,NaN,NaN,NaN,NaN,NaN,NaN,NaN,NaN,NaN,NaN
684,3,0,695,695,665,518,860,432,NaN,NaN,NaN,NaN,NaN,NaN,NaN,NaN,NaN,NaN,NaN,NaN,NaN,NaN
685,3,0,700,695,670,521,866,434,NaN,NaN,NaN,NaN,NaN,NaN,NaN,NaN,NaN,NaN,NaN,NaN,NaN,NaN
686,3,0,704,695,673,524,870,436,NaN,NaN,NaN,NaN,NaN,NaN,NaN,NaN,NaN,NaN,NaN,NaN,NaN,NaN
687,3,0,707,695,675,526,874,438,NaN,NaN,NaN,NaN,NaN,NaN,NaN,NaN,NaN,NaN,NaN,NaN,NaN,NaN
688,3,0,709,695,676,527,876,438,NaN,NaN,NaN,NaN,NaN,NaN,NaN,NaN,NaN,NaN,NaN,NaN,NaN,NaN
689,3,0,710,695,677,528,877,438,NaN,NaN,NaN,NaN,NaN,NaN,NaN,NaN,NaN,NaN,NaN,NaN,NaN,NaN
690,3,0,709,695,676,528,877,438,NaN,NaN,NaN,NaN,NaN,NaN,NaN,NaN,NaN,NaN,NaN,NaN,NaN,NaN
691,3,0,709,695,676,527,877,437,NaN,NaN,NaN,NaN,NaN,NaN,NaN,NaN,NaN,NaN,NaN,NaN,NaN,NaN
692,3,0,708,695,675,527,877,436,NaN,NaN,NaN,NaN,NaN,NaN,NaN,NaN,NaN,NaN,NaN,NaN,NaN,NaN
693,3,0,708,695,674,526,877,434,NaN,NaN,NaN,NaN,NaN,NaN,NaN,NaN,NaN,NaN,NaN,NaN,NaN,NaN
694,3,0,708,695,674,524,877,433,NaN,NaN,NaN,NaN,NaN,NaN,NaN,NaN,NaN,NaN,NaN,NaN,NaN,NaN
695,3,0,707,695,673,523,877,431,NaN,NaN,NaN,NaN,NaN,NaN,NaN,NaN,NaN,NaN,NaN,NaN,NaN,NaN
696,3,0,707,695,673,523,877,431,NaN,NaN,NaN,NaN,NaN,NaN,NaN,NaN,NaN,NaN,NaN,NaN,NaN,NaN
697,3,1,706,695,672,522,877,429,NaN,NaN,NaN,NaN,NaN,NaN,NaN,NaN,NaN,NaN,NaN,NaN,NaN,NaN
698,3,0,705,695,671,520,876,427,NaN,NaN,NaN,NaN,NaN,NaN,NaN,NaN,NaN,NaN,NaN,NaN,NaN,NaN
699,3,0,704,695,670,520,876,427,NaN,NaN,NaN,NaN,NaN,NaN,NaN,NaN,NaN,NaN,NaN,NaN,NaN,NaN
700,3,0,703,695,669,521,876,427,NaN,NaN,NaN,NaN,NaN,NaN,NaN,NaN,NaN,NaN,NaN,NaN,NaN,NaN
701,3,0,702,695,668,523,876,427,NaN,NaN,NaN,NaN,NaN,NaN,NaN,NaN,NaN,NaN,NaN,NaN,NaN,NaN
702,3,0,701,695,668,525,877,429,NaN,NaN,NaN,NaN,NaN,NaN,NaN,NaN,NaN,NaN,NaN,NaN,NaN,NaN
703,3,0,700,695,667,528,877,430,NaN,NaN,NaN,NaN,NaN,NaN,NaN,NaN,NaN,NaN,NaN,NaN,NaN,NaN
704,3,0,699,695,667,530,878,432,NaN,NaN,NaN,NaN,NaN,NaN,NaN,NaN,NaN,NaN,NaN,NaN,NaN,NaN
705,3,0,698,695,667,533,878,434,NaN,NaN,NaN,NaN,NaN,NaN,NaN,NaN,NaN,NaN,NaN,NaN,NaN,NaN
706,3,0,697,695,666,536,877,435,NaN,NaN,NaN,NaN,NaN,NaN,NaN,NaN,NaN,NaN,NaN,NaN,NaN,NaN
707,3,0,696,695,665,538,877,437,NaN,NaN,NaN,NaN,NaN,NaN,NaN,NaN,NaN,NaN,NaN,NaN,NaN,NaN
708,3,0,695,695,665,540,876,438,NaN,NaN,NaN,NaN,NaN,NaN,NaN,NaN,NaN,NaN,NaN,NaN,NaN,NaN
709,3,0,695,695,665,543,877,440,NaN,NaN,NaN,NaN,NaN,NaN,NaN,NaN,NaN,NaN,NaN,NaN,NaN,NaN
710,3,0,695,695,665,545,878,441,NaN,NaN,NaN,NaN,NaN,NaN,NaN,NaN,NaN,NaN,NaN,NaN,NaN,NaN
711,3,0,695,695,665,548,879,442,NaN,NaN,NaN,NaN,NaN,NaN,NaN,NaN,NaN,NaN,NaN,NaN,NaN,NaN
712,3,0,696,695,666,550,880,443,NaN,NaN,NaN,NaN,NaN,NaN,NaN,NaN,NaN,NaN,NaN,NaN,NaN,NaN
713,3,0,696,695,666,551,881,444,NaN,NaN,NaN,NaN,NaN,NaN,NaN,NaN,NaN,NaN,NaN,NaN,NaN,NaN
714,3,0,695,695,665,552,879,445,NaN,NaN,NaN,NaN,NaN,NaN,NaN,NaN,NaN,NaN,NaN,NaN,NaN,NaN
715,3,0,691,695,660,553,875,445,NaN,NaN,NaN,NaN,NaN,NaN,NaN,NaN,NaN,NaN,NaN,NaN,NaN,NaN
716,3,0,689,695,657,554,872,445,NaN,NaN,NaN,NaN,NaN,NaN,NaN,NaN,NaN,NaN,NaN,NaN,NaN,NaN
717,3,0,687,695,652,558,868,447,NaN,NaN,NaN,NaN,NaN,NaN,NaN,NaN,NaN,NaN,NaN,NaN,NaN,NaN
718,3,0,689,695,653,561,870,448,NaN,NaN,NaN,NaN,NaN,NaN,NaN,NaN,NaN,NaN,NaN,NaN,NaN,NaN
719,3,0,685,695,648,566,866,451,NaN,NaN,NaN,NaN,NaN,NaN,NaN,NaN,NaN,NaN,NaN,NaN,NaN,NaN
720,3,0,682,695,647,571,866,455,NaN,NaN,NaN,NaN,NaN,NaN,NaN,NaN,NaN,NaN,NaN,NaN,NaN,NaN
721,3,0,682,695,649,575,868,458,NaN,NaN,NaN,NaN,NaN,NaN,NaN,NaN,NaN,NaN,NaN,NaN,NaN,NaN
722,3,0,683,695,651,579,871,461,NaN,NaN,NaN,NaN,NaN,NaN,NaN,NaN,NaN,NaN,NaN,NaN,NaN,NaN
723,3,0,684,695,653,583,873,464,NaN,NaN,NaN,NaN,NaN,NaN,NaN,NaN,NaN,NaN,NaN,NaN,NaN,NaN
724,3,0,685,695,654,587,874,466,NaN,NaN,NaN,NaN,NaN,NaN,NaN,NaN,NaN,NaN,NaN,NaN,NaN,NaN
725,3,0,685,695,656,595,876,472,NaN,NaN,NaN,NaN,NaN,NaN,NaN,NaN,NaN,NaN,NaN,NaN,NaN,NaN
726,3,0,683,695,656,602,877,479,NaN,NaN,NaN,NaN,NaN,NaN,NaN,NaN,NaN,NaN,NaN,NaN,NaN,NaN
727,3,0,681,695,657,608,878,486,NaN,NaN,NaN,NaN,NaN,NaN,NaN,NaN,NaN,NaN,NaN,NaN,NaN,NaN
728,3,0,680,695,657,613,880,490,NaN,NaN,NaN,NaN,NaN,NaN,NaN,NaN,NaN,NaN,NaN,NaN,NaN,NaN
729,3,0,680,695,658,619,881,493,NaN,NaN,NaN,NaN,NaN,NaN,NaN,NaN,NaN,NaN,NaN,NaN,NaN,NaN
730,3,0,679,695,659,623,883,497,NaN,NaN,NaN,NaN,NaN,NaN,NaN,NaN,NaN,NaN,NaN,NaN,NaN,NaN
731,3,0,678,695,663,629,903,522,NaN,NaN,NaN,NaN,NaN,NaN,NaN,NaN,NaN,NaN,NaN,NaN,NaN,NaN
732,3,0,676,695,658,664,904,524,NaN,NaN,NaN,NaN,NaN,NaN,NaN,NaN,NaN,NaN,NaN,NaN,NaN,NaN
733,3,0,665,695,652,691,905,536,NaN,NaN,NaN,NaN,NaN,NaN,NaN,NaN,NaN,NaN,NaN,NaN,NaN,NaN
734,0,0,NaN,NaN,NaN,NaN,NaN,NaN,NaN,NaN,NaN,NaN,NaN,NaN,NaN,NaN,NaN,NaN,NaN,NaN,NaN,NaN
735,0,0,NaN,NaN,NaN,NaN,NaN,NaN,NaN,NaN,NaN,NaN,NaN,NaN,NaN,NaN,NaN,NaN,NaN,NaN,NaN,NaN
736,0,0,NaN,NaN,NaN,NaN,NaN,NaN,NaN,NaN,NaN,NaN,NaN,NaN,NaN,NaN,NaN,NaN,NaN,NaN,NaN,NaN
737,0,0,NaN,NaN,NaN,NaN,NaN,NaN,NaN,NaN,NaN,NaN,NaN,NaN,NaN,NaN,NaN,NaN,NaN,NaN,NaN,NaN
738,0,0,NaN,NaN,NaN,NaN,NaN,NaN,NaN,NaN,NaN,NaN,NaN,NaN,NaN,NaN,NaN,NaN,NaN,NaN,NaN,NaN
739,0,0,NaN,NaN,NaN,NaN,NaN,NaN,NaN,NaN,NaN,NaN,NaN,NaN,NaN,NaN,NaN,NaN,NaN,NaN,NaN,NaN
740,0,0,NaN,NaN,NaN,NaN,NaN,NaN,NaN,NaN,NaN,NaN,NaN,NaN,NaN,NaN,NaN,NaN,NaN,NaN,NaN,NaN
741,0,0,NaN,NaN,NaN,NaN,NaN,NaN,NaN,NaN,NaN,NaN,NaN,NaN,NaN,NaN,NaN,NaN,NaN,NaN,NaN,NaN
742,0,0,NaN,NaN,NaN,NaN,NaN,NaN,NaN,NaN,NaN,NaN,NaN,NaN,NaN,NaN,NaN,NaN,NaN,NaN,NaN,NaN
743,0,0,NaN,NaN,NaN,NaN,NaN,NaN,NaN,NaN,NaN,NaN,NaN,NaN,NaN,NaN,NaN,NaN,NaN,NaN,NaN,NaN
744,0,1,NaN,NaN,NaN,NaN,NaN,NaN,NaN,NaN,NaN,NaN,NaN,NaN,NaN,NaN,NaN,NaN,NaN,NaN,NaN,NaN
745,3,0,618,418,919,557,1002,426,NaN,NaN,NaN,NaN,NaN,NaN,NaN,NaN,NaN,NaN,NaN,NaN,NaN,NaN
746,3,0,624,448,918,561,1048,440,NaN,NaN,NaN,NaN,NaN,NaN,NaN,NaN,NaN,NaN,NaN,NaN,NaN,NaN
747,0,1,NaN,NaN,NaN,NaN,NaN,NaN,NaN,NaN,NaN,NaN,NaN,NaN,NaN,NaN,NaN,NaN,NaN,NaN,NaN,NaN
748,2,1,920,568,1030,437,NaN,NaN,NaN,NaN,NaN,NaN,NaN,NaN,NaN,NaN,NaN,NaN,NaN,NaN,NaN,NaN
749,2,1,919,570,1028,438,NaN,NaN,NaN,NaN,NaN,NaN,NaN,NaN,NaN,NaN,NaN,NaN,NaN,NaN,NaN,NaN
750,2,1,919,572,1028,439,NaN,NaN,NaN,NaN,NaN,NaN,NaN,NaN,NaN,NaN,NaN,NaN,NaN,NaN,NaN,NaN
751,2,1,919,574,1028,439,NaN,NaN,NaN,NaN,NaN,NaN,NaN,NaN,NaN,NaN,NaN,NaN,NaN,NaN,NaN,NaN
752,2,1,919,576,1028,440,NaN,NaN,NaN,NaN,NaN,NaN,NaN,NaN,NaN,NaN,NaN,NaN,NaN,NaN,NaN,NaN
753,2,1,919,577,1027,441,NaN,NaN,NaN,NaN,NaN,NaN,NaN,NaN,NaN,NaN,NaN,NaN,NaN,NaN,NaN,NaN
754,2,1,919,579,1027,442,NaN,NaN,NaN,NaN,NaN,NaN,NaN,NaN,NaN,NaN,NaN,NaN,NaN,NaN,NaN,NaN
755,3,0,658,618,919,581,1026,443,NaN,NaN,NaN,NaN,NaN,NaN,NaN,NaN,NaN,NaN,NaN,NaN,NaN,NaN
756,3,0,663,632,919,582,1026,444,NaN,NaN,NaN,NaN,NaN,NaN,NaN,NaN,NaN,NaN,NaN,NaN,NaN,NaN
757,3,0,668,645,919,583,1025,444,NaN,NaN,NaN,NaN,NaN,NaN,NaN,NaN,NaN,NaN,NaN,NaN,NaN,NaN
758,3,0,676,659,920,585,1026,445,NaN,NaN,NaN,NaN,NaN,NaN,NaN,NaN,NaN,NaN,NaN,NaN,NaN,NaN
759,3,0,687,675,920,586,1026,446,NaN,NaN,NaN,NaN,NaN,NaN,NaN,NaN,NaN,NaN,NaN,NaN,NaN,NaN
760,3,0,677,680,918,587,1023,447,NaN,NaN,NaN,NaN,NaN,NaN,NaN,NaN,NaN,NaN,NaN,NaN,NaN,NaN
761,3,0,693,691,914,588,1020,447,NaN,NaN,NaN,NaN,NaN,NaN,NaN,NaN,NaN,NaN,NaN,NaN,NaN,NaN
762,3,0,689,694,912,590,1016,448,NaN,NaN,NaN,NaN,NaN,NaN,NaN,NaN,NaN,NaN,NaN,NaN,NaN,NaN
763,3,0,687,696,911,591,1014,448,NaN,NaN,NaN,NaN,NaN,NaN,NaN,NaN,NaN,NaN,NaN,NaN,NaN,NaN
764,3,0,687,698,911,592,1013,448,NaN,NaN,NaN,NaN,NaN,NaN,NaN,NaN,NaN,NaN,NaN,NaN,NaN,NaN
765,3,1,687,698,911,592,1013,448,NaN,NaN,NaN,NaN,NaN,NaN,NaN,NaN,NaN,NaN,NaN,NaN,NaN,NaN
766,3,0,700,695,913,594,1014,448,NaN,NaN,NaN,NaN,NaN,NaN,NaN,NaN,NaN,NaN,NaN,NaN,NaN,NaN
767,3,0,706,695,915,595,1015,449,NaN,NaN,NaN,NaN,NaN,NaN,NaN,NaN,NaN,NaN,NaN,NaN,NaN,NaN
768,3,0,714,695,917,597,1017,449,NaN,NaN,NaN,NaN,NaN,NaN,NaN,NaN,NaN,NaN,NaN,NaN,NaN,NaN
769,3,0,720,695,919,598,1019,449,NaN,NaN,NaN,NaN,NaN,NaN,NaN,NaN,NaN,NaN,NaN,NaN,NaN,NaN
770,3,0,726,695,922,599,1020,449,NaN,NaN,NaN,NaN,NaN,NaN,NaN,NaN,NaN,NaN,NaN,NaN,NaN,NaN
771,3,0,731,695,924,600,1022,449,NaN,NaN,NaN,NaN,NaN,NaN,NaN,NaN,NaN,NaN,NaN,NaN,NaN,NaN
772,3,0,735,695,927,600,1024,449,NaN,NaN,NaN,NaN,NaN,NaN,NaN,NaN,NaN,NaN,NaN,NaN,NaN,NaN
773,3,0,736,694,928,599,1025,448,NaN,NaN,NaN,NaN,NaN,NaN,NaN,NaN,NaN,NaN,NaN,NaN,NaN,NaN
774,3,0,735,693,927,598,1023,446,NaN,NaN,NaN,NaN,NaN,NaN,NaN,NaN,NaN,NaN,NaN,NaN,NaN,NaN
775,3,0,733,692,926,596,1021,444,NaN,NaN,NaN,NaN,NaN,NaN,NaN,NaN,NaN,NaN,NaN,NaN,NaN,NaN
776,3,0,732,692,925,595,1020,442,NaN,NaN,NaN,NaN,NaN,NaN,NaN,NaN,NaN,NaN,NaN,NaN,NaN,NaN
777,3,0,730,690,924,593,1019,440,NaN,NaN,NaN,NaN,NaN,NaN,NaN,NaN,NaN,NaN,NaN,NaN,NaN,NaN
778,3,0,729,688,923,589,1018,437,NaN,NaN,NaN,NaN,NaN,NaN,NaN,NaN,NaN,NaN,NaN,NaN,NaN,NaN
779,3,0,728,685,923,587,1017,433,NaN,NaN,NaN,NaN,NaN,NaN,NaN,NaN,NaN,NaN,NaN,NaN,NaN,NaN
780,3,0,728,683,923,584,1017,430,NaN,NaN,NaN,NaN,NaN,NaN,NaN,NaN,NaN,NaN,NaN,NaN,NaN,NaN
781,3,0,728,682,924,582,1018,427,NaN,NaN,NaN,NaN,NaN,NaN,NaN,NaN,NaN,NaN,NaN,NaN,NaN,NaN
782,3,0,728,682,925,581,1018,426,NaN,NaN,NaN,NaN,NaN,NaN,NaN,NaN,NaN,NaN,NaN,NaN,NaN,NaN
783,3,0,728,681,925,580,1019,425,NaN,NaN,NaN,NaN,NaN,NaN,NaN,NaN,NaN,NaN,NaN,NaN,NaN,NaN
784,3,0,728,681,926,580,1019,424,NaN,NaN,NaN,NaN,NaN,NaN,NaN,NaN,NaN,NaN,NaN,NaN,NaN,NaN
785,3,0,727,681,926,579,1019,422,NaN,NaN,NaN,NaN,NaN,NaN,NaN,NaN,NaN,NaN,NaN,NaN,NaN,NaN
786,3,0,727,680,926,578,1020,421,NaN,NaN,NaN,NaN,NaN,NaN,NaN,NaN,NaN,NaN,NaN,NaN,NaN,NaN
787,3,0,726,680,926,576,1020,419,NaN,NaN,NaN,NaN,NaN,NaN,NaN,NaN,NaN,NaN,NaN,NaN,NaN,NaN
788,3,0,724,682,925,579,1021,425,NaN,NaN,NaN,NaN,NaN,NaN,NaN,NaN,NaN,NaN,NaN,NaN,NaN,NaN
789,3,0,724,687,926,582,1022,428,NaN,NaN,NaN,NaN,NaN,NaN,NaN,NaN,NaN,NaN,NaN,NaN,NaN,NaN
790,3,0,724,692,927,588,1023,433,NaN,NaN,NaN,NaN,NaN,NaN,NaN,NaN,NaN,NaN,NaN,NaN,NaN,NaN
791,3,0,725,694,928,591,1023,435,NaN,NaN,NaN,NaN,NaN,NaN,NaN,NaN,NaN,NaN,NaN,NaN,NaN,NaN
792,3,0,727,695,930,593,1027,436,NaN,NaN,NaN,NaN,NaN,NaN,NaN,NaN,NaN,NaN,NaN,NaN,NaN,NaN
793,3,0,736,695,935,594,1034,436,NaN,NaN,NaN,NaN,NaN,NaN,NaN,NaN,NaN,NaN,NaN,NaN,NaN,NaN
794,3,0,742,695,941,595,1040,436,NaN,NaN,NaN,NaN,NaN,NaN,NaN,NaN,NaN,NaN,NaN,NaN,NaN,NaN
795,3,0,744,695,946,594,1044,434,NaN,NaN,NaN,NaN,NaN,NaN,NaN,NaN,NaN,NaN,NaN,NaN,NaN,NaN
796,3,0,745,693,948,592,1046,432,NaN,NaN,NaN,NaN,NaN,NaN,NaN,NaN,NaN,NaN,NaN,NaN,NaN,NaN
797,3,0,745,691,948,589,1047,429,NaN,NaN,NaN,NaN,NaN,NaN,NaN,NaN,NaN,NaN,NaN,NaN,NaN,NaN
798,3,0,744,688,948,587,1047,426,NaN,NaN,NaN,NaN,NaN,NaN,NaN,NaN,NaN,NaN,NaN,NaN,NaN,NaN
799,3,0,743,686,948,584,1047,422,NaN,NaN,NaN,NaN,NaN,NaN,NaN,NaN,NaN,NaN,NaN,NaN,NaN,NaN
800,3,0,742,683,947,580,1046,418,NaN,NaN,NaN,NaN,NaN,NaN,NaN,NaN,NaN,NaN,NaN,NaN,NaN,NaN
801,3,0,740,678,946,576,1046,413,NaN,NaN,NaN,NaN,NaN,NaN,NaN,NaN,NaN,NaN,NaN,NaN,NaN,NaN
802,3,0,738,671,945,571,1046,405,NaN,NaN,NaN,NaN,NaN,NaN,NaN,NaN,NaN,NaN,NaN,NaN,NaN,NaN
803,3,0,738,665,945,563,1046,397,NaN,NaN,NaN,NaN,NaN,NaN,NaN,NaN,NaN,NaN,NaN,NaN,NaN,NaN
804,3,0,738,660,946,558,1047,393,NaN,NaN,NaN,NaN,NaN,NaN,NaN,NaN,NaN,NaN,NaN,NaN,NaN,NaN
805,3,0,737,656,946,555,1048,390,NaN,NaN,NaN,NaN,NaN,NaN,NaN,NaN,NaN,NaN,NaN,NaN,NaN,NaN
806,3,0,738,653,947,552,1049,387,NaN,NaN,NaN,NaN,NaN,NaN,NaN,NaN,NaN,NaN,NaN,NaN,NaN,NaN
807,3,0,738,651,949,550,1051,384,NaN,NaN,NaN,NaN,NaN,NaN,NaN,NaN,NaN,NaN,NaN,NaN,NaN,NaN
808,3,0,740,650,951,548,1054,382,NaN,NaN,NaN,NaN,NaN,NaN,NaN,NaN,NaN,NaN,NaN,NaN,NaN,NaN
809,3,0,740,650,952,547,1055,381,NaN,NaN,NaN,NaN,NaN,NaN,NaN,NaN,NaN,NaN,NaN,NaN,NaN,NaN
810,3,0,739,650,951,547,1055,379,NaN,NaN,NaN,NaN,NaN,NaN,NaN,NaN,NaN,NaN,NaN,NaN,NaN,NaN
811,3,0,738,650,953,547,1057,378,NaN,NaN,NaN,NaN,NaN,NaN,NaN,NaN,NaN,NaN,NaN,NaN,NaN,NaN
812,3,0,739,651,955,546,1058,377,NaN,NaN,NaN,NaN,NaN,NaN,NaN,NaN,NaN,NaN,NaN,NaN,NaN,NaN
813,3,0,740,651,956,546,1060,376,NaN,NaN,NaN,NaN,NaN,NaN,NaN,NaN,NaN,NaN,NaN,NaN,NaN,NaN
814,3,0,741,652,958,546,1062,375,NaN,NaN,NaN,NaN,NaN,NaN,NaN,NaN,NaN,NaN,NaN,NaN,NaN,NaN
815,3,0,742,653,961,547,1065,374,NaN,NaN,NaN,NaN,NaN,NaN,NaN,NaN,NaN,NaN,NaN,NaN,NaN,NaN
816,3,0,743,655,963,548,1067,373,NaN,NaN,NaN,NaN,NaN,NaN,NaN,NaN,NaN,NaN,NaN,NaN,NaN,NaN
817,3,0,745,657,965,549,1070,373,NaN,NaN,NaN,NaN,NaN,NaN,NaN,NaN,NaN,NaN,NaN,NaN,NaN,NaN
818,3,0,747,658,968,550,1072,373,NaN,NaN,NaN,NaN,NaN,NaN,NaN,NaN,NaN,NaN,NaN,NaN,NaN,NaN
819,3,0,749,660,970,551,1075,373,NaN,NaN,NaN,NaN,NaN,NaN,NaN,NaN,NaN,NaN,NaN,NaN,NaN,NaN
820,3,0,750,662,972,553,1077,375,NaN,NaN,NaN,NaN,NaN,NaN,NaN,NaN,NaN,NaN,NaN,NaN,NaN,NaN
821,3,0,751,665,975,555,1079,376,NaN,NaN,NaN,NaN,NaN,NaN,NaN,NaN,NaN,NaN,NaN,NaN,NaN,NaN
822,3,0,752,668,977,558,1082,377,NaN,NaN,NaN,NaN,NaN,NaN,NaN,NaN,NaN,NaN,NaN,NaN,NaN,NaN
823,3,0,752,670,978,560,1085,378,NaN,NaN,NaN,NaN,NaN,NaN,NaN,NaN,NaN,NaN,NaN,NaN,NaN,NaN
824,3,0,753,672,980,562,1087,379,NaN,NaN,NaN,NaN,NaN,NaN,NaN,NaN,NaN,NaN,NaN,NaN,NaN,NaN
825,3,0,753,673,982,563,1090,379,NaN,NaN,NaN,NaN,NaN,NaN,NaN,NaN,NaN,NaN,NaN,NaN,NaN,NaN
826,3,0,754,674,984,563,1092,379,NaN,NaN,NaN,NaN,NaN,NaN,NaN,NaN,NaN,NaN,NaN,NaN,NaN,NaN
827,3,0,756,674,986,563,1096,379,NaN,NaN,NaN,NaN,NaN,NaN,NaN,NaN,NaN,NaN,NaN,NaN,NaN,NaN
828,3,0,759,674,990,563,1101,378,NaN,NaN,NaN,NaN,NaN,NaN,NaN,NaN,NaN,NaN,NaN,NaN,NaN,NaN
829,3,0,763,673,996,563,1107,377,NaN,NaN,NaN,NaN,NaN,NaN,NaN,NaN,NaN,NaN,NaN,NaN,NaN,NaN
830,3,0,767,672,1001,562,1116,376,NaN,NaN,NaN,NaN,NaN,NaN,NaN,NaN,NaN,NaN,NaN,NaN,NaN,NaN
831,3,0,772,673,1008,562,1124,376,NaN,NaN,NaN,NaN,NaN,NaN,NaN,NaN,NaN,NaN,NaN,NaN,NaN,NaN
832,3,0,777,673,1014,563,1131,376,NaN,NaN,NaN,NaN,NaN,NaN,NaN,NaN,NaN,NaN,NaN,NaN,NaN,NaN
833,3,0,779,674,1018,564,1136,376,NaN,NaN,NaN,NaN,NaN,NaN,NaN,NaN,NaN,NaN,NaN,NaN,NaN,NaN
834,3,0,780,675,1021,565,1140,376,NaN,NaN,NaN,NaN,NaN,NaN,NaN,NaN,NaN,NaN,NaN,NaN,NaN,NaN
835,3,0,780,676,1022,566,1142,377,NaN,NaN,NaN,NaN,NaN,NaN,NaN,NaN,NaN,NaN,NaN,NaN,NaN,NaN
836,3,0,779,677,1022,567,1142,377,NaN,NaN,NaN,NaN,NaN,NaN,NaN,NaN,NaN,NaN,NaN,NaN,NaN,NaN
837,3,0,778,678,1021,568,1143,378,NaN,NaN,NaN,NaN,NaN,NaN,NaN,NaN,NaN,NaN,NaN,NaN,NaN,NaN
838,3,0,777,679,1021,569,1143,379,NaN,NaN,NaN,NaN,NaN,NaN,NaN,NaN,NaN,NaN,NaN,NaN,NaN,NaN
839,3,0,776,679,1019,569,1142,379,NaN,NaN,NaN,NaN,NaN,NaN,NaN,NaN,NaN,NaN,NaN,NaN,NaN,NaN
840,3,0,773,680,1017,570,1140,380,NaN,NaN,NaN,NaN,NaN,NaN,NaN,NaN,NaN,NaN,NaN,NaN,NaN,NaN
841,3,0,771,680,1015,570,1138,380,NaN,NaN,NaN,NaN,NaN,NaN,NaN,NaN,NaN,NaN,NaN,NaN,NaN,NaN
842,3,0,768,681,1013,571,1137,380,NaN,NaN,NaN,NaN,NaN,NaN,NaN,NaN,NaN,NaN,NaN,NaN,NaN,NaN
843,3,0,766,682,1011,572,1136,381,NaN,NaN,NaN,NaN,NaN,NaN,NaN,NaN,NaN,NaN,NaN,NaN,NaN,NaN
844,3,0,764,682,1010,572,1136,381,NaN,NaN,NaN,NaN,NaN,NaN,NaN,NaN,NaN,NaN,NaN,NaN,NaN,NaN
845,3,0,764,682,1010,572,1136,381,NaN,NaN,NaN,NaN,NaN,NaN,NaN,NaN,NaN,NaN,NaN,NaN,NaN,NaN
846,3,0,763,682,1010,572,1136,381,NaN,NaN,NaN,NaN,NaN,NaN,NaN,NaN,NaN,NaN,NaN,NaN,NaN,NaN
847,951138457,0,961689448,19,269414348,0,67275568,180337168,498,498,206049184,-1,498,-1,10,0,-253701952,0,310803099,0,0,0
