Frame,#ofPoints,ManualInput,X1,Y1,X2,Y2,X3,Y3,X4,Y4,X5,Y5,X6,Y6,X7,Y7,X8,Y8,X9,Y9,X10,Y10
0,4,1,711,690,757,423,796,352,852,316,NaN,NaN,NaN,NaN,NaN,NaN,NaN,NaN,NaN,NaN,NaN,NaN
1,4,0,711,690,757,423,796,352,852,316,NaN,NaN,NaN,NaN,NaN,NaN,NaN,NaN,NaN,NaN,NaN,NaN
2,4,0,711,695,752,430,791,358,846,321,NaN,NaN,NaN,NaN,NaN,NaN,NaN,NaN,NaN,NaN,NaN,NaN
3,4,0,727,695,750,434,788,361,844,324,NaN,NaN,NaN,NaN,NaN,NaN,NaN,NaN,NaN,NaN,NaN,NaN
4,4,0,728,695,749,437,786,363,842,326,NaN,NaN,NaN,NaN,NaN,NaN,NaN,NaN,NaN,NaN,NaN,NaN
5,4,0,729,695,748,439,784,365,840,327,NaN,NaN,NaN,NaN,NaN,NaN,NaN,NaN,NaN,NaN,NaN,NaN
6,4,0,729,695,746,442,783,367,839,329,NaN,NaN,NaN,NaN,NaN,NaN,NaN,NaN,NaN,NaN,NaN,NaN
7,4,0,730,695,745,443,781,368,837,330,NaN,NaN,NaN,NaN,NaN,NaN,NaN,NaN,NaN,NaN,NaN,NaN
8,4,0,731,695,744,443,779,368,835,330,NaN,NaN,NaN,NaN,NaN,NaN,NaN,NaN,NaN,NaN,NaN,NaN
9,4,0,731,695,743,444,777,369,833,331,NaN,NaN,NaN,NaN,NaN,NaN,NaN,NaN,NaN,NaN,NaN,NaN
10,4,0,732,695,742,445,776,369,831,332,NaN,NaN,NaN,NaN,NaN,NaN,NaN,NaN,NaN,NaN,NaN,NaN
11,4,0,732,695,740,444,774,369,829,332,NaN,NaN,NaN,NaN,NaN,NaN,NaN,NaN,NaN,NaN,NaN,NaN
12,4,0,734,695,740,444,773,369,828,332,NaN,NaN,NaN,NaN,NaN,NaN,NaN,NaN,NaN,NaN,NaN,NaN
13,4,0,735,695,739,443,772,369,826,331,NaN,NaN,NaN,NaN,NaN,NaN,NaN,NaN,NaN,NaN,NaN,NaN
14,4,0,736,695,738,443,770,369,825,331,NaN,NaN,NaN,NaN,NaN,NaN,NaN,NaN,NaN,NaN,NaN,NaN
15,4,0,738,695,737,443,768,370,824,331,NaN,NaN,NaN,NaN,NaN,NaN,NaN,NaN,NaN,NaN,NaN,NaN
16,4,0,739,695,737,443,767,370,822,332,NaN,NaN,NaN,NaN,NaN,NaN,NaN,NaN,NaN,NaN,NaN,NaN
17,4,0,741,695,737,444,766,371,821,333,NaN,NaN,NaN,NaN,NaN,NaN,NaN,NaN,NaN,NaN,NaN,NaN
18,4,0,742,695,737,446,765,372,820,334,NaN,NaN,NaN,NaN,NaN,NaN,NaN,NaN,NaN,NaN,NaN,NaN
19,4,0,742,695,735,448,763,374,818,335,NaN,NaN,NaN,NaN,NaN,NaN,NaN,NaN,NaN,NaN,NaN,NaN
20,4,0,742,695,734,451,762,376,816,337,NaN,NaN,NaN,NaN,NaN,NaN,NaN,NaN,NaN,NaN,NaN,NaN
21,4,0,742,695,734,453,760,377,814,338,NaN,NaN,NaN,NaN,NaN,NaN,NaN,NaN,NaN,NaN,NaN,NaN
22,4,0,742,695,733,455,759,378,813,339,NaN,NaN,NaN,NaN,NaN,NaN,NaN,NaN,NaN,NaN,NaN,NaN
23,4,0,742,695,731,457,757,380,811,340,NaN,NaN,NaN,NaN,NaN,NaN,NaN,NaN,NaN,NaN,NaN,NaN
24,4,0,741,695,729,458,755,381,809,341,NaN,NaN,NaN,NaN,NaN,NaN,NaN,NaN,NaN,NaN,NaN,NaN
25,4,0,741,695,728,459,752,381,806,341,NaN,NaN,NaN,NaN,NaN,NaN,NaN,NaN,NaN,NaN,NaN,NaN
26,4,0,739,695,726,460,750,382,804,341,NaN,NaN,NaN,NaN,NaN,NaN,NaN,NaN,NaN,NaN,NaN,NaN
27,4,0,739,695,725,459,748,382,801,341,NaN,NaN,NaN,NaN,NaN,NaN,NaN,NaN,NaN,NaN,NaN,NaN
28,4,0,739,695,724,460,747,382,799,342,NaN,NaN,NaN,NaN,NaN,NaN,NaN,NaN,NaN,NaN,NaN,NaN
29,4,0,739,695,723,459,745,382,797,342,NaN,NaN,NaN,NaN,NaN,NaN,NaN,NaN,NaN,NaN,NaN,NaN
30,4,0,739,695,722,459,744,382,796,342,NaN,NaN,NaN,NaN,NaN,NaN,NaN,NaN,NaN,NaN,NaN,NaN
31,4,0,738,695,720,459,742,382,794,342,NaN,NaN,NaN,NaN,NaN,NaN,NaN,NaN,NaN,NaN,NaN,NaN
32,4,0,738,695,720,459,741,383,793,342,NaN,NaN,NaN,NaN,NaN,NaN,NaN,NaN,NaN,NaN,NaN,NaN
33,4,0,738,695,719,460,739,383,792,342,NaN,NaN,NaN,NaN,NaN,NaN,NaN,NaN,NaN,NaN,NaN,NaN
34,4,0,737,695,718,461,738,383,790,342,NaN,NaN,NaN,NaN,NaN,NaN,NaN,NaN,NaN,NaN,NaN,NaN
35,4,0,736,695,717,462,736,385,788,343,NaN,NaN,NaN,NaN,NaN,NaN,NaN,NaN,NaN,NaN,NaN,NaN
36,4,0,736,695,716,464,735,385,786,344,NaN,NaN,NaN,NaN,NaN,NaN,NaN,NaN,NaN,NaN,NaN,NaN
37,4,0,737,695,717,467,735,387,786,346,NaN,NaN,NaN,NaN,NaN,NaN,NaN,NaN,NaN,NaN,NaN,NaN
38,4,0,737,695,718,470,736,390,786,347,NaN,NaN,NaN,NaN,NaN,NaN,NaN,NaN,NaN,NaN,NaN,NaN
39,4,0,737,695,718,473,735,392,786,348,NaN,NaN,NaN,NaN,NaN,NaN,NaN,NaN,NaN,NaN,NaN,NaN
40,4,0,737,695,718,476,735,394,785,350,NaN,NaN,NaN,NaN,NaN,NaN,NaN,NaN,NaN,NaN,NaN,NaN
41,4,0,737,695,718,481,733,397,783,352,NaN,NaN,NaN,NaN,NaN,NaN,NaN,NaN,NaN,NaN,NaN,NaN
42,4,0,737,695,718,480,733,397,783,352,NaN,NaN,NaN,NaN,NaN,NaN,NaN,NaN,NaN,NaN,NaN,NaN
43,4,0,736,695,717,482,733,398,782,352,NaN,NaN,NaN,NaN,NaN,NaN,NaN,NaN,NaN,NaN,NaN,NaN
44,4,0,736,695,717,482,732,398,781,353,NaN,NaN,NaN,NaN,NaN,NaN,NaN,NaN,NaN,NaN,NaN,NaN
45,4,0,737,695,717,483,731,399,780,353,NaN,NaN,NaN,NaN,NaN,NaN,NaN,NaN,NaN,NaN,NaN,NaN
46,4,0,737,695,717,483,730,399,779,353,NaN,NaN,NaN,NaN,NaN,NaN,NaN,NaN,NaN,NaN,NaN,NaN
47,4,0,737,695,717,482,730,399,779,353,NaN,NaN,NaN,NaN,NaN,NaN,NaN,NaN,NaN,NaN,NaN,NaN
48,4,0,738,695,717,482,729,398,778,353,NaN,NaN,NaN,NaN,NaN,NaN,NaN,NaN,NaN,NaN,NaN,NaN
49,4,0,739,695,717,481,728,398,777,352,NaN,NaN,NaN,NaN,NaN,NaN,NaN,NaN,NaN,NaN,NaN,NaN
50,4,0,739,695,717,481,728,398,776,352,NaN,NaN,NaN,NaN,NaN,NaN,NaN,NaN,NaN,NaN,NaN,NaN
51,4,0,740,695,717,481,727,398,775,352,NaN,NaN,NaN,NaN,NaN,NaN,NaN,NaN,NaN,NaN,NaN,NaN
52,4,0,742,695,717,482,727,398,774,353,NaN,NaN,NaN,NaN,NaN,NaN,NaN,NaN,NaN,NaN,NaN,NaN
53,4,0,743,695,719,484,728,400,775,354,NaN,NaN,NaN,NaN,NaN,NaN,NaN,NaN,NaN,NaN,NaN,NaN
54,4,0,745,695,720,487,728,402,775,355,NaN,NaN,NaN,NaN,NaN,NaN,NaN,NaN,NaN,NaN,NaN,NaN
55,4,0,744,695,720,489,727,404,774,356,NaN,NaN,NaN,NaN,NaN,NaN,NaN,NaN,NaN,NaN,NaN,NaN
56,4,0,706,695,718,492,725,405,772,358,NaN,NaN,NaN,NaN,NaN,NaN,NaN,NaN,NaN,NaN,NaN,NaN
57,4,0,706,695,717,495,723,407,769,358,NaN,NaN,NaN,NaN,NaN,NaN,NaN,NaN,NaN,NaN,NaN,NaN
58,4,0,706,695,714,497,720,408,766,359,NaN,NaN,NaN,NaN,NaN,NaN,NaN,NaN,NaN,NaN,NaN,NaN
59,4,0,705,695,712,498,717,409,764,360,NaN,NaN,NaN,NaN,NaN,NaN,NaN,NaN,NaN,NaN,NaN,NaN
60,4,0,705,695,710,500,715,410,762,360,NaN,NaN,NaN,NaN,NaN,NaN,NaN,NaN,NaN,NaN,NaN,NaN
61,4,0,705,695,709,501,714,411,760,361,NaN,NaN,NaN,NaN,NaN,NaN,NaN,NaN,NaN,NaN,NaN,NaN
62,4,0,705,695,707,502,712,411,759,361,NaN,NaN,NaN,NaN,NaN,NaN,NaN,NaN,NaN,NaN,NaN,NaN
63,4,0,705,695,706,503,711,412,757,361,NaN,NaN,NaN,NaN,NaN,NaN,NaN,NaN,NaN,NaN,NaN,NaN
64,4,0,705,695,705,503,709,412,756,361,NaN,NaN,NaN,NaN,NaN,NaN,NaN,NaN,NaN,NaN,NaN,NaN
65,4,0,705,695,704,503,708,412,755,361,NaN,NaN,NaN,NaN,NaN,NaN,NaN,NaN,NaN,NaN,NaN,NaN
66,4,0,706,695,703,503,707,412,754,362,NaN,NaN,NaN,NaN,NaN,NaN,NaN,NaN,NaN,NaN,NaN,NaN
67,4,0,706,695,702,504,706,413,753,362,NaN,NaN,NaN,NaN,NaN,NaN,NaN,NaN,NaN,NaN,NaN,NaN
68,4,0,706,695,701,505,705,414,752,362,NaN,NaN,NaN,NaN,NaN,NaN,NaN,NaN,NaN,NaN,NaN,NaN
69,4,0,707,695,700,506,703,415,751,363,NaN,NaN,NaN,NaN,NaN,NaN,NaN,NaN,NaN,NaN,NaN,NaN
70,4,0,707,695,699,507,702,415,750,363,NaN,NaN,NaN,NaN,NaN,NaN,NaN,NaN,NaN,NaN,NaN,NaN
71,4,0,707,695,698,508,701,416,749,363,NaN,NaN,NaN,NaN,NaN,NaN,NaN,NaN,NaN,NaN,NaN,NaN
72,4,0,707,695,696,510,699,417,747,364,NaN,NaN,NaN,NaN,NaN,NaN,NaN,NaN,NaN,NaN,NaN,NaN
73,4,0,707,695,695,513,698,419,746,365,NaN,NaN,NaN,NaN,NaN,NaN,NaN,NaN,NaN,NaN,NaN,NaN
74,4,0,707,695,694,516,697,420,745,366,NaN,NaN,NaN,NaN,NaN,NaN,NaN,NaN,NaN,NaN,NaN,NaN
75,4,0,706,695,693,518,695,422,744,367,NaN,NaN,NaN,NaN,NaN,NaN,NaN,NaN,NaN,NaN,NaN,NaN
76,4,0,705,695,691,520,693,422,742,367,NaN,NaN,NaN,NaN,NaN,NaN,NaN,NaN,NaN,NaN,NaN,NaN
77,4,0,705,695,690,520,694,422,742,367,NaN,NaN,NaN,NaN,NaN,NaN,NaN,NaN,NaN,NaN,NaN,NaN
78,4,0,705,695,689,522,692,423,740,368,NaN,NaN,NaN,NaN,NaN,NaN,NaN,NaN,NaN,NaN,NaN,NaN
79,4,0,705,695,688,524,691,424,738,369,NaN,NaN,NaN,NaN,NaN,NaN,NaN,NaN,NaN,NaN,NaN,NaN
80,4,0,706,695,687,526,690,426,738,370,NaN,NaN,NaN,NaN,NaN,NaN,NaN,NaN,NaN,NaN,NaN,NaN
81,4,0,707,695,687,529,689,428,738,371,NaN,NaN,NaN,NaN,NaN,NaN,NaN,NaN,NaN,NaN,NaN,NaN
82,4,0,709,695,687,530,689,428,737,371,NaN,NaN,NaN,NaN,NaN,NaN,NaN,NaN,NaN,NaN,NaN,NaN
83,4,0,711,695,687,530,689,428,736,370,NaN,NaN,NaN,NaN,NaN,NaN,NaN,NaN,NaN,NaN,NaN,NaN
84,4,0,712,695,686,529,688,427,736,369,NaN,NaN,NaN,NaN,NaN,NaN,NaN,NaN,NaN,NaN,NaN,NaN
85,4,1,712,695,686,528,688,427,736,369,NaN,NaN,NaN,NaN,NaN,NaN,NaN,NaN,NaN,NaN,NaN,NaN
86,5,0,713,695,686,526,687,426,735,368,769,354,NaN,NaN,NaN,NaN,NaN,NaN,NaN,NaN,NaN,NaN
87,5,0,713,695,685,524,685,423,733,366,767,353,NaN,NaN,NaN,NaN,NaN,NaN,NaN,NaN,NaN,NaN
88,5,0,712,695,683,522,684,422,732,365,765,352,NaN,NaN,NaN,NaN,NaN,NaN,NaN,NaN,NaN,NaN
89,5,0,713,695,682,520,683,420,730,364,763,351,NaN,NaN,NaN,NaN,NaN,NaN,NaN,NaN,NaN,NaN
90,5,0,713,695,681,520,682,420,728,363,761,350,NaN,NaN,NaN,NaN,NaN,NaN,NaN,NaN,NaN,NaN
91,5,0,714,695,680,520,681,419,727,363,760,350,NaN,NaN,NaN,NaN,NaN,NaN,NaN,NaN,NaN,NaN
92,5,0,711,695,679,520,679,419,724,363,758,349,NaN,NaN,NaN,NaN,NaN,NaN,NaN,NaN,NaN,NaN
93,5,0,708,695,676,522,676,419,721,363,754,349,NaN,NaN,NaN,NaN,NaN,NaN,NaN,NaN,NaN,NaN
94,5,0,704,695,672,523,673,419,717,363,751,349,NaN,NaN,NaN,NaN,NaN,NaN,NaN,NaN,NaN,NaN
95,5,0,700,695,669,525,669,419,714,362,747,348,NaN,NaN,NaN,NaN,NaN,NaN,NaN,NaN,NaN,NaN
96,5,0,695,695,665,526,665,419,710,362,743,348,NaN,NaN,NaN,NaN,NaN,NaN,NaN,NaN,NaN,NaN
97,5,0,691,695,660,526,663,418,706,361,740,347,NaN,NaN,NaN,NaN,NaN,NaN,NaN,NaN,NaN,NaN
98,5,0,687,695,657,527,659,418,702,360,736,346,NaN,NaN,NaN,NaN,NaN,NaN,NaN,NaN,NaN,NaN
99,5,0,683,695,654,527,656,417,699,359,733,346,NaN,NaN,NaN,NaN,NaN,NaN,NaN,NaN,NaN,NaN
100,5,0,680,695,650,527,652,416,696,358,730,345,NaN,NaN,NaN,NaN,NaN,NaN,NaN,NaN,NaN,NaN
101,5,0,676,695,647,525,650,415,692,357,727,344,NaN,NaN,NaN,NaN,NaN,NaN,NaN,NaN,NaN,NaN
102,5,0,674,695,644,523,648,413,689,355,724,342,NaN,NaN,NaN,NaN,NaN,NaN,NaN,NaN,NaN,NaN
103,5,0,671,695,641,521,645,411,686,354,721,341,NaN,NaN,NaN,NaN,NaN,NaN,NaN,NaN,NaN,NaN
104,5,0,668,695,638,519,642,409,683,353,718,339,NaN,NaN,NaN,NaN,NaN,NaN,NaN,NaN,NaN,NaN
105,5,0,665,695,634,517,638,407,679,351,715,338,NaN,NaN,NaN,NaN,NaN,NaN,NaN,NaN,NaN,NaN
106,5,0,661,695,631,515,635,405,675,350,711,337,NaN,NaN,NaN,NaN,NaN,NaN,NaN,NaN,NaN,NaN
107,5,0,658,695,627,514,633,404,672,349,708,336,NaN,NaN,NaN,NaN,NaN,NaN,NaN,NaN,NaN,NaN
108,5,0,654,695,624,513,630,403,670,348,705,335,NaN,NaN,NaN,NaN,NaN,NaN,NaN,NaN,NaN,NaN
109,5,0,650,695,621,514,627,402,667,348,703,334,NaN,NaN,NaN,NaN,NaN,NaN,NaN,NaN,NaN,NaN
110,5,0,646,695,617,515,624,402,664,347,700,334,NaN,NaN,NaN,NaN,NaN,NaN,NaN,NaN,NaN,NaN
111,5,0,643,695,615,516,622,402,662,347,698,334,NaN,NaN,NaN,NaN,NaN,NaN,NaN,NaN,NaN,NaN
112,5,0,641,695,613,518,621,402,660,347,697,334,NaN,NaN,NaN,NaN,NaN,NaN,NaN,NaN,NaN,NaN
113,5,0,639,695,612,519,620,403,658,347,695,334,NaN,NaN,NaN,NaN,NaN,NaN,NaN,NaN,NaN,NaN
114,5,0,637,695,610,521,618,403,656,347,694,334,NaN,NaN,NaN,NaN,NaN,NaN,NaN,NaN,NaN,NaN
115,5,0,635,695,609,522,618,403,655,347,693,334,NaN,NaN,NaN,NaN,NaN,NaN,NaN,NaN,NaN,NaN
116,5,0,634,695,608,523,617,403,654,347,692,333,NaN,NaN,NaN,NaN,NaN,NaN,NaN,NaN,NaN,NaN
117,5,0,635,695,609,523,618,403,655,346,692,333,NaN,NaN,NaN,NaN,NaN,NaN,NaN,NaN,NaN,NaN
118,5,0,636,695,609,523,619,401,656,345,693,332,NaN,NaN,NaN,NaN,NaN,NaN,NaN,NaN,NaN,NaN
119,5,0,638,695,612,522,621,400,657,344,695,331,NaN,NaN,NaN,NaN,NaN,NaN,NaN,NaN,NaN,NaN
120,5,0,640,695,613,521,623,399,659,344,697,331,NaN,NaN,NaN,NaN,NaN,NaN,NaN,NaN,NaN,NaN
121,5,0,642,695,614,520,624,398,659,343,698,330,NaN,NaN,NaN,NaN,NaN,NaN,NaN,NaN,NaN,NaN
122,5,0,643,695,615,518,625,397,660,342,699,329,NaN,NaN,NaN,NaN,NaN,NaN,NaN,NaN,NaN,NaN
123,5,0,644,695,615,516,626,395,660,341,699,328,NaN,NaN,NaN,NaN,NaN,NaN,NaN,NaN,NaN,NaN
124,5,0,645,695,615,514,627,393,660,340,700,327,NaN,NaN,NaN,NaN,NaN,NaN,NaN,NaN,NaN,NaN
125,5,0,646,695,616,512,627,392,661,340,700,327,NaN,NaN,NaN,NaN,NaN,NaN,NaN,NaN,NaN,NaN
126,5,0,647,695,617,512,628,391,661,340,700,327,NaN,NaN,NaN,NaN,NaN,NaN,NaN,NaN,NaN,NaN
127,5,0,649,695,617,511,629,391,661,340,701,327,NaN,NaN,NaN,NaN,NaN,NaN,NaN,NaN,NaN,NaN
128,5,0,646,695,619,513,631,392,662,341,702,328,NaN,NaN,NaN,NaN,NaN,NaN,NaN,NaN,NaN,NaN
129,5,0,647,695,620,514,632,392,663,341,703,328,NaN,NaN,NaN,NaN,NaN,NaN,NaN,NaN,NaN,NaN
130,5,0,648,695,620,516,632,393,663,342,703,329,NaN,NaN,NaN,NaN,NaN,NaN,NaN,NaN,NaN,NaN
131,5,0,648,695,620,518,632,394,663,342,703,330,NaN,NaN,NaN,NaN,NaN,NaN,NaN,NaN,NaN,NaN
132,5,0,649,695,620,520,633,395,664,343,704,331,NaN,NaN,NaN,NaN,NaN,NaN,NaN,NaN,NaN,NaN
133,5,0,650,695,621,523,634,396,665,344,705,332,NaN,NaN,NaN,NaN,NaN,NaN,NaN,NaN,NaN,NaN
134,5,0,651,695,621,525,636,397,666,345,706,333,NaN,NaN,NaN,NaN,NaN,NaN,NaN,NaN,NaN,NaN
135,5,0,652,695,621,526,637,398,666,346,707,334,NaN,NaN,NaN,NaN,NaN,NaN,NaN,NaN,NaN,NaN
136,5,0,652,695,620,527,637,399,666,347,707,334,NaN,NaN,NaN,NaN,NaN,NaN,NaN,NaN,NaN,NaN
137,5,0,651,695,619,527,637,399,666,348,707,335,NaN,NaN,NaN,NaN,NaN,NaN,NaN,NaN,NaN,NaN
138,5,0,650,695,618,527,637,399,666,348,707,336,NaN,NaN,NaN,NaN,NaN,NaN,NaN,NaN,NaN,NaN
139,5,0,650,695,618,527,637,399,665,349,707,336,NaN,NaN,NaN,NaN,NaN,NaN,NaN,NaN,NaN,NaN
140,5,0,649,695,617,526,637,399,665,349,708,337,NaN,NaN,NaN,NaN,NaN,NaN,NaN,NaN,NaN,NaN
141,5,0,649,695,616,525,637,398,666,349,708,337,NaN,NaN,NaN,NaN,NaN,NaN,NaN,NaN,NaN,NaN
142,5,0,649,695,615,525,637,398,666,350,709,337,NaN,NaN,NaN,NaN,NaN,NaN,NaN,NaN,NaN,NaN
143,5,0,649,695,615,525,638,398,666,350,709,338,NaN,NaN,NaN,NaN,NaN,NaN,NaN,NaN,NaN,NaN
144,5,0,649,695,615,525,639,399,667,351,710,339,NaN,NaN,NaN,NaN,NaN,NaN,NaN,NaN,NaN,NaN
145,5,1,649,695,614,523,639,398,667,351,710,339,NaN,NaN,NaN,NaN,NaN,NaN,NaN,NaN,NaN,NaN
146,5,0,644,695,614,525,638,400,667,352,710,340,NaN,NaN,NaN,NaN,NaN,NaN,NaN,NaN,NaN,NaN
147,5,0,642,695,614,529,639,401,667,353,710,341,NaN,NaN,NaN,NaN,NaN,NaN,NaN,NaN,NaN,NaN
148,5,0,640,695,617,531,641,403,668,355,711,343,NaN,NaN,NaN,NaN,NaN,NaN,NaN,NaN,NaN,NaN
149,5,0,640,695,619,535,644,405,670,358,714,346,NaN,NaN,NaN,NaN,NaN,NaN,NaN,NaN,NaN,NaN
150,5,0,641,695,623,540,647,407,673,360,717,348,NaN,NaN,NaN,NaN,NaN,NaN,NaN,NaN,NaN,NaN
151,5,0,642,695,626,543,649,410,675,362,719,350,NaN,NaN,NaN,NaN,NaN,NaN,NaN,NaN,NaN,NaN
152,5,0,644,695,628,547,650,412,677,364,721,351,NaN,NaN,NaN,NaN,NaN,NaN,NaN,NaN,NaN,NaN
153,5,0,645,695,630,550,652,414,678,365,723,353,NaN,NaN,NaN,NaN,NaN,NaN,NaN,NaN,NaN,NaN
154,5,0,646,695,632,552,654,416,679,367,724,355,NaN,NaN,NaN,NaN,NaN,NaN,NaN,NaN,NaN,NaN
155,5,0,647,695,634,554,655,417,681,368,725,356,NaN,NaN,NaN,NaN,NaN,NaN,NaN,NaN,NaN,NaN
156,5,0,648,695,636,555,656,418,682,369,726,357,NaN,NaN,NaN,NaN,NaN,NaN,NaN,NaN,NaN,NaN
157,5,0,650,695,638,556,657,419,683,370,728,358,NaN,NaN,NaN,NaN,NaN,NaN,NaN,NaN,NaN,NaN
158,5,0,651,695,640,557,658,419,684,371,729,359,NaN,NaN,NaN,NaN,NaN,NaN,NaN,NaN,NaN,NaN
159,5,0,653,695,642,558,660,420,685,372,730,359,NaN,NaN,NaN,NaN,NaN,NaN,NaN,NaN,NaN,NaN
160,5,0,656,695,645,561,662,422,687,373,732,361,NaN,NaN,NaN,NaN,NaN,NaN,NaN,NaN,NaN,NaN
161,5,0,658,695,647,564,664,424,689,375,734,363,NaN,NaN,NaN,NaN,NaN,NaN,NaN,NaN,NaN,NaN
162,5,0,660,695,650,568,666,427,690,378,736,366,NaN,NaN,NaN,NaN,NaN,NaN,NaN,NaN,NaN,NaN
163,5,0,663,695,653,573,667,431,692,381,737,369,NaN,NaN,NaN,NaN,NaN,NaN,NaN,NaN,NaN,NaN
164,5,1,663,695,653,573,667,431,692,381,737,369,NaN,NaN,NaN,NaN,NaN,NaN,NaN,NaN,NaN,NaN
165,5,0,663,695,655,579,668,434,693,383,738,372,NaN,NaN,NaN,NaN,NaN,NaN,NaN,NaN,NaN,NaN
166,5,0,663,695,654,586,667,437,692,386,738,373,NaN,NaN,NaN,NaN,NaN,NaN,NaN,NaN,NaN,NaN
167,5,0,662,695,655,592,667,440,692,387,738,375,NaN,NaN,NaN,NaN,NaN,NaN,NaN,NaN,NaN,NaN
168,5,0,662,695,655,597,667,442,692,389,738,376,NaN,NaN,NaN,NaN,NaN,NaN,NaN,NaN,NaN,NaN
169,5,0,662,695,656,601,668,444,693,390,739,378,NaN,NaN,NaN,NaN,NaN,NaN,NaN,NaN,NaN,NaN
170,5,0,661,695,656,605,668,445,693,391,739,379,NaN,NaN,NaN,NaN,NaN,NaN,NaN,NaN,NaN,NaN
171,5,0,661,695,656,609,668,446,693,392,739,379,NaN,NaN,NaN,NaN,NaN,NaN,NaN,NaN,NaN,NaN
172,5,0,661,695,655,611,667,447,693,392,738,380,NaN,NaN,NaN,NaN,NaN,NaN,NaN,NaN,NaN,NaN
173,5,1,660,695,655,614,667,448,692,392,738,380,NaN,NaN,NaN,NaN,NaN,NaN,NaN,NaN,NaN,NaN
174,5,0,660,695,655,616,667,448,692,392,738,380,NaN,NaN,NaN,NaN,NaN,NaN,NaN,NaN,NaN,NaN
175,5,0,660,695,655,617,666,448,692,392,738,380,NaN,NaN,NaN,NaN,NaN,NaN,NaN,NaN,NaN,NaN
176,5,0,660,695,655,619,667,448,692,392,739,380,NaN,NaN,NaN,NaN,NaN,NaN,NaN,NaN,NaN,NaN
177,5,0,660,695,656,621,667,448,693,392,739,380,NaN,NaN,NaN,NaN,NaN,NaN,NaN,NaN,NaN,NaN
178,5,0,660,695,656,623,668,449,694,392,740,380,NaN,NaN,NaN,NaN,NaN,NaN,NaN,NaN,NaN,NaN
179,5,0,660,695,657,626,668,449,694,393,741,380,NaN,NaN,NaN,NaN,NaN,NaN,NaN,NaN,NaN,NaN
180,5,0,660,695,657,629,669,450,695,393,742,380,NaN,NaN,NaN,NaN,NaN,NaN,NaN,NaN,NaN,NaN
181,5,0,660,695,658,632,668,451,695,393,742,381,NaN,NaN,NaN,NaN,NaN,NaN,NaN,NaN,NaN,NaN
182,5,0,660,695,658,636,668,452,695,394,742,381,NaN,NaN,NaN,NaN,NaN,NaN,NaN,NaN,NaN,NaN
183,5,0,661,695,660,640,670,453,696,394,744,382,NaN,NaN,NaN,NaN,NaN,NaN,NaN,NaN,NaN,NaN
184,5,1,664,695,662,645,672,454,698,395,746,383,NaN,NaN,NaN,NaN,NaN,NaN,NaN,NaN,NaN,NaN
185,6,0,667,695,665,650,675,456,702,397,749,384,774,353,NaN,NaN,NaN,NaN,NaN,NaN,NaN,NaN
186,6,0,670,695,669,653,679,458,705,398,753,385,777,353,NaN,NaN,NaN,NaN,NaN,NaN,NaN,NaN
187,6,0,673,695,672,657,682,458,709,399,757,386,780,354,NaN,NaN,NaN,NaN,NaN,NaN,NaN,NaN
188,6,0,676,695,676,660,686,460,714,399,759,386,783,354,NaN,NaN,NaN,NaN,NaN,NaN,NaN,NaN
189,6,0,679,695,680,662,689,460,717,399,763,385,786,354,NaN,NaN,NaN,NaN,NaN,NaN,NaN,NaN
190,6,0,683,695,684,663,692,460,721,399,767,385,789,354,NaN,NaN,NaN,NaN,NaN,NaN,NaN,NaN
191,6,0,687,695,687,663,696,459,724,399,769,385,791,354,NaN,NaN,NaN,NaN,NaN,NaN,NaN,NaN
192,6,0,690,695,690,663,698,459,726,398,772,385,793,353,NaN,NaN,NaN,NaN,NaN,NaN,NaN,NaN
193,6,0,693,695,693,663,701,458,729,398,774,384,795,353,NaN,NaN,NaN,NaN,NaN,NaN,NaN,NaN
194,6,0,696,695,696,662,703,457,732,397,777,384,797,352,NaN,NaN,NaN,NaN,NaN,NaN,NaN,NaN
195,6,0,699,695,699,661,705,456,735,396,778,383,799,351,NaN,NaN,NaN,NaN,NaN,NaN,NaN,NaN
196,6,0,716,695,704,454,729,397,779,383,807,372,800,351,NaN,NaN,NaN,NaN,NaN,NaN,NaN,NaN
197,6,0,717,695,705,454,730,397,780,382,808,371,801,351,NaN,NaN,NaN,NaN,NaN,NaN,NaN,NaN
198,6,0,719,695,706,454,731,397,781,382,810,371,802,350,NaN,NaN,NaN,NaN,NaN,NaN,NaN,NaN
199,6,0,721,695,707,455,732,397,783,382,811,371,803,350,NaN,NaN,NaN,NaN,NaN,NaN,NaN,NaN
200,6,0,722,695,708,456,733,398,784,383,812,372,803,350,NaN,NaN,NaN,NaN,NaN,NaN,NaN,NaN
201,6,0,723,695,709,458,734,399,785,383,813,372,804,351,NaN,NaN,NaN,NaN,NaN,NaN,NaN,NaN
202,6,0,724,695,711,460,735,400,787,384,815,373,806,351,NaN,NaN,NaN,NaN,NaN,NaN,NaN,NaN
203,6,0,725,695,712,461,737,400,789,384,816,373,807,351,NaN,NaN,NaN,NaN,NaN,NaN,NaN,NaN
204,6,0,725,695,712,462,738,400,789,385,818,373,807,350,NaN,NaN,NaN,NaN,NaN,NaN,NaN,NaN
205,6,0,725,695,712,463,738,401,789,385,817,373,807,350,NaN,NaN,NaN,NaN,NaN,NaN,NaN,NaN
206,6,0,725,695,712,464,738,401,790,385,817,373,807,350,NaN,NaN,NaN,NaN,NaN,NaN,NaN,NaN
207,6,0,726,695,712,464,739,401,791,385,818,373,808,349,NaN,NaN,NaN,NaN,NaN,NaN,NaN,NaN
208,6,0,727,695,713,464,740,401,792,384,819,372,809,349,NaN,NaN,NaN,NaN,NaN,NaN,NaN,NaN
209,6,0,728,695,714,464,741,401,793,384,820,371,810,348,NaN,NaN,NaN,NaN,NaN,NaN,NaN,NaN
210,6,0,729,695,716,463,743,400,796,383,822,370,811,347,NaN,NaN,NaN,NaN,NaN,NaN,NaN,NaN
211,6,0,731,695,717,462,744,399,797,382,824,369,813,346,NaN,NaN,NaN,NaN,NaN,NaN,NaN,NaN
212,6,0,733,695,718,461,746,398,799,381,826,368,814,345,NaN,NaN,NaN,NaN,NaN,NaN,NaN,NaN
213,6,0,735,695,720,460,749,397,802,380,828,367,816,344,NaN,NaN,NaN,NaN,NaN,NaN,NaN,NaN
214,6,0,736,695,721,460,750,396,803,379,829,366,818,343,NaN,NaN,NaN,NaN,NaN,NaN,NaN,NaN
215,6,0,738,695,723,459,752,395,805,378,831,366,819,342,NaN,NaN,NaN,NaN,NaN,NaN,NaN,NaN
216,6,0,740,695,724,459,753,394,807,377,833,365,821,342,NaN,NaN,NaN,NaN,NaN,NaN,NaN,NaN
217,6,0,742,695,726,459,755,394,809,377,835,364,822,341,NaN,NaN,NaN,NaN,NaN,NaN,NaN,NaN
218,6,0,743,695,728,460,757,394,811,377,837,364,824,341,NaN,NaN,NaN,NaN,NaN,NaN,NaN,NaN
219,6,0,746,695,730,461,760,394,814,377,840,364,826,340,NaN,NaN,NaN,NaN,NaN,NaN,NaN,NaN
220,6,0,750,695,734,463,764,396,818,378,845,364,831,340,NaN,NaN,NaN,NaN,NaN,NaN,NaN,NaN
221,6,0,756,695,741,465,770,397,825,378,852,365,837,340,NaN,NaN,NaN,NaN,NaN,NaN,NaN,NaN
222,6,0,761,695,745,467,776,398,831,379,857,365,842,340,NaN,NaN,NaN,NaN,NaN,NaN,NaN,NaN
223,6,0,765,695,750,469,780,398,836,379,862,365,846,340,NaN,NaN,NaN,NaN,NaN,NaN,NaN,NaN
224,6,0,769,695,753,470,783,399,839,379,865,365,849,340,NaN,NaN,NaN,NaN,NaN,NaN,NaN,NaN
225,6,0,771,695,755,471,786,399,841,380,867,365,851,340,NaN,NaN,NaN,NaN,NaN,NaN,NaN,NaN
226,6,0,773,695,757,472,788,399,844,380,869,365,852,340,NaN,NaN,NaN,NaN,NaN,NaN,NaN,NaN
227,6,0,776,695,759,472,790,400,846,380,871,365,854,340,NaN,NaN,NaN,NaN,NaN,NaN,NaN,NaN
228,6,0,778,695,761,472,792,399,848,379,873,365,856,339,NaN,NaN,NaN,NaN,NaN,NaN,NaN,NaN
229,6,0,781,695,763,472,794,399,850,379,875,364,857,339,NaN,NaN,NaN,NaN,NaN,NaN,NaN,NaN
230,6,0,783,695,765,471,796,398,852,378,877,363,859,338,NaN,NaN,NaN,NaN,NaN,NaN,NaN,NaN
231,6,0,786,695,767,470,798,397,854,377,879,362,861,337,NaN,NaN,NaN,NaN,NaN,NaN,NaN,NaN
232,6,0,790,695,770,469,801,396,857,376,882,361,863,336,NaN,NaN,NaN,NaN,NaN,NaN,NaN,NaN
233,6,0,795,695,773,469,804,396,861,375,885,361,866,336,NaN,NaN,NaN,NaN,NaN,NaN,NaN,NaN
234,6,0,799,695,777,469,807,396,864,375,889,360,869,335,NaN,NaN,NaN,NaN,NaN,NaN,NaN,NaN
235,6,0,803,695,780,469,810,395,868,374,893,360,871,334,NaN,NaN,NaN,NaN,NaN,NaN,NaN,NaN
236,6,0,807,695,783,470,813,395,870,374,895,359,873,334,NaN,NaN,NaN,NaN,NaN,NaN,NaN,NaN
237,6,0,810,695,785,471,815,397,872,375,897,360,875,335,NaN,NaN,NaN,NaN,NaN,NaN,NaN,NaN
238,6,0,813,695,787,475,817,399,875,377,899,362,876,337,NaN,NaN,NaN,NaN,NaN,NaN,NaN,NaN
239,6,0,815,695,789,477,819,400,876,378,901,363,877,337,NaN,NaN,NaN,NaN,NaN,NaN,NaN,NaN
240,6,0,817,695,791,479,821,401,878,379,903,364,879,337,NaN,NaN,NaN,NaN,NaN,NaN,NaN,NaN
241,6,0,819,695,793,482,824,402,881,380,906,364,880,338,NaN,NaN,NaN,NaN,NaN,NaN,NaN,NaN
242,6,0,821,695,795,483,826,403,883,380,908,364,882,338,NaN,NaN,NaN,NaN,NaN,NaN,NaN,NaN
243,6,0,823,695,797,485,827,403,885,380,910,364,883,337,NaN,NaN,NaN,NaN,NaN,NaN,NaN,NaN
244,6,0,825,695,799,486,829,404,887,380,912,364,885,337,NaN,NaN,NaN,NaN,NaN,NaN,NaN,NaN
245,6,0,826,695,801,487,831,404,890,380,914,364,887,337,NaN,NaN,NaN,NaN,NaN,NaN,NaN,NaN
246,6,0,828,695,802,487,833,404,892,380,916,364,888,336,NaN,NaN,NaN,NaN,NaN,NaN,NaN,NaN
247,6,0,830,695,804,487,834,404,893,379,918,363,889,336,NaN,NaN,NaN,NaN,NaN,NaN,NaN,NaN
248,6,0,832,695,806,487,837,403,896,379,920,363,891,335,NaN,NaN,NaN,NaN,NaN,NaN,NaN,NaN
249,6,0,833,695,807,486,838,403,897,378,921,362,892,335,NaN,NaN,NaN,NaN,NaN,NaN,NaN,NaN
250,6,0,833,695,807,487,839,403,898,379,922,362,893,335,NaN,NaN,NaN,NaN,NaN,NaN,NaN,NaN
251,6,0,834,695,809,487,841,403,900,379,924,363,894,336,NaN,NaN,NaN,NaN,NaN,NaN,NaN,NaN
252,6,0,836,695,811,489,843,404,903,380,926,363,896,336,NaN,NaN,NaN,NaN,NaN,NaN,NaN,NaN
253,6,0,838,695,813,491,845,405,905,380,929,364,898,337,NaN,NaN,NaN,NaN,NaN,NaN,NaN,NaN
254,6,0,840,695,814,493,847,406,907,381,931,364,899,337,NaN,NaN,NaN,NaN,NaN,NaN,NaN,NaN
255,6,0,841,695,816,494,849,407,909,382,933,364,901,337,NaN,NaN,NaN,NaN,NaN,NaN,NaN,NaN
256,6,0,843,695,818,496,851,408,912,382,935,364,902,337,NaN,NaN,NaN,NaN,NaN,NaN,NaN,NaN
257,6,0,845,695,820,499,853,409,914,383,937,365,904,337,NaN,NaN,NaN,NaN,NaN,NaN,NaN,NaN
258,6,0,848,695,822,502,855,410,917,384,940,366,906,337,NaN,NaN,NaN,NaN,NaN,NaN,NaN,NaN
259,6,0,850,695,825,505,858,412,919,385,943,367,908,338,NaN,NaN,NaN,NaN,NaN,NaN,NaN,NaN
260,6,0,854,695,828,508,860,413,922,386,945,367,910,338,NaN,NaN,NaN,NaN,NaN,NaN,NaN,NaN
261,6,0,857,695,830,510,863,414,925,387,948,368,911,339,NaN,NaN,NaN,NaN,NaN,NaN,NaN,NaN
262,6,0,860,695,833,512,865,415,927,388,950,368,913,339,NaN,NaN,NaN,NaN,NaN,NaN,NaN,NaN
263,6,0,864,695,836,512,868,415,930,387,953,368,915,339,NaN,NaN,NaN,NaN,NaN,NaN,NaN,NaN
264,6,0,867,695,838,512,870,415,932,387,956,367,917,338,NaN,NaN,NaN,NaN,NaN,NaN,NaN,NaN
265,6,0,871,695,841,512,873,414,935,386,958,366,918,337,NaN,NaN,NaN,NaN,NaN,NaN,NaN,NaN
266,6,0,875,695,844,511,876,412,938,384,962,364,921,335,NaN,NaN,NaN,NaN,NaN,NaN,NaN,NaN
267,6,0,880,695,849,509,879,411,941,382,965,363,923,334,NaN,NaN,NaN,NaN,NaN,NaN,NaN,NaN
268,6,0,886,695,854,509,884,409,946,381,970,361,927,332,NaN,NaN,NaN,NaN,NaN,NaN,NaN,NaN
269,6,0,893,695,861,509,890,409,952,381,977,360,932,332,NaN,NaN,NaN,NaN,NaN,NaN,NaN,NaN
270,6,0,902,695,867,511,896,409,959,381,983,360,937,331,NaN,NaN,NaN,NaN,NaN,NaN,NaN,NaN
271,6,0,910,695,874,512,902,410,964,381,988,360,941,331,NaN,NaN,NaN,NaN,NaN,NaN,NaN,NaN
272,6,0,917,695,879,515,907,411,969,381,994,360,945,331,NaN,NaN,NaN,NaN,NaN,NaN,NaN,NaN
273,6,0,925,695,887,519,913,413,976,382,1001,361,950,331,NaN,NaN,NaN,NaN,NaN,NaN,NaN,NaN
274,6,0,932,695,892,522,919,414,982,383,1005,361,955,331,NaN,NaN,NaN,NaN,NaN,NaN,NaN,NaN
275,6,0,939,695,897,526,924,415,987,384,1009,361,959,331,NaN,NaN,NaN,NaN,NaN,NaN,NaN,NaN
276,6,0,941,695,899,528,925,415,989,384,1010,361,960,330,NaN,NaN,NaN,NaN,NaN,NaN,NaN,NaN
277,6,0,940,695,898,529,923,415,987,383,1008,359,957,329,NaN,NaN,NaN,NaN,NaN,NaN,NaN,NaN
278,6,0,937,695,895,530,921,414,984,382,1004,358,954,327,NaN,NaN,NaN,NaN,NaN,NaN,NaN,NaN
279,6,0,934,695,892,531,918,413,981,381,1001,356,950,325,NaN,NaN,NaN,NaN,NaN,NaN,NaN,NaN
280,6,0,930,695,889,532,915,413,978,379,998,355,947,323,NaN,NaN,NaN,NaN,NaN,NaN,NaN,NaN
281,6,0,925,695,884,532,910,412,973,379,994,354,942,322,NaN,NaN,NaN,NaN,NaN,NaN,NaN,NaN
282,6,0,919,695,878,532,905,412,968,378,988,354,936,322,NaN,NaN,NaN,NaN,NaN,NaN,NaN,NaN
283,6,0,914,695,873,533,900,412,963,378,983,354,931,322,NaN,NaN,NaN,NaN,NaN,NaN,NaN,NaN
284,6,0,909,695,868,534,896,412,958,378,978,354,926,322,NaN,NaN,NaN,NaN,NaN,NaN,NaN,NaN
285,6,0,905,695,863,535,891,413,953,379,973,355,921,323,NaN,NaN,NaN,NaN,NaN,NaN,NaN,NaN
286,6,0,900,695,858,537,887,415,949,380,969,356,917,324,NaN,NaN,NaN,NaN,NaN,NaN,NaN,NaN
287,6,0,898,695,856,540,884,416,946,381,965,357,914,325,NaN,NaN,NaN,NaN,NaN,NaN,NaN,NaN
288,6,0,895,695,852,543,882,417,945,383,962,358,911,326,NaN,NaN,NaN,NaN,NaN,NaN,NaN,NaN
289,6,0,892,695,849,547,879,420,943,385,959,360,908,328,NaN,NaN,NaN,NaN,NaN,NaN,NaN,NaN
290,6,1,892,695,849,547,879,420,943,385,959,360,908,328,NaN,NaN,NaN,NaN,NaN,NaN,NaN,NaN
291,7,0,888,695,849,549,879,422,943,387,959,362,909,330,901,332,NaN,NaN,NaN,NaN,NaN,NaN
292,7,0,886,695,851,553,881,424,945,390,961,364,910,333,903,334,NaN,NaN,NaN,NaN,NaN,NaN
293,7,0,886,695,853,556,884,428,947,393,963,366,913,335,904,336,NaN,NaN,NaN,NaN,NaN,NaN
294,7,0,884,695,854,558,884,430,947,394,963,368,914,336,904,337,NaN,NaN,NaN,NaN,NaN,NaN
295,7,0,882,695,853,559,883,430,946,396,962,369,913,337,903,338,NaN,NaN,NaN,NaN,NaN,NaN
296,7,0,879,695,853,560,882,431,945,397,960,371,912,339,901,339,NaN,NaN,NaN,NaN,NaN,NaN
297,7,0,877,695,852,559,881,431,943,397,959,371,910,339,900,339,NaN,NaN,NaN,NaN,NaN,NaN
298,7,0,876,695,851,558,880,431,942,397,958,372,910,339,898,339,NaN,NaN,NaN,NaN,NaN,NaN
299,7,0,875,695,851,556,880,430,942,396,957,371,910,338,897,339,NaN,NaN,NaN,NaN,NaN,NaN
300,7,0,874,695,852,554,880,429,942,395,957,370,911,338,897,338,NaN,NaN,NaN,NaN,NaN,NaN
301,7,0,876,695,853,552,882,428,942,394,959,369,913,338,898,337,NaN,NaN,NaN,NaN,NaN,NaN
302,7,0,875,695,854,550,882,427,943,393,959,368,913,337,898,336,NaN,NaN,NaN,NaN,NaN,NaN
303,7,0,875,695,855,549,883,426,944,393,957,368,913,337,897,336,NaN,NaN,NaN,NaN,NaN,NaN
304,7,0,874,695,855,548,882,427,944,393,956,368,914,337,896,336,NaN,NaN,NaN,NaN,NaN,NaN
305,7,0,873,695,854,549,881,428,943,395,955,369,913,338,895,337,NaN,NaN,NaN,NaN,NaN,NaN
306,7,0,871,695,854,550,880,430,941,397,954,370,912,340,893,339,NaN,NaN,NaN,NaN,NaN,NaN
307,7,0,869,695,853,551,879,430,940,397,952,371,910,340,891,338,NaN,NaN,NaN,NaN,NaN,NaN
308,7,0,866,695,850,552,876,431,937,397,949,372,908,341,887,339,NaN,NaN,NaN,NaN,NaN,NaN
309,7,0,861,695,846,553,872,431,933,398,945,373,905,341,883,339,NaN,NaN,NaN,NaN,NaN,NaN
310,7,0,855,695,840,554,865,432,925,399,940,373,899,342,875,338,NaN,NaN,NaN,NaN,NaN,NaN
311,7,0,846,695,832,554,858,431,918,399,932,373,892,341,868,338,NaN,NaN,NaN,NaN,NaN,NaN
312,7,0,838,695,824,553,852,432,911,398,924,372,885,341,861,338,NaN,NaN,NaN,NaN,NaN,NaN
313,7,0,831,695,818,552,846,431,906,398,918,372,880,341,855,337,NaN,NaN,NaN,NaN,NaN,NaN
314,7,0,826,695,814,549,841,430,901,397,913,370,876,339,850,336,NaN,NaN,NaN,NaN,NaN,NaN
315,7,0,822,695,810,545,838,427,898,395,910,367,873,337,847,333,NaN,NaN,NaN,NaN,NaN,NaN
316,7,0,818,695,806,540,834,424,895,392,906,365,870,335,844,330,NaN,NaN,NaN,NaN,NaN,NaN
317,7,0,814,695,803,536,831,421,892,389,903,363,868,333,840,328,NaN,NaN,NaN,NaN,NaN,NaN
318,7,0,810,695,799,532,829,418,889,387,900,362,866,331,838,326,NaN,NaN,NaN,NaN,NaN,NaN
319,7,0,807,695,796,529,827,417,886,385,898,361,864,330,836,325,NaN,NaN,NaN,NaN,NaN,NaN
320,7,0,803,695,793,527,824,416,884,385,895,360,862,329,833,324,NaN,NaN,NaN,NaN,NaN,NaN
321,7,0,800,695,790,526,821,416,881,385,893,360,861,329,831,324,NaN,NaN,NaN,NaN,NaN,NaN
322,7,0,797,695,787,525,819,416,878,385,890,361,859,330,828,324,NaN,NaN,NaN,NaN,NaN,NaN
323,7,0,793,695,784,525,816,416,876,385,888,361,857,330,825,324,NaN,NaN,NaN,NaN,NaN,NaN
324,7,0,790,695,781,526,814,417,874,387,885,362,856,331,823,324,NaN,NaN,NaN,NaN,NaN,NaN
325,7,0,788,695,779,526,813,418,872,388,883,363,855,332,821,325,NaN,NaN,NaN,NaN,NaN,NaN
326,7,0,784,695,776,528,810,420,869,390,881,364,853,333,818,326,NaN,NaN,NaN,NaN,NaN,NaN
327,7,0,780,695,773,530,808,422,867,392,878,366,851,334,815,327,NaN,NaN,NaN,NaN,NaN,NaN
328,7,0,777,695,770,531,806,424,865,393,876,368,850,336,813,328,NaN,NaN,NaN,NaN,NaN,NaN
329,7,0,774,695,768,533,804,426,863,395,874,369,849,337,811,329,NaN,NaN,NaN,NaN,NaN,NaN
330,7,0,772,695,766,533,803,427,862,397,873,371,848,339,810,329,NaN,NaN,NaN,NaN,NaN,NaN
331,7,0,770,695,764,533,801,429,860,398,871,372,847,340,808,330,NaN,NaN,NaN,NaN,NaN,NaN
332,7,1,770,695,764,530,801,428,860,398,871,372,848,340,808,330,NaN,NaN,NaN,NaN,NaN,NaN
333,7,0,768,695,762,531,799,429,858,398,869,372,846,340,806,330,NaN,NaN,NaN,NaN,NaN,NaN
334,7,0,767,695,761,531,798,429,857,398,868,372,845,340,805,330,NaN,NaN,NaN,NaN,NaN,NaN
335,7,0,766,695,760,530,797,429,856,398,867,372,843,340,803,329,NaN,NaN,NaN,NaN,NaN,NaN
336,7,0,764,695,758,530,795,428,855,398,865,372,842,339,802,329,NaN,NaN,NaN,NaN,NaN,NaN
337,7,0,763,695,757,529,794,428,853,397,864,371,840,339,800,329,NaN,NaN,NaN,NaN,NaN,NaN
338,7,0,763,695,756,529,793,429,852,398,863,371,839,339,799,329,NaN,NaN,NaN,NaN,NaN,NaN
339,7,0,763,695,756,531,792,430,852,399,862,372,838,340,797,330,NaN,NaN,NaN,NaN,NaN,NaN
340,7,0,763,695,756,532,793,431,852,400,862,373,837,341,797,331,NaN,NaN,NaN,NaN,NaN,NaN
341,7,0,763,695,756,534,792,432,851,401,861,374,837,341,796,331,NaN,NaN,NaN,NaN,NaN,NaN
342,7,0,762,695,756,535,792,433,851,402,861,375,836,342,795,331,NaN,NaN,NaN,NaN,NaN,NaN
343,7,0,761,695,756,536,791,434,850,402,860,375,835,342,794,332,NaN,NaN,NaN,NaN,NaN,NaN
344,7,0,761,695,755,539,790,436,849,403,859,375,834,342,792,332,NaN,NaN,NaN,NaN,NaN,NaN
345,7,0,760,695,754,541,789,437,848,404,858,376,833,342,790,332,NaN,NaN,NaN,NaN,NaN,NaN
346,7,0,759,695,754,543,789,438,847,405,857,377,832,342,789,332,NaN,NaN,NaN,NaN,NaN,NaN
347,7,0,758,695,753,545,788,439,847,406,856,377,831,342,788,332,NaN,NaN,NaN,NaN,NaN,NaN
348,7,0,757,695,752,546,787,440,846,406,855,377,830,342,787,332,NaN,NaN,NaN,NaN,NaN,NaN
349,7,0,755,695,750,547,786,441,845,407,854,377,828,342,785,331,NaN,NaN,NaN,NaN,NaN,NaN
350,7,0,753,695,749,547,784,441,843,407,852,377,827,342,784,331,NaN,NaN,NaN,NaN,NaN,NaN
351,7,0,751,695,747,547,783,441,842,406,851,376,826,341,783,330,NaN,NaN,NaN,NaN,NaN,NaN
352,7,0,748,695,744,546,780,440,839,406,848,375,823,340,780,329,NaN,NaN,NaN,NaN,NaN,NaN
353,7,0,744,695,741,544,777,439,836,405,845,374,819,339,777,328,NaN,NaN,NaN,NaN,NaN,NaN
354,7,0,740,695,737,542,774,438,833,404,842,373,816,338,774,327,NaN,NaN,NaN,NaN,NaN,NaN
355,7,0,736,695,734,541,770,438,828,403,839,372,813,337,769,326,NaN,NaN,NaN,NaN,NaN,NaN
356,7,0,732,695,730,540,767,437,827,402,835,371,811,336,767,325,NaN,NaN,NaN,NaN,NaN,NaN
357,7,0,729,695,727,539,764,437,824,401,833,371,808,335,764,324,NaN,NaN,NaN,NaN,NaN,NaN
358,7,0,726,695,724,539,762,437,822,401,831,370,806,334,762,324,NaN,NaN,NaN,NaN,NaN,NaN
359,7,0,723,695,722,540,760,437,820,401,829,370,804,334,760,323,NaN,NaN,NaN,NaN,NaN,NaN
360,7,0,721,695,721,540,759,437,819,401,828,369,802,334,758,323,NaN,NaN,NaN,NaN,NaN,NaN
361,7,0,721,695,720,541,758,438,818,402,828,370,802,334,757,323,NaN,NaN,NaN,NaN,NaN,NaN
362,7,0,721,695,720,542,758,440,818,403,828,370,802,334,757,323,NaN,NaN,NaN,NaN,NaN,NaN
363,7,0,722,695,721,544,759,441,819,404,829,371,802,334,757,323,NaN,NaN,NaN,NaN,NaN,NaN
364,7,0,723,695,723,546,761,443,821,405,830,372,804,335,759,324,NaN,NaN,NaN,NaN,NaN,NaN
365,7,0,727,695,727,548,764,445,827,406,836,373,807,335,763,324,NaN,NaN,NaN,NaN,NaN,NaN
366,7,0,733,695,733,550,770,446,834,408,842,373,815,335,770,324,NaN,NaN,NaN,NaN,NaN,NaN
367,7,0,740,695,739,549,777,447,838,408,849,373,820,335,775,324,NaN,NaN,NaN,NaN,NaN,NaN
368,7,0,745,695,744,547,781,446,845,406,853,370,824,333,779,322,NaN,NaN,NaN,NaN,NaN,NaN
369,7,0,749,693,747,542,783,443,849,403,856,365,826,330,781,319,NaN,NaN,NaN,NaN,NaN,NaN
370,7,0,751,689,749,535,784,437,850,398,857,360,827,326,782,314,NaN,NaN,NaN,NaN,NaN,NaN
371,7,0,751,686,750,528,785,431,850,392,857,357,827,322,782,308,NaN,NaN,NaN,NaN,NaN,NaN
372,7,0,751,684,750,524,785,427,849,388,855,355,826,319,781,304,NaN,NaN,NaN,NaN,NaN,NaN
373,7,0,751,682,750,520,784,424,848,385,854,352,825,316,780,302,NaN,NaN,NaN,NaN,NaN,NaN
374,7,0,751,683,748,517,783,422,847,383,853,351,823,315,778,300,NaN,NaN,NaN,NaN,NaN,NaN
375,7,0,751,685,748,515,782,421,846,382,851,349,821,314,776,299,NaN,NaN,NaN,NaN,NaN,NaN
376,7,0,751,688,748,514,781,421,845,381,850,349,820,313,774,298,NaN,NaN,NaN,NaN,NaN,NaN
377,7,0,751,695,748,516,780,423,845,383,850,349,819,313,772,299,NaN,NaN,NaN,NaN,NaN,NaN
378,7,0,750,695,746,518,779,425,844,384,848,351,817,315,771,300,NaN,NaN,NaN,NaN,NaN,NaN
379,7,0,749,695,745,519,777,427,841,386,846,351,814,315,768,301,NaN,NaN,NaN,NaN,NaN,NaN
380,7,0,746,695,742,520,775,427,839,386,843,352,812,315,765,300,NaN,NaN,NaN,NaN,NaN,NaN
381,7,0,744,695,740,521,772,428,837,386,840,352,809,315,762,300,NaN,NaN,NaN,NaN,NaN,NaN
382,7,0,742,695,738,522,770,429,835,386,838,351,806,314,760,299,NaN,NaN,NaN,NaN,NaN,NaN
383,7,0,738,695,733,521,766,429,830,386,834,351,802,314,755,299,NaN,NaN,NaN,NaN,NaN,NaN
384,7,0,731,695,727,522,760,430,824,386,828,351,794,313,749,298,NaN,NaN,NaN,NaN,NaN,NaN
385,7,0,723,695,719,521,752,430,816,386,820,351,787,313,741,298,NaN,NaN,NaN,NaN,NaN,NaN
386,7,0,715,695,712,520,745,430,809,386,812,351,779,313,733,298,NaN,NaN,NaN,NaN,NaN,NaN
387,7,0,708,695,705,520,738,430,802,386,806,350,773,312,727,297,NaN,NaN,NaN,NaN,NaN,NaN
388,7,0,702,695,699,518,732,430,797,385,800,350,767,312,721,296,NaN,NaN,NaN,NaN,NaN,NaN
389,7,0,696,695,693,517,727,430,792,385,795,349,762,311,716,296,NaN,NaN,NaN,NaN,NaN,NaN
390,7,0,691,695,689,515,723,429,788,384,791,348,759,311,712,295,NaN,NaN,NaN,NaN,NaN,NaN
391,7,0,687,695,685,513,719,429,784,384,787,348,755,310,708,295,NaN,NaN,NaN,NaN,NaN,NaN
392,7,0,684,695,681,512,716,429,781,384,784,347,751,310,704,294,NaN,NaN,NaN,NaN,NaN,NaN
393,7,0,680,695,678,512,712,430,778,384,781,347,748,310,700,294,NaN,NaN,NaN,NaN,NaN,NaN
394,7,0,676,695,674,512,709,431,775,384,777,348,745,310,697,294,NaN,NaN,NaN,NaN,NaN,NaN
395,7,0,672,695,670,513,706,432,772,385,774,348,741,310,695,294,NaN,NaN,NaN,NaN,NaN,NaN
396,7,0,668,695,667,514,703,434,769,387,772,349,738,311,691,295,NaN,NaN,NaN,NaN,NaN,NaN
397,7,0,666,695,664,516,700,437,767,388,769,350,736,311,688,295,NaN,NaN,NaN,NaN,NaN,NaN
398,7,0,663,695,661,517,698,439,765,390,767,351,733,312,685,296,NaN,NaN,NaN,NaN,NaN,NaN
399,7,1,663,695,661,515,698,439,765,390,767,351,733,312,685,296,NaN,NaN,NaN,NaN,NaN,NaN
400,7,0,662,695,659,519,696,441,763,392,765,352,730,313,682,297,NaN,NaN,NaN,NaN,NaN,NaN
401,7,0,660,695,656,522,695,443,761,393,763,353,728,313,680,297,NaN,NaN,NaN,NaN,NaN,NaN
402,7,0,660,695,654,526,693,445,760,394,761,354,726,314,678,297,NaN,NaN,NaN,NaN,NaN,NaN
403,7,0,660,695,653,528,693,446,759,395,759,354,724,314,676,298,NaN,NaN,NaN,NaN,NaN,NaN
404,7,0,660,695,652,529,692,447,758,395,758,354,723,313,674,297,NaN,NaN,NaN,NaN,NaN,NaN
405,7,0,661,695,652,530,691,447,757,395,756,353,721,313,672,296,NaN,NaN,NaN,NaN,NaN,NaN
406,7,0,661,695,651,530,691,446,757,394,755,352,720,312,670,295,NaN,NaN,NaN,NaN,NaN,NaN
407,7,0,663,695,651,530,691,445,757,393,755,351,718,311,669,295,NaN,NaN,NaN,NaN,NaN,NaN
408,7,0,665,695,652,532,692,447,756,395,754,351,717,311,668,296,NaN,NaN,NaN,NaN,NaN,NaN
409,7,0,667,695,652,535,692,449,757,397,753,353,716,313,667,298,NaN,NaN,NaN,NaN,NaN,NaN
410,7,0,668,695,652,539,693,451,757,398,753,355,715,315,666,299,NaN,NaN,NaN,NaN,NaN,NaN
411,7,0,670,695,653,542,693,454,757,400,752,357,714,316,664,300,NaN,NaN,NaN,NaN,NaN,NaN
412,7,0,673,695,654,547,695,459,758,404,753,358,714,317,663,303,NaN,NaN,NaN,NaN,NaN,NaN
413,7,0,675,695,655,554,696,461,758,407,753,362,714,320,663,304,NaN,NaN,NaN,NaN,NaN,NaN
414,7,0,675,695,655,560,696,465,758,409,752,364,712,322,661,306,NaN,NaN,NaN,NaN,NaN,NaN
415,7,0,675,695,653,565,695,468,757,412,750,365,710,323,659,307,NaN,NaN,NaN,NaN,NaN,NaN
416,7,0,675,695,652,570,695,471,756,414,749,366,709,324,657,308,NaN,NaN,NaN,NaN,NaN,NaN
417,7,0,674,695,652,575,695,474,756,416,748,367,708,324,655,309,NaN,NaN,NaN,NaN,NaN,NaN
418,7,0,674,695,651,579,694,476,756,417,747,367,706,324,654,308,NaN,NaN,NaN,NaN,NaN,NaN
419,7,0,674,695,650,581,694,476,755,417,746,366,705,323,652,308,NaN,NaN,NaN,NaN,NaN,NaN
420,7,0,674,695,649,581,694,475,755,415,745,362,704,320,651,305,NaN,NaN,NaN,NaN,NaN,NaN
421,7,0,672,695,646,580,691,472,753,412,743,359,701,316,648,301,NaN,NaN,NaN,NaN,NaN,NaN
422,7,0,671,695,644,579,690,470,750,409,742,357,699,313,645,297,NaN,NaN,NaN,NaN,NaN,NaN
423,7,0,669,695,641,580,689,468,748,407,740,355,696,311,642,295,NaN,NaN,NaN,NaN,NaN,NaN
424,7,0,668,695,639,581,687,468,747,406,739,354,694,310,640,294,NaN,NaN,NaN,NaN,NaN,NaN
425,7,0,667,695,637,583,686,468,747,406,737,354,692,310,638,293,NaN,NaN,NaN,NaN,NaN,NaN
426,7,0,667,695,636,585,685,469,746,407,736,354,691,310,636,293,NaN,NaN,NaN,NaN,NaN,NaN
427,7,0,665,695,634,588,684,470,744,408,734,354,689,310,634,294,NaN,NaN,NaN,NaN,NaN,NaN
428,7,0,664,695,632,593,683,473,743,410,732,355,687,311,632,295,NaN,NaN,NaN,NaN,NaN,NaN
429,7,0,663,695,631,600,682,479,742,414,729,358,686,314,631,299,NaN,NaN,NaN,NaN,NaN,NaN
430,7,0,661,695,627,610,680,486,740,420,727,363,683,319,628,303,NaN,NaN,NaN,NaN,NaN,NaN
431,7,0,660,695,625,619,680,491,740,424,725,368,681,322,626,305,NaN,NaN,NaN,NaN,NaN,NaN
432,7,0,661,695,624,626,680,495,740,427,725,370,681,323,625,307,NaN,NaN,NaN,NaN,NaN,NaN
433,7,0,663,695,625,633,681,499,741,430,726,372,681,325,625,308,NaN,NaN,NaN,NaN,NaN,NaN
434,7,0,664,695,625,639,682,503,742,432,726,373,681,325,625,309,NaN,NaN,NaN,NaN,NaN,NaN
435,7,0,666,695,625,645,683,506,742,434,726,374,681,326,624,310,NaN,NaN,NaN,NaN,NaN,NaN
436,7,0,667,695,625,650,684,509,743,436,726,375,680,327,623,310,NaN,NaN,NaN,NaN,NaN,NaN
437,7,0,674,695,630,657,689,511,747,437,729,375,682,326,626,309,NaN,NaN,NaN,NaN,NaN,NaN
438,7,0,679,695,634,660,693,512,751,437,732,374,684,325,628,308,NaN,NaN,NaN,NaN,NaN,NaN
439,7,0,685,695,638,663,698,512,756,436,736,373,688,324,631,307,NaN,NaN,NaN,NaN,NaN,NaN
440,7,0,691,695,643,665,703,512,759,436,739,372,691,323,634,306,NaN,NaN,NaN,NaN,NaN,NaN
441,7,0,697,695,647,667,708,513,764,436,743,371,694,322,636,305,NaN,NaN,NaN,NaN,NaN,NaN
442,7,0,702,695,651,670,711,514,768,436,745,371,696,321,638,305,NaN,NaN,NaN,NaN,NaN,NaN
443,7,0,707,695,653,674,715,515,770,437,747,371,697,321,639,305,NaN,NaN,NaN,NaN,NaN,NaN
444,7,0,712,695,656,679,717,517,773,438,749,371,698,321,640,305,NaN,NaN,NaN,NaN,NaN,NaN
445,6,1,713,702,718,517,773,438,749,371,698,321,640,305,NaN,NaN,NaN,NaN,NaN,NaN,NaN,NaN
446,6,0,717,695,721,520,775,440,750,374,699,324,641,307,NaN,NaN,NaN,NaN,NaN,NaN,NaN,NaN
447,6,0,721,695,724,523,777,442,750,375,700,325,641,308,NaN,NaN,NaN,NaN,NaN,NaN,NaN,NaN
448,6,0,723,695,725,526,778,444,751,377,700,326,641,309,NaN,NaN,NaN,NaN,NaN,NaN,NaN,NaN
449,6,0,724,695,726,529,778,446,750,377,698,327,639,309,NaN,NaN,NaN,NaN,NaN,NaN,NaN,NaN
450,6,0,724,695,726,532,778,447,748,377,696,327,637,309,NaN,NaN,NaN,NaN,NaN,NaN,NaN,NaN
451,6,0,724,695,726,534,776,448,746,378,694,327,634,308,NaN,NaN,NaN,NaN,NaN,NaN,NaN,NaN
452,6,0,722,695,725,535,774,448,744,377,691,326,632,308,NaN,NaN,NaN,NaN,NaN,NaN,NaN,NaN
453,6,0,721,695,723,536,771,447,739,376,688,325,628,307,NaN,NaN,NaN,NaN,NaN,NaN,NaN,NaN
454,6,0,718,695,722,536,769,447,737,375,685,324,625,305,NaN,NaN,NaN,NaN,NaN,NaN,NaN,NaN
455,6,0,717,695,720,535,767,445,734,373,682,323,623,304,NaN,NaN,NaN,NaN,NaN,NaN,NaN,NaN
456,6,0,715,695,719,534,765,443,731,371,679,321,620,302,NaN,NaN,NaN,NaN,NaN,NaN,NaN,NaN
457,6,0,715,695,719,533,764,442,730,369,678,319,618,300,NaN,NaN,NaN,NaN,NaN,NaN,NaN,NaN
458,6,0,715,695,719,531,764,440,729,367,677,318,617,298,NaN,NaN,NaN,NaN,NaN,NaN,NaN,NaN
459,6,0,716,695,720,530,764,438,729,365,677,316,617,297,NaN,NaN,NaN,NaN,NaN,NaN,NaN,NaN
460,6,0,716,695,722,530,764,437,729,364,677,315,616,296,NaN,NaN,NaN,NaN,NaN,NaN,NaN,NaN
461,6,0,717,695,723,529,765,436,728,363,677,314,616,295,NaN,NaN,NaN,NaN,NaN,NaN,NaN,NaN
462,6,0,718,695,725,530,766,435,729,362,677,314,616,294,NaN,NaN,NaN,NaN,NaN,NaN,NaN,NaN
463,6,0,721,695,727,532,766,436,729,362,677,314,616,295,NaN,NaN,NaN,NaN,NaN,NaN,NaN,NaN
464,6,0,723,695,730,534,768,437,729,362,677,314,616,295,NaN,NaN,NaN,NaN,NaN,NaN,NaN,NaN
465,6,0,727,695,735,537,771,438,732,363,680,314,620,295,NaN,NaN,NaN,NaN,NaN,NaN,NaN,NaN
466,6,0,733,695,742,541,778,440,735,363,685,315,623,295,NaN,NaN,NaN,NaN,NaN,NaN,NaN,NaN
467,6,0,740,695,750,546,784,443,740,365,689,316,627,296,NaN,NaN,NaN,NaN,NaN,NaN,NaN,NaN
468,6,0,746,695,756,550,788,445,744,365,692,317,629,296,NaN,NaN,NaN,NaN,NaN,NaN,NaN,NaN
469,6,0,750,695,760,553,791,446,746,366,693,317,630,296,NaN,NaN,NaN,NaN,NaN,NaN,NaN,NaN
470,6,0,753,695,763,555,793,447,746,366,694,318,631,296,NaN,NaN,NaN,NaN,NaN,NaN,NaN,NaN
471,6,0,757,695,767,556,794,447,746,366,694,318,631,296,NaN,NaN,NaN,NaN,NaN,NaN,NaN,NaN
472,6,0,760,695,770,556,796,447,746,365,694,317,631,295,NaN,NaN,NaN,NaN,NaN,NaN,NaN,NaN
473,6,0,764,695,773,556,797,446,746,364,694,316,631,294,NaN,NaN,NaN,NaN,NaN,NaN,NaN,NaN
474,6,0,767,695,777,556,799,445,747,362,694,315,630,293,NaN,NaN,NaN,NaN,NaN,NaN,NaN,NaN
475,6,0,771,695,780,555,800,443,746,361,694,314,629,292,NaN,NaN,NaN,NaN,NaN,NaN,NaN,NaN
476,6,0,774,695,783,554,801,441,746,359,694,312,629,290,NaN,NaN,NaN,NaN,NaN,NaN,NaN,NaN
477,6,0,777,695,786,552,802,439,746,357,693,311,628,289,NaN,NaN,NaN,NaN,NaN,NaN,NaN,NaN
478,6,0,781,695,790,552,803,438,746,355,692,310,627,288,NaN,NaN,NaN,NaN,NaN,NaN,NaN,NaN
479,6,0,784,695,793,552,804,437,745,355,692,309,626,287,NaN,NaN,NaN,NaN,NaN,NaN,NaN,NaN
480,6,0,789,695,798,554,806,437,745,354,692,308,626,286,NaN,NaN,NaN,NaN,NaN,NaN,NaN,NaN
481,6,0,794,695,802,556,808,438,746,353,692,308,626,286,NaN,NaN,NaN,NaN,NaN,NaN,NaN,NaN
482,6,0,797,695,806,559,809,439,746,354,692,308,625,286,NaN,NaN,NaN,NaN,NaN,NaN,NaN,NaN
483,6,0,800,695,809,563,810,440,745,354,691,309,624,286,NaN,NaN,NaN,NaN,NaN,NaN,NaN,NaN
484,6,0,801,695,811,568,810,442,743,355,689,309,622,286,NaN,NaN,NaN,NaN,NaN,NaN,NaN,NaN
485,6,0,802,695,812,572,809,444,741,355,688,310,620,286,NaN,NaN,NaN,NaN,NaN,NaN,NaN,NaN
486,6,0,803,695,813,575,808,445,740,355,685,310,618,286,NaN,NaN,NaN,NaN,NaN,NaN,NaN,NaN
487,6,0,803,695,814,578,807,446,737,355,683,310,616,286,NaN,NaN,NaN,NaN,NaN,NaN,NaN,NaN
488,6,0,803,695,814,579,805,446,735,355,681,310,614,285,NaN,NaN,NaN,NaN,NaN,NaN,NaN,NaN
489,6,0,801,695,813,580,803,445,730,353,676,309,609,284,NaN,NaN,NaN,NaN,NaN,NaN,NaN,NaN
490,6,0,799,695,811,580,798,444,725,352,672,308,604,283,NaN,NaN,NaN,NaN,NaN,NaN,NaN,NaN
491,6,0,798,695,809,579,795,443,721,350,668,307,601,282,NaN,NaN,NaN,NaN,NaN,NaN,NaN,NaN
492,6,0,797,695,808,579,792,441,716,348,664,306,596,280,NaN,NaN,NaN,NaN,NaN,NaN,NaN,NaN
493,6,0,796,695,808,577,789,439,714,347,661,304,593,279,NaN,NaN,NaN,NaN,NaN,NaN,NaN,NaN
494,6,0,796,695,808,577,787,437,711,345,658,303,590,278,NaN,NaN,NaN,NaN,NaN,NaN,NaN,NaN
495,6,0,797,695,808,576,785,436,708,344,656,302,587,277,NaN,NaN,NaN,NaN,NaN,NaN,NaN,NaN
496,6,0,797,695,809,577,783,435,706,343,653,301,585,276,NaN,NaN,NaN,NaN,NaN,NaN,NaN,NaN
497,6,1,798,693,810,575,783,434,705,342,653,301,585,276,NaN,NaN,NaN,NaN,NaN,NaN,NaN,NaN
498,6,0,799,695,809,579,781,435,703,342,650,301,582,276,NaN,NaN,NaN,NaN,NaN,NaN,NaN,NaN
499,6,0,800,695,809,585,780,438,701,343,648,301,579,276,NaN,NaN,NaN,NaN,NaN,NaN,NaN,NaN
500,6,0,801,695,809,592,779,440,698,345,645,303,576,277,NaN,NaN,NaN,NaN,NaN,NaN,NaN,NaN
501,6,0,803,695,809,599,778,444,696,346,642,304,573,278,NaN,NaN,NaN,NaN,NaN,NaN,NaN,NaN
502,6,0,804,695,809,606,776,447,694,348,640,305,571,279,NaN,NaN,NaN,NaN,NaN,NaN,NaN,NaN
503,6,0,801,695,808,613,774,450,692,349,637,306,568,279,NaN,NaN,NaN,NaN,NaN,NaN,NaN,NaN
504,6,0,802,695,808,619,772,452,689,350,635,306,565,279,NaN,NaN,NaN,NaN,NaN,NaN,NaN,NaN
505,6,0,803,695,808,624,771,455,687,351,632,307,562,280,NaN,NaN,NaN,NaN,NaN,NaN,NaN,NaN
506,6,0,804,695,808,629,770,457,685,352,629,308,560,280,NaN,NaN,NaN,NaN,NaN,NaN,NaN,NaN
507,6,0,805,695,808,634,768,458,682,352,627,308,557,280,NaN,NaN,NaN,NaN,NaN,NaN,NaN,NaN
508,6,0,806,695,808,638,767,459,680,352,625,308,554,280,NaN,NaN,NaN,NaN,NaN,NaN,NaN,NaN
509,6,0,807,695,808,642,766,461,678,353,622,308,551,280,NaN,NaN,NaN,NaN,NaN,NaN,NaN,NaN
510,6,0,807,695,808,645,764,461,675,353,619,308,548,280,NaN,NaN,NaN,NaN,NaN,NaN,NaN,NaN
511,6,0,807,695,808,649,762,463,672,353,616,308,545,281,NaN,NaN,NaN,NaN,NaN,NaN,NaN,NaN
512,6,0,808,695,808,655,761,466,669,355,613,310,542,283,NaN,NaN,NaN,NaN,NaN,NaN,NaN,NaN
513,6,0,808,695,808,662,759,469,666,357,609,312,538,284,NaN,NaN,NaN,NaN,NaN,NaN,NaN,NaN
514,6,0,808,695,807,671,756,474,662,360,605,315,533,286,NaN,NaN,NaN,NaN,NaN,NaN,NaN,NaN
515,5,1,808,695,756,474,662,360,605,315,533,286,NaN,NaN,NaN,NaN,NaN,NaN,NaN,NaN,NaN,NaN
516,5,0,804,695,753,476,656,362,600,317,527,288,NaN,NaN,NaN,NaN,NaN,NaN,NaN,NaN,NaN,NaN
517,5,0,798,695,749,479,652,364,595,320,522,290,NaN,NaN,NaN,NaN,NaN,NaN,NaN,NaN,NaN,NaN
518,5,0,793,695,743,481,646,366,589,321,516,291,NaN,NaN,NaN,NaN,NaN,NaN,NaN,NaN,NaN,NaN
519,5,0,787,695,739,483,642,366,584,322,510,292,NaN,NaN,NaN,NaN,NaN,NaN,NaN,NaN,NaN,NaN
520,5,0,781,695,734,483,636,368,578,323,504,292,NaN,NaN,NaN,NaN,NaN,NaN,NaN,NaN,NaN,NaN
521,5,0,775,695,727,484,630,368,573,324,498,292,NaN,NaN,NaN,NaN,NaN,NaN,NaN,NaN,NaN,NaN
522,5,0,768,695,722,485,625,369,567,324,492,293,NaN,NaN,NaN,NaN,NaN,NaN,NaN,NaN,NaN,NaN
523,5,0,762,695,717,485,619,369,561,325,487,293,NaN,NaN,NaN,NaN,NaN,NaN,NaN,NaN,NaN,NaN
524,5,0,757,695,711,484,615,369,556,325,481,293,NaN,NaN,NaN,NaN,NaN,NaN,NaN,NaN,NaN,NaN
525,5,0,751,695,706,484,610,369,551,325,475,293,NaN,NaN,NaN,NaN,NaN,NaN,NaN,NaN,NaN,NaN
526,5,0,746,695,701,482,604,369,546,325,470,293,NaN,NaN,NaN,NaN,NaN,NaN,NaN,NaN,NaN,NaN
527,5,0,742,695,697,481,600,368,542,324,466,293,NaN,NaN,NaN,NaN,NaN,NaN,NaN,NaN,NaN,NaN
528,5,0,736,695,691,479,595,368,537,324,460,293,NaN,NaN,NaN,NaN,NaN,NaN,NaN,NaN,NaN,NaN
529,5,0,731,695,686,479,591,368,532,324,455,292,NaN,NaN,NaN,NaN,NaN,NaN,NaN,NaN,NaN,NaN
530,5,0,725,695,680,477,586,368,527,324,449,292,NaN,NaN,NaN,NaN,NaN,NaN,NaN,NaN,NaN,NaN
531,5,0,719,695,675,477,580,368,522,324,444,292,NaN,NaN,NaN,NaN,NaN,NaN,NaN,NaN,NaN,NaN
532,5,0,713,695,669,477,576,368,517,325,439,292,NaN,NaN,NaN,NaN,NaN,NaN,NaN,NaN,NaN,NaN
533,5,0,706,695,664,478,570,369,512,326,433,293,NaN,NaN,NaN,NaN,NaN,NaN,NaN,NaN,NaN,NaN
534,5,0,699,695,658,479,565,371,506,327,427,294,NaN,NaN,NaN,NaN,NaN,NaN,NaN,NaN,NaN,NaN
535,5,0,694,695,653,482,561,373,502,329,423,296,NaN,NaN,NaN,NaN,NaN,NaN,NaN,NaN,NaN,NaN
536,5,0,688,695,648,484,556,375,497,331,418,297,NaN,NaN,NaN,NaN,NaN,NaN,NaN,NaN,NaN,NaN
537,5,0,683,695,644,486,553,377,494,332,414,298,NaN,NaN,NaN,NaN,NaN,NaN,NaN,NaN,NaN,NaN
538,5,0,677,695,640,488,549,379,489,334,409,299,NaN,NaN,NaN,NaN,NaN,NaN,NaN,NaN,NaN,NaN
539,5,0,672,695,635,490,544,381,484,336,404,301,NaN,NaN,NaN,NaN,NaN,NaN,NaN,NaN,NaN,NaN
540,5,0,668,695,630,491,540,382,480,337,399,302,NaN,NaN,NaN,NaN,NaN,NaN,NaN,NaN,NaN,NaN
541,5,0,664,695,626,492,536,383,476,338,394,302,NaN,NaN,NaN,NaN,NaN,NaN,NaN,NaN,NaN,NaN
542,5,0,660,695,622,493,532,385,471,339,389,303,NaN,NaN,NaN,NaN,NaN,NaN,NaN,NaN,NaN,NaN
543,5,0,657,695,617,492,527,385,467,340,385,304,NaN,NaN,NaN,NaN,NaN,NaN,NaN,NaN,NaN,NaN
544,5,0,654,695,613,492,524,386,463,341,380,304,NaN,NaN,NaN,NaN,NaN,NaN,NaN,NaN,NaN,NaN
545,5,0,651,695,610,491,521,387,459,342,377,306,NaN,NaN,NaN,NaN,NaN,NaN,NaN,NaN,NaN,NaN
546,5,0,649,695,607,492,517,388,456,344,373,308,NaN,NaN,NaN,NaN,NaN,NaN,NaN,NaN,NaN,NaN
547,5,0,647,695,604,492,514,390,452,346,369,309,NaN,NaN,NaN,NaN,NaN,NaN,NaN,NaN,NaN,NaN
548,5,0,645,695,601,493,512,392,449,348,365,312,NaN,NaN,NaN,NaN,NaN,NaN,NaN,NaN,NaN,NaN
549,5,0,644,695,598,493,509,394,446,350,362,313,NaN,NaN,NaN,NaN,NaN,NaN,NaN,NaN,NaN,NaN
550,5,0,643,695,596,494,506,396,443,352,358,315,NaN,NaN,NaN,NaN,NaN,NaN,NaN,NaN,NaN,NaN
551,5,0,643,695,593,496,504,398,440,354,355,317,NaN,NaN,NaN,NaN,NaN,NaN,NaN,NaN,NaN,NaN
552,5,0,644,695,591,496,502,400,437,356,349,319,NaN,NaN,NaN,NaN,NaN,NaN,NaN,NaN,NaN,NaN
553,5,0,643,695,588,498,499,402,433,358,345,321,NaN,NaN,NaN,NaN,NaN,NaN,NaN,NaN,NaN,NaN
554,5,0,641,695,584,499,495,404,429,360,341,323,NaN,NaN,NaN,NaN,NaN,NaN,NaN,NaN,NaN,NaN
555,5,0,640,695,581,500,493,406,426,362,337,324,NaN,NaN,NaN,NaN,NaN,NaN,NaN,NaN,NaN,NaN
556,5,0,639,695,577,500,490,408,423,363,333,325,NaN,NaN,NaN,NaN,NaN,NaN,NaN,NaN,NaN,NaN
557,5,0,638,695,574,499,487,409,420,364,330,326,NaN,NaN,NaN,NaN,NaN,NaN,NaN,NaN,NaN,NaN
558,5,0,636,695,571,497,485,409,418,365,328,326,NaN,NaN,NaN,NaN,NaN,NaN,NaN,NaN,NaN,NaN
559,5,0,634,695,567,493,482,407,414,363,325,324,NaN,NaN,NaN,NaN,NaN,NaN,NaN,NaN,NaN,NaN
560,5,0,632,695,562,489,477,405,410,361,320,323,NaN,NaN,NaN,NaN,NaN,NaN,NaN,NaN,NaN,NaN
561,5,0,631,695,558,485,474,403,408,359,314,321,NaN,NaN,NaN,NaN,NaN,NaN,NaN,NaN,NaN,NaN
562,5,0,630,695,555,481,471,402,405,359,311,320,NaN,NaN,NaN,NaN,NaN,NaN,NaN,NaN,NaN,NaN
563,5,0,629,695,551,477,468,401,402,358,307,320,NaN,NaN,NaN,NaN,NaN,NaN,NaN,NaN,NaN,NaN
564,5,0,628,695,547,474,466,401,399,358,304,320,NaN,NaN,NaN,NaN,NaN,NaN,NaN,NaN,NaN,NaN
565,5,0,628,695,544,471,464,401,398,358,302,320,NaN,NaN,NaN,NaN,NaN,NaN,NaN,NaN,NaN,NaN
566,5,1,627,697,542,467,463,400,397,358,301,320,NaN,NaN,NaN,NaN,NaN,NaN,NaN,NaN,NaN,NaN
567,5,0,621,695,539,470,461,403,393,360,299,322,NaN,NaN,NaN,NaN,NaN,NaN,NaN,NaN,NaN,NaN
568,5,0,616,695,537,474,459,406,391,362,297,325,NaN,NaN,NaN,NaN,NaN,NaN,NaN,NaN,NaN,NaN
569,5,0,612,695,535,476,457,408,389,365,296,327,NaN,NaN,NaN,NaN,NaN,NaN,NaN,NaN,NaN,NaN
570,5,0,609,695,536,481,458,412,389,368,297,330,NaN,NaN,NaN,NaN,NaN,NaN,NaN,NaN,NaN,NaN
571,5,0,607,695,537,485,460,415,389,370,299,333,NaN,NaN,NaN,NaN,NaN,NaN,NaN,NaN,NaN,NaN
572,5,0,606,695,539,490,461,420,390,373,299,335,NaN,NaN,NaN,NaN,NaN,NaN,NaN,NaN,NaN,NaN
573,5,0,604,695,540,495,461,423,390,376,300,337,NaN,NaN,NaN,NaN,NaN,NaN,NaN,NaN,NaN,NaN
574,5,0,602,695,541,498,462,425,389,377,301,339,NaN,NaN,NaN,NaN,NaN,NaN,NaN,NaN,NaN,NaN
575,5,0,601,695,542,501,463,427,389,378,301,340,NaN,NaN,NaN,NaN,NaN,NaN,NaN,NaN,NaN,NaN
576,5,0,600,695,542,502,464,428,390,378,302,340,NaN,NaN,NaN,NaN,NaN,NaN,NaN,NaN,NaN,NaN
577,5,0,601,695,542,503,464,428,390,378,303,340,NaN,NaN,NaN,NaN,NaN,NaN,NaN,NaN,NaN,NaN
578,5,0,602,695,543,503,465,428,390,378,305,340,NaN,NaN,NaN,NaN,NaN,NaN,NaN,NaN,NaN,NaN
579,5,0,604,695,545,501,467,426,391,376,307,338,NaN,NaN,NaN,NaN,NaN,NaN,NaN,NaN,NaN,NaN
580,5,0,606,695,546,500,467,425,392,374,308,336,NaN,NaN,NaN,NaN,NaN,NaN,NaN,NaN,NaN,NaN
581,5,0,608,695,548,498,468,423,392,371,309,334,NaN,NaN,NaN,NaN,NaN,NaN,NaN,NaN,NaN,NaN
582,5,0,610,695,550,495,470,421,393,368,310,332,NaN,NaN,NaN,NaN,NaN,NaN,NaN,NaN,NaN,NaN
583,5,0,612,695,551,493,471,419,393,366,311,330,NaN,NaN,NaN,NaN,NaN,NaN,NaN,NaN,NaN,NaN
584,5,0,615,695,552,492,472,418,394,365,311,329,NaN,NaN,NaN,NaN,NaN,NaN,NaN,NaN,NaN,NaN
585,5,0,617,695,554,492,474,417,394,363,313,327,NaN,NaN,NaN,NaN,NaN,NaN,NaN,NaN,NaN,NaN
586,5,0,618,695,557,491,476,416,396,362,316,326,NaN,NaN,NaN,NaN,NaN,NaN,NaN,NaN,NaN,NaN
587,5,0,618,695,557,492,477,416,397,361,317,326,NaN,NaN,NaN,NaN,NaN,NaN,NaN,NaN,NaN,NaN
588,5,0,617,695,557,493,477,416,396,361,317,326,NaN,NaN,NaN,NaN,NaN,NaN,NaN,NaN,NaN,NaN
589,5,0,615,695,556,495,476,418,395,361,316,326,NaN,NaN,NaN,NaN,NaN,NaN,NaN,NaN,NaN,NaN
590,5,0,612,695,556,497,475,419,393,361,315,326,NaN,NaN,NaN,NaN,NaN,NaN,NaN,NaN,NaN,NaN
591,5,0,610,695,555,499,475,419,391,360,313,325,NaN,NaN,NaN,NaN,NaN,NaN,NaN,NaN,NaN,NaN
592,5,0,609,695,554,500,474,418,389,360,313,324,NaN,NaN,NaN,NaN,NaN,NaN,NaN,NaN,NaN,NaN
593,5,0,608,695,553,500,474,418,389,359,313,323,NaN,NaN,NaN,NaN,NaN,NaN,NaN,NaN,NaN,NaN
594,5,0,608,695,554,499,473,418,389,357,313,322,NaN,NaN,NaN,NaN,NaN,NaN,NaN,NaN,NaN,NaN
595,5,0,609,695,554,498,475,416,389,356,314,321,NaN,NaN,NaN,NaN,NaN,NaN,NaN,NaN,NaN,NaN
596,5,0,609,695,555,497,475,415,389,353,316,319,NaN,NaN,NaN,NaN,NaN,NaN,NaN,NaN,NaN,NaN
597,5,0,610,695,556,495,477,413,391,352,318,318,NaN,NaN,NaN,NaN,NaN,NaN,NaN,NaN,NaN,NaN
598,5,0,612,695,557,493,478,411,391,349,319,316,NaN,NaN,NaN,NaN,NaN,NaN,NaN,NaN,NaN,NaN
599,5,0,613,695,558,491,479,409,392,347,321,314,NaN,NaN,NaN,NaN,NaN,NaN,NaN,NaN,NaN,NaN
600,5,0,615,695,559,489,481,408,393,345,324,312,NaN,NaN,NaN,NaN,NaN,NaN,NaN,NaN,NaN,NaN
601,5,0,615,695,560,488,482,407,394,343,326,310,NaN,NaN,NaN,NaN,NaN,NaN,NaN,NaN,NaN,NaN
602,5,0,615,695,560,487,482,406,395,342,327,309,NaN,NaN,NaN,NaN,NaN,NaN,NaN,NaN,NaN,NaN
603,5,0,615,695,561,488,483,405,395,340,329,308,NaN,NaN,NaN,NaN,NaN,NaN,NaN,NaN,NaN,NaN
604,5,0,616,695,562,488,485,405,397,340,331,307,NaN,NaN,NaN,NaN,NaN,NaN,NaN,NaN,NaN,NaN
605,5,0,618,695,564,490,487,406,398,339,333,307,NaN,NaN,NaN,NaN,NaN,NaN,NaN,NaN,NaN,NaN
606,5,0,619,695,566,492,489,407,400,339,335,307,NaN,NaN,NaN,NaN,NaN,NaN,NaN,NaN,NaN,NaN
607,5,0,621,695,568,494,491,408,401,339,339,307,NaN,NaN,NaN,NaN,NaN,NaN,NaN,NaN,NaN,NaN
608,5,0,623,695,569,495,493,408,403,338,341,306,NaN,NaN,NaN,NaN,NaN,NaN,NaN,NaN,NaN,NaN
609,5,0,624,695,571,496,495,409,405,338,344,306,NaN,NaN,NaN,NaN,NaN,NaN,NaN,NaN,NaN,NaN
610,5,0,626,695,573,497,497,409,406,336,346,305,NaN,NaN,NaN,NaN,NaN,NaN,NaN,NaN,NaN,NaN
611,5,0,628,695,575,497,499,408,408,336,348,304,NaN,NaN,NaN,NaN,NaN,NaN,NaN,NaN,NaN,NaN
612,5,0,631,695,577,497,502,408,410,334,351,303,NaN,NaN,NaN,NaN,NaN,NaN,NaN,NaN,NaN,NaN
613,5,0,634,695,579,497,504,407,412,333,354,302,NaN,NaN,NaN,NaN,NaN,NaN,NaN,NaN,NaN,NaN
614,5,0,637,695,582,496,506,406,414,331,357,300,NaN,NaN,NaN,NaN,NaN,NaN,NaN,NaN,NaN,NaN
615,5,0,641,695,585,495,509,405,417,330,360,299,NaN,NaN,NaN,NaN,NaN,NaN,NaN,NaN,NaN,NaN
616,5,0,645,695,588,495,513,405,420,329,365,299,NaN,NaN,NaN,NaN,NaN,NaN,NaN,NaN,NaN,NaN
617,5,0,650,695,592,495,517,406,423,328,368,298,NaN,NaN,NaN,NaN,NaN,NaN,NaN,NaN,NaN,NaN
618,5,0,654,695,595,495,519,405,425,328,371,298,NaN,NaN,NaN,NaN,NaN,NaN,NaN,NaN,NaN,NaN
619,5,0,658,695,598,496,522,406,427,327,374,297,NaN,NaN,NaN,NaN,NaN,NaN,NaN,NaN,NaN,NaN
620,5,0,662,695,600,497,524,406,428,326,376,297,NaN,NaN,NaN,NaN,NaN,NaN,NaN,NaN,NaN,NaN
621,5,0,665,695,602,498,527,407,430,326,379,297,NaN,NaN,NaN,NaN,NaN,NaN,NaN,NaN,NaN,NaN
622,5,0,669,695,605,500,530,408,432,326,381,297,NaN,NaN,NaN,NaN,NaN,NaN,NaN,NaN,NaN,NaN
623,5,0,673,695,608,504,532,410,433,327,384,298,NaN,NaN,NaN,NaN,NaN,NaN,NaN,NaN,NaN,NaN
624,5,0,676,695,610,507,534,412,435,327,386,298,NaN,NaN,NaN,NaN,NaN,NaN,NaN,NaN,NaN,NaN
625,5,0,679,695,612,510,537,414,437,328,389,299,NaN,NaN,NaN,NaN,NaN,NaN,NaN,NaN,NaN,NaN
626,5,0,681,695,612,512,537,416,438,328,390,299,NaN,NaN,NaN,NaN,NaN,NaN,NaN,NaN,NaN,NaN
627,5,0,681,695,613,514,538,417,439,328,392,300,NaN,NaN,NaN,NaN,NaN,NaN,NaN,NaN,NaN,NaN
628,5,0,682,695,613,515,539,419,440,328,395,300,NaN,NaN,NaN,NaN,NaN,NaN,NaN,NaN,NaN,NaN
629,5,0,683,695,613,516,540,419,441,328,397,300,NaN,NaN,NaN,NaN,NaN,NaN,NaN,NaN,NaN,NaN
630,5,0,685,695,613,516,541,419,442,327,400,299,NaN,NaN,NaN,NaN,NaN,NaN,NaN,NaN,NaN,NaN
631,5,0,686,695,614,515,543,418,444,325,401,298,NaN,NaN,NaN,NaN,NaN,NaN,NaN,NaN,NaN,NaN
632,5,0,687,695,614,513,543,417,444,324,403,296,NaN,NaN,NaN,NaN,NaN,NaN,NaN,NaN,NaN,NaN
633,5,0,687,695,614,512,543,415,445,322,405,295,NaN,NaN,NaN,NaN,NaN,NaN,NaN,NaN,NaN,NaN
634,5,1,687,695,613,510,543,415,444,321,405,295,NaN,NaN,NaN,NaN,NaN,NaN,NaN,NaN,NaN,NaN
635,5,0,678,695,611,509,542,414,446,321,407,295,NaN,NaN,NaN,NaN,NaN,NaN,NaN,NaN,NaN,NaN
636,5,0,669,695,607,510,539,413,445,321,406,295,NaN,NaN,NaN,NaN,NaN,NaN,NaN,NaN,NaN,NaN
637,5,0,661,695,604,512,536,414,445,323,406,297,NaN,NaN,NaN,NaN,NaN,NaN,NaN,NaN,NaN,NaN
638,5,0,656,695,601,515,534,414,445,324,406,298,NaN,NaN,NaN,NaN,NaN,NaN,NaN,NaN,NaN,NaN
639,5,0,651,695,599,515,534,413,446,324,408,298,NaN,NaN,NaN,NaN,NaN,NaN,NaN,NaN,NaN,NaN
640,5,0,647,695,597,515,532,412,446,324,408,298,NaN,NaN,NaN,NaN,NaN,NaN,NaN,NaN,NaN,NaN
641,5,0,642,695,597,519,533,414,448,326,411,299,NaN,NaN,NaN,NaN,NaN,NaN,NaN,NaN,NaN,NaN
642,5,0,637,695,595,522,533,415,451,328,414,301,NaN,NaN,NaN,NaN,NaN,NaN,NaN,NaN,NaN,NaN
643,5,0,632,695,595,526,533,416,453,330,417,302,NaN,NaN,NaN,NaN,NaN,NaN,NaN,NaN,NaN,NaN
644,5,0,627,695,593,530,533,417,455,331,420,304,NaN,NaN,NaN,NaN,NaN,NaN,NaN,NaN,NaN,NaN
645,5,0,623,695,592,533,533,418,458,333,422,306,NaN,NaN,NaN,NaN,NaN,NaN,NaN,NaN,NaN,NaN
646,5,0,619,695,591,535,533,418,460,334,425,307,NaN,NaN,NaN,NaN,NaN,NaN,NaN,NaN,NaN,NaN
647,5,0,615,695,589,536,533,418,462,335,427,308,NaN,NaN,NaN,NaN,NaN,NaN,NaN,NaN,NaN,NaN
648,5,0,614,695,589,536,534,417,465,336,431,309,NaN,NaN,NaN,NaN,NaN,NaN,NaN,NaN,NaN,NaN
649,5,0,613,695,589,537,536,416,469,337,435,309,NaN,NaN,NaN,NaN,NaN,NaN,NaN,NaN,NaN,NaN
650,5,0,612,695,591,538,538,415,473,337,439,309,NaN,NaN,NaN,NaN,NaN,NaN,NaN,NaN,NaN,NaN
651,5,0,612,695,592,539,541,415,477,338,444,310,NaN,NaN,NaN,NaN,NaN,NaN,NaN,NaN,NaN,NaN
652,5,0,611,695,594,541,543,415,481,339,448,311,NaN,NaN,NaN,NaN,NaN,NaN,NaN,NaN,NaN,NaN
653,5,0,609,695,595,543,545,415,485,341,451,312,NaN,NaN,NaN,NaN,NaN,NaN,NaN,NaN,NaN,NaN
654,5,0,608,695,595,545,546,415,487,342,454,313,NaN,NaN,NaN,NaN,NaN,NaN,NaN,NaN,NaN,NaN
655,5,0,605,695,594,548,547,415,490,344,457,315,NaN,NaN,NaN,NaN,NaN,NaN,NaN,NaN,NaN,NaN
656,5,0,603,695,593,551,547,416,492,346,458,316,NaN,NaN,NaN,NaN,NaN,NaN,NaN,NaN,NaN,NaN
657,5,0,600,695,592,554,547,417,494,348,460,318,NaN,NaN,NaN,NaN,NaN,NaN,NaN,NaN,NaN,NaN
658,5,0,598,695,591,558,547,418,496,350,463,320,NaN,NaN,NaN,NaN,NaN,NaN,NaN,NaN,NaN,NaN
659,5,0,595,695,590,562,548,419,498,352,465,322,NaN,NaN,NaN,NaN,NaN,NaN,NaN,NaN,NaN,NaN
660,5,0,592,695,589,566,548,419,499,355,466,324,NaN,NaN,NaN,NaN,NaN,NaN,NaN,NaN,NaN,NaN
661,5,0,589,695,588,568,548,419,501,356,468,325,NaN,NaN,NaN,NaN,NaN,NaN,NaN,NaN,NaN,NaN
662,5,1,586,699,585,566,546,417,501,356,468,325,NaN,NaN,NaN,NaN,NaN,NaN,NaN,NaN,NaN,NaN
663,5,0,585,695,584,565,546,418,501,356,468,326,NaN,NaN,NaN,NaN,NaN,NaN,NaN,NaN,NaN,NaN
664,5,0,585,695,583,563,546,418,502,356,469,325,NaN,NaN,NaN,NaN,NaN,NaN,NaN,NaN,NaN,NaN
665,5,0,585,695,584,560,547,417,504,355,469,326,NaN,NaN,NaN,NaN,NaN,NaN,NaN,NaN,NaN,NaN
666,5,0,585,695,583,556,548,416,505,354,470,326,NaN,NaN,NaN,NaN,NaN,NaN,NaN,NaN,NaN,NaN
667,5,0,585,695,582,553,548,415,505,354,471,325,NaN,NaN,NaN,NaN,NaN,NaN,NaN,NaN,NaN,NaN
668,5,0,584,695,581,548,549,414,507,353,472,325,NaN,NaN,NaN,NaN,NaN,NaN,NaN,NaN,NaN,NaN
669,5,0,584,695,580,544,549,412,507,352,472,325,NaN,NaN,NaN,NaN,NaN,NaN,NaN,NaN,NaN,NaN
670,5,0,584,695,579,540,549,412,507,351,473,324,NaN,NaN,NaN,NaN,NaN,NaN,NaN,NaN,NaN,NaN
671,5,0,584,695,579,537,550,411,508,351,473,324,NaN,NaN,NaN,NaN,NaN,NaN,NaN,NaN,NaN,NaN
672,5,0,583,695,579,535,550,411,509,350,474,324,NaN,NaN,NaN,NaN,NaN,NaN,NaN,NaN,NaN,NaN
673,5,0,584,695,579,533,551,412,511,351,475,326,NaN,NaN,NaN,NaN,NaN,NaN,NaN,NaN,NaN,NaN
674,5,0,584,695,580,532,552,413,512,352,475,327,NaN,NaN,NaN,NaN,NaN,NaN,NaN,NaN,NaN,NaN
675,5,0,585,695,579,531,552,415,513,352,476,328,NaN,NaN,NaN,NaN,NaN,NaN,NaN,NaN,NaN,NaN
676,5,0,585,695,579,529,553,416,514,353,477,329,NaN,NaN,NaN,NaN,NaN,NaN,NaN,NaN,NaN,NaN
677,5,0,589,695,584,527,555,416,520,353,485,330,NaN,NaN,NaN,NaN,NaN,NaN,NaN,NaN,NaN,NaN
678,5,0,593,695,589,525,561,418,526,354,490,331,NaN,NaN,NaN,NaN,NaN,NaN,NaN,NaN,NaN,NaN
679,5,0,608,695,594,523,567,419,532,355,496,332,NaN,NaN,NaN,NaN,NaN,NaN,NaN,NaN,NaN,NaN
680,5,0,617,695,600,521,573,420,537,355,502,333,NaN,NaN,NaN,NaN,NaN,NaN,NaN,NaN,NaN,NaN
681,5,0,624,695,604,517,577,420,542,355,506,333,NaN,NaN,NaN,NaN,NaN,NaN,NaN,NaN,NaN,NaN
682,5,1,624,695,603,511,576,419,542,354,505,333,NaN,NaN,NaN,NaN,NaN,NaN,NaN,NaN,NaN,NaN
683,5,0,625,695,605,511,578,418,544,354,507,333,NaN,NaN,NaN,NaN,NaN,NaN,NaN,NaN,NaN,NaN
684,5,0,627,695,606,510,580,418,545,354,510,332,NaN,NaN,NaN,NaN,NaN,NaN,NaN,NaN,NaN,NaN
685,5,0,627,695,608,508,581,417,547,353,512,332,NaN,NaN,NaN,NaN,NaN,NaN,NaN,NaN,NaN,NaN
686,5,0,628,695,609,508,582,416,547,353,513,332,NaN,NaN,NaN,NaN,NaN,NaN,NaN,NaN,NaN,NaN
687,5,0,628,695,610,506,582,415,548,352,514,331,NaN,NaN,NaN,NaN,NaN,NaN,NaN,NaN,NaN,NaN
688,5,0,629,695,610,507,583,415,548,352,516,331,NaN,NaN,NaN,NaN,NaN,NaN,NaN,NaN,NaN,NaN
689,5,0,629,695,611,507,584,414,548,353,517,331,NaN,NaN,NaN,NaN,NaN,NaN,NaN,NaN,NaN,NaN
690,5,0,630,695,613,507,585,415,548,353,518,331,NaN,NaN,NaN,NaN,NaN,NaN,NaN,NaN,NaN,NaN
691,5,0,630,695,614,509,586,416,550,354,519,331,NaN,NaN,NaN,NaN,NaN,NaN,NaN,NaN,NaN,NaN
692,5,0,630,695,615,511,587,418,549,355,521,332,NaN,NaN,NaN,NaN,NaN,NaN,NaN,NaN,NaN,NaN
693,5,0,630,695,615,513,587,418,550,356,522,332,NaN,NaN,NaN,NaN,NaN,NaN,NaN,NaN,NaN,NaN
694,5,0,629,695,615,514,587,419,550,356,523,332,NaN,NaN,NaN,NaN,NaN,NaN,NaN,NaN,NaN,NaN
695,5,0,629,695,615,513,588,418,551,355,524,331,NaN,NaN,NaN,NaN,NaN,NaN,NaN,NaN,NaN,NaN
696,5,0,629,695,616,511,589,416,551,353,525,329,NaN,NaN,NaN,NaN,NaN,NaN,NaN,NaN,NaN,NaN
697,5,0,627,695,615,509,587,412,550,350,526,326,NaN,NaN,NaN,NaN,NaN,NaN,NaN,NaN,NaN,NaN
698,5,0,624,695,612,505,584,409,547,347,524,322,NaN,NaN,NaN,NaN,NaN,NaN,NaN,NaN,NaN,NaN
699,5,0,620,695,609,502,582,407,546,345,524,319,NaN,NaN,NaN,NaN,NaN,NaN,NaN,NaN,NaN,NaN
700,5,0,617,695,606,500,580,404,543,343,522,317,NaN,NaN,NaN,NaN,NaN,NaN,NaN,NaN,NaN,NaN
701,5,0,615,695,605,498,579,402,542,342,521,316,NaN,NaN,NaN,NaN,NaN,NaN,NaN,NaN,NaN,NaN
702,5,0,613,695,604,496,578,401,541,341,521,315,NaN,NaN,NaN,NaN,NaN,NaN,NaN,NaN,NaN,NaN
703,5,0,612,695,603,494,578,399,540,340,522,314,NaN,NaN,NaN,NaN,NaN,NaN,NaN,NaN,NaN,NaN
704,5,0,611,695,603,492,578,398,541,339,523,313,NaN,NaN,NaN,NaN,NaN,NaN,NaN,NaN,NaN,NaN
705,5,0,610,695,603,491,577,397,540,339,524,313,NaN,NaN,NaN,NaN,NaN,NaN,NaN,NaN,NaN,NaN
706,5,0,610,695,603,491,577,397,540,339,526,313,NaN,NaN,NaN,NaN,NaN,NaN,NaN,NaN,NaN,NaN
707,5,0,609,695,604,491,578,397,541,340,528,313,NaN,NaN,NaN,NaN,NaN,NaN,NaN,NaN,NaN,NaN
708,5,0,611,695,606,491,581,398,544,341,532,313,NaN,NaN,NaN,NaN,NaN,NaN,NaN,NaN,NaN,NaN
709,5,0,615,695,611,493,585,399,547,342,537,314,NaN,NaN,NaN,NaN,NaN,NaN,NaN,NaN,NaN,NaN
710,5,0,619,695,614,496,589,402,550,344,541,315,NaN,NaN,NaN,NaN,NaN,NaN,NaN,NaN,NaN,NaN
711,5,0,623,695,617,498,592,403,553,345,545,316,NaN,NaN,NaN,NaN,NaN,NaN,NaN,NaN,NaN,NaN
712,5,0,624,695,619,499,593,404,554,346,547,316,NaN,NaN,NaN,NaN,NaN,NaN,NaN,NaN,NaN,NaN
713,5,0,625,695,620,499,594,404,555,348,549,317,NaN,NaN,NaN,NaN,NaN,NaN,NaN,NaN,NaN,NaN
714,5,0,626,695,620,499,595,405,555,349,551,317,NaN,NaN,NaN,NaN,NaN,NaN,NaN,NaN,NaN,NaN
715,5,0,626,695,621,499,596,405,555,349,552,317,NaN,NaN,NaN,NaN,NaN,NaN,NaN,NaN,NaN,NaN
716,5,0,626,695,621,498,596,405,555,349,553,317,NaN,NaN,NaN,NaN,NaN,NaN,NaN,NaN,NaN,NaN
717,5,0,626,695,622,496,596,404,555,349,555,317,NaN,NaN,NaN,NaN,NaN,NaN,NaN,NaN,NaN,NaN
718,5,0,627,695,622,495,596,403,555,349,556,316,NaN,NaN,NaN,NaN,NaN,NaN,NaN,NaN,NaN,NaN
719,5,1,627,695,622,492,596,402,554,349,556,316,NaN,NaN,NaN,NaN,NaN,NaN,NaN,NaN,NaN,NaN
720,5,0,628,695,623,493,597,402,556,348,557,315,NaN,NaN,NaN,NaN,NaN,NaN,NaN,NaN,NaN,NaN
721,5,0,628,695,624,493,597,401,556,348,557,314,NaN,NaN,NaN,NaN,NaN,NaN,NaN,NaN,NaN,NaN
722,5,0,629,695,625,494,598,401,556,347,557,314,NaN,NaN,NaN,NaN,NaN,NaN,NaN,NaN,NaN,NaN
723,5,0,630,695,626,495,599,401,558,347,558,313,NaN,NaN,NaN,NaN,NaN,NaN,NaN,NaN,NaN,NaN
724,5,0,630,695,627,497,600,402,559,347,559,313,NaN,NaN,NaN,NaN,NaN,NaN,NaN,NaN,NaN,NaN
725,5,0,631,695,628,499,600,402,559,346,560,312,NaN,NaN,NaN,NaN,NaN,NaN,NaN,NaN,NaN,NaN
726,5,0,632,695,630,503,603,404,561,348,565,314,NaN,NaN,NaN,NaN,NaN,NaN,NaN,NaN,NaN,NaN
727,5,0,633,695,630,506,602,407,561,349,560,314,NaN,NaN,NaN,NaN,NaN,NaN,NaN,NaN,NaN,NaN
728,5,0,633,695,631,511,602,410,561,351,560,315,NaN,NaN,NaN,NaN,NaN,NaN,NaN,NaN,NaN,NaN
729,5,0,633,695,631,515,603,412,561,352,560,315,NaN,NaN,NaN,NaN,NaN,NaN,NaN,NaN,NaN,NaN
730,5,0,633,695,632,519,603,414,562,353,561,316,NaN,NaN,NaN,NaN,NaN,NaN,NaN,NaN,NaN,NaN
731,5,0,633,695,632,522,603,415,561,354,561,316,NaN,NaN,NaN,NaN,NaN,NaN,NaN,NaN,NaN,NaN
732,5,0,632,695,631,525,603,416,561,354,561,316,NaN,NaN,NaN,NaN,NaN,NaN,NaN,NaN,NaN,NaN
733,5,0,631,695,630,527,602,417,561,353,561,315,NaN,NaN,NaN,NaN,NaN,NaN,NaN,NaN,NaN,NaN
734,5,0,630,695,630,529,602,417,561,353,560,314,NaN,NaN,NaN,NaN,NaN,NaN,NaN,NaN,NaN,NaN
735,5,0,629,695,629,529,601,417,560,352,560,313,NaN,NaN,NaN,NaN,NaN,NaN,NaN,NaN,NaN,NaN
736,5,0,628,695,629,530,601,417,560,351,560,312,NaN,NaN,NaN,NaN,NaN,NaN,NaN,NaN,NaN,NaN
737,5,0,627,695,629,531,601,416,560,350,560,310,NaN,NaN,NaN,NaN,NaN,NaN,NaN,NaN,NaN,NaN
738,5,0,627,695,629,532,601,416,561,349,561,309,NaN,NaN,NaN,NaN,NaN,NaN,NaN,NaN,NaN,NaN
739,5,0,626,695,628,533,601,415,561,349,561,309,NaN,NaN,NaN,NaN,NaN,NaN,NaN,NaN,NaN,NaN
740,5,0,626,695,628,535,601,416,561,348,561,308,NaN,NaN,NaN,NaN,NaN,NaN,NaN,NaN,NaN,NaN
741,5,0,626,695,628,537,601,416,561,348,561,308,NaN,NaN,NaN,NaN,NaN,NaN,NaN,NaN,NaN,NaN
742,5,0,626,695,629,543,601,421,563,351,562,313,NaN,NaN,NaN,NaN,NaN,NaN,NaN,NaN,NaN,NaN
743,5,0,625,695,628,550,600,426,561,355,561,317,NaN,NaN,NaN,NaN,NaN,NaN,NaN,NaN,NaN,NaN
744,5,0,627,695,627,557,600,429,559,357,558,318,NaN,NaN,NaN,NaN,NaN,NaN,NaN,NaN,NaN,NaN
745,5,0,629,695,628,564,601,432,560,359,558,319,NaN,NaN,NaN,NaN,NaN,NaN,NaN,NaN,NaN,NaN
746,5,0,637,695,631,570,604,435,562,361,560,321,NaN,NaN,NaN,NaN,NaN,NaN,NaN,NaN,NaN,NaN
747,5,0,640,695,633,576,607,438,565,363,563,321,NaN,NaN,NaN,NaN,NaN,NaN,NaN,NaN,NaN,NaN
748,5,0,644,695,638,581,610,441,567,363,567,321,NaN,NaN,NaN,NaN,NaN,NaN,NaN,NaN,NaN,NaN
749,5,0,649,695,643,585,614,442,572,364,572,321,NaN,NaN,NaN,NaN,NaN,NaN,NaN,NaN,NaN,NaN
750,5,0,654,695,649,590,619,444,576,364,578,321,NaN,NaN,NaN,NaN,NaN,NaN,NaN,NaN,NaN,NaN
751,5,0,659,695,654,594,623,445,580,364,582,320,NaN,NaN,NaN,NaN,NaN,NaN,NaN,NaN,NaN,NaN
752,5,0,663,695,657,597,627,446,583,364,584,320,NaN,NaN,NaN,NaN,NaN,NaN,NaN,NaN,NaN,NaN
753,5,0,665,695,660,599,629,446,585,364,586,319,NaN,NaN,NaN,NaN,NaN,NaN,NaN,NaN,NaN,NaN
754,5,0,668,695,663,601,631,446,586,363,587,319,NaN,NaN,NaN,NaN,NaN,NaN,NaN,NaN,NaN,NaN
755,5,0,670,695,665,603,633,446,587,363,588,318,NaN,NaN,NaN,NaN,NaN,NaN,NaN,NaN,NaN,NaN
756,5,0,672,695,667,605,634,446,587,362,588,318,NaN,NaN,NaN,NaN,NaN,NaN,NaN,NaN,NaN,NaN
757,5,0,674,695,669,607,635,447,588,362,589,317,NaN,NaN,NaN,NaN,NaN,NaN,NaN,NaN,NaN,NaN
758,5,0,675,695,670,610,635,448,587,362,588,318,NaN,NaN,NaN,NaN,NaN,NaN,NaN,NaN,NaN,NaN
759,5,0,676,695,671,615,635,450,586,363,587,318,NaN,NaN,NaN,NaN,NaN,NaN,NaN,NaN,NaN,NaN
760,5,0,677,695,673,623,635,454,586,365,586,319,NaN,NaN,NaN,NaN,NaN,NaN,NaN,NaN,NaN,NaN
761,5,0,679,695,675,631,636,457,585,367,586,320,NaN,NaN,NaN,NaN,NaN,NaN,NaN,NaN,NaN,NaN
762,5,0,681,695,677,640,636,462,585,369,586,321,NaN,NaN,NaN,NaN,NaN,NaN,NaN,NaN,NaN,NaN
763,5,0,682,695,678,649,637,466,584,372,586,323,NaN,NaN,NaN,NaN,NaN,NaN,NaN,NaN,NaN,NaN
764,5,0,684,695,680,658,637,471,584,374,587,323,NaN,NaN,NaN,NaN,NaN,NaN,NaN,NaN,NaN,NaN
765,5,0,685,695,681,668,638,475,584,376,587,324,NaN,NaN,NaN,NaN,NaN,NaN,NaN,NaN,NaN,NaN
766,4,1,685,695,638,475,584,376,587,324,NaN,NaN,NaN,NaN,NaN,NaN,NaN,NaN,NaN,NaN,NaN,NaN
767,4,0,681,695,637,479,583,378,587,325,NaN,NaN,NaN,NaN,NaN,NaN,NaN,NaN,NaN,NaN,NaN,NaN
768,4,0,677,695,636,482,580,379,585,325,NaN,NaN,NaN,NaN,NaN,NaN,NaN,NaN,NaN,NaN,NaN,NaN
769,4,0,673,695,634,484,578,380,584,325,NaN,NaN,NaN,NaN,NaN,NaN,NaN,NaN,NaN,NaN,NaN,NaN
770,4,0,671,695,633,485,577,380,581,325,NaN,NaN,NaN,NaN,NaN,NaN,NaN,NaN,NaN,NaN,NaN,NaN
771,4,0,668,695,632,486,576,380,580,324,NaN,NaN,NaN,NaN,NaN,NaN,NaN,NaN,NaN,NaN,NaN,NaN
772,4,0,667,695,632,487,575,380,579,324,NaN,NaN,NaN,NaN,NaN,NaN,NaN,NaN,NaN,NaN,NaN,NaN
773,4,0,666,695,632,488,575,380,579,323,NaN,NaN,NaN,NaN,NaN,NaN,NaN,NaN,NaN,NaN,NaN,NaN
774,4,0,664,695,633,489,575,380,579,323,NaN,NaN,NaN,NaN,NaN,NaN,NaN,NaN,NaN,NaN,NaN,NaN
775,4,0,663,695,634,491,576,380,579,323,NaN,NaN,NaN,NaN,NaN,NaN,NaN,NaN,NaN,NaN,NaN,NaN
776,4,0,662,695,634,495,578,384,580,326,NaN,NaN,NaN,NaN,NaN,NaN,NaN,NaN,NaN,NaN,NaN,NaN
777,4,0,661,695,635,501,578,388,580,330,NaN,NaN,NaN,NaN,NaN,NaN,NaN,NaN,NaN,NaN,NaN,NaN
778,4,0,659,695,635,507,577,392,581,333,NaN,NaN,NaN,NaN,NaN,NaN,NaN,NaN,NaN,NaN,NaN,NaN
779,4,0,658,695,635,513,577,396,580,335,NaN,NaN,NaN,NaN,NaN,NaN,NaN,NaN,NaN,NaN,NaN,NaN
780,4,0,657,695,636,518,577,399,580,336,NaN,NaN,NaN,NaN,NaN,NaN,NaN,NaN,NaN,NaN,NaN,NaN
781,4,0,658,695,638,522,579,401,583,337,NaN,NaN,NaN,NaN,NaN,NaN,NaN,NaN,NaN,NaN,NaN,NaN
782,4,0,659,695,640,527,581,403,585,338,NaN,NaN,NaN,NaN,NaN,NaN,NaN,NaN,NaN,NaN,NaN,NaN
783,4,0,661,695,643,531,583,405,587,338,NaN,NaN,NaN,NaN,NaN,NaN,NaN,NaN,NaN,NaN,NaN,NaN
784,4,0,664,695,646,535,585,407,589,339,NaN,NaN,NaN,NaN,NaN,NaN,NaN,NaN,NaN,NaN,NaN,NaN
785,4,0,667,695,648,539,587,409,592,339,NaN,NaN,NaN,NaN,NaN,NaN,NaN,NaN,NaN,NaN,NaN,NaN
786,4,0,670,695,651,541,590,410,594,339,NaN,NaN,NaN,NaN,NaN,NaN,NaN,NaN,NaN,NaN,NaN,NaN
787,4,0,674,695,655,543,593,410,597,339,NaN,NaN,NaN,NaN,NaN,NaN,NaN,NaN,NaN,NaN,NaN,NaN
788,4,0,678,695,660,545,596,410,600,339,NaN,NaN,NaN,NaN,NaN,NaN,NaN,NaN,NaN,NaN,NaN,NaN
789,4,0,682,695,664,546,600,410,603,338,NaN,NaN,NaN,NaN,NaN,NaN,NaN,NaN,NaN,NaN,NaN,NaN
790,4,0,685,695,667,547,602,409,604,337,NaN,NaN,NaN,NaN,NaN,NaN,NaN,NaN,NaN,NaN,NaN,NaN
791,4,0,687,695,670,548,604,409,605,337,NaN,NaN,NaN,NaN,NaN,NaN,NaN,NaN,NaN,NaN,NaN,NaN
792,4,0,689,695,672,550,605,409,606,337,NaN,NaN,NaN,NaN,NaN,NaN,NaN,NaN,NaN,NaN,NaN,NaN
793,4,0,691,695,674,551,606,409,606,336,NaN,NaN,NaN,NaN,NaN,NaN,NaN,NaN,NaN,NaN,NaN,NaN
794,4,0,692,695,675,554,606,410,606,337,NaN,NaN,NaN,NaN,NaN,NaN,NaN,NaN,NaN,NaN,NaN,NaN
795,4,0,692,695,675,554,606,411,606,337,NaN,NaN,NaN,NaN,NaN,NaN,NaN,NaN,NaN,NaN,NaN,NaN
796,4,0,692,695,676,558,605,413,606,338,NaN,NaN,NaN,NaN,NaN,NaN,NaN,NaN,NaN,NaN,NaN,NaN
797,4,0,690,695,674,564,604,415,604,338,NaN,NaN,NaN,NaN,NaN,NaN,NaN,NaN,NaN,NaN,NaN,NaN
798,4,0,689,695,673,569,602,417,602,339,NaN,NaN,NaN,NaN,NaN,NaN,NaN,NaN,NaN,NaN,NaN,NaN
799,4,0,686,695,671,573,599,418,600,338,NaN,NaN,NaN,NaN,NaN,NaN,NaN,NaN,NaN,NaN,NaN,NaN
800,4,0,681,695,667,576,595,419,598,337,NaN,NaN,NaN,NaN,NaN,NaN,NaN,NaN,NaN,NaN,NaN,NaN
801,4,0,676,695,663,580,592,419,594,336,NaN,NaN,NaN,NaN,NaN,NaN,NaN,NaN,NaN,NaN,NaN,NaN
802,4,0,673,695,661,584,589,420,590,335,NaN,NaN,NaN,NaN,NaN,NaN,NaN,NaN,NaN,NaN,NaN,NaN
803,4,0,671,695,658,589,587,422,589,335,NaN,NaN,NaN,NaN,NaN,NaN,NaN,NaN,NaN,NaN,NaN,NaN
804,4,0,669,695,657,593,585,423,588,335,NaN,NaN,NaN,NaN,NaN,NaN,NaN,NaN,NaN,NaN,NaN,NaN
805,4,0,667,695,657,597,584,424,587,335,NaN,NaN,NaN,NaN,NaN,NaN,NaN,NaN,NaN,NaN,NaN,NaN
806,4,0,667,695,656,600,584,425,587,335,NaN,NaN,NaN,NaN,NaN,NaN,NaN,NaN,NaN,NaN,NaN,NaN
807,4,0,666,695,656,603,584,426,587,335,NaN,NaN,NaN,NaN,NaN,NaN,NaN,NaN,NaN,NaN,NaN,NaN
808,4,0,666,695,656,606,584,426,587,335,NaN,NaN,NaN,NaN,NaN,NaN,NaN,NaN,NaN,NaN,NaN,NaN
809,4,0,666,695,657,609,584,427,588,335,NaN,NaN,NaN,NaN,NaN,NaN,NaN,NaN,NaN,NaN,NaN,NaN
810,4,0,666,695,657,612,584,428,588,336,NaN,NaN,NaN,NaN,NaN,NaN,NaN,NaN,NaN,NaN,NaN,NaN
811,4,0,665,695,657,617,583,429,589,336,NaN,NaN,NaN,NaN,NaN,NaN,NaN,NaN,NaN,NaN,NaN,NaN
812,4,0,665,695,656,623,584,433,590,339,NaN,NaN,NaN,NaN,NaN,NaN,NaN,NaN,NaN,NaN,NaN,NaN
813,4,0,665,695,656,633,585,438,590,344,NaN,NaN,NaN,NaN,NaN,NaN,NaN,NaN,NaN,NaN,NaN,NaN
814,4,0,665,695,656,644,584,444,592,346,NaN,NaN,NaN,NaN,NaN,NaN,NaN,NaN,NaN,NaN,NaN,NaN
815,3,1,665,695,584,444,592,346,NaN,NaN,NaN,NaN,NaN,NaN,NaN,NaN,NaN,NaN,NaN,NaN,NaN,NaN
816,3,0,662,695,585,449,593,349,NaN,NaN,NaN,NaN,NaN,NaN,NaN,NaN,NaN,NaN,NaN,NaN,NaN,NaN
817,3,0,659,695,586,454,596,351,NaN,NaN,NaN,NaN,NaN,NaN,NaN,NaN,NaN,NaN,NaN,NaN,NaN,NaN
818,3,0,656,695,586,457,595,352,NaN,NaN,NaN,NaN,NaN,NaN,NaN,NaN,NaN,NaN,NaN,NaN,NaN,NaN
819,3,0,655,695,587,459,598,352,NaN,NaN,NaN,NaN,NaN,NaN,NaN,NaN,NaN,NaN,NaN,NaN,NaN,NaN
820,0,0,NaN,NaN,NaN,NaN,NaN,NaN,NaN,NaN,NaN,NaN,NaN,NaN,NaN,NaN,NaN,NaN,NaN,NaN,NaN,NaN
