Frame,#ofPoints,ManualInput,X1,Y1,X2,Y2,X3,Y3,X4,Y4,X5,Y5,X6,Y6,X7,Y7,X8,Y8,X9,Y9,X10,Y10
0,3,1,640,700,694,480,771,441,NaN,NaN,NaN,NaN,NaN,NaN,NaN,NaN,NaN,NaN,NaN,NaN,NaN,NaN
1,4,0,642,695,694,480,771,441,866,431,NaN,NaN,NaN,NaN,NaN,NaN,NaN,NaN,NaN,NaN,NaN,NaN
2,4,0,659,695,712,478,788,440,887,431,NaN,NaN,NaN,NaN,NaN,NaN,NaN,NaN,NaN,NaN,NaN,NaN
3,4,0,668,695,719,478,797,440,897,431,NaN,NaN,NaN,NaN,NaN,NaN,NaN,NaN,NaN,NaN,NaN,NaN
4,4,0,676,695,725,479,804,441,905,432,NaN,NaN,NaN,NaN,NaN,NaN,NaN,NaN,NaN,NaN,NaN,NaN
5,4,0,681,695,732,480,810,442,913,434,NaN,NaN,NaN,NaN,NaN,NaN,NaN,NaN,NaN,NaN,NaN,NaN
6,4,0,689,695,739,480,816,442,920,435,NaN,NaN,NaN,NaN,NaN,NaN,NaN,NaN,NaN,NaN,NaN,NaN
7,4,0,695,695,744,480,821,442,927,435,NaN,NaN,NaN,NaN,NaN,NaN,NaN,NaN,NaN,NaN,NaN,NaN
8,4,0,701,695,748,480,826,441,933,434,NaN,NaN,NaN,NaN,NaN,NaN,NaN,NaN,NaN,NaN,NaN,NaN
9,4,0,708,695,753,479,830,441,940,434,NaN,NaN,NaN,NaN,NaN,NaN,NaN,NaN,NaN,NaN,NaN,NaN
10,4,0,714,695,757,479,834,441,946,434,NaN,NaN,NaN,NaN,NaN,NaN,NaN,NaN,NaN,NaN,NaN,NaN
11,4,0,721,695,761,479,838,441,953,434,NaN,NaN,NaN,NaN,NaN,NaN,NaN,NaN,NaN,NaN,NaN,NaN
12,4,0,726,695,765,480,842,441,959,435,NaN,NaN,NaN,NaN,NaN,NaN,NaN,NaN,NaN,NaN,NaN,NaN
13,4,0,732,695,768,479,845,442,965,436,NaN,NaN,NaN,NaN,NaN,NaN,NaN,NaN,NaN,NaN,NaN,NaN
14,4,0,738,695,772,480,848,443,971,437,NaN,NaN,NaN,NaN,NaN,NaN,NaN,NaN,NaN,NaN,NaN,NaN
15,4,0,744,695,774,482,850,445,976,439,NaN,NaN,NaN,NaN,NaN,NaN,NaN,NaN,NaN,NaN,NaN,NaN
16,4,0,749,695,777,484,852,448,982,442,NaN,NaN,NaN,NaN,NaN,NaN,NaN,NaN,NaN,NaN,NaN,NaN
17,4,0,753,695,779,488,854,453,987,447,NaN,NaN,NaN,NaN,NaN,NaN,NaN,NaN,NaN,NaN,NaN,NaN
18,4,0,758,695,782,494,856,457,992,452,NaN,NaN,NaN,NaN,NaN,NaN,NaN,NaN,NaN,NaN,NaN,NaN
19,4,0,765,695,786,497,859,461,998,455,NaN,NaN,NaN,NaN,NaN,NaN,NaN,NaN,NaN,NaN,NaN,NaN
20,4,0,771,695,788,501,861,464,1004,458,NaN,NaN,NaN,NaN,NaN,NaN,NaN,NaN,NaN,NaN,NaN,NaN
21,4,0,775,695,789,504,863,467,1009,460,NaN,NaN,NaN,NaN,NaN,NaN,NaN,NaN,NaN,NaN,NaN,NaN
22,4,0,779,695,791,507,864,470,1015,462,NaN,NaN,NaN,NaN,NaN,NaN,NaN,NaN,NaN,NaN,NaN,NaN
23,4,0,782,695,792,511,865,472,1019,465,NaN,NaN,NaN,NaN,NaN,NaN,NaN,NaN,NaN,NaN,NaN,NaN
24,4,0,784,695,793,512,865,473,1022,466,NaN,NaN,NaN,NaN,NaN,NaN,NaN,NaN,NaN,NaN,NaN,NaN
25,4,0,788,695,796,513,867,474,1027,466,NaN,NaN,NaN,NaN,NaN,NaN,NaN,NaN,NaN,NaN,NaN,NaN
26,4,0,790,695,797,511,869,472,1033,464,NaN,NaN,NaN,NaN,NaN,NaN,NaN,NaN,NaN,NaN,NaN,NaN
27,4,0,794,695,801,510,871,471,1036,464,NaN,NaN,NaN,NaN,NaN,NaN,NaN,NaN,NaN,NaN,NaN,NaN
28,4,0,797,695,802,508,873,469,1039,463,NaN,NaN,NaN,NaN,NaN,NaN,NaN,NaN,NaN,NaN,NaN,NaN
29,4,0,800,695,804,508,875,468,1041,461,NaN,NaN,NaN,NaN,NaN,NaN,NaN,NaN,NaN,NaN,NaN,NaN
30,4,0,802,695,805,506,875,467,1042,460,NaN,NaN,NaN,NaN,NaN,NaN,NaN,NaN,NaN,NaN,NaN,NaN
31,4,0,803,695,806,507,875,467,1044,460,NaN,NaN,NaN,NaN,NaN,NaN,NaN,NaN,NaN,NaN,NaN,NaN
32,4,0,805,695,807,508,876,468,1045,461,NaN,NaN,NaN,NaN,NaN,NaN,NaN,NaN,NaN,NaN,NaN,NaN
33,4,0,808,695,809,510,877,470,1048,463,NaN,NaN,NaN,NaN,NaN,NaN,NaN,NaN,NaN,NaN,NaN,NaN
34,4,0,810,695,809,513,878,473,1050,465,NaN,NaN,NaN,NaN,NaN,NaN,NaN,NaN,NaN,NaN,NaN,NaN
35,4,0,812,695,810,516,878,475,1051,467,NaN,NaN,NaN,NaN,NaN,NaN,NaN,NaN,NaN,NaN,NaN,NaN
36,4,0,812,695,811,516,878,476,1052,467,NaN,NaN,NaN,NaN,NaN,NaN,NaN,NaN,NaN,NaN,NaN,NaN
37,4,0,814,695,812,517,879,477,1055,468,NaN,NaN,NaN,NaN,NaN,NaN,NaN,NaN,NaN,NaN,NaN,NaN
38,4,0,815,695,813,518,880,477,1056,468,NaN,NaN,NaN,NaN,NaN,NaN,NaN,NaN,NaN,NaN,NaN,NaN
39,4,0,816,695,814,519,880,478,1058,468,NaN,NaN,NaN,NaN,NaN,NaN,NaN,NaN,NaN,NaN,NaN,NaN
40,4,0,816,695,814,520,880,478,1059,468,NaN,NaN,NaN,NaN,NaN,NaN,NaN,NaN,NaN,NaN,NaN,NaN
41,4,0,818,695,814,520,879,477,1060,467,NaN,NaN,NaN,NaN,NaN,NaN,NaN,NaN,NaN,NaN,NaN,NaN
42,4,0,818,695,814,519,879,477,1060,467,NaN,NaN,NaN,NaN,NaN,NaN,NaN,NaN,NaN,NaN,NaN,NaN
43,4,0,818,695,814,518,879,476,1060,465,NaN,NaN,NaN,NaN,NaN,NaN,NaN,NaN,NaN,NaN,NaN,NaN
44,4,0,819,695,814,516,878,474,1061,463,NaN,NaN,NaN,NaN,NaN,NaN,NaN,NaN,NaN,NaN,NaN,NaN
45,4,0,820,695,814,515,877,472,1061,460,NaN,NaN,NaN,NaN,NaN,NaN,NaN,NaN,NaN,NaN,NaN,NaN
46,4,0,820,695,814,513,876,470,1061,458,NaN,NaN,NaN,NaN,NaN,NaN,NaN,NaN,NaN,NaN,NaN,NaN
47,4,0,820,695,813,510,875,468,1061,456,NaN,NaN,NaN,NaN,NaN,NaN,NaN,NaN,NaN,NaN,NaN,NaN
48,4,0,819,695,811,509,873,467,1060,454,NaN,NaN,NaN,NaN,NaN,NaN,NaN,NaN,NaN,NaN,NaN,NaN
49,4,0,819,695,810,508,872,466,1059,453,NaN,NaN,NaN,NaN,NaN,NaN,NaN,NaN,NaN,NaN,NaN,NaN
50,4,0,818,695,809,508,869,467,1058,453,NaN,NaN,NaN,NaN,NaN,NaN,NaN,NaN,NaN,NaN,NaN,NaN
51,4,0,816,695,807,511,866,470,1056,455,NaN,NaN,NaN,NaN,NaN,NaN,NaN,NaN,NaN,NaN,NaN,NaN
52,4,0,813,695,803,514,862,473,1054,457,NaN,NaN,NaN,NaN,NaN,NaN,NaN,NaN,NaN,NaN,NaN,NaN
53,4,0,809,695,799,516,858,474,1050,459,NaN,NaN,NaN,NaN,NaN,NaN,NaN,NaN,NaN,NaN,NaN,NaN
54,4,0,805,695,795,519,853,477,1047,461,NaN,NaN,NaN,NaN,NaN,NaN,NaN,NaN,NaN,NaN,NaN,NaN
55,4,0,800,695,790,520,848,478,1043,462,NaN,NaN,NaN,NaN,NaN,NaN,NaN,NaN,NaN,NaN,NaN,NaN
56,4,0,796,695,786,522,844,479,1039,464,NaN,NaN,NaN,NaN,NaN,NaN,NaN,NaN,NaN,NaN,NaN,NaN
57,4,0,791,695,781,522,839,480,1035,464,NaN,NaN,NaN,NaN,NaN,NaN,NaN,NaN,NaN,NaN,NaN,NaN
58,4,0,786,695,777,521,833,478,1030,462,NaN,NaN,NaN,NaN,NaN,NaN,NaN,NaN,NaN,NaN,NaN,NaN
59,4,0,783,695,774,517,830,475,1028,459,NaN,NaN,NaN,NaN,NaN,NaN,NaN,NaN,NaN,NaN,NaN,NaN
60,4,0,780,695,772,513,827,471,1025,455,NaN,NaN,NaN,NaN,NaN,NaN,NaN,NaN,NaN,NaN,NaN,NaN
61,4,0,777,695,770,510,825,468,1023,452,NaN,NaN,NaN,NaN,NaN,NaN,NaN,NaN,NaN,NaN,NaN,NaN
62,4,0,778,695,769,510,824,467,1023,451,NaN,NaN,NaN,NaN,NaN,NaN,NaN,NaN,NaN,NaN,NaN,NaN
63,4,0,778,695,769,514,824,471,1024,455,NaN,NaN,NaN,NaN,NaN,NaN,NaN,NaN,NaN,NaN,NaN,NaN
64,4,0,778,695,770,519,825,477,1026,461,NaN,NaN,NaN,NaN,NaN,NaN,NaN,NaN,NaN,NaN,NaN,NaN
65,4,0,778,695,772,527,827,485,1030,468,NaN,NaN,NaN,NaN,NaN,NaN,NaN,NaN,NaN,NaN,NaN,NaN
66,4,0,780,695,775,535,830,493,1034,476,NaN,NaN,NaN,NaN,NaN,NaN,NaN,NaN,NaN,NaN,NaN,NaN
67,4,0,780,695,777,542,832,500,1038,483,NaN,NaN,NaN,NaN,NaN,NaN,NaN,NaN,NaN,NaN,NaN,NaN
68,4,0,781,695,779,548,834,506,1041,489,NaN,NaN,NaN,NaN,NaN,NaN,NaN,NaN,NaN,NaN,NaN,NaN
69,4,0,782,695,781,553,836,511,1045,495,NaN,NaN,NaN,NaN,NaN,NaN,NaN,NaN,NaN,NaN,NaN,NaN
70,4,0,784,695,784,558,839,516,1050,501,NaN,NaN,NaN,NaN,NaN,NaN,NaN,NaN,NaN,NaN,NaN,NaN
71,4,0,786,695,787,563,843,521,1055,506,NaN,NaN,NaN,NaN,NaN,NaN,NaN,NaN,NaN,NaN,NaN,NaN
72,4,0,787,695,790,566,845,525,1059,510,NaN,NaN,NaN,NaN,NaN,NaN,NaN,NaN,NaN,NaN,NaN,NaN
73,4,0,789,695,792,568,847,527,1063,513,NaN,NaN,NaN,NaN,NaN,NaN,NaN,NaN,NaN,NaN,NaN,NaN
74,4,0,791,695,795,570,850,529,1066,517,NaN,NaN,NaN,NaN,NaN,NaN,NaN,NaN,NaN,NaN,NaN,NaN
75,4,0,794,695,797,572,853,531,1071,519,NaN,NaN,NaN,NaN,NaN,NaN,NaN,NaN,NaN,NaN,NaN,NaN
76,4,0,796,695,800,573,856,532,1075,521,NaN,NaN,NaN,NaN,NaN,NaN,NaN,NaN,NaN,NaN,NaN,NaN
77,4,0,796,695,801,572,856,532,1075,521,NaN,NaN,NaN,NaN,NaN,NaN,NaN,NaN,NaN,NaN,NaN,NaN
78,4,0,799,695,804,572,859,533,1080,522,NaN,NaN,NaN,NaN,NaN,NaN,NaN,NaN,NaN,NaN,NaN,NaN
79,4,0,802,695,807,573,862,534,1085,523,NaN,NaN,NaN,NaN,NaN,NaN,NaN,NaN,NaN,NaN,NaN,NaN
80,4,0,806,695,811,574,865,535,1091,525,NaN,NaN,NaN,NaN,NaN,NaN,NaN,NaN,NaN,NaN,NaN,NaN
81,4,0,809,695,814,575,868,536,1096,526,NaN,NaN,NaN,NaN,NaN,NaN,NaN,NaN,NaN,NaN,NaN,NaN
82,4,0,813,695,817,575,872,537,1100,527,NaN,NaN,NaN,NaN,NaN,NaN,NaN,NaN,NaN,NaN,NaN,NaN
83,4,0,818,695,821,576,876,539,1107,528,NaN,NaN,NaN,NaN,NaN,NaN,NaN,NaN,NaN,NaN,NaN,NaN
84,4,0,824,695,827,580,881,543,1115,532,NaN,NaN,NaN,NaN,NaN,NaN,NaN,NaN,NaN,NaN,NaN,NaN
85,4,0,829,695,831,584,885,547,1123,536,NaN,NaN,NaN,NaN,NaN,NaN,NaN,NaN,NaN,NaN,NaN,NaN
86,4,0,835,695,836,588,890,551,1129,539,NaN,NaN,NaN,NaN,NaN,NaN,NaN,NaN,NaN,NaN,NaN,NaN
87,4,1,835,695,836,587,890,551,1129,539,NaN,NaN,NaN,NaN,NaN,NaN,NaN,NaN,NaN,NaN,NaN,NaN
88,4,0,839,695,843,591,896,555,1133,542,NaN,NaN,NaN,NaN,NaN,NaN,NaN,NaN,NaN,NaN,NaN,NaN
89,4,0,842,695,845,595,901,558,1136,544,NaN,NaN,NaN,NaN,NaN,NaN,NaN,NaN,NaN,NaN,NaN,NaN
90,4,0,845,695,850,598,907,560,1138,546,NaN,NaN,NaN,NaN,NaN,NaN,NaN,NaN,NaN,NaN,NaN,NaN
91,4,0,847,695,852,600,911,563,1141,548,NaN,NaN,NaN,NaN,NaN,NaN,NaN,NaN,NaN,NaN,NaN,NaN
92,4,0,849,695,856,601,914,564,1142,548,NaN,NaN,NaN,NaN,NaN,NaN,NaN,NaN,NaN,NaN,NaN,NaN
93,4,0,849,695,857,601,916,564,1143,547,NaN,NaN,NaN,NaN,NaN,NaN,NaN,NaN,NaN,NaN,NaN,NaN
94,4,0,849,695,858,599,919,562,1141,545,NaN,NaN,NaN,NaN,NaN,NaN,NaN,NaN,NaN,NaN,NaN,NaN
95,4,0,849,695,858,598,920,560,1140,543,NaN,NaN,NaN,NaN,NaN,NaN,NaN,NaN,NaN,NaN,NaN,NaN
96,4,0,847,693,858,595,920,557,1139,541,NaN,NaN,NaN,NaN,NaN,NaN,NaN,NaN,NaN,NaN,NaN,NaN
97,4,0,844,693,857,593,921,555,1136,537,NaN,NaN,NaN,NaN,NaN,NaN,NaN,NaN,NaN,NaN,NaN,NaN
98,4,0,842,692,856,591,919,553,1133,536,NaN,NaN,NaN,NaN,NaN,NaN,NaN,NaN,NaN,NaN,NaN,NaN
99,4,0,839,693,855,590,919,552,1130,535,NaN,NaN,NaN,NaN,NaN,NaN,NaN,NaN,NaN,NaN,NaN,NaN
100,4,0,837,694,854,589,918,552,1129,534,NaN,NaN,NaN,NaN,NaN,NaN,NaN,NaN,NaN,NaN,NaN,NaN
101,4,0,835,695,853,590,918,552,1127,535,NaN,NaN,NaN,NaN,NaN,NaN,NaN,NaN,NaN,NaN,NaN,NaN
102,4,0,833,695,852,591,918,553,1125,535,NaN,NaN,NaN,NaN,NaN,NaN,NaN,NaN,NaN,NaN,NaN,NaN
103,4,0,831,695,850,592,918,554,1124,536,NaN,NaN,NaN,NaN,NaN,NaN,NaN,NaN,NaN,NaN,NaN,NaN
104,4,0,829,695,850,594,916,556,1122,538,NaN,NaN,NaN,NaN,NaN,NaN,NaN,NaN,NaN,NaN,NaN,NaN
105,4,0,826,695,849,596,916,557,1119,540,NaN,NaN,NaN,NaN,NaN,NaN,NaN,NaN,NaN,NaN,NaN,NaN
106,4,0,824,695,846,596,915,558,1117,541,NaN,NaN,NaN,NaN,NaN,NaN,NaN,NaN,NaN,NaN,NaN,NaN
107,4,0,820,695,844,596,914,557,1115,540,NaN,NaN,NaN,NaN,NaN,NaN,NaN,NaN,NaN,NaN,NaN,NaN
108,4,0,817,695,842,594,912,555,1111,539,NaN,NaN,NaN,NaN,NaN,NaN,NaN,NaN,NaN,NaN,NaN,NaN
109,4,0,813,695,839,592,910,553,1107,537,NaN,NaN,NaN,NaN,NaN,NaN,NaN,NaN,NaN,NaN,NaN,NaN
110,4,0,810,694,836,589,908,550,1103,534,NaN,NaN,NaN,NaN,NaN,NaN,NaN,NaN,NaN,NaN,NaN,NaN
111,4,0,807,694,834,586,906,548,1100,531,NaN,NaN,NaN,NaN,NaN,NaN,NaN,NaN,NaN,NaN,NaN,NaN
112,4,0,804,694,832,584,905,545,1097,529,NaN,NaN,NaN,NaN,NaN,NaN,NaN,NaN,NaN,NaN,NaN,NaN
113,4,0,803,695,831,583,903,544,1096,528,NaN,NaN,NaN,NaN,NaN,NaN,NaN,NaN,NaN,NaN,NaN,NaN
114,4,0,801,695,830,584,903,544,1095,529,NaN,NaN,NaN,NaN,NaN,NaN,NaN,NaN,NaN,NaN,NaN,NaN
115,4,0,800,695,830,584,903,545,1094,529,NaN,NaN,NaN,NaN,NaN,NaN,NaN,NaN,NaN,NaN,NaN,NaN
116,4,0,800,695,829,584,903,545,1093,530,NaN,NaN,NaN,NaN,NaN,NaN,NaN,NaN,NaN,NaN,NaN,NaN
117,4,0,800,695,830,587,903,547,1093,533,NaN,NaN,NaN,NaN,NaN,NaN,NaN,NaN,NaN,NaN,NaN,NaN
118,4,0,801,695,831,590,904,550,1094,536,NaN,NaN,NaN,NaN,NaN,NaN,NaN,NaN,NaN,NaN,NaN,NaN
119,4,0,803,695,834,594,907,554,1096,540,NaN,NaN,NaN,NaN,NaN,NaN,NaN,NaN,NaN,NaN,NaN,NaN
120,4,0,805,695,835,598,910,557,1099,543,NaN,NaN,NaN,NaN,NaN,NaN,NaN,NaN,NaN,NaN,NaN,NaN
121,4,0,807,695,837,601,911,560,1101,546,NaN,NaN,NaN,NaN,NaN,NaN,NaN,NaN,NaN,NaN,NaN,NaN
122,4,0,808,695,838,603,913,562,1102,548,NaN,NaN,NaN,NaN,NaN,NaN,NaN,NaN,NaN,NaN,NaN,NaN
123,4,0,811,695,841,607,916,566,1105,553,NaN,NaN,NaN,NaN,NaN,NaN,NaN,NaN,NaN,NaN,NaN,NaN
124,4,0,814,695,844,611,919,569,1108,556,NaN,NaN,NaN,NaN,NaN,NaN,NaN,NaN,NaN,NaN,NaN,NaN
125,4,0,815,695,845,615,921,573,1109,559,NaN,NaN,NaN,NaN,NaN,NaN,NaN,NaN,NaN,NaN,NaN,NaN
126,4,0,816,695,846,618,923,576,1111,561,NaN,NaN,NaN,NaN,NaN,NaN,NaN,NaN,NaN,NaN,NaN,NaN
127,4,0,815,695,846,619,923,577,1111,561,NaN,NaN,NaN,NaN,NaN,NaN,NaN,NaN,NaN,NaN,NaN,NaN
128,4,0,815,695,847,619,924,576,1111,560,NaN,NaN,NaN,NaN,NaN,NaN,NaN,NaN,NaN,NaN,NaN,NaN
129,4,0,814,695,846,618,924,575,1110,558,NaN,NaN,NaN,NaN,NaN,NaN,NaN,NaN,NaN,NaN,NaN,NaN
130,4,0,815,695,846,616,925,572,1111,555,NaN,NaN,NaN,NaN,NaN,NaN,NaN,NaN,NaN,NaN,NaN,NaN
131,4,0,816,694,849,614,927,570,1114,553,NaN,NaN,NaN,NaN,NaN,NaN,NaN,NaN,NaN,NaN,NaN,NaN
132,4,0,818,693,851,613,930,568,1116,550,NaN,NaN,NaN,NaN,NaN,NaN,NaN,NaN,NaN,NaN,NaN,NaN
133,4,0,821,692,853,611,932,565,1119,548,NaN,NaN,NaN,NaN,NaN,NaN,NaN,NaN,NaN,NaN,NaN,NaN
134,4,0,823,691,855,609,935,563,1123,546,NaN,NaN,NaN,NaN,NaN,NaN,NaN,NaN,NaN,NaN,NaN,NaN
135,4,0,825,689,858,606,938,561,1125,543,NaN,NaN,NaN,NaN,NaN,NaN,NaN,NaN,NaN,NaN,NaN,NaN
136,4,0,827,688,860,604,940,558,1128,541,NaN,NaN,NaN,NaN,NaN,NaN,NaN,NaN,NaN,NaN,NaN,NaN
137,4,0,830,687,862,603,943,557,1133,540,NaN,NaN,NaN,NaN,NaN,NaN,NaN,NaN,NaN,NaN,NaN,NaN
138,4,0,832,688,866,603,947,556,1136,540,NaN,NaN,NaN,NaN,NaN,NaN,NaN,NaN,NaN,NaN,NaN,NaN
139,4,0,836,691,869,604,951,557,1142,541,NaN,NaN,NaN,NaN,NaN,NaN,NaN,NaN,NaN,NaN,NaN,NaN
140,4,0,840,694,875,606,957,558,1150,542,NaN,NaN,NaN,NaN,NaN,NaN,NaN,NaN,NaN,NaN,NaN,NaN
141,4,0,840,695,875,606,957,558,1150,542,NaN,NaN,NaN,NaN,NaN,NaN,NaN,NaN,NaN,NaN,NaN,NaN
142,4,0,844,695,878,607,961,559,1156,543,NaN,NaN,NaN,NaN,NaN,NaN,NaN,NaN,NaN,NaN,NaN,NaN
143,4,0,848,695,881,609,964,560,1159,543,NaN,NaN,NaN,NaN,NaN,NaN,NaN,NaN,NaN,NaN,NaN,NaN
144,4,0,851,695,882,610,966,560,1161,543,NaN,NaN,NaN,NaN,NaN,NaN,NaN,NaN,NaN,NaN,NaN,NaN
145,4,1,854,695,884,611,967,560,1163,542,NaN,NaN,NaN,NaN,NaN,NaN,NaN,NaN,NaN,NaN,NaN,NaN
146,4,0,857,695,886,612,969,560,1166,542,NaN,NaN,NaN,NaN,NaN,NaN,NaN,NaN,NaN,NaN,NaN,NaN
147,4,0,861,695,888,613,971,560,1169,541,NaN,NaN,NaN,NaN,NaN,NaN,NaN,NaN,NaN,NaN,NaN,NaN
148,4,0,865,695,890,615,974,561,1171,541,NaN,NaN,NaN,NaN,NaN,NaN,NaN,NaN,NaN,NaN,NaN,NaN
149,4,0,869,695,892,617,976,563,1174,541,NaN,NaN,NaN,NaN,NaN,NaN,NaN,NaN,NaN,NaN,NaN,NaN
150,4,0,873,695,895,620,978,564,1176,543,NaN,NaN,NaN,NaN,NaN,NaN,NaN,NaN,NaN,NaN,NaN,NaN
151,4,0,877,695,897,622,980,566,1178,543,NaN,NaN,NaN,NaN,NaN,NaN,NaN,NaN,NaN,NaN,NaN,NaN
152,4,0,881,695,899,626,982,569,1180,545,NaN,NaN,NaN,NaN,NaN,NaN,NaN,NaN,NaN,NaN,NaN,NaN
153,4,1,886,695,901,630,984,572,1182,548,NaN,NaN,NaN,NaN,NaN,NaN,NaN,NaN,NaN,NaN,NaN,NaN
154,4,0,891,695,904,636,986,577,1185,552,NaN,NaN,NaN,NaN,NaN,NaN,NaN,NaN,NaN,NaN,NaN,NaN
155,4,0,896,695,907,643,989,582,1187,556,NaN,NaN,NaN,NaN,NaN,NaN,NaN,NaN,NaN,NaN,NaN,NaN
156,4,0,900,695,909,648,991,587,1189,561,NaN,NaN,NaN,NaN,NaN,NaN,NaN,NaN,NaN,NaN,NaN,NaN
157,4,1,904,695,912,655,994,593,1192,565,NaN,NaN,NaN,NaN,NaN,NaN,NaN,NaN,NaN,NaN,NaN,NaN
158,6,0,897,695,927,643,1028,595,1143,566,1069,541,1009,527,NaN,NaN,NaN,NaN,NaN,NaN,NaN,NaN
159,6,1,886,696,940,623,1060,590,1091,560,1069,541,1009,527,NaN,NaN,NaN,NaN,NaN,NaN,NaN,NaN
160,6,0,892,695,941,628,1061,594,1091,564,1069,545,1009,531,NaN,NaN,NaN,NaN,NaN,NaN,NaN,NaN
161,6,0,898,695,941,635,1061,600,1092,569,1069,549,1009,535,NaN,NaN,NaN,NaN,NaN,NaN,NaN,NaN
162,6,1,903,695,941,640,1061,605,1091,573,1068,553,1008,539,NaN,NaN,NaN,NaN,NaN,NaN,NaN,NaN
163,6,1,907,695,941,646,1062,609,1092,577,1069,557,1008,543,NaN,NaN,NaN,NaN,NaN,NaN,NaN,NaN
164,6,0,912,695,948,648,1063,613,1092,580,1067,559,1003,545,NaN,NaN,NaN,NaN,NaN,NaN,NaN,NaN
165,6,0,916,695,955,651,1065,618,1090,583,1063,562,998,548,NaN,NaN,NaN,NaN,NaN,NaN,NaN,NaN
166,6,0,919,695,962,653,1066,621,1090,586,1060,563,992,550,NaN,NaN,NaN,NaN,NaN,NaN,NaN,NaN
167,6,0,922,695,968,654,1066,624,1089,588,1056,565,986,552,NaN,NaN,NaN,NaN,NaN,NaN,NaN,NaN
168,6,0,922,695,974,656,1066,627,1087,590,1052,566,980,554,NaN,NaN,NaN,NaN,NaN,NaN,NaN,NaN
169,6,0,922,695,979,657,1065,630,1084,593,1047,568,973,555,NaN,NaN,NaN,NaN,NaN,NaN,NaN,NaN
170,6,0,921,695,985,658,1064,633,1082,595,1042,569,966,557,NaN,NaN,NaN,NaN,NaN,NaN,NaN,NaN
171,6,0,921,695,990,660,1064,637,1079,598,1037,571,960,560,NaN,NaN,NaN,NaN,NaN,NaN,NaN,NaN
172,6,0,920,695,997,662,1064,641,1078,602,1034,574,954,563,NaN,NaN,NaN,NaN,NaN,NaN,NaN,NaN
173,6,0,919,695,1003,664,1065,645,1076,604,1029,576,948,565,NaN,NaN,NaN,NaN,NaN,NaN,NaN,NaN
174,6,1,919,708,1011,662,1066,645,1076,604,1027,575,944,565,NaN,NaN,NaN,NaN,NaN,NaN,NaN,NaN
175,6,0,949,695,1009,665,1064,648,1073,606,1025,577,941,567,NaN,NaN,NaN,NaN,NaN,NaN,NaN,NaN
176,6,0,951,695,1005,668,1060,650,1070,608,1021,579,937,569,NaN,NaN,NaN,NaN,NaN,NaN,NaN,NaN
177,6,0,953,695,1002,671,1057,653,1066,610,1017,580,933,570,NaN,NaN,NaN,NaN,NaN,NaN,NaN,NaN
178,6,0,954,695,998,673,1053,655,1062,611,1012,581,929,571,NaN,NaN,NaN,NaN,NaN,NaN,NaN,NaN
179,6,1,955,695,994,675,1049,656,1058,612,1008,582,925,572,NaN,NaN,NaN,NaN,NaN,NaN,NaN,NaN
180,6,0,955,695,990,677,1044,657,1053,613,1003,583,920,573,NaN,NaN,NaN,NaN,NaN,NaN,NaN,NaN
181,6,0,954,695,986,678,1040,658,1049,614,998,583,915,573,NaN,NaN,NaN,NaN,NaN,NaN,NaN,NaN
182,6,1,953,695,982,679,1036,659,1044,614,993,583,910,573,NaN,NaN,NaN,NaN,NaN,NaN,NaN,NaN
183,6,0,950,695,977,679,1033,659,1039,613,987,583,904,572,NaN,NaN,NaN,NaN,NaN,NaN,NaN,NaN
184,6,0,947,695,973,679,1029,658,1033,613,981,583,898,573,NaN,NaN,NaN,NaN,NaN,NaN,NaN,NaN
185,6,0,942,695,968,679,1025,657,1028,611,974,583,891,572,NaN,NaN,NaN,NaN,NaN,NaN,NaN,NaN
186,6,0,937,695,963,679,1020,656,1023,610,968,581,884,571,NaN,NaN,NaN,NaN,NaN,NaN,NaN,NaN
187,6,0,934,695,958,678,1016,655,1017,609,961,581,877,570,NaN,NaN,NaN,NaN,NaN,NaN,NaN,NaN
188,6,0,929,694,953,677,1012,654,1011,607,954,580,870,570,NaN,NaN,NaN,NaN,NaN,NaN,NaN,NaN
189,6,0,927,695,949,680,1008,654,1005,607,948,581,863,571,NaN,NaN,NaN,NaN,NaN,NaN,NaN,NaN
190,6,0,924,695,944,680,1005,655,1001,607,942,583,857,572,NaN,NaN,NaN,NaN,NaN,NaN,NaN,NaN
191,6,0,920,695,940,679,1000,652,996,606,935,581,850,571,NaN,NaN,NaN,NaN,NaN,NaN,NaN,NaN
192,6,0,915,695,934,680,996,653,990,606,928,582,842,572,NaN,NaN,NaN,NaN,NaN,NaN,NaN,NaN
193,6,0,910,695,930,681,992,652,984,605,921,582,835,572,NaN,NaN,NaN,NaN,NaN,NaN,NaN,NaN
194,6,0,905,695,924,682,986,652,978,604,914,582,827,572,NaN,NaN,NaN,NaN,NaN,NaN,NaN,NaN
195,6,0,900,695,917,683,981,652,971,604,907,583,819,572,NaN,NaN,NaN,NaN,NaN,NaN,NaN,NaN
196,6,0,894,695,912,683,975,652,964,603,900,583,811,572,NaN,NaN,NaN,NaN,NaN,NaN,NaN,NaN
197,6,0,887,695,904,684,969,651,957,602,891,583,803,572,NaN,NaN,NaN,NaN,NaN,NaN,NaN,NaN
198,6,0,880,695,898,684,962,650,950,601,883,582,794,572,NaN,NaN,NaN,NaN,NaN,NaN,NaN,NaN
199,5,1,880,703,963,650,950,601,883,583,793,572,NaN,NaN,NaN,NaN,NaN,NaN,NaN,NaN,NaN,NaN
200,5,0,888,695,956,648,944,600,876,582,786,571,NaN,NaN,NaN,NaN,NaN,NaN,NaN,NaN,NaN,NaN
201,5,0,884,695,951,647,936,599,869,581,780,570,NaN,NaN,NaN,NaN,NaN,NaN,NaN,NaN,NaN,NaN
202,5,0,878,694,945,645,930,597,862,579,773,569,NaN,NaN,NaN,NaN,NaN,NaN,NaN,NaN,NaN,NaN
203,5,0,873,694,939,644,924,595,856,578,767,568,NaN,NaN,NaN,NaN,NaN,NaN,NaN,NaN,NaN,NaN
204,5,0,869,693,934,642,918,593,850,577,761,567,NaN,NaN,NaN,NaN,NaN,NaN,NaN,NaN,NaN,NaN
205,5,0,865,692,929,640,912,592,844,575,755,565,NaN,NaN,NaN,NaN,NaN,NaN,NaN,NaN,NaN,NaN
206,5,0,860,691,923,637,906,590,838,572,749,564,NaN,NaN,NaN,NaN,NaN,NaN,NaN,NaN,NaN,NaN
207,5,0,855,691,917,637,900,589,831,572,743,563,NaN,NaN,NaN,NaN,NaN,NaN,NaN,NaN,NaN,NaN
208,5,0,851,693,912,638,892,590,824,572,735,563,NaN,NaN,NaN,NaN,NaN,NaN,NaN,NaN,NaN,NaN
209,5,0,847,695,906,638,886,590,817,572,728,563,NaN,NaN,NaN,NaN,NaN,NaN,NaN,NaN,NaN,NaN
210,5,0,844,695,900,638,880,590,810,573,722,564,NaN,NaN,NaN,NaN,NaN,NaN,NaN,NaN,NaN,NaN
211,5,0,841,695,895,638,873,590,804,573,715,564,NaN,NaN,NaN,NaN,NaN,NaN,NaN,NaN,NaN,NaN
212,5,0,839,695,891,638,868,589,798,572,709,563,NaN,NaN,NaN,NaN,NaN,NaN,NaN,NaN,NaN,NaN
213,5,0,837,695,887,637,864,588,793,571,705,562,NaN,NaN,NaN,NaN,NaN,NaN,NaN,NaN,NaN,NaN
214,5,0,835,695,883,636,860,588,789,570,701,562,NaN,NaN,NaN,NaN,NaN,NaN,NaN,NaN,NaN,NaN
215,5,0,834,695,880,635,856,587,784,570,697,562,NaN,NaN,NaN,NaN,NaN,NaN,NaN,NaN,NaN,NaN
216,5,0,831,695,876,634,851,586,780,569,692,561,NaN,NaN,NaN,NaN,NaN,NaN,NaN,NaN,NaN,NaN
217,5,0,829,695,873,633,847,585,775,567,688,560,NaN,NaN,NaN,NaN,NaN,NaN,NaN,NaN,NaN,NaN
218,5,0,827,695,870,631,844,583,771,566,683,559,NaN,NaN,NaN,NaN,NaN,NaN,NaN,NaN,NaN,NaN
219,5,0,827,694,868,630,841,582,768,565,680,557,NaN,NaN,NaN,NaN,NaN,NaN,NaN,NaN,NaN,NaN
220,5,0,826,694,866,629,838,581,764,564,677,556,NaN,NaN,NaN,NaN,NaN,NaN,NaN,NaN,NaN,NaN
221,5,0,825,693,864,627,835,580,761,562,674,555,NaN,NaN,NaN,NaN,NaN,NaN,NaN,NaN,NaN,NaN
222,5,0,824,692,862,624,831,578,758,560,670,553,NaN,NaN,NaN,NaN,NaN,NaN,NaN,NaN,NaN,NaN
223,5,0,823,692,860,623,828,577,754,560,665,553,NaN,NaN,NaN,NaN,NaN,NaN,NaN,NaN,NaN,NaN
224,5,0,823,694,857,624,825,577,750,560,662,553,NaN,NaN,NaN,NaN,NaN,NaN,NaN,NaN,NaN,NaN
225,5,0,820,695,854,623,820,576,746,560,657,552,NaN,NaN,NaN,NaN,NaN,NaN,NaN,NaN,NaN,NaN
226,5,0,819,695,851,623,816,577,740,560,651,553,NaN,NaN,NaN,NaN,NaN,NaN,NaN,NaN,NaN,NaN
227,5,0,817,695,846,623,811,576,735,560,645,553,NaN,NaN,NaN,NaN,NaN,NaN,NaN,NaN,NaN,NaN
228,5,0,815,695,842,623,806,577,729,560,640,553,NaN,NaN,NaN,NaN,NaN,NaN,NaN,NaN,NaN,NaN
229,5,0,813,695,839,624,801,578,724,560,634,554,NaN,NaN,NaN,NaN,NaN,NaN,NaN,NaN,NaN,NaN
230,5,0,811,695,835,625,797,578,719,560,629,554,NaN,NaN,NaN,NaN,NaN,NaN,NaN,NaN,NaN,NaN
231,5,0,811,695,832,625,794,579,716,561,626,554,NaN,NaN,NaN,NaN,NaN,NaN,NaN,NaN,NaN,NaN
232,5,0,807,695,827,625,788,578,710,560,620,554,NaN,NaN,NaN,NaN,NaN,NaN,NaN,NaN,NaN,NaN
233,5,0,804,695,823,624,784,578,705,560,615,554,NaN,NaN,NaN,NaN,NaN,NaN,NaN,NaN,NaN,NaN
234,5,0,800,695,818,623,778,577,699,559,609,553,NaN,NaN,NaN,NaN,NaN,NaN,NaN,NaN,NaN,NaN
235,5,0,796,695,814,622,773,576,694,558,603,552,NaN,NaN,NaN,NaN,NaN,NaN,NaN,NaN,NaN,NaN
236,5,0,793,695,810,621,769,575,689,557,598,551,NaN,NaN,NaN,NaN,NaN,NaN,NaN,NaN,NaN,NaN
237,5,0,789,695,805,619,763,574,684,556,593,550,NaN,NaN,NaN,NaN,NaN,NaN,NaN,NaN,NaN,NaN
238,5,0,785,695,801,618,758,573,678,555,587,549,NaN,NaN,NaN,NaN,NaN,NaN,NaN,NaN,NaN,NaN
239,5,0,782,695,797,616,753,571,672,554,581,548,NaN,NaN,NaN,NaN,NaN,NaN,NaN,NaN,NaN,NaN
240,5,0,778,695,792,616,748,572,666,554,575,548,NaN,NaN,NaN,NaN,NaN,NaN,NaN,NaN,NaN,NaN
241,5,0,775,695,788,617,743,572,661,555,568,549,NaN,NaN,NaN,NaN,NaN,NaN,NaN,NaN,NaN,NaN
242,5,0,772,695,784,616,738,572,655,555,563,549,NaN,NaN,NaN,NaN,NaN,NaN,NaN,NaN,NaN,NaN
243,5,0,768,695,779,616,733,572,649,555,556,549,NaN,NaN,NaN,NaN,NaN,NaN,NaN,NaN,NaN,NaN
244,5,0,764,695,774,616,727,572,643,555,550,550,NaN,NaN,NaN,NaN,NaN,NaN,NaN,NaN,NaN,NaN
245,5,0,762,695,770,616,723,573,639,555,546,550,NaN,NaN,NaN,NaN,NaN,NaN,NaN,NaN,NaN,NaN
246,5,0,759,695,767,616,719,572,635,555,541,550,NaN,NaN,NaN,NaN,NaN,NaN,NaN,NaN,NaN,NaN
247,5,0,756,695,764,615,715,572,630,555,537,549,NaN,NaN,NaN,NaN,NaN,NaN,NaN,NaN,NaN,NaN
248,5,0,753,695,760,615,711,571,625,554,532,549,NaN,NaN,NaN,NaN,NaN,NaN,NaN,NaN,NaN,NaN
249,5,0,750,695,756,614,706,571,620,554,527,549,NaN,NaN,NaN,NaN,NaN,NaN,NaN,NaN,NaN,NaN
250,5,0,747,695,752,614,701,571,615,554,521,549,NaN,NaN,NaN,NaN,NaN,NaN,NaN,NaN,NaN,NaN
251,5,0,743,695,748,613,696,571,610,554,515,549,NaN,NaN,NaN,NaN,NaN,NaN,NaN,NaN,NaN,NaN
252,5,0,740,695,744,612,692,571,605,554,510,549,NaN,NaN,NaN,NaN,NaN,NaN,NaN,NaN,NaN,NaN
253,5,0,737,695,741,611,687,570,600,554,506,548,NaN,NaN,NaN,NaN,NaN,NaN,NaN,NaN,NaN,NaN
254,5,0,734,695,737,610,683,570,595,553,501,548,NaN,NaN,NaN,NaN,NaN,NaN,NaN,NaN,NaN,NaN
255,5,0,731,695,733,608,678,569,590,552,496,548,NaN,NaN,NaN,NaN,NaN,NaN,NaN,NaN,NaN,NaN
256,5,0,728,695,729,607,674,567,584,553,491,548,NaN,NaN,NaN,NaN,NaN,NaN,NaN,NaN,NaN,NaN
257,5,0,724,695,724,609,668,570,577,556,484,550,NaN,NaN,NaN,NaN,NaN,NaN,NaN,NaN,NaN,NaN
258,5,0,720,695,717,611,660,572,569,557,474,553,NaN,NaN,NaN,NaN,NaN,NaN,NaN,NaN,NaN,NaN
259,5,0,714,695,712,612,653,574,563,559,466,555,NaN,NaN,NaN,NaN,NaN,NaN,NaN,NaN,NaN,NaN
260,5,0,708,695,705,613,646,575,554,560,457,556,NaN,NaN,NaN,NaN,NaN,NaN,NaN,NaN,NaN,NaN
261,5,0,704,695,700,614,640,576,547,561,450,557,NaN,NaN,NaN,NaN,NaN,NaN,NaN,NaN,NaN,NaN
262,5,1,704,695,700,613,640,576,547,561,450,557,NaN,NaN,NaN,NaN,NaN,NaN,NaN,NaN,NaN,NaN
263,5,0,700,695,697,615,635,577,542,562,444,559,NaN,NaN,NaN,NaN,NaN,NaN,NaN,NaN,NaN,NaN
264,5,0,696,695,691,614,632,578,536,563,438,559,NaN,NaN,NaN,NaN,NaN,NaN,NaN,NaN,NaN,NaN
265,5,0,693,695,687,615,626,577,531,563,432,560,NaN,NaN,NaN,NaN,NaN,NaN,NaN,NaN,NaN,NaN
266,5,0,689,695,683,616,621,578,524,563,425,561,NaN,NaN,NaN,NaN,NaN,NaN,NaN,NaN,NaN,NaN
267,5,0,685,695,679,617,616,579,519,564,420,562,NaN,NaN,NaN,NaN,NaN,NaN,NaN,NaN,NaN,NaN
268,5,0,681,695,674,617,611,579,513,564,413,562,NaN,NaN,NaN,NaN,NaN,NaN,NaN,NaN,NaN,NaN
269,5,0,677,695,669,617,605,579,507,564,407,561,NaN,NaN,NaN,NaN,NaN,NaN,NaN,NaN,NaN,NaN
270,5,0,673,695,664,617,600,578,500,564,400,561,NaN,NaN,NaN,NaN,NaN,NaN,NaN,NaN,NaN,NaN
271,5,0,669,695,659,616,595,577,495,564,394,562,NaN,NaN,NaN,NaN,NaN,NaN,NaN,NaN,NaN,NaN
272,5,0,664,695,654,617,590,578,488,564,387,562,NaN,NaN,NaN,NaN,NaN,NaN,NaN,NaN,NaN,NaN
273,5,0,658,695,648,618,583,578,481,564,379,564,NaN,NaN,NaN,NaN,NaN,NaN,NaN,NaN,NaN,NaN
274,5,0,651,695,639,618,576,579,471,565,369,564,NaN,NaN,NaN,NaN,NaN,NaN,NaN,NaN,NaN,NaN
275,5,0,642,695,632,618,567,579,462,566,358,566,NaN,NaN,NaN,NaN,NaN,NaN,NaN,NaN,NaN,NaN
276,5,0,635,695,624,620,558,580,452,567,347,567,NaN,NaN,NaN,NaN,NaN,NaN,NaN,NaN,NaN,NaN
277,5,0,628,695,617,621,551,581,443,568,337,568,NaN,NaN,NaN,NaN,NaN,NaN,NaN,NaN,NaN,NaN
278,5,0,622,695,610,621,543,582,435,568,328,569,NaN,NaN,NaN,NaN,NaN,NaN,NaN,NaN,NaN,NaN
279,5,0,617,695,605,622,537,582,429,568,321,570,NaN,NaN,NaN,NaN,NaN,NaN,NaN,NaN,NaN,NaN
280,5,0,613,695,601,623,533,582,423,569,314,570,NaN,NaN,NaN,NaN,NaN,NaN,NaN,NaN,NaN,NaN
281,5,0,609,695,597,623,529,582,418,569,309,570,NaN,NaN,NaN,NaN,NaN,NaN,NaN,NaN,NaN,NaN
282,5,0,605,695,592,624,523,583,412,570,303,571,NaN,NaN,NaN,NaN,NaN,NaN,NaN,NaN,NaN,NaN
283,5,0,601,695,588,623,519,582,406,569,295,572,NaN,NaN,NaN,NaN,NaN,NaN,NaN,NaN,NaN,NaN
284,5,0,597,695,583,623,514,582,400,569,289,572,NaN,NaN,NaN,NaN,NaN,NaN,NaN,NaN,NaN,NaN
285,5,0,593,695,579,623,508,581,394,569,282,572,NaN,NaN,NaN,NaN,NaN,NaN,NaN,NaN,NaN,NaN
286,5,0,589,695,573,621,503,579,387,568,274,571,NaN,NaN,NaN,NaN,NaN,NaN,NaN,NaN,NaN,NaN
287,5,0,583,694,568,619,496,577,380,566,266,569,NaN,NaN,NaN,NaN,NaN,NaN,NaN,NaN,NaN,NaN
288,5,0,578,693,561,618,490,576,372,564,257,568,NaN,NaN,NaN,NaN,NaN,NaN,NaN,NaN,NaN,NaN
289,5,0,573,693,556,616,484,575,365,563,249,567,NaN,NaN,NaN,NaN,NaN,NaN,NaN,NaN,NaN,NaN
290,5,0,568,693,550,615,478,573,358,562,240,567,NaN,NaN,NaN,NaN,NaN,NaN,NaN,NaN,NaN,NaN
291,5,0,564,693,545,614,473,572,351,562,233,566,NaN,NaN,NaN,NaN,NaN,NaN,NaN,NaN,NaN,NaN
292,5,0,558,694,539,614,466,572,343,562,224,567,NaN,NaN,NaN,NaN,NaN,NaN,NaN,NaN,NaN,NaN
293,5,0,552,695,533,614,458,572,333,563,213,568,NaN,NaN,NaN,NaN,NaN,NaN,NaN,NaN,NaN,NaN
294,5,0,545,695,526,615,451,572,324,563,201,569,NaN,NaN,NaN,NaN,NaN,NaN,NaN,NaN,NaN,NaN
295,5,0,539,695,518,616,444,573,315,564,191,570,NaN,NaN,NaN,NaN,NaN,NaN,NaN,NaN,NaN,NaN
296,5,0,535,695,513,617,437,574,308,564,182,571,NaN,NaN,NaN,NaN,NaN,NaN,NaN,NaN,NaN,NaN
297,5,0,530,695,508,617,431,574,301,564,174,572,NaN,NaN,NaN,NaN,NaN,NaN,NaN,NaN,NaN,NaN
298,5,0,525,695,503,618,425,574,293,565,165,573,NaN,NaN,NaN,NaN,NaN,NaN,NaN,NaN,NaN,NaN
299,5,0,521,695,498,618,420,574,287,565,157,573,NaN,NaN,NaN,NaN,NaN,NaN,NaN,NaN,NaN,NaN
300,5,0,518,695,494,619,415,574,281,565,150,573,NaN,NaN,NaN,NaN,NaN,NaN,NaN,NaN,NaN,NaN
301,5,0,515,695,491,618,411,574,276,565,144,573,NaN,NaN,NaN,NaN,NaN,NaN,NaN,NaN,NaN,NaN
302,5,0,512,695,488,618,408,573,272,564,138,572,NaN,NaN,NaN,NaN,NaN,NaN,NaN,NaN,NaN,NaN
303,5,0,509,695,484,616,404,571,268,562,131,572,NaN,NaN,NaN,NaN,NaN,NaN,NaN,NaN,NaN,NaN
304,5,0,507,695,482,616,401,570,264,561,125,571,NaN,NaN,NaN,NaN,NaN,NaN,NaN,NaN,NaN,NaN
305,5,0,504,695,478,614,398,568,259,559,118,569,NaN,NaN,NaN,NaN,NaN,NaN,NaN,NaN,NaN,NaN
306,5,0,501,694,475,613,394,566,255,557,111,567,NaN,NaN,NaN,NaN,NaN,NaN,NaN,NaN,NaN,NaN
307,5,0,498,693,472,610,391,564,251,555,104,565,NaN,NaN,NaN,NaN,NaN,NaN,NaN,NaN,NaN,NaN
308,5,0,496,692,469,608,388,561,248,552,97,562,NaN,NaN,NaN,NaN,NaN,NaN,NaN,NaN,NaN,NaN
309,5,0,494,691,467,605,386,559,244,549,91,560,NaN,NaN,NaN,NaN,NaN,NaN,NaN,NaN,NaN,NaN
310,5,0,492,690,464,603,383,556,241,546,83,558,NaN,NaN,NaN,NaN,NaN,NaN,NaN,NaN,NaN,NaN
311,5,0,490,688,462,601,381,553,238,544,76,556,NaN,NaN,NaN,NaN,NaN,NaN,NaN,NaN,NaN,NaN
312,5,0,488,687,460,599,379,551,235,541,72,553,NaN,NaN,NaN,NaN,NaN,NaN,NaN,NaN,NaN,NaN
313,5,0,487,687,459,597,378,548,233,538,68,551,NaN,NaN,NaN,NaN,NaN,NaN,NaN,NaN,NaN,NaN
314,5,0,485,688,457,596,376,548,230,537,64,549,NaN,NaN,NaN,NaN,NaN,NaN,NaN,NaN,NaN,NaN
315,5,0,484,689,455,596,374,546,228,535,60,548,NaN,NaN,NaN,NaN,NaN,NaN,NaN,NaN,NaN,NaN
316,5,0,483,690,454,595,373,545,226,534,57,546,NaN,NaN,NaN,NaN,NaN,NaN,NaN,NaN,NaN,NaN
317,5,0,483,692,454,595,373,544,225,532,55,545,NaN,NaN,NaN,NaN,NaN,NaN,NaN,NaN,NaN,NaN
318,5,0,483,694,454,595,374,543,225,531,53,543,NaN,NaN,NaN,NaN,NaN,NaN,NaN,NaN,NaN,NaN
319,5,0,484,695,454,594,374,542,225,529,52,541,NaN,NaN,NaN,NaN,NaN,NaN,NaN,NaN,NaN,NaN
320,5,0,485,695,456,593,375,540,225,527,51,539,NaN,NaN,NaN,NaN,NaN,NaN,NaN,NaN,NaN,NaN
321,5,0,488,695,458,591,378,538,228,524,50,537,NaN,NaN,NaN,NaN,NaN,NaN,NaN,NaN,NaN,NaN
322,5,0,491,695,461,590,381,536,230,522,50,534,NaN,NaN,NaN,NaN,NaN,NaN,NaN,NaN,NaN,NaN
323,5,0,496,695,465,589,385,534,234,519,49,532,NaN,NaN,NaN,NaN,NaN,NaN,NaN,NaN,NaN,NaN
324,5,0,501,695,469,587,389,532,237,517,49,529,NaN,NaN,NaN,NaN,NaN,NaN,NaN,NaN,NaN,NaN
325,5,0,506,695,473,585,394,530,241,514,48,526,NaN,NaN,NaN,NaN,NaN,NaN,NaN,NaN,NaN,NaN
326,5,0,510,694,476,583,397,527,244,511,47,523,NaN,NaN,NaN,NaN,NaN,NaN,NaN,NaN,NaN,NaN
327,5,0,515,694,480,581,401,524,247,508,46,519,NaN,NaN,NaN,NaN,NaN,NaN,NaN,NaN,NaN,NaN
328,5,0,519,693,484,579,405,521,251,504,45,516,NaN,NaN,NaN,NaN,NaN,NaN,NaN,NaN,NaN,NaN
329,5,0,524,692,488,576,408,519,254,501,44,513,NaN,NaN,NaN,NaN,NaN,NaN,NaN,NaN,NaN,NaN
330,5,0,528,692,492,574,413,516,257,498,43,510,NaN,NaN,NaN,NaN,NaN,NaN,NaN,NaN,NaN,NaN
331,5,0,533,692,496,572,416,514,261,495,42,507,NaN,NaN,NaN,NaN,NaN,NaN,NaN,NaN,NaN,NaN
332,5,0,537,695,499,572,419,513,263,494,40,505,NaN,NaN,NaN,NaN,NaN,NaN,NaN,NaN,NaN,NaN
333,5,0,540,695,502,573,422,512,264,492,39,504,NaN,NaN,NaN,NaN,NaN,NaN,NaN,NaN,NaN,NaN
334,5,0,545,695,505,572,425,511,267,491,40,502,NaN,NaN,NaN,NaN,NaN,NaN,NaN,NaN,NaN,NaN
335,5,0,550,695,509,571,429,508,271,487,43,498,NaN,NaN,NaN,NaN,NaN,NaN,NaN,NaN,NaN,NaN
336,5,0,555,695,514,571,433,507,275,486,46,495,NaN,NaN,NaN,NaN,NaN,NaN,NaN,NaN,NaN,NaN
337,5,0,560,695,517,569,437,506,278,483,48,492,NaN,NaN,NaN,NaN,NaN,NaN,NaN,NaN,NaN,NaN
338,5,0,565,695,521,568,442,503,283,480,51,489,NaN,NaN,NaN,NaN,NaN,NaN,NaN,NaN,NaN,NaN
339,5,0,569,695,525,568,446,501,286,478,53,486,NaN,NaN,NaN,NaN,NaN,NaN,NaN,NaN,NaN,NaN
340,5,0,574,695,529,568,450,501,288,477,54,485,NaN,NaN,NaN,NaN,NaN,NaN,NaN,NaN,NaN,NaN
341,5,0,578,695,532,569,454,500,292,476,56,483,NaN,NaN,NaN,NaN,NaN,NaN,NaN,NaN,NaN,NaN
342,5,0,582,695,537,569,458,499,296,474,58,481,NaN,NaN,NaN,NaN,NaN,NaN,NaN,NaN,NaN,NaN
343,5,1,582,695,536,568,458,499,295,474,56,481,NaN,NaN,NaN,NaN,NaN,NaN,NaN,NaN,NaN,NaN
344,5,0,584,695,538,569,458,501,295,475,60,480,NaN,NaN,NaN,NaN,NaN,NaN,NaN,NaN,NaN,NaN
345,5,0,585,695,541,572,458,502,296,476,63,480,NaN,NaN,NaN,NaN,NaN,NaN,NaN,NaN,NaN,NaN
346,5,0,586,695,542,574,457,505,295,477,67,479,NaN,NaN,NaN,NaN,NaN,NaN,NaN,NaN,NaN,NaN
347,5,0,586,695,543,576,456,506,294,477,70,478,NaN,NaN,NaN,NaN,NaN,NaN,NaN,NaN,NaN,NaN
348,5,0,586,695,545,578,456,508,293,477,73,478,NaN,NaN,NaN,NaN,NaN,NaN,NaN,NaN,NaN,NaN
349,5,0,587,695,546,582,454,511,293,479,75,479,NaN,NaN,NaN,NaN,NaN,NaN,NaN,NaN,NaN,NaN
350,5,0,587,695,547,587,452,515,291,482,77,480,NaN,NaN,NaN,NaN,NaN,NaN,NaN,NaN,NaN,NaN
351,5,0,586,695,547,591,450,518,288,484,78,480,NaN,NaN,NaN,NaN,NaN,NaN,NaN,NaN,NaN,NaN
352,5,0,586,695,547,593,448,520,286,486,81,480,NaN,NaN,NaN,NaN,NaN,NaN,NaN,NaN,NaN,NaN
353,5,0,586,695,546,596,445,522,284,487,83,479,NaN,NaN,NaN,NaN,NaN,NaN,NaN,NaN,NaN,NaN
354,5,0,586,695,546,599,443,525,282,488,85,479,NaN,NaN,NaN,NaN,NaN,NaN,NaN,NaN,NaN,NaN
355,5,0,587,695,546,601,441,527,282,489,88,478,NaN,NaN,NaN,NaN,NaN,NaN,NaN,NaN,NaN,NaN
356,5,0,588,695,548,605,440,530,281,491,92,478,NaN,NaN,NaN,NaN,NaN,NaN,NaN,NaN,NaN,NaN
357,5,0,591,695,549,610,440,534,281,494,95,480,NaN,NaN,NaN,NaN,NaN,NaN,NaN,NaN,NaN,NaN
358,5,0,593,695,551,615,439,538,280,497,99,481,NaN,NaN,NaN,NaN,NaN,NaN,NaN,NaN,NaN,NaN
359,5,0,596,695,552,620,437,542,278,499,101,481,NaN,NaN,NaN,NaN,NaN,NaN,NaN,NaN,NaN,NaN
360,5,0,598,695,553,624,435,545,277,501,104,482,NaN,NaN,NaN,NaN,NaN,NaN,NaN,NaN,NaN,NaN
361,5,0,601,695,553,627,433,548,276,502,108,481,NaN,NaN,NaN,NaN,NaN,NaN,NaN,NaN,NaN,NaN
362,5,0,603,695,554,630,432,550,274,503,111,481,NaN,NaN,NaN,NaN,NaN,NaN,NaN,NaN,NaN,NaN
363,5,1,603,695,552,630,427,551,270,504,111,481,NaN,NaN,NaN,NaN,NaN,NaN,NaN,NaN,NaN,NaN
364,5,0,601,695,554,632,426,549,269,502,109,480,NaN,NaN,NaN,NaN,NaN,NaN,NaN,NaN,NaN,NaN
365,5,0,599,695,556,633,426,547,269,501,105,479,NaN,NaN,NaN,NaN,NaN,NaN,NaN,NaN,NaN,NaN
366,5,0,596,695,558,635,425,547,268,500,102,478,NaN,NaN,NaN,NaN,NaN,NaN,NaN,NaN,NaN,NaN
367,5,0,593,695,560,637,424,546,266,498,98,477,NaN,NaN,NaN,NaN,NaN,NaN,NaN,NaN,NaN,NaN
368,5,0,591,695,562,639,423,544,265,497,93,476,NaN,NaN,NaN,NaN,NaN,NaN,NaN,NaN,NaN,NaN
369,5,0,590,695,563,641,422,542,263,495,89,475,NaN,NaN,NaN,NaN,NaN,NaN,NaN,NaN,NaN,NaN
370,5,0,587,695,565,646,420,542,262,495,84,476,NaN,NaN,NaN,NaN,NaN,NaN,NaN,NaN,NaN,NaN
371,5,0,584,695,566,649,419,541,260,493,79,475,NaN,NaN,NaN,NaN,NaN,NaN,NaN,NaN,NaN,NaN
372,5,0,581,695,564,653,415,541,256,493,73,474,NaN,NaN,NaN,NaN,NaN,NaN,NaN,NaN,NaN,NaN
373,5,0,579,695,565,657,414,540,255,492,68,474,NaN,NaN,NaN,NaN,NaN,NaN,NaN,NaN,NaN,NaN
374,5,0,577,695,565,662,411,540,252,493,62,475,NaN,NaN,NaN,NaN,NaN,NaN,NaN,NaN,NaN,NaN
375,5,0,574,695,565,667,409,540,251,492,57,475,NaN,NaN,NaN,NaN,NaN,NaN,NaN,NaN,NaN,NaN
376,5,0,572,695,564,670,407,540,249,491,52,474,NaN,NaN,NaN,NaN,NaN,NaN,NaN,NaN,NaN,NaN
377,5,0,571,695,564,674,405,538,247,490,47,473,NaN,NaN,NaN,NaN,NaN,NaN,NaN,NaN,NaN,NaN
378,5,0,569,695,563,677,403,536,246,488,43,472,NaN,NaN,NaN,NaN,NaN,NaN,NaN,NaN,NaN,NaN
379,5,0,569,695,564,679,404,534,247,486,41,470,NaN,NaN,NaN,NaN,NaN,NaN,NaN,NaN,NaN,NaN
380,5,0,571,695,566,681,404,531,248,483,39,468,NaN,NaN,NaN,NaN,NaN,NaN,NaN,NaN,NaN,NaN
381,4,1,571,695,401,529,245,482,33,468,NaN,NaN,NaN,NaN,NaN,NaN,NaN,NaN,NaN,NaN,NaN,NaN
382,4,0,564,695,401,528,244,482,35,467,NaN,NaN,NaN,NaN,NaN,NaN,NaN,NaN,NaN,NaN,NaN,NaN
383,4,0,559,695,400,527,242,480,36,466,NaN,NaN,NaN,NaN,NaN,NaN,NaN,NaN,NaN,NaN,NaN,NaN
384,4,0,552,695,398,526,239,479,38,464,NaN,NaN,NaN,NaN,NaN,NaN,NaN,NaN,NaN,NaN,NaN,NaN
385,4,0,547,695,396,524,237,477,38,462,NaN,NaN,NaN,NaN,NaN,NaN,NaN,NaN,NaN,NaN,NaN,NaN
386,4,0,539,695,393,523,234,476,39,461,NaN,NaN,NaN,NaN,NaN,NaN,NaN,NaN,NaN,NaN,NaN,NaN
387,4,0,530,695,391,524,230,476,37,462,NaN,NaN,NaN,NaN,NaN,NaN,NaN,NaN,NaN,NaN,NaN,NaN
388,4,0,524,695,390,525,228,478,39,461,NaN,NaN,NaN,NaN,NaN,NaN,NaN,NaN,NaN,NaN,NaN,NaN
389,4,0,518,695,391,526,228,478,41,462,NaN,NaN,NaN,NaN,NaN,NaN,NaN,NaN,NaN,NaN,NaN,NaN
390,4,0,512,695,391,527,228,479,44,462,NaN,NaN,NaN,NaN,NaN,NaN,NaN,NaN,NaN,NaN,NaN,NaN
391,4,0,508,695,391,529,228,480,46,463,NaN,NaN,NaN,NaN,NaN,NaN,NaN,NaN,NaN,NaN,NaN,NaN
392,4,0,504,695,392,529,228,480,49,463,NaN,NaN,NaN,NaN,NaN,NaN,NaN,NaN,NaN,NaN,NaN,NaN
393,4,0,501,695,392,530,228,481,50,463,NaN,NaN,NaN,NaN,NaN,NaN,NaN,NaN,NaN,NaN,NaN,NaN
394,4,0,498,695,393,529,228,481,53,463,NaN,NaN,NaN,NaN,NaN,NaN,NaN,NaN,NaN,NaN,NaN,NaN
395,4,0,498,695,396,529,231,479,56,461,NaN,NaN,NaN,NaN,NaN,NaN,NaN,NaN,NaN,NaN,NaN,NaN
396,4,0,499,695,399,528,234,478,60,460,NaN,NaN,NaN,NaN,NaN,NaN,NaN,NaN,NaN,NaN,NaN,NaN
397,4,0,502,695,404,528,239,478,64,459,NaN,NaN,NaN,NaN,NaN,NaN,NaN,NaN,NaN,NaN,NaN,NaN
398,4,0,505,695,409,527,243,478,68,459,NaN,NaN,NaN,NaN,NaN,NaN,NaN,NaN,NaN,NaN,NaN,NaN
399,4,0,496,695,380,512,209,470,50,448,NaN,NaN,NaN,NaN,NaN,NaN,NaN,NaN,NaN,NaN,NaN,NaN
400,4,0,499,695,383,511,213,468,51,446,NaN,NaN,NaN,NaN,NaN,NaN,NaN,NaN,NaN,NaN,NaN,NaN
401,4,0,500,695,387,509,216,467,54,445,NaN,NaN,NaN,NaN,NaN,NaN,NaN,NaN,NaN,NaN,NaN,NaN
402,4,0,501,695,390,511,218,469,58,446,NaN,NaN,NaN,NaN,NaN,NaN,NaN,NaN,NaN,NaN,NaN,NaN
403,4,0,501,695,392,514,219,472,59,449,NaN,NaN,NaN,NaN,NaN,NaN,NaN,NaN,NaN,NaN,NaN,NaN
404,4,0,501,695,394,516,221,475,62,451,NaN,NaN,NaN,NaN,NaN,NaN,NaN,NaN,NaN,NaN,NaN,NaN
405,4,0,503,695,397,517,223,475,64,452,NaN,NaN,NaN,NaN,NaN,NaN,NaN,NaN,NaN,NaN,NaN,NaN
406,4,0,502,695,398,519,221,477,64,454,NaN,NaN,NaN,NaN,NaN,NaN,NaN,NaN,NaN,NaN,NaN,NaN
407,4,0,504,695,403,519,229,476,70,447,NaN,NaN,NaN,NaN,NaN,NaN,NaN,NaN,NaN,NaN,NaN,NaN
408,4,0,510,695,409,519,234,477,74,450,NaN,NaN,NaN,NaN,NaN,NaN,NaN,NaN,NaN,NaN,NaN,NaN
409,4,0,513,695,414,520,237,478,77,450,NaN,NaN,NaN,NaN,NaN,NaN,NaN,NaN,NaN,NaN,NaN,NaN
410,4,0,516,695,417,520,240,477,79,450,NaN,NaN,NaN,NaN,NaN,NaN,NaN,NaN,NaN,NaN,NaN,NaN
411,4,0,514,695,417,519,240,475,77,448,NaN,NaN,NaN,NaN,NaN,NaN,NaN,NaN,NaN,NaN,NaN,NaN
412,4,0,510,695,416,517,239,473,74,446,NaN,NaN,NaN,NaN,NaN,NaN,NaN,NaN,NaN,NaN,NaN,NaN
413,4,0,506,695,414,517,237,472,69,445,NaN,NaN,NaN,NaN,NaN,NaN,NaN,NaN,NaN,NaN,NaN,NaN
414,4,0,501,695,412,517,234,471,64,445,NaN,NaN,NaN,NaN,NaN,NaN,NaN,NaN,NaN,NaN,NaN,NaN
415,4,0,496,695,409,517,231,472,59,445,NaN,NaN,NaN,NaN,NaN,NaN,NaN,NaN,NaN,NaN,NaN,NaN
416,4,0,491,695,407,517,229,472,54,445,NaN,NaN,NaN,NaN,NaN,NaN,NaN,NaN,NaN,NaN,NaN,NaN
417,4,0,486,695,406,518,227,472,50,445,NaN,NaN,NaN,NaN,NaN,NaN,NaN,NaN,NaN,NaN,NaN,NaN
418,4,0,482,695,404,518,226,472,48,445,NaN,NaN,NaN,NaN,NaN,NaN,NaN,NaN,NaN,NaN,NaN,NaN
419,4,0,477,695,403,523,227,475,49,448,NaN,NaN,NaN,NaN,NaN,NaN,NaN,NaN,NaN,NaN,NaN,NaN
420,4,0,473,695,403,527,227,480,49,452,NaN,NaN,NaN,NaN,NaN,NaN,NaN,NaN,NaN,NaN,NaN,NaN
421,4,0,470,695,404,534,227,486,51,455,NaN,NaN,NaN,NaN,NaN,NaN,NaN,NaN,NaN,NaN,NaN,NaN
422,4,0,469,695,406,540,230,492,56,461,NaN,NaN,NaN,NaN,NaN,NaN,NaN,NaN,NaN,NaN,NaN,NaN
423,4,1,469,695,407,540,230,492,56,461,NaN,NaN,NaN,NaN,NaN,NaN,NaN,NaN,NaN,NaN,NaN,NaN
424,4,0,462,695,407,545,231,496,57,464,NaN,NaN,NaN,NaN,NaN,NaN,NaN,NaN,NaN,NaN,NaN,NaN
425,4,1,455,695,407,549,231,499,59,466,NaN,NaN,NaN,NaN,NaN,NaN,NaN,NaN,NaN,NaN,NaN,NaN
426,4,0,450,695,406,552,233,501,58,467,NaN,NaN,NaN,NaN,NaN,NaN,NaN,NaN,NaN,NaN,NaN,NaN
427,4,0,447,695,405,552,235,503,58,467,NaN,NaN,NaN,NaN,NaN,NaN,NaN,NaN,NaN,NaN,NaN,NaN
428,4,0,446,695,407,552,239,503,59,465,NaN,NaN,NaN,NaN,NaN,NaN,NaN,NaN,NaN,NaN,NaN,NaN
429,4,0,446,695,408,552,242,503,59,464,NaN,NaN,NaN,NaN,NaN,NaN,NaN,NaN,NaN,NaN,NaN,NaN
430,4,0,449,695,411,548,247,500,62,460,NaN,NaN,NaN,NaN,NaN,NaN,NaN,NaN,NaN,NaN,NaN,NaN
431,4,0,452,695,415,545,251,496,63,456,NaN,NaN,NaN,NaN,NaN,NaN,NaN,NaN,NaN,NaN,NaN,NaN
432,4,0,455,695,417,541,255,493,63,451,NaN,NaN,NaN,NaN,NaN,NaN,NaN,NaN,NaN,NaN,NaN,NaN
433,4,0,458,695,421,538,260,490,66,447,NaN,NaN,NaN,NaN,NaN,NaN,NaN,NaN,NaN,NaN,NaN,NaN
434,4,0,461,695,425,536,265,489,68,444,NaN,NaN,NaN,NaN,NaN,NaN,NaN,NaN,NaN,NaN,NaN,NaN
435,4,0,465,695,430,534,271,487,72,441,NaN,NaN,NaN,NaN,NaN,NaN,NaN,NaN,NaN,NaN,NaN,NaN
436,4,0,470,695,438,536,277,488,77,440,NaN,NaN,NaN,NaN,NaN,NaN,NaN,NaN,NaN,NaN,NaN,NaN
437,4,0,486,695,456,547,297,497,100,447,NaN,NaN,NaN,NaN,NaN,NaN,NaN,NaN,NaN,NaN,NaN,NaN
438,4,0,495,695,466,555,308,505,110,452,NaN,NaN,NaN,NaN,NaN,NaN,NaN,NaN,NaN,NaN,NaN,NaN
439,4,1,498,692,467,553,308,504,107,450,NaN,NaN,NaN,NaN,NaN,NaN,NaN,NaN,NaN,NaN,NaN,NaN
440,4,0,509,695,483,562,320,510,120,455,NaN,NaN,NaN,NaN,NaN,NaN,NaN,NaN,NaN,NaN,NaN,NaN
441,4,0,517,695,495,567,333,512,139,456,NaN,NaN,NaN,NaN,NaN,NaN,NaN,NaN,NaN,NaN,NaN,NaN
442,4,0,523,695,506,569,343,514,154,456,NaN,NaN,NaN,NaN,NaN,NaN,NaN,NaN,NaN,NaN,NaN,NaN
443,4,0,527,695,514,572,353,515,167,456,NaN,NaN,NaN,NaN,NaN,NaN,NaN,NaN,NaN,NaN,NaN,NaN
444,4,0,530,695,520,574,361,516,176,456,NaN,NaN,NaN,NaN,NaN,NaN,NaN,NaN,NaN,NaN,NaN,NaN
445,4,0,532,695,525,576,367,517,184,456,NaN,NaN,NaN,NaN,NaN,NaN,NaN,NaN,NaN,NaN,NaN,NaN
446,4,0,533,695,529,578,372,518,192,456,NaN,NaN,NaN,NaN,NaN,NaN,NaN,NaN,NaN,NaN,NaN,NaN
447,4,0,533,695,531,579,376,518,197,455,NaN,NaN,NaN,NaN,NaN,NaN,NaN,NaN,NaN,NaN,NaN,NaN
448,4,1,533,695,534,579,381,517,203,453,NaN,NaN,NaN,NaN,NaN,NaN,NaN,NaN,NaN,NaN,NaN,NaN
449,4,0,538,695,531,574,377,511,204,448,NaN,NaN,NaN,NaN,NaN,NaN,NaN,NaN,NaN,NaN,NaN,NaN
450,4,0,542,695,529,570,375,506,205,444,NaN,NaN,NaN,NaN,NaN,NaN,NaN,NaN,NaN,NaN,NaN,NaN
451,4,0,549,695,526,566,372,502,204,441,NaN,NaN,NaN,NaN,NaN,NaN,NaN,NaN,NaN,NaN,NaN,NaN
452,4,0,554,695,523,562,370,497,203,437,NaN,NaN,NaN,NaN,NaN,NaN,NaN,NaN,NaN,NaN,NaN,NaN
453,4,0,558,695,523,558,366,492,200,435,NaN,NaN,NaN,NaN,NaN,NaN,NaN,NaN,NaN,NaN,NaN,NaN
454,4,0,563,695,519,555,365,488,199,432,NaN,NaN,NaN,NaN,NaN,NaN,NaN,NaN,NaN,NaN,NaN,NaN
455,4,0,568,695,517,552,363,484,196,430,NaN,NaN,NaN,NaN,NaN,NaN,NaN,NaN,NaN,NaN,NaN,NaN
456,4,0,572,695,514,547,361,480,192,428,NaN,NaN,NaN,NaN,NaN,NaN,NaN,NaN,NaN,NaN,NaN,NaN
457,4,0,578,695,511,544,358,476,187,426,NaN,NaN,NaN,NaN,NaN,NaN,NaN,NaN,NaN,NaN,NaN,NaN
458,4,0,583,695,509,541,356,473,187,425,NaN,NaN,NaN,NaN,NaN,NaN,NaN,NaN,NaN,NaN,NaN,NaN
459,4,0,589,695,507,538,354,469,186,423,NaN,NaN,NaN,NaN,NaN,NaN,NaN,NaN,NaN,NaN,NaN,NaN
460,4,0,594,695,505,533,354,463,186,419,NaN,NaN,NaN,NaN,NaN,NaN,NaN,NaN,NaN,NaN,NaN,NaN
461,4,1,599,695,499,528,347,459,179,417,NaN,NaN,NaN,NaN,NaN,NaN,NaN,NaN,NaN,NaN,NaN,NaN
462,4,0,600,694,502,525,352,456,183,412,NaN,NaN,NaN,NaN,NaN,NaN,NaN,NaN,NaN,NaN,NaN,NaN
463,4,0,601,695,506,524,355,453,188,407,NaN,NaN,NaN,NaN,NaN,NaN,NaN,NaN,NaN,NaN,NaN,NaN
464,4,0,602,695,508,522,359,450,194,404,NaN,NaN,NaN,NaN,NaN,NaN,NaN,NaN,NaN,NaN,NaN,NaN
465,4,1,603,695,512,521,364,448,200,402,NaN,NaN,NaN,NaN,NaN,NaN,NaN,NaN,NaN,NaN,NaN,NaN
466,4,0,603,695,513,518,363,445,205,399,NaN,NaN,NaN,NaN,NaN,NaN,NaN,NaN,NaN,NaN,NaN,NaN
467,4,0,604,695,514,517,365,443,210,396,NaN,NaN,NaN,NaN,NaN,NaN,NaN,NaN,NaN,NaN,NaN,NaN
468,4,0,605,695,516,517,365,443,215,396,NaN,NaN,NaN,NaN,NaN,NaN,NaN,NaN,NaN,NaN,NaN,NaN
469,4,0,606,695,517,519,367,442,219,395,NaN,NaN,NaN,NaN,NaN,NaN,NaN,NaN,NaN,NaN,NaN,NaN
470,4,0,607,695,520,521,369,443,224,396,NaN,NaN,NaN,NaN,NaN,NaN,NaN,NaN,NaN,NaN,NaN,NaN
471,4,0,609,695,522,524,370,446,228,397,NaN,NaN,NaN,NaN,NaN,NaN,NaN,NaN,NaN,NaN,NaN,NaN
472,4,0,610,695,524,527,370,447,231,397,NaN,NaN,NaN,NaN,NaN,NaN,NaN,NaN,NaN,NaN,NaN,NaN
473,4,0,610,695,523,529,369,447,231,396,NaN,NaN,NaN,NaN,NaN,NaN,NaN,NaN,NaN,NaN,NaN,NaN
474,4,0,609,695,522,530,367,446,231,395,NaN,NaN,NaN,NaN,NaN,NaN,NaN,NaN,NaN,NaN,NaN,NaN
475,4,0,612,695,524,529,367,444,234,394,NaN,NaN,NaN,NaN,NaN,NaN,NaN,NaN,NaN,NaN,NaN,NaN
476,4,0,614,695,524,528,368,443,236,393,NaN,NaN,NaN,NaN,NaN,NaN,NaN,NaN,NaN,NaN,NaN,NaN
477,4,0,619,695,528,529,371,442,239,392,NaN,NaN,NaN,NaN,NaN,NaN,NaN,NaN,NaN,NaN,NaN,NaN
478,4,0,622,695,529,530,372,441,240,390,NaN,NaN,NaN,NaN,NaN,NaN,NaN,NaN,NaN,NaN,NaN,NaN
479,4,0,625,695,531,529,373,439,240,388,NaN,NaN,NaN,NaN,NaN,NaN,NaN,NaN,NaN,NaN,NaN,NaN
480,4,0,628,695,530,528,373,437,240,387,NaN,NaN,NaN,NaN,NaN,NaN,NaN,NaN,NaN,NaN,NaN,NaN
481,4,0,629,695,529,526,372,435,238,384,NaN,NaN,NaN,NaN,NaN,NaN,NaN,NaN,NaN,NaN,NaN,NaN
482,4,0,631,695,528,525,370,432,235,382,NaN,NaN,NaN,NaN,NaN,NaN,NaN,NaN,NaN,NaN,NaN,NaN
483,4,0,633,695,527,522,370,429,233,381,NaN,NaN,NaN,NaN,NaN,NaN,NaN,NaN,NaN,NaN,NaN,NaN
484,4,0,635,695,525,520,369,427,231,378,NaN,NaN,NaN,NaN,NaN,NaN,NaN,NaN,NaN,NaN,NaN,NaN
485,4,0,638,695,527,518,369,423,233,375,NaN,NaN,NaN,NaN,NaN,NaN,NaN,NaN,NaN,NaN,NaN,NaN
486,4,0,641,695,527,516,369,421,234,372,NaN,NaN,NaN,NaN,NaN,NaN,NaN,NaN,NaN,NaN,NaN,NaN
487,4,0,644,695,526,514,368,418,234,369,NaN,NaN,NaN,NaN,NaN,NaN,NaN,NaN,NaN,NaN,NaN,NaN
488,4,0,646,695,525,511,366,414,233,366,NaN,NaN,NaN,NaN,NaN,NaN,NaN,NaN,NaN,NaN,NaN,NaN
489,4,1,647,689,521,509,361,412,229,364,NaN,NaN,NaN,NaN,NaN,NaN,NaN,NaN,NaN,NaN,NaN,NaN
490,5,0,644,691,520,509,361,411,232,363,154,282,NaN,NaN,NaN,NaN,NaN,NaN,NaN,NaN,NaN,NaN
491,5,0,641,695,519,508,362,412,233,363,150,283,NaN,NaN,NaN,NaN,NaN,NaN,NaN,NaN,NaN,NaN
492,5,0,636,695,519,509,363,412,235,362,147,284,NaN,NaN,NaN,NaN,NaN,NaN,NaN,NaN,NaN,NaN
493,5,0,631,695,518,509,364,413,236,363,144,286,NaN,NaN,NaN,NaN,NaN,NaN,NaN,NaN,NaN,NaN
494,5,0,627,695,518,511,365,413,237,364,141,288,NaN,NaN,NaN,NaN,NaN,NaN,NaN,NaN,NaN,NaN
495,5,0,624,695,519,512,367,415,237,364,139,289,NaN,NaN,NaN,NaN,NaN,NaN,NaN,NaN,NaN,NaN
496,5,0,622,695,519,512,368,416,239,364,137,292,NaN,NaN,NaN,NaN,NaN,NaN,NaN,NaN,NaN,NaN
497,5,0,620,695,520,513,370,416,240,365,136,294,NaN,NaN,NaN,NaN,NaN,NaN,NaN,NaN,NaN,NaN
498,5,0,619,695,521,513,372,416,243,365,136,296,NaN,NaN,NaN,NaN,NaN,NaN,NaN,NaN,NaN,NaN
499,5,0,619,695,522,514,374,417,245,365,135,297,NaN,NaN,NaN,NaN,NaN,NaN,NaN,NaN,NaN,NaN
500,5,0,619,695,524,516,376,419,247,366,133,298,NaN,NaN,NaN,NaN,NaN,NaN,NaN,NaN,NaN,NaN
501,5,0,620,695,525,517,378,419,249,366,131,300,NaN,NaN,NaN,NaN,NaN,NaN,NaN,NaN,NaN,NaN
502,5,0,621,695,527,516,379,419,250,365,130,299,NaN,NaN,NaN,NaN,NaN,NaN,NaN,NaN,NaN,NaN
503,5,0,621,695,528,515,382,418,252,365,128,299,NaN,NaN,NaN,NaN,NaN,NaN,NaN,NaN,NaN,NaN
504,5,0,623,695,530,514,384,417,254,364,127,298,NaN,NaN,NaN,NaN,NaN,NaN,NaN,NaN,NaN,NaN
505,5,0,625,695,532,517,390,421,254,366,126,301,NaN,NaN,NaN,NaN,NaN,NaN,NaN,NaN,NaN,NaN
506,5,0,626,695,534,524,393,426,256,371,125,306,NaN,NaN,NaN,NaN,NaN,NaN,NaN,NaN,NaN,NaN
507,5,0,628,695,539,528,393,430,258,372,123,310,NaN,NaN,NaN,NaN,NaN,NaN,NaN,NaN,NaN,NaN
508,5,0,630,695,541,531,396,433,260,376,120,314,NaN,NaN,NaN,NaN,NaN,NaN,NaN,NaN,NaN,NaN
509,5,0,631,695,542,534,397,436,259,377,116,317,NaN,NaN,NaN,NaN,NaN,NaN,NaN,NaN,NaN,NaN
510,5,0,632,695,542,535,398,437,260,378,112,319,NaN,NaN,NaN,NaN,NaN,NaN,NaN,NaN,NaN,NaN
511,5,0,633,695,542,537,399,439,260,380,107,323,NaN,NaN,NaN,NaN,NaN,NaN,NaN,NaN,NaN,NaN
512,5,0,633,695,542,539,400,441,258,381,101,326,NaN,NaN,NaN,NaN,NaN,NaN,NaN,NaN,NaN,NaN
513,5,0,633,695,542,540,401,442,258,382,96,329,NaN,NaN,NaN,NaN,NaN,NaN,NaN,NaN,NaN,NaN
514,5,0,634,695,542,542,402,443,258,383,90,331,NaN,NaN,NaN,NaN,NaN,NaN,NaN,NaN,NaN,NaN
515,5,0,635,695,541,543,403,444,258,384,84,334,NaN,NaN,NaN,NaN,NaN,NaN,NaN,NaN,NaN,NaN
516,5,0,635,695,541,543,403,445,258,384,78,336,NaN,NaN,NaN,NaN,NaN,NaN,NaN,NaN,NaN,NaN
517,5,0,636,695,541,544,403,446,258,384,72,338,NaN,NaN,NaN,NaN,NaN,NaN,NaN,NaN,NaN,NaN
518,5,0,636,695,540,544,403,446,258,384,136,329,NaN,NaN,NaN,NaN,NaN,NaN,NaN,NaN,NaN,NaN
519,5,0,637,695,539,543,403,446,258,383,139,330,NaN,NaN,NaN,NaN,NaN,NaN,NaN,NaN,NaN,NaN
520,5,0,637,695,539,542,404,445,259,382,143,330,NaN,NaN,NaN,NaN,NaN,NaN,NaN,NaN,NaN,NaN
521,5,0,638,695,538,541,404,445,259,381,147,331,NaN,NaN,NaN,NaN,NaN,NaN,NaN,NaN,NaN,NaN
522,5,0,639,695,538,543,407,447,259,382,151,334,NaN,NaN,NaN,NaN,NaN,NaN,NaN,NaN,NaN,NaN
523,5,0,642,695,538,545,408,450,257,384,155,337,NaN,NaN,NaN,NaN,NaN,NaN,NaN,NaN,NaN,NaN
524,5,1,643,698,537,543,407,449,255,383,155,337,NaN,NaN,NaN,NaN,NaN,NaN,NaN,NaN,NaN,NaN
525,5,0,634,695,537,545,409,452,260,388,161,341,NaN,NaN,NaN,NaN,NaN,NaN,NaN,NaN,NaN,NaN
526,5,0,627,695,537,546,411,455,264,391,166,344,NaN,NaN,NaN,NaN,NaN,NaN,NaN,NaN,NaN,NaN
527,5,0,619,695,536,547,411,457,266,393,171,345,NaN,NaN,NaN,NaN,NaN,NaN,NaN,NaN,NaN,NaN
528,5,0,612,695,534,549,412,459,268,396,175,347,NaN,NaN,NaN,NaN,NaN,NaN,NaN,NaN,NaN,NaN
529,5,0,606,695,534,549,413,461,271,399,180,349,NaN,NaN,NaN,NaN,NaN,NaN,NaN,NaN,NaN,NaN
530,5,0,600,695,533,552,414,463,275,401,185,351,NaN,NaN,NaN,NaN,NaN,NaN,NaN,NaN,NaN,NaN
531,5,0,594,695,533,554,416,466,278,404,190,354,NaN,NaN,NaN,NaN,NaN,NaN,NaN,NaN,NaN,NaN
532,5,0,589,695,533,556,417,469,281,407,194,356,NaN,NaN,NaN,NaN,NaN,NaN,NaN,NaN,NaN,NaN
533,5,0,585,695,533,557,419,471,284,410,198,358,NaN,NaN,NaN,NaN,NaN,NaN,NaN,NaN,NaN,NaN
534,5,0,581,695,534,559,421,472,288,412,204,360,NaN,NaN,NaN,NaN,NaN,NaN,NaN,NaN,NaN,NaN
535,5,0,579,695,535,560,423,474,292,415,208,362,NaN,NaN,NaN,NaN,NaN,NaN,NaN,NaN,NaN,NaN
536,5,0,576,695,535,561,426,476,296,417,213,364,NaN,NaN,NaN,NaN,NaN,NaN,NaN,NaN,NaN,NaN
537,5,0,574,695,537,562,429,478,299,419,218,366,NaN,NaN,NaN,NaN,NaN,NaN,NaN,NaN,NaN,NaN
538,5,0,573,695,537,562,431,479,302,421,222,367,NaN,NaN,NaN,NaN,NaN,NaN,NaN,NaN,NaN,NaN
539,5,0,571,695,539,561,433,480,307,422,226,368,NaN,NaN,NaN,NaN,NaN,NaN,NaN,NaN,NaN,NaN
540,5,0,571,695,540,561,436,480,311,423,231,369,NaN,NaN,NaN,NaN,NaN,NaN,NaN,NaN,NaN,NaN
541,5,0,570,695,542,562,440,483,315,426,236,372,NaN,NaN,NaN,NaN,NaN,NaN,NaN,NaN,NaN,NaN
542,5,0,569,695,543,565,443,486,319,429,240,375,NaN,NaN,NaN,NaN,NaN,NaN,NaN,NaN,NaN,NaN
543,5,0,569,695,546,569,446,491,323,434,245,380,NaN,NaN,NaN,NaN,NaN,NaN,NaN,NaN,NaN,NaN
544,5,0,569,695,550,572,449,494,326,439,249,383,NaN,NaN,NaN,NaN,NaN,NaN,NaN,NaN,NaN,NaN
545,5,0,570,695,552,573,452,497,330,442,253,386,NaN,NaN,NaN,NaN,NaN,NaN,NaN,NaN,NaN,NaN
546,5,0,570,695,554,574,455,499,334,445,257,388,NaN,NaN,NaN,NaN,NaN,NaN,NaN,NaN,NaN,NaN
547,5,0,571,695,557,575,459,501,339,447,262,390,NaN,NaN,NaN,NaN,NaN,NaN,NaN,NaN,NaN,NaN
548,5,0,572,695,560,578,463,505,343,450,266,393,NaN,NaN,NaN,NaN,NaN,NaN,NaN,NaN,NaN,NaN
549,5,0,572,695,562,581,466,508,347,454,269,395,NaN,NaN,NaN,NaN,NaN,NaN,NaN,NaN,NaN,NaN
550,5,0,572,695,563,582,468,510,350,457,273,398,NaN,NaN,NaN,NaN,NaN,NaN,NaN,NaN,NaN,NaN
551,5,0,572,695,565,584,471,513,355,460,277,400,NaN,NaN,NaN,NaN,NaN,NaN,NaN,NaN,NaN,NaN
552,5,0,572,695,567,585,474,516,359,463,280,403,NaN,NaN,NaN,NaN,NaN,NaN,NaN,NaN,NaN,NaN
553,5,0,572,695,569,586,476,518,362,466,283,405,NaN,NaN,NaN,NaN,NaN,NaN,NaN,NaN,NaN,NaN
554,5,0,572,695,569,587,478,520,365,468,285,406,NaN,NaN,NaN,NaN,NaN,NaN,NaN,NaN,NaN,NaN
555,5,1,570,702,568,585,478,520,366,469,287,407,NaN,NaN,NaN,NaN,NaN,NaN,NaN,NaN,NaN,NaN
556,5,0,572,695,570,589,480,522,368,471,289,408,NaN,NaN,NaN,NaN,NaN,NaN,NaN,NaN,NaN,NaN
557,5,0,574,695,573,591,483,524,371,472,291,408,NaN,NaN,NaN,NaN,NaN,NaN,NaN,NaN,NaN,NaN
558,5,0,576,695,575,594,485,526,373,473,294,409,NaN,NaN,NaN,NaN,NaN,NaN,NaN,NaN,NaN,NaN
559,5,0,578,695,576,595,487,526,376,474,296,409,NaN,NaN,NaN,NaN,NaN,NaN,NaN,NaN,NaN,NaN
560,5,0,579,695,578,598,490,527,378,474,300,409,NaN,NaN,NaN,NaN,NaN,NaN,NaN,NaN,NaN,NaN
561,5,0,581,695,581,604,494,531,382,477,305,412,NaN,NaN,NaN,NaN,NaN,NaN,NaN,NaN,NaN,NaN
562,5,0,584,695,583,611,496,536,382,483,309,415,NaN,NaN,NaN,NaN,NaN,NaN,NaN,NaN,NaN,NaN
563,5,0,587,695,586,615,499,542,385,487,313,418,NaN,NaN,NaN,NaN,NaN,NaN,NaN,NaN,NaN,NaN
564,5,1,587,695,586,615,499,542,385,487,316,417,NaN,NaN,NaN,NaN,NaN,NaN,NaN,NaN,NaN,NaN
565,5,0,591,695,579,610,489,540,379,480,313,414,NaN,NaN,NaN,NaN,NaN,NaN,NaN,NaN,NaN,NaN
566,5,0,596,695,572,605,479,537,372,473,311,412,NaN,NaN,NaN,NaN,NaN,NaN,NaN,NaN,NaN,NaN
567,5,0,602,695,564,600,470,535,367,466,309,409,NaN,NaN,NaN,NaN,NaN,NaN,NaN,NaN,NaN,NaN
568,5,1,603,695,553,590,457,529,357,456,303,404,NaN,NaN,NaN,NaN,NaN,NaN,NaN,NaN,NaN,NaN
569,6,0,601,695,549,588,455,526,354,454,301,400,296,320,NaN,NaN,NaN,NaN,NaN,NaN,NaN,NaN
570,6,0,601,695,548,589,456,524,354,452,303,396,300,320,NaN,NaN,NaN,NaN,NaN,NaN,NaN,NaN
571,6,0,602,695,548,589,458,522,355,450,305,392,304,319,NaN,NaN,NaN,NaN,NaN,NaN,NaN,NaN
572,6,0,601,695,545,589,458,520,353,447,305,387,308,318,NaN,NaN,NaN,NaN,NaN,NaN,NaN,NaN
573,6,0,602,695,544,588,458,518,354,444,306,383,311,317,NaN,NaN,NaN,NaN,NaN,NaN,NaN,NaN
574,6,0,602,695,542,587,458,515,354,442,306,378,315,316,NaN,NaN,NaN,NaN,NaN,NaN,NaN,NaN
575,6,0,603,695,540,587,459,513,353,439,305,373,318,315,NaN,NaN,NaN,NaN,NaN,NaN,NaN,NaN
576,6,0,603,695,538,586,459,509,352,436,304,368,321,314,NaN,NaN,NaN,NaN,NaN,NaN,NaN,NaN
577,6,0,604,695,536,585,459,507,351,433,304,363,324,313,NaN,NaN,NaN,NaN,NaN,NaN,NaN,NaN
578,6,0,605,695,534,585,459,504,351,431,302,360,328,314,NaN,NaN,NaN,NaN,NaN,NaN,NaN,NaN
579,6,0,605,695,532,587,458,505,351,431,301,358,331,316,NaN,NaN,NaN,NaN,NaN,NaN,NaN,NaN
580,6,0,605,695,528,592,451,509,343,435,304,362,326,318,NaN,NaN,NaN,NaN,NaN,NaN,NaN,NaN
581,6,0,605,695,546,600,449,517,342,438,297,360,333,322,NaN,NaN,NaN,NaN,NaN,NaN,NaN,NaN
582,6,0,605,695,546,606,448,521,341,440,297,360,336,325,NaN,NaN,NaN,NaN,NaN,NaN,NaN,NaN
583,6,0,607,695,546,609,448,521,342,439,297,357,339,326,NaN,NaN,NaN,NaN,NaN,NaN,NaN,NaN
584,6,0,609,695,545,609,447,519,343,437,298,351,343,324,NaN,NaN,NaN,NaN,NaN,NaN,NaN,NaN
585,6,1,609,695,543,607,445,516,342,434,295,347,343,324,NaN,NaN,NaN,NaN,NaN,NaN,NaN,NaN
586,6,0,607,695,545,608,447,516,345,431,299,344,348,322,NaN,NaN,NaN,NaN,NaN,NaN,NaN,NaN
587,6,0,605,695,548,609,451,515,348,430,302,341,352,319,NaN,NaN,NaN,NaN,NaN,NaN,NaN,NaN
588,6,0,604,695,550,611,454,515,352,428,304,338,357,317,NaN,NaN,NaN,NaN,NaN,NaN,NaN,NaN
589,6,0,602,695,553,613,457,515,353,425,306,336,361,314,NaN,NaN,NaN,NaN,NaN,NaN,NaN,NaN
590,6,0,602,695,556,614,460,514,357,422,310,333,367,312,NaN,NaN,NaN,NaN,NaN,NaN,NaN,NaN
591,6,0,601,695,557,615,463,513,360,421,312,331,370,310,NaN,NaN,NaN,NaN,NaN,NaN,NaN,NaN
592,6,0,599,695,559,616,465,513,362,419,315,328,375,308,NaN,NaN,NaN,NaN,NaN,NaN,NaN,NaN
593,6,0,599,695,561,617,468,512,366,416,318,326,379,306,NaN,NaN,NaN,NaN,NaN,NaN,NaN,NaN
594,6,0,598,695,563,618,471,512,368,414,322,323,384,304,NaN,NaN,NaN,NaN,NaN,NaN,NaN,NaN
595,6,0,598,695,566,619,474,511,371,412,325,321,390,302,NaN,NaN,NaN,NaN,NaN,NaN,NaN,NaN
596,6,0,598,695,568,619,477,510,375,410,329,319,395,301,NaN,NaN,NaN,NaN,NaN,NaN,NaN,NaN
597,6,0,599,695,569,620,482,511,381,408,336,318,403,302,NaN,NaN,NaN,NaN,NaN,NaN,NaN,NaN
598,6,0,601,695,573,624,486,513,386,408,342,319,410,303,NaN,NaN,NaN,NaN,NaN,NaN,NaN,NaN
599,6,0,603,695,582,630,493,517,394,409,348,318,419,305,NaN,NaN,NaN,NaN,NaN,NaN,NaN,NaN
600,6,0,608,695,588,637,502,522,400,411,354,319,429,305,NaN,NaN,NaN,NaN,NaN,NaN,NaN,NaN
601,6,0,611,695,593,643,509,525,406,411,361,319,436,306,NaN,NaN,NaN,NaN,NaN,NaN,NaN,NaN
602,6,0,615,695,599,648,514,528,413,412,367,319,444,306,NaN,NaN,NaN,NaN,NaN,NaN,NaN,NaN
603,6,0,618,695,603,653,519,531,418,412,372,319,450,307,NaN,NaN,NaN,NaN,NaN,NaN,NaN,NaN
604,6,0,620,695,606,657,522,533,422,412,376,318,455,307,NaN,NaN,NaN,NaN,NaN,NaN,NaN,NaN
605,6,0,623,695,609,661,527,535,427,412,381,319,461,307,NaN,NaN,NaN,NaN,NaN,NaN,NaN,NaN
606,6,0,626,695,613,665,531,536,431,412,385,318,467,307,NaN,NaN,NaN,NaN,NaN,NaN,NaN,NaN
607,6,0,630,695,617,669,535,538,435,411,389,317,471,306,NaN,NaN,NaN,NaN,NaN,NaN,NaN,NaN
608,6,0,635,695,622,672,539,539,439,410,393,315,477,305,NaN,NaN,NaN,NaN,NaN,NaN,NaN,NaN
609,6,0,640,695,627,675,544,540,443,408,396,313,481,303,NaN,NaN,NaN,NaN,NaN,NaN,NaN,NaN
610,5,1,640,695,544,540,443,407,395,312,481,303,NaN,NaN,NaN,NaN,NaN,NaN,NaN,NaN,NaN,NaN
611,5,0,636,695,546,536,446,404,401,311,486,302,NaN,NaN,NaN,NaN,NaN,NaN,NaN,NaN,NaN,NaN
612,5,0,631,695,547,533,449,400,408,310,491,301,NaN,NaN,NaN,NaN,NaN,NaN,NaN,NaN,NaN,NaN
613,5,0,627,695,548,530,451,399,414,310,496,301,NaN,NaN,NaN,NaN,NaN,NaN,NaN,NaN,NaN,NaN
614,5,0,621,695,549,528,453,398,420,311,500,303,NaN,NaN,NaN,NaN,NaN,NaN,NaN,NaN,NaN,NaN
615,5,0,618,695,549,528,455,399,426,313,504,305,NaN,NaN,NaN,NaN,NaN,NaN,NaN,NaN,NaN,NaN
616,5,0,615,695,552,529,458,400,431,315,509,307,NaN,NaN,NaN,NaN,NaN,NaN,NaN,NaN,NaN,NaN
617,5,0,613,695,553,528,461,399,436,316,514,308,NaN,NaN,NaN,NaN,NaN,NaN,NaN,NaN,NaN,NaN
618,5,0,612,695,553,527,462,397,442,316,518,308,NaN,NaN,NaN,NaN,NaN,NaN,NaN,NaN,NaN,NaN
619,5,0,610,695,553,526,464,397,446,317,521,309,NaN,NaN,NaN,NaN,NaN,NaN,NaN,NaN,NaN,NaN
620,5,0,608,695,551,525,464,395,449,317,524,309,NaN,NaN,NaN,NaN,NaN,NaN,NaN,NaN,NaN,NaN
621,5,0,607,695,551,523,465,392,453,317,527,309,NaN,NaN,NaN,NaN,NaN,NaN,NaN,NaN,NaN,NaN
622,5,0,607,695,550,519,466,390,458,316,530,308,NaN,NaN,NaN,NaN,NaN,NaN,NaN,NaN,NaN,NaN
623,5,0,606,695,549,515,467,386,463,313,533,306,NaN,NaN,NaN,NaN,NaN,NaN,NaN,NaN,NaN,NaN
624,5,0,607,695,549,510,470,381,468,311,537,303,NaN,NaN,NaN,NaN,NaN,NaN,NaN,NaN,NaN,NaN
625,5,0,608,695,550,506,471,377,472,309,541,301,NaN,NaN,NaN,NaN,NaN,NaN,NaN,NaN,NaN,NaN
626,5,0,609,695,549,502,472,374,476,307,545,299,NaN,NaN,NaN,NaN,NaN,NaN,NaN,NaN,NaN,NaN
627,5,0,610,695,549,498,474,371,481,306,549,299,NaN,NaN,NaN,NaN,NaN,NaN,NaN,NaN,NaN,NaN
628,5,0,611,695,548,494,476,368,486,306,552,299,NaN,NaN,NaN,NaN,NaN,NaN,NaN,NaN,NaN,NaN
629,5,0,612,695,548,492,478,367,490,307,556,300,NaN,NaN,NaN,NaN,NaN,NaN,NaN,NaN,NaN,NaN
630,5,0,613,695,548,491,479,366,494,308,560,301,NaN,NaN,NaN,NaN,NaN,NaN,NaN,NaN,NaN,NaN
631,5,0,614,695,547,489,481,365,499,309,564,302,NaN,NaN,NaN,NaN,NaN,NaN,NaN,NaN,NaN,NaN
632,5,0,615,695,546,486,481,363,504,310,567,304,NaN,NaN,NaN,NaN,NaN,NaN,NaN,NaN,NaN,NaN
633,5,0,616,695,545,485,482,363,508,312,570,306,NaN,NaN,NaN,NaN,NaN,NaN,NaN,NaN,NaN,NaN
634,5,0,616,695,545,481,483,361,512,312,573,306,NaN,NaN,NaN,NaN,NaN,NaN,NaN,NaN,NaN,NaN
635,5,0,617,695,544,478,486,359,514,312,578,308,NaN,NaN,NaN,NaN,NaN,NaN,NaN,NaN,NaN,NaN
636,5,0,618,695,544,474,487,357,519,313,582,309,NaN,NaN,NaN,NaN,NaN,NaN,NaN,NaN,NaN,NaN
637,5,0,618,695,544,472,489,356,523,314,585,310,NaN,NaN,NaN,NaN,NaN,NaN,NaN,NaN,NaN,NaN
638,5,0,620,695,545,469,492,354,529,315,590,311,NaN,NaN,NaN,NaN,NaN,NaN,NaN,NaN,NaN,NaN
639,5,0,621,695,546,466,494,353,534,316,594,312,NaN,NaN,NaN,NaN,NaN,NaN,NaN,NaN,NaN,NaN
640,5,0,623,695,547,462,496,350,539,316,598,312,NaN,NaN,NaN,NaN,NaN,NaN,NaN,NaN,NaN,NaN
641,5,0,626,695,547,457,499,348,545,316,602,312,NaN,NaN,NaN,NaN,NaN,NaN,NaN,NaN,NaN,NaN
642,5,0,629,695,548,452,502,344,550,315,607,312,NaN,NaN,NaN,NaN,NaN,NaN,NaN,NaN,NaN,NaN
643,5,0,632,695,549,447,505,341,555,315,611,312,NaN,NaN,NaN,NaN,NaN,NaN,NaN,NaN,NaN,NaN
644,5,0,635,695,549,442,506,338,559,315,614,312,NaN,NaN,NaN,NaN,NaN,NaN,NaN,NaN,NaN,NaN
645,5,0,636,695,549,437,508,335,563,315,617,313,NaN,NaN,NaN,NaN,NaN,NaN,NaN,NaN,NaN,NaN
646,5,1,636,685,546,430,507,332,564,315,617,313,NaN,NaN,NaN,NaN,NaN,NaN,NaN,NaN,NaN,NaN
647,5,0,637,690,548,430,511,332,567,315,620,313,NaN,NaN,NaN,NaN,NaN,NaN,NaN,NaN,NaN,NaN
648,5,0,660,695,550,431,515,334,571,317,624,315,NaN,NaN,NaN,NaN,NaN,NaN,NaN,NaN,NaN,NaN
649,5,0,657,695,552,433,518,336,573,319,626,317,NaN,NaN,NaN,NaN,NaN,NaN,NaN,NaN,NaN,NaN
650,5,0,654,695,553,436,521,340,576,323,630,321,NaN,NaN,NaN,NaN,NaN,NaN,NaN,NaN,NaN,NaN
651,5,0,652,695,555,439,525,344,580,326,633,324,NaN,NaN,NaN,NaN,NaN,NaN,NaN,NaN,NaN,NaN
652,5,0,649,695,557,441,527,346,582,329,636,326,NaN,NaN,NaN,NaN,NaN,NaN,NaN,NaN,NaN,NaN
653,5,0,645,695,558,444,529,348,585,331,640,328,NaN,NaN,NaN,NaN,NaN,NaN,NaN,NaN,NaN,NaN
654,5,0,642,695,559,447,532,350,588,333,642,331,NaN,NaN,NaN,NaN,NaN,NaN,NaN,NaN,NaN,NaN
655,5,0,639,695,560,449,534,353,590,335,644,333,NaN,NaN,NaN,NaN,NaN,NaN,NaN,NaN,NaN,NaN
656,5,0,630,695,562,453,537,356,593,338,647,335,NaN,NaN,NaN,NaN,NaN,NaN,NaN,NaN,NaN,NaN
657,5,0,628,695,563,456,540,359,595,341,650,338,NaN,NaN,NaN,NaN,NaN,NaN,NaN,NaN,NaN,NaN
658,5,0,625,695,564,459,543,362,598,344,653,341,NaN,NaN,NaN,NaN,NaN,NaN,NaN,NaN,NaN,NaN
659,5,0,624,695,565,462,545,364,601,346,656,343,NaN,NaN,NaN,NaN,NaN,NaN,NaN,NaN,NaN,NaN
660,5,0,622,695,566,464,548,366,603,348,659,345,NaN,NaN,NaN,NaN,NaN,NaN,NaN,NaN,NaN,NaN
661,5,0,620,695,567,466,550,368,605,350,661,347,NaN,NaN,NaN,NaN,NaN,NaN,NaN,NaN,NaN,NaN
662,5,0,619,695,568,467,552,370,607,352,662,349,NaN,NaN,NaN,NaN,NaN,NaN,NaN,NaN,NaN,NaN
663,5,0,616,695,568,468,554,372,609,353,664,350,NaN,NaN,NaN,NaN,NaN,NaN,NaN,NaN,NaN,NaN
664,5,0,614,695,568,470,557,374,611,356,666,352,NaN,NaN,NaN,NaN,NaN,NaN,NaN,NaN,NaN,NaN
665,5,0,612,695,569,472,559,377,613,359,668,355,NaN,NaN,NaN,NaN,NaN,NaN,NaN,NaN,NaN,NaN
666,5,0,610,695,568,475,560,380,615,362,670,358,NaN,NaN,NaN,NaN,NaN,NaN,NaN,NaN,NaN,NaN
667,5,0,606,695,567,478,561,383,616,365,671,361,NaN,NaN,NaN,NaN,NaN,NaN,NaN,NaN,NaN,NaN
668,5,0,602,695,566,481,562,388,616,368,671,365,NaN,NaN,NaN,NaN,NaN,NaN,NaN,NaN,NaN,NaN
669,5,0,599,695,565,484,563,392,617,372,672,369,NaN,NaN,NaN,NaN,NaN,NaN,NaN,NaN,NaN,NaN
670,5,0,596,695,565,489,564,395,618,376,673,372,NaN,NaN,NaN,NaN,NaN,NaN,NaN,NaN,NaN,NaN
671,5,0,594,695,564,492,565,399,620,380,675,376,NaN,NaN,NaN,NaN,NaN,NaN,NaN,NaN,NaN,NaN
672,5,0,593,695,564,496,567,403,621,384,677,379,NaN,NaN,NaN,NaN,NaN,NaN,NaN,NaN,NaN,NaN
673,5,0,592,695,565,499,569,406,623,387,679,382,NaN,NaN,NaN,NaN,NaN,NaN,NaN,NaN,NaN,NaN
674,5,0,592,695,566,503,571,410,625,390,681,385,NaN,NaN,NaN,NaN,NaN,NaN,NaN,NaN,NaN,NaN
675,5,0,591,695,567,506,573,413,627,393,683,388,NaN,NaN,NaN,NaN,NaN,NaN,NaN,NaN,NaN,NaN
676,5,0,591,695,567,509,575,416,629,396,686,391,NaN,NaN,NaN,NaN,NaN,NaN,NaN,NaN,NaN,NaN
677,5,0,592,695,569,511,578,419,632,399,688,394,NaN,NaN,NaN,NaN,NaN,NaN,NaN,NaN,NaN,NaN
678,5,0,593,695,570,513,581,422,634,402,691,396,NaN,NaN,NaN,NaN,NaN,NaN,NaN,NaN,NaN,NaN
679,5,0,595,695,573,515,584,425,639,404,695,399,NaN,NaN,NaN,NaN,NaN,NaN,NaN,NaN,NaN,NaN
680,5,0,599,695,576,516,592,426,643,405,701,400,NaN,NaN,NaN,NaN,NaN,NaN,NaN,NaN,NaN,NaN
681,5,0,600,695,579,516,594,427,647,406,705,401,NaN,NaN,NaN,NaN,NaN,NaN,NaN,NaN,NaN,NaN
682,5,0,603,695,581,516,597,428,651,407,709,402,NaN,NaN,NaN,NaN,NaN,NaN,NaN,NaN,NaN,NaN
683,5,0,605,695,583,515,601,429,654,408,712,403,NaN,NaN,NaN,NaN,NaN,NaN,NaN,NaN,NaN,NaN
684,5,0,605,695,582,516,602,432,656,410,715,404,NaN,NaN,NaN,NaN,NaN,NaN,NaN,NaN,NaN,NaN
685,5,0,603,695,584,518,602,435,654,413,715,407,NaN,NaN,NaN,NaN,NaN,NaN,NaN,NaN,NaN,NaN
686,5,0,601,695,582,521,601,440,654,416,714,411,NaN,NaN,NaN,NaN,NaN,NaN,NaN,NaN,NaN,NaN
687,5,0,600,695,581,524,601,444,654,421,714,415,NaN,NaN,NaN,NaN,NaN,NaN,NaN,NaN,NaN,NaN
688,5,0,598,695,580,527,600,447,654,424,715,418,NaN,NaN,NaN,NaN,NaN,NaN,NaN,NaN,NaN,NaN
689,5,0,597,695,579,531,599,451,655,428,716,421,NaN,NaN,NaN,NaN,NaN,NaN,NaN,NaN,NaN,NaN
690,5,1,597,695,579,529,599,451,655,428,716,421,NaN,NaN,NaN,NaN,NaN,NaN,NaN,NaN,NaN,NaN
691,5,0,597,695,580,533,601,453,657,430,718,423,NaN,NaN,NaN,NaN,NaN,NaN,NaN,NaN,NaN,NaN
692,5,0,596,695,582,537,603,456,659,433,721,425,NaN,NaN,NaN,NaN,NaN,NaN,NaN,NaN,NaN,NaN
693,5,0,597,695,584,541,606,459,663,435,725,427,NaN,NaN,NaN,NaN,NaN,NaN,NaN,NaN,NaN,NaN
694,5,0,598,695,586,545,608,461,665,437,728,429,NaN,NaN,NaN,NaN,NaN,NaN,NaN,NaN,NaN,NaN
695,5,0,598,695,587,548,611,463,668,438,732,430,NaN,NaN,NaN,NaN,NaN,NaN,NaN,NaN,NaN,NaN
696,5,0,599,695,589,551,614,464,671,440,736,431,NaN,NaN,NaN,NaN,NaN,NaN,NaN,NaN,NaN,NaN
697,5,0,600,695,591,553,617,466,674,441,739,432,NaN,NaN,NaN,NaN,NaN,NaN,NaN,NaN,NaN,NaN
698,5,0,601,695,592,556,619,468,677,442,742,433,NaN,NaN,NaN,NaN,NaN,NaN,NaN,NaN,NaN,NaN
699,5,0,602,695,594,558,621,469,680,443,745,434,NaN,NaN,NaN,NaN,NaN,NaN,NaN,NaN,NaN,NaN
700,5,0,603,695,596,560,624,470,683,444,749,435,NaN,NaN,NaN,NaN,NaN,NaN,NaN,NaN,NaN,NaN
701,5,0,604,695,598,562,627,471,686,445,752,436,NaN,NaN,NaN,NaN,NaN,NaN,NaN,NaN,NaN,NaN
702,5,0,604,695,599,564,629,472,689,446,755,437,NaN,NaN,NaN,NaN,NaN,NaN,NaN,NaN,NaN,NaN
703,5,0,603,695,600,567,631,474,691,448,758,438,NaN,NaN,NaN,NaN,NaN,NaN,NaN,NaN,NaN,NaN
704,5,0,604,695,601,571,632,476,693,450,761,440,NaN,NaN,NaN,NaN,NaN,NaN,NaN,NaN,NaN,NaN
705,5,0,604,695,601,575,635,479,696,453,765,442,NaN,NaN,NaN,NaN,NaN,NaN,NaN,NaN,NaN,NaN
706,5,0,604,695,602,580,637,483,699,456,768,445,NaN,NaN,NaN,NaN,NaN,NaN,NaN,NaN,NaN,NaN
707,5,0,605,695,603,585,639,486,701,458,772,447,NaN,NaN,NaN,NaN,NaN,NaN,NaN,NaN,NaN,NaN
708,5,0,607,695,606,589,644,489,707,460,776,449,NaN,NaN,NaN,NaN,NaN,NaN,NaN,NaN,NaN,NaN
709,5,0,611,695,610,594,649,492,712,463,783,451,NaN,NaN,NaN,NaN,NaN,NaN,NaN,NaN,NaN,NaN
710,5,0,616,695,616,600,655,496,719,467,791,454,NaN,NaN,NaN,NaN,NaN,NaN,NaN,NaN,NaN,NaN
711,5,0,621,695,620,606,661,500,725,470,797,456,NaN,NaN,NaN,NaN,NaN,NaN,NaN,NaN,NaN,NaN
712,5,0,625,695,624,610,665,502,730,472,803,458,NaN,NaN,NaN,NaN,NaN,NaN,NaN,NaN,NaN,NaN
713,5,0,629,695,628,614,669,505,735,474,807,460,NaN,NaN,NaN,NaN,NaN,NaN,NaN,NaN,NaN,NaN
714,5,0,632,695,631,617,673,506,739,476,812,461,NaN,NaN,NaN,NaN,NaN,NaN,NaN,NaN,NaN,NaN
715,5,0,636,695,635,620,677,508,743,477,816,462,NaN,NaN,NaN,NaN,NaN,NaN,NaN,NaN,NaN,NaN
716,5,0,640,695,639,623,682,509,747,478,821,463,NaN,NaN,NaN,NaN,NaN,NaN,NaN,NaN,NaN,NaN
717,5,0,645,695,643,625,686,510,752,479,826,464,NaN,NaN,NaN,NaN,NaN,NaN,NaN,NaN,NaN,NaN
718,5,0,649,695,647,626,691,510,757,478,831,464,NaN,NaN,NaN,NaN,NaN,NaN,NaN,NaN,NaN,NaN
719,5,0,654,695,651,627,695,510,762,478,836,463,NaN,NaN,NaN,NaN,NaN,NaN,NaN,NaN,NaN,NaN
720,5,0,658,695,656,628,699,510,766,478,840,463,NaN,NaN,NaN,NaN,NaN,NaN,NaN,NaN,NaN,NaN
721,5,0,665,695,662,632,706,513,773,480,847,465,NaN,NaN,NaN,NaN,NaN,NaN,NaN,NaN,NaN,NaN
722,5,0,673,695,668,638,713,517,780,483,855,468,NaN,NaN,NaN,NaN,NaN,NaN,NaN,NaN,NaN,NaN
723,5,0,679,695,676,647,722,522,789,489,864,472,NaN,NaN,NaN,NaN,NaN,NaN,NaN,NaN,NaN,NaN
724,5,0,686,695,684,654,727,526,796,492,871,475,NaN,NaN,NaN,NaN,NaN,NaN,NaN,NaN,NaN,NaN
725,5,0,690,695,689,660,732,530,801,495,877,477,NaN,NaN,NaN,NaN,NaN,NaN,NaN,NaN,NaN,NaN
726,5,0,695,695,693,666,737,533,806,498,882,479,NaN,NaN,NaN,NaN,NaN,NaN,NaN,NaN,NaN,NaN
727,5,0,701,695,697,672,741,537,811,501,887,481,NaN,NaN,NaN,NaN,NaN,NaN,NaN,NaN,NaN,NaN
728,5,0,705,695,702,679,746,541,816,504,893,484,NaN,NaN,NaN,NaN,NaN,NaN,NaN,NaN,NaN,NaN
729,4,1,705,695,746,541,816,504,893,484,NaN,NaN,NaN,NaN,NaN,NaN,NaN,NaN,NaN,NaN,NaN,NaN
730,7,0,711,695,751,544,821,506,899,486,974,442,947,405,941,392,NaN,NaN,NaN,NaN,NaN,NaN
731,7,0,716,695,755,546,826,508,903,486,979,444,952,406,945,393,NaN,NaN,NaN,NaN,NaN,NaN
732,7,0,722,695,759,548,831,509,908,488,984,446,957,407,950,393,NaN,NaN,NaN,NaN,NaN,NaN
733,7,0,725,695,762,549,835,510,913,488,989,447,961,407,953,394,NaN,NaN,NaN,NaN,NaN,NaN
734,7,0,729,695,766,549,839,511,917,488,993,448,964,408,956,394,NaN,NaN,NaN,NaN,NaN,NaN
735,7,0,732,695,768,551,842,512,920,488,997,448,968,408,959,394,NaN,NaN,NaN,NaN,NaN,NaN
736,7,0,735,695,772,551,847,513,924,488,1001,449,971,408,962,394,NaN,NaN,NaN,NaN,NaN,NaN
737,7,0,737,695,774,552,850,513,928,489,1005,449,975,408,964,394,NaN,NaN,NaN,NaN,NaN,NaN
738,7,0,740,695,777,553,853,514,932,490,1009,450,978,408,967,394,NaN,NaN,NaN,NaN,NaN,NaN
739,7,0,743,695,779,556,857,516,936,490,1013,452,981,409,969,395,NaN,NaN,NaN,NaN,NaN,NaN
740,7,0,746,695,783,559,859,519,940,493,1017,457,984,411,972,397,NaN,NaN,NaN,NaN,NaN,NaN
741,7,0,750,695,785,564,863,524,945,497,1020,461,987,414,976,400,NaN,NaN,NaN,NaN,NaN,NaN
742,7,0,753,695,788,567,867,526,949,498,1025,463,991,416,978,401,NaN,NaN,NaN,NaN,NaN,NaN
743,7,0,757,695,791,570,872,530,955,501,1030,467,996,417,983,402,NaN,NaN,NaN,NaN,NaN,NaN
744,7,0,760,695,793,573,876,532,959,502,1035,469,1000,418,986,403,NaN,NaN,NaN,NaN,NaN,NaN
745,7,0,763,695,796,576,880,534,963,504,1039,473,1002,419,988,403,NaN,NaN,NaN,NaN,NaN,NaN
746,7,0,766,695,798,579,883,537,968,505,1042,476,1006,420,989,403,NaN,NaN,NaN,NaN,NaN,NaN
747,7,0,768,695,801,582,886,539,971,506,1046,478,1009,421,991,404,NaN,NaN,NaN,NaN,NaN,NaN
748,7,0,771,695,804,584,889,540,974,506,1050,481,1012,421,992,404,NaN,NaN,NaN,NaN,NaN,NaN
749,7,0,773,695,806,585,893,541,978,507,1053,482,1015,421,993,403,NaN,NaN,NaN,NaN,NaN,NaN
750,7,0,776,695,809,586,896,542,983,507,1057,484,1019,420,995,403,NaN,NaN,NaN,NaN,NaN,NaN
751,7,0,779,695,812,587,900,542,987,507,1062,484,1022,420,996,401,NaN,NaN,NaN,NaN,NaN,NaN
752,7,0,781,695,815,587,903,542,991,507,1066,485,1026,419,996,400,NaN,NaN,NaN,NaN,NaN,NaN
753,7,0,783,695,817,588,906,542,995,506,1070,485,1029,418,997,399,NaN,NaN,NaN,NaN,NaN,NaN
754,7,0,784,695,819,587,908,542,999,506,1074,484,1033,417,997,398,NaN,NaN,NaN,NaN,NaN,NaN
755,7,0,787,695,823,589,911,543,1003,507,1078,487,1035,419,997,400,NaN,NaN,NaN,NaN,NaN,NaN
756,7,0,790,695,825,593,915,546,1008,510,1083,490,1038,421,997,401,NaN,NaN,NaN,NaN,NaN,NaN
757,7,0,792,695,828,597,918,550,1013,513,1088,494,1039,424,998,404,NaN,NaN,NaN,NaN,NaN,NaN
758,7,0,795,695,831,603,922,555,1019,518,1094,499,1041,427,999,407,NaN,NaN,NaN,NaN,NaN,NaN
759,7,0,798,695,835,607,926,559,1025,521,1099,503,1042,429,1000,409,NaN,NaN,NaN,NaN,NaN,NaN
760,7,0,798,695,836,610,928,561,1029,523,1103,506,1041,429,999,409,NaN,NaN,NaN,NaN,NaN,NaN
761,7,0,800,695,838,613,931,562,1034,524,1108,509,1041,429,999,409,NaN,NaN,NaN,NaN,NaN,NaN
762,7,0,801,695,840,616,933,564,1039,524,1113,512,1041,428,999,408,NaN,NaN,NaN,NaN,NaN,NaN
763,7,0,801,695,842,619,936,566,1045,525,1116,515,1041,427,999,407,NaN,NaN,NaN,NaN,NaN,NaN
764,7,0,802,695,843,621,938,568,1050,526,1120,518,1040,426,998,406,NaN,NaN,NaN,NaN,NaN,NaN
765,7,0,801,695,844,623,939,569,1052,526,1123,521,1039,425,997,405,NaN,NaN,NaN,NaN,NaN,NaN
766,7,0,799,695,840,624,940,569,1050,525,1124,522,1032,423,991,403,NaN,NaN,NaN,NaN,NaN,NaN
767,7,0,793,695,837,625,933,569,1045,523,1121,524,1026,421,985,401,NaN,NaN,NaN,NaN,NaN,NaN
768,7,0,789,695,835,626,932,569,1043,522,1061,464,1021,420,982,400,NaN,NaN,NaN,NaN,NaN,NaN
769,7,1,789,695,836,625,933,569,1045,522,1061,464,1021,420,982,400,NaN,NaN,NaN,NaN,NaN,NaN
770,7,0,792,695,834,627,931,570,1043,522,1058,463,1017,419,978,399,NaN,NaN,NaN,NaN,NaN,NaN
771,7,0,794,695,832,629,929,571,1040,522,1056,463,1014,418,976,398,NaN,NaN,NaN,NaN,NaN,NaN
772,7,0,797,695,830,632,928,573,1038,523,1053,462,1011,418,973,398,NaN,NaN,NaN,NaN,NaN,NaN
773,7,0,798,695,826,636,926,575,1035,524,1048,464,1003,419,968,399,NaN,NaN,NaN,NaN,NaN,NaN
774,7,0,797,695,821,639,921,578,1031,525,1041,464,998,419,962,399,NaN,NaN,NaN,NaN,NaN,NaN
775,7,0,793,695,817,644,916,581,1023,527,1034,465,992,420,956,401,NaN,NaN,NaN,NaN,NaN,NaN
776,7,0,793,695,813,651,912,585,1018,530,1029,466,985,422,951,403,NaN,NaN,NaN,NaN,NaN,NaN
777,7,0,794,695,809,657,908,592,1015,533,1024,470,979,423,945,404,NaN,NaN,NaN,NaN,NaN,NaN
778,7,0,792,695,805,664,904,597,1011,536,1019,471,975,425,940,405,NaN,NaN,NaN,NaN,NaN,NaN
779,7,0,790,695,801,673,900,603,1007,540,1015,474,970,427,936,407,NaN,NaN,NaN,NaN,NaN,NaN
780,7,0,789,695,797,680,896,609,1003,543,1010,475,965,428,931,408,NaN,NaN,NaN,NaN,NaN,NaN
781,6,1,789,695,896,609,1003,543,1010,475,965,428,931,408,NaN,NaN,NaN,NaN,NaN,NaN,NaN,NaN
782,6,0,794,695,893,613,1000,545,1006,476,961,428,927,408,NaN,NaN,NaN,NaN,NaN,NaN,NaN,NaN
783,6,0,797,695,890,616,996,546,1002,476,957,428,923,409,NaN,NaN,NaN,NaN,NaN,NaN,NaN,NaN
784,6,0,800,695,887,618,992,547,998,476,952,428,919,408,NaN,NaN,NaN,NaN,NaN,NaN,NaN,NaN
785,6,0,804,695,885,621,989,548,995,477,948,429,914,408,NaN,NaN,NaN,NaN,NaN,NaN,NaN,NaN
786,6,0,807,695,884,624,986,548,991,477,945,428,911,408,NaN,NaN,NaN,NaN,NaN,NaN,NaN,NaN
787,6,0,809,695,883,626,985,549,989,477,942,428,908,408,NaN,NaN,NaN,NaN,NaN,NaN,NaN,NaN
788,6,0,811,695,882,627,983,549,987,476,940,428,906,407,NaN,NaN,NaN,NaN,NaN,NaN,NaN,NaN
789,6,0,811,695,881,626,982,547,985,475,937,426,904,406,NaN,NaN,NaN,NaN,NaN,NaN,NaN,NaN
790,6,0,813,695,882,627,981,547,983,473,935,425,901,404,NaN,NaN,NaN,NaN,NaN,NaN,NaN,NaN
791,6,0,814,695,882,625,980,544,982,471,933,422,899,402,NaN,NaN,NaN,NaN,NaN,NaN,NaN,NaN
792,6,0,815,694,882,623,979,541,979,467,931,419,897,399,NaN,NaN,NaN,NaN,NaN,NaN,NaN,NaN
793,6,0,815,692,881,620,977,537,976,462,927,414,894,394,NaN,NaN,NaN,NaN,NaN,NaN,NaN,NaN
794,6,0,810,688,877,615,971,530,966,456,922,408,887,388,NaN,NaN,NaN,NaN,NaN,NaN,NaN,NaN
795,6,0,804,683,871,609,963,522,957,448,912,400,877,380,NaN,NaN,NaN,NaN,NaN,NaN,NaN,NaN
796,6,0,795,656,999,625,955,499,928,419,906,386,867,366,NaN,NaN,NaN,NaN,NaN,NaN,NaN,NaN
797,6,0,786,629,990,601,942,475,916,395,892,362,853,342,NaN,NaN,NaN,NaN,NaN,NaN,NaN,NaN
798,6,0,775,601,852,556,930,442,904,364,884,332,844,312,NaN,NaN,NaN,NaN,NaN,NaN,NaN,NaN
799,6,0,773,576,846,533,914,413,894,339,905,294,831,277,NaN,NaN,NaN,NaN,NaN,NaN,NaN,NaN
800,6,0,765,551,937,541,903,384,953,338,892,264,818,248,NaN,NaN,NaN,NaN,NaN,NaN,NaN,NaN
801,6,0,758,527,929,514,892,356,963,333,880,235,806,221,NaN,NaN,NaN,NaN,NaN,NaN,NaN,NaN
802,6,0,750,506,923,492,882,330,994,306,867,209,793,194,NaN,NaN,NaN,NaN,NaN,NaN,NaN,NaN
803,6,0,742,485,915,468,874,306,985,279,857,182,783,167,NaN,NaN,NaN,NaN,NaN,NaN,NaN,NaN
804,6,0,730,459,909,442,868,276,980,250,852,150,778,135,NaN,NaN,NaN,NaN,NaN,NaN,NaN,NaN
805,6,0,674,413,913,392,1030,261,993,313,868,109,788,111,NaN,NaN,NaN,NaN,NaN,NaN,NaN,NaN
806,6,0,801,594,919,283,1088,220,996,245,939,31,796,23,NaN,NaN,NaN,NaN,NaN,NaN,NaN,NaN
807,0,0,NaN,NaN,NaN,NaN,NaN,NaN,NaN,NaN,NaN,NaN,NaN,NaN,NaN,NaN,NaN,NaN,NaN,NaN,NaN,NaN
808,0,0,NaN,NaN,NaN,NaN,NaN,NaN,NaN,NaN,NaN,NaN,NaN,NaN,NaN,NaN,NaN,NaN,NaN,NaN,NaN,NaN
809,0,0,NaN,NaN,NaN,NaN,NaN,NaN,NaN,NaN,NaN,NaN,NaN,NaN,NaN,NaN,NaN,NaN,NaN,NaN,NaN,NaN
810,0,0,NaN,NaN,NaN,NaN,NaN,NaN,NaN,NaN,NaN,NaN,NaN,NaN,NaN,NaN,NaN,NaN,NaN,NaN,NaN,NaN
811,0,0,NaN,NaN,NaN,NaN,NaN,NaN,NaN,NaN,NaN,NaN,NaN,NaN,NaN,NaN,NaN,NaN,NaN,NaN,NaN,NaN
812,0,0,NaN,NaN,NaN,NaN,NaN,NaN,NaN,NaN,NaN,NaN,NaN,NaN,NaN,NaN,NaN,NaN,NaN,NaN,NaN,NaN
813,0,0,NaN,NaN,NaN,NaN,NaN,NaN,NaN,NaN,NaN,NaN,NaN,NaN,NaN,NaN,NaN,NaN,NaN,NaN,NaN,NaN
814,0,0,NaN,NaN,NaN,NaN,NaN,NaN,NaN,NaN,NaN,NaN,NaN,NaN,NaN,NaN,NaN,NaN,NaN,NaN,NaN,NaN
815,0,0,NaN,NaN,NaN,NaN,NaN,NaN,NaN,NaN,NaN,NaN,NaN,NaN,NaN,NaN,NaN,NaN,NaN,NaN,NaN,NaN
816,0,0,NaN,NaN,NaN,NaN,NaN,NaN,NaN,NaN,NaN,NaN,NaN,NaN,NaN,NaN,NaN,NaN,NaN,NaN,NaN,NaN
817,0,0,NaN,NaN,NaN,NaN,NaN,NaN,NaN,NaN,NaN,NaN,NaN,NaN,NaN,NaN,NaN,NaN,NaN,NaN,NaN,NaN
818,0,0,NaN,NaN,NaN,NaN,NaN,NaN,NaN,NaN,NaN,NaN,NaN,NaN,NaN,NaN,NaN,NaN,NaN,NaN,NaN,NaN
819,0,0,NaN,NaN,NaN,NaN,NaN,NaN,NaN,NaN,NaN,NaN,NaN,NaN,NaN,NaN,NaN,NaN,NaN,NaN,NaN,NaN
820,0,0,NaN,NaN,NaN,NaN,NaN,NaN,NaN,NaN,NaN,NaN,NaN,NaN,NaN,NaN,NaN,NaN,NaN,NaN,NaN,NaN
821,0,0,NaN,NaN,NaN,NaN,NaN,NaN,NaN,NaN,NaN,NaN,NaN,NaN,NaN,NaN,NaN,NaN,NaN,NaN,NaN,NaN
822,0,0,NaN,NaN,NaN,NaN,NaN,NaN,NaN,NaN,NaN,NaN,NaN,NaN,NaN,NaN,NaN,NaN,NaN,NaN,NaN,NaN
823,0,0,NaN,NaN,NaN,NaN,NaN,NaN,NaN,NaN,NaN,NaN,NaN,NaN,NaN,NaN,NaN,NaN,NaN,NaN,NaN,NaN
824,0,0,NaN,NaN,NaN,NaN,NaN,NaN,NaN,NaN,NaN,NaN,NaN,NaN,NaN,NaN,NaN,NaN,NaN,NaN,NaN,NaN
825,0,0,NaN,NaN,NaN,NaN,NaN,NaN,NaN,NaN,NaN,NaN,NaN,NaN,NaN,NaN,NaN,NaN,NaN,NaN,NaN,NaN
826,0,0,NaN,NaN,NaN,NaN,NaN,NaN,NaN,NaN,NaN,NaN,NaN,NaN,NaN,NaN,NaN,NaN,NaN,NaN,NaN,NaN
827,-870674239,0,NaN,NaN,NaN,NaN,NaN,NaN,NaN,NaN,NaN,NaN,NaN,NaN,NaN,NaN,NaN,NaN,NaN,NaN,NaN,NaN
