Frame,#ofPoints,ManualInput,X1,Y1,X2,Y2,X3,Y3,X4,Y4,X5,Y5,X6,Y6,X7,Y7,X8,Y8,X9,Y9,X10,Y10
0,4,1,673,706,728,529,676,459,720,412,NaN,NaN,NaN,NaN,NaN,NaN,NaN,NaN,NaN,NaN,NaN,NaN
1,4,0,682,695,730,529,678,459,721,412,NaN,NaN,NaN,NaN,NaN,NaN,NaN,NaN,NaN,NaN,NaN,NaN
2,4,0,682,695,730,529,678,459,721,412,NaN,NaN,NaN,NaN,NaN,NaN,NaN,NaN,NaN,NaN,NaN,NaN
3,4,0,686,695,730,528,678,459,721,412,NaN,NaN,NaN,NaN,NaN,NaN,NaN,NaN,NaN,NaN,NaN,NaN
4,4,0,690,695,732,527,679,459,722,412,NaN,NaN,NaN,NaN,NaN,NaN,NaN,NaN,NaN,NaN,NaN,NaN
5,4,0,693,695,732,527,680,458,722,412,NaN,NaN,NaN,NaN,NaN,NaN,NaN,NaN,NaN,NaN,NaN,NaN
6,4,0,697,695,734,526,680,458,723,412,NaN,NaN,NaN,NaN,NaN,NaN,NaN,NaN,NaN,NaN,NaN,NaN
7,4,0,700,695,735,525,681,458,723,412,NaN,NaN,NaN,NaN,NaN,NaN,NaN,NaN,NaN,NaN,NaN,NaN
8,4,0,704,695,736,526,682,458,724,412,NaN,NaN,NaN,NaN,NaN,NaN,NaN,NaN,NaN,NaN,NaN,NaN
9,4,0,708,695,737,526,683,459,725,412,NaN,NaN,NaN,NaN,NaN,NaN,NaN,NaN,NaN,NaN,NaN,NaN
10,4,0,712,695,738,527,683,460,726,412,NaN,NaN,NaN,NaN,NaN,NaN,NaN,NaN,NaN,NaN,NaN,NaN
11,4,0,716,695,740,529,684,461,726,413,NaN,NaN,NaN,NaN,NaN,NaN,NaN,NaN,NaN,NaN,NaN,NaN
12,4,0,719,695,740,531,684,463,726,415,NaN,NaN,NaN,NaN,NaN,NaN,NaN,NaN,NaN,NaN,NaN,NaN
13,4,0,722,695,740,534,684,464,726,416,NaN,NaN,NaN,NaN,NaN,NaN,NaN,NaN,NaN,NaN,NaN,NaN
14,4,0,725,695,741,535,683,466,726,416,NaN,NaN,NaN,NaN,NaN,NaN,NaN,NaN,NaN,NaN,NaN,NaN
15,4,0,728,695,741,537,684,467,726,417,NaN,NaN,NaN,NaN,NaN,NaN,NaN,NaN,NaN,NaN,NaN,NaN
16,4,0,731,695,742,539,684,469,726,418,NaN,NaN,NaN,NaN,NaN,NaN,NaN,NaN,NaN,NaN,NaN,NaN
17,4,0,733,695,741,540,683,471,726,419,NaN,NaN,NaN,NaN,NaN,NaN,NaN,NaN,NaN,NaN,NaN,NaN
18,4,0,735,695,741,541,683,472,725,420,NaN,NaN,NaN,NaN,NaN,NaN,NaN,NaN,NaN,NaN,NaN,NaN
19,4,0,736,695,741,542,682,472,725,421,NaN,NaN,NaN,NaN,NaN,NaN,NaN,NaN,NaN,NaN,NaN,NaN
20,4,0,736,695,740,542,681,473,724,421,NaN,NaN,NaN,NaN,NaN,NaN,NaN,NaN,NaN,NaN,NaN,NaN
21,4,0,737,695,739,542,681,473,723,421,NaN,NaN,NaN,NaN,NaN,NaN,NaN,NaN,NaN,NaN,NaN,NaN
22,4,0,737,695,738,541,680,473,722,420,NaN,NaN,NaN,NaN,NaN,NaN,NaN,NaN,NaN,NaN,NaN,NaN
23,4,0,738,695,738,540,680,472,722,420,NaN,NaN,NaN,NaN,NaN,NaN,NaN,NaN,NaN,NaN,NaN,NaN
24,4,0,738,695,737,539,679,472,721,420,NaN,NaN,NaN,NaN,NaN,NaN,NaN,NaN,NaN,NaN,NaN,NaN
25,4,0,739,695,736,539,678,472,720,420,NaN,NaN,NaN,NaN,NaN,NaN,NaN,NaN,NaN,NaN,NaN,NaN
26,4,0,739,695,735,540,677,473,720,421,NaN,NaN,NaN,NaN,NaN,NaN,NaN,NaN,NaN,NaN,NaN,NaN
27,4,0,739,695,733,541,676,474,718,422,NaN,NaN,NaN,NaN,NaN,NaN,NaN,NaN,NaN,NaN,NaN,NaN
28,4,0,739,695,731,543,674,476,717,423,NaN,NaN,NaN,NaN,NaN,NaN,NaN,NaN,NaN,NaN,NaN,NaN
29,4,0,739,695,730,545,673,478,716,424,NaN,NaN,NaN,NaN,NaN,NaN,NaN,NaN,NaN,NaN,NaN,NaN
30,4,0,741,695,729,548,672,480,716,425,NaN,NaN,NaN,NaN,NaN,NaN,NaN,NaN,NaN,NaN,NaN,NaN
31,4,0,742,695,729,551,672,483,715,427,NaN,NaN,NaN,NaN,NaN,NaN,NaN,NaN,NaN,NaN,NaN,NaN
32,4,0,742,695,728,553,671,484,715,428,NaN,NaN,NaN,NaN,NaN,NaN,NaN,NaN,NaN,NaN,NaN,NaN
33,4,0,743,695,727,555,670,486,714,429,NaN,NaN,NaN,NaN,NaN,NaN,NaN,NaN,NaN,NaN,NaN,NaN
34,4,0,744,695,726,558,670,489,713,431,NaN,NaN,NaN,NaN,NaN,NaN,NaN,NaN,NaN,NaN,NaN,NaN
35,4,0,744,695,726,560,669,490,712,432,NaN,NaN,NaN,NaN,NaN,NaN,NaN,NaN,NaN,NaN,NaN,NaN
36,4,0,745,695,725,562,668,492,711,434,NaN,NaN,NaN,NaN,NaN,NaN,NaN,NaN,NaN,NaN,NaN,NaN
37,4,0,746,695,724,563,667,494,710,435,NaN,NaN,NaN,NaN,NaN,NaN,NaN,NaN,NaN,NaN,NaN,NaN
38,4,0,747,695,723,564,667,495,709,436,NaN,NaN,NaN,NaN,NaN,NaN,NaN,NaN,NaN,NaN,NaN,NaN
39,4,0,748,695,723,565,666,496,709,437,NaN,NaN,NaN,NaN,NaN,NaN,NaN,NaN,NaN,NaN,NaN,NaN
40,4,0,749,695,722,565,666,496,708,437,NaN,NaN,NaN,NaN,NaN,NaN,NaN,NaN,NaN,NaN,NaN,NaN
41,4,0,750,695,722,565,665,497,707,438,NaN,NaN,NaN,NaN,NaN,NaN,NaN,NaN,NaN,NaN,NaN,NaN
42,4,0,752,695,722,564,665,498,707,438,NaN,NaN,NaN,NaN,NaN,NaN,NaN,NaN,NaN,NaN,NaN,NaN
43,4,0,753,695,722,565,665,498,707,439,NaN,NaN,NaN,NaN,NaN,NaN,NaN,NaN,NaN,NaN,NaN,NaN
44,4,0,755,695,722,565,665,499,706,440,NaN,NaN,NaN,NaN,NaN,NaN,NaN,NaN,NaN,NaN,NaN,NaN
45,4,0,758,695,722,566,665,500,706,441,NaN,NaN,NaN,NaN,NaN,NaN,NaN,NaN,NaN,NaN,NaN,NaN
46,4,0,760,695,722,568,665,503,706,443,NaN,NaN,NaN,NaN,NaN,NaN,NaN,NaN,NaN,NaN,NaN,NaN
47,4,0,762,695,722,571,665,506,705,446,NaN,NaN,NaN,NaN,NaN,NaN,NaN,NaN,NaN,NaN,NaN,NaN
48,4,0,764,695,722,574,664,509,704,448,NaN,NaN,NaN,NaN,NaN,NaN,NaN,NaN,NaN,NaN,NaN,NaN
49,4,0,765,695,721,577,663,512,703,451,NaN,NaN,NaN,NaN,NaN,NaN,NaN,NaN,NaN,NaN,NaN,NaN
50,4,0,766,695,720,581,662,515,702,453,NaN,NaN,NaN,NaN,NaN,NaN,NaN,NaN,NaN,NaN,NaN,NaN
51,4,0,767,695,719,583,661,518,701,455,NaN,NaN,NaN,NaN,NaN,NaN,NaN,NaN,NaN,NaN,NaN,NaN
52,4,0,767,695,717,586,660,520,700,457,NaN,NaN,NaN,NaN,NaN,NaN,NaN,NaN,NaN,NaN,NaN,NaN
53,4,0,768,695,716,589,658,523,699,459,NaN,NaN,NaN,NaN,NaN,NaN,NaN,NaN,NaN,NaN,NaN,NaN
54,4,0,768,695,715,591,658,526,697,461,NaN,NaN,NaN,NaN,NaN,NaN,NaN,NaN,NaN,NaN,NaN,NaN
55,4,0,768,695,713,593,656,528,696,463,NaN,NaN,NaN,NaN,NaN,NaN,NaN,NaN,NaN,NaN,NaN,NaN
56,4,1,768,695,712,592,656,528,696,463,NaN,NaN,NaN,NaN,NaN,NaN,NaN,NaN,NaN,NaN,NaN,NaN
57,5,0,764,695,710,594,654,530,694,465,678,453,NaN,NaN,NaN,NaN,NaN,NaN,NaN,NaN,NaN,NaN
58,5,0,761,695,708,594,653,532,693,467,677,454,NaN,NaN,NaN,NaN,NaN,NaN,NaN,NaN,NaN,NaN
59,5,0,757,695,706,595,651,534,691,468,675,455,NaN,NaN,NaN,NaN,NaN,NaN,NaN,NaN,NaN,NaN
60,5,0,754,695,705,596,649,534,689,471,674,456,NaN,NaN,NaN,NaN,NaN,NaN,NaN,NaN,NaN,NaN
61,5,0,750,695,703,596,648,536,688,472,673,458,NaN,NaN,NaN,NaN,NaN,NaN,NaN,NaN,NaN,NaN
62,5,0,747,695,701,597,647,537,686,473,671,459,NaN,NaN,NaN,NaN,NaN,NaN,NaN,NaN,NaN,NaN
63,5,0,744,695,699,598,644,539,685,475,670,460,NaN,NaN,NaN,NaN,NaN,NaN,NaN,NaN,NaN,NaN
64,5,0,740,695,697,599,643,540,684,477,668,462,NaN,NaN,NaN,NaN,NaN,NaN,NaN,NaN,NaN,NaN
65,5,0,736,695,695,601,641,543,682,480,666,463,NaN,NaN,NaN,NaN,NaN,NaN,NaN,NaN,NaN,NaN
66,5,0,731,695,692,603,638,545,680,482,664,465,NaN,NaN,NaN,NaN,NaN,NaN,NaN,NaN,NaN,NaN
67,5,0,728,695,689,606,636,548,678,484,663,467,NaN,NaN,NaN,NaN,NaN,NaN,NaN,NaN,NaN,NaN
68,5,0,725,695,688,609,635,551,677,487,662,470,NaN,NaN,NaN,NaN,NaN,NaN,NaN,NaN,NaN,NaN
69,5,0,723,695,687,612,634,555,676,491,662,472,NaN,NaN,NaN,NaN,NaN,NaN,NaN,NaN,NaN,NaN
70,5,0,721,695,686,615,633,558,676,494,661,475,NaN,NaN,NaN,NaN,NaN,NaN,NaN,NaN,NaN,NaN
71,5,0,719,695,684,619,632,562,674,497,659,477,NaN,NaN,NaN,NaN,NaN,NaN,NaN,NaN,NaN,NaN
72,5,0,717,695,682,621,631,565,672,500,658,479,NaN,NaN,NaN,NaN,NaN,NaN,NaN,NaN,NaN,NaN
73,5,0,716,695,681,623,629,567,671,502,657,481,NaN,NaN,NaN,NaN,NaN,NaN,NaN,NaN,NaN,NaN
74,5,0,715,695,680,625,628,570,670,505,656,483,NaN,NaN,NaN,NaN,NaN,NaN,NaN,NaN,NaN,NaN
75,5,0,714,695,678,625,627,572,669,507,654,485,NaN,NaN,NaN,NaN,NaN,NaN,NaN,NaN,NaN,NaN
76,5,0,714,695,677,626,625,573,668,509,653,486,NaN,NaN,NaN,NaN,NaN,NaN,NaN,NaN,NaN,NaN
77,5,0,714,695,676,624,625,573,668,509,653,486,NaN,NaN,NaN,NaN,NaN,NaN,NaN,NaN,NaN,NaN
78,5,0,715,695,675,623,625,574,667,510,653,487,NaN,NaN,NaN,NaN,NaN,NaN,NaN,NaN,NaN,NaN
79,5,0,716,695,675,623,624,575,666,513,653,488,NaN,NaN,NaN,NaN,NaN,NaN,NaN,NaN,NaN,NaN
80,5,0,718,695,674,625,624,578,666,516,652,491,NaN,NaN,NaN,NaN,NaN,NaN,NaN,NaN,NaN,NaN
81,5,1,718,695,673,623,624,578,666,516,652,491,NaN,NaN,NaN,NaN,NaN,NaN,NaN,NaN,NaN,NaN
82,5,0,716,695,674,626,624,581,666,518,652,493,NaN,NaN,NaN,NaN,NaN,NaN,NaN,NaN,NaN,NaN
83,5,0,713,695,675,630,625,584,666,521,651,495,NaN,NaN,NaN,NaN,NaN,NaN,NaN,NaN,NaN,NaN
84,5,0,711,695,675,633,625,586,666,522,651,497,NaN,NaN,NaN,NaN,NaN,NaN,NaN,NaN,NaN,NaN
85,5,0,707,695,676,638,625,590,665,525,650,500,NaN,NaN,NaN,NaN,NaN,NaN,NaN,NaN,NaN,NaN
86,5,0,703,695,676,643,625,594,664,528,648,503,NaN,NaN,NaN,NaN,NaN,NaN,NaN,NaN,NaN,NaN
87,5,0,699,695,676,648,624,598,663,531,648,505,NaN,NaN,NaN,NaN,NaN,NaN,NaN,NaN,NaN,NaN
88,5,0,697,695,677,652,625,601,663,533,647,507,NaN,NaN,NaN,NaN,NaN,NaN,NaN,NaN,NaN,NaN
89,5,0,694,695,677,656,625,604,663,536,647,509,NaN,NaN,NaN,NaN,NaN,NaN,NaN,NaN,NaN,NaN
90,5,0,692,695,677,660,625,607,662,538,647,511,NaN,NaN,NaN,NaN,NaN,NaN,NaN,NaN,NaN,NaN
91,5,0,689,695,677,663,624,609,661,539,646,512,NaN,NaN,NaN,NaN,NaN,NaN,NaN,NaN,NaN,NaN
92,5,0,686,695,676,666,623,611,660,541,644,513,NaN,NaN,NaN,NaN,NaN,NaN,NaN,NaN,NaN,NaN
93,5,0,684,695,675,669,622,613,658,542,643,515,NaN,NaN,NaN,NaN,NaN,NaN,NaN,NaN,NaN,NaN
94,5,0,682,695,674,671,621,615,657,543,642,516,NaN,NaN,NaN,NaN,NaN,NaN,NaN,NaN,NaN,NaN
95,5,0,680,695,673,673,620,616,656,544,640,517,NaN,NaN,NaN,NaN,NaN,NaN,NaN,NaN,NaN,NaN
96,5,0,678,695,671,675,619,617,655,545,639,518,NaN,NaN,NaN,NaN,NaN,NaN,NaN,NaN,NaN,NaN
97,5,0,676,695,670,676,618,618,654,545,638,518,NaN,NaN,NaN,NaN,NaN,NaN,NaN,NaN,NaN,NaN
98,5,0,674,695,670,677,617,618,653,546,638,519,NaN,NaN,NaN,NaN,NaN,NaN,NaN,NaN,NaN,NaN
99,5,0,673,695,668,679,617,619,652,546,637,519,NaN,NaN,NaN,NaN,NaN,NaN,NaN,NaN,NaN,NaN
100,5,0,671,695,667,680,616,620,651,546,636,519,NaN,NaN,NaN,NaN,NaN,NaN,NaN,NaN,NaN,NaN
101,5,0,669,695,665,683,615,622,650,548,635,521,NaN,NaN,NaN,NaN,NaN,NaN,NaN,NaN,NaN,NaN
102,4,1,669,695,615,622,650,548,635,521,NaN,NaN,NaN,NaN,NaN,NaN,NaN,NaN,NaN,NaN,NaN,NaN
103,4,0,664,695,613,624,649,549,634,522,NaN,NaN,NaN,NaN,NaN,NaN,NaN,NaN,NaN,NaN,NaN,NaN
104,4,0,660,695,613,624,648,550,633,522,NaN,NaN,NaN,NaN,NaN,NaN,NaN,NaN,NaN,NaN,NaN,NaN
105,4,0,655,695,612,626,648,551,632,524,NaN,NaN,NaN,NaN,NaN,NaN,NaN,NaN,NaN,NaN,NaN,NaN
106,4,0,652,695,612,628,648,553,632,525,NaN,NaN,NaN,NaN,NaN,NaN,NaN,NaN,NaN,NaN,NaN,NaN
107,4,0,648,695,611,630,647,555,632,526,NaN,NaN,NaN,NaN,NaN,NaN,NaN,NaN,NaN,NaN,NaN,NaN
108,4,0,646,695,612,631,647,555,632,527,NaN,NaN,NaN,NaN,NaN,NaN,NaN,NaN,NaN,NaN,NaN,NaN
109,4,0,643,695,612,632,647,555,631,527,NaN,NaN,NaN,NaN,NaN,NaN,NaN,NaN,NaN,NaN,NaN,NaN
110,4,0,642,695,611,632,647,555,631,526,NaN,NaN,NaN,NaN,NaN,NaN,NaN,NaN,NaN,NaN,NaN,NaN
111,4,0,640,695,612,631,646,555,631,526,NaN,NaN,NaN,NaN,NaN,NaN,NaN,NaN,NaN,NaN,NaN,NaN
112,4,0,640,695,612,630,647,553,631,525,NaN,NaN,NaN,NaN,NaN,NaN,NaN,NaN,NaN,NaN,NaN,NaN
113,4,0,639,695,612,628,647,553,631,524,NaN,NaN,NaN,NaN,NaN,NaN,NaN,NaN,NaN,NaN,NaN,NaN
114,4,0,638,695,613,626,647,552,631,523,NaN,NaN,NaN,NaN,NaN,NaN,NaN,NaN,NaN,NaN,NaN,NaN
115,4,0,638,695,613,625,647,550,632,522,NaN,NaN,NaN,NaN,NaN,NaN,NaN,NaN,NaN,NaN,NaN,NaN
116,4,0,638,695,614,623,648,548,632,521,NaN,NaN,NaN,NaN,NaN,NaN,NaN,NaN,NaN,NaN,NaN,NaN
117,4,0,638,695,614,622,649,548,632,520,NaN,NaN,NaN,NaN,NaN,NaN,NaN,NaN,NaN,NaN,NaN,NaN
118,4,0,638,695,616,621,649,547,632,520,NaN,NaN,NaN,NaN,NaN,NaN,NaN,NaN,NaN,NaN,NaN,NaN
119,4,0,638,695,617,621,650,547,633,519,NaN,NaN,NaN,NaN,NaN,NaN,NaN,NaN,NaN,NaN,NaN,NaN
120,4,0,637,695,618,622,652,548,634,520,NaN,NaN,NaN,NaN,NaN,NaN,NaN,NaN,NaN,NaN,NaN,NaN
121,4,0,636,695,619,623,652,549,634,521,NaN,NaN,NaN,NaN,NaN,NaN,NaN,NaN,NaN,NaN,NaN,NaN
122,4,0,634,695,620,624,653,549,635,521,NaN,NaN,NaN,NaN,NaN,NaN,NaN,NaN,NaN,NaN,NaN,NaN
123,4,0,633,695,621,624,653,550,636,521,NaN,NaN,NaN,NaN,NaN,NaN,NaN,NaN,NaN,NaN,NaN,NaN
124,4,0,632,695,621,625,654,549,636,521,NaN,NaN,NaN,NaN,NaN,NaN,NaN,NaN,NaN,NaN,NaN,NaN
125,4,0,632,695,622,625,655,549,636,520,NaN,NaN,NaN,NaN,NaN,NaN,NaN,NaN,NaN,NaN,NaN,NaN
126,4,0,631,695,623,624,655,549,637,520,NaN,NaN,NaN,NaN,NaN,NaN,NaN,NaN,NaN,NaN,NaN,NaN
127,4,0,631,695,623,624,656,548,637,519,NaN,NaN,NaN,NaN,NaN,NaN,NaN,NaN,NaN,NaN,NaN,NaN
128,4,0,630,695,624,622,657,548,638,518,NaN,NaN,NaN,NaN,NaN,NaN,NaN,NaN,NaN,NaN,NaN,NaN
129,4,0,630,695,625,621,658,546,638,517,NaN,NaN,NaN,NaN,NaN,NaN,NaN,NaN,NaN,NaN,NaN,NaN
130,4,0,630,695,625,619,658,545,639,516,NaN,NaN,NaN,NaN,NaN,NaN,NaN,NaN,NaN,NaN,NaN,NaN
131,4,0,630,695,626,617,659,544,639,515,NaN,NaN,NaN,NaN,NaN,NaN,NaN,NaN,NaN,NaN,NaN,NaN
132,4,0,629,695,627,615,660,542,640,514,NaN,NaN,NaN,NaN,NaN,NaN,NaN,NaN,NaN,NaN,NaN,NaN
133,4,0,628,695,627,613,660,541,641,513,NaN,NaN,NaN,NaN,NaN,NaN,NaN,NaN,NaN,NaN,NaN,NaN
134,4,0,627,695,627,612,661,540,641,512,NaN,NaN,NaN,NaN,NaN,NaN,NaN,NaN,NaN,NaN,NaN,NaN
135,4,0,626,695,627,612,661,540,641,511,NaN,NaN,NaN,NaN,NaN,NaN,NaN,NaN,NaN,NaN,NaN,NaN
136,4,0,624,695,627,611,661,539,640,511,NaN,NaN,NaN,NaN,NaN,NaN,NaN,NaN,NaN,NaN,NaN,NaN
137,4,0,622,695,626,611,661,539,641,510,NaN,NaN,NaN,NaN,NaN,NaN,NaN,NaN,NaN,NaN,NaN,NaN
138,4,0,621,695,627,610,661,539,641,510,NaN,NaN,NaN,NaN,NaN,NaN,NaN,NaN,NaN,NaN,NaN,NaN
139,4,0,621,695,627,610,662,539,641,510,NaN,NaN,NaN,NaN,NaN,NaN,NaN,NaN,NaN,NaN,NaN,NaN
140,4,0,621,695,628,610,663,539,642,509,NaN,NaN,NaN,NaN,NaN,NaN,NaN,NaN,NaN,NaN,NaN,NaN
141,4,0,621,695,630,609,664,538,643,509,NaN,NaN,NaN,NaN,NaN,NaN,NaN,NaN,NaN,NaN,NaN,NaN
142,4,1,621,695,630,608,664,538,643,509,NaN,NaN,NaN,NaN,NaN,NaN,NaN,NaN,NaN,NaN,NaN,NaN
143,4,0,622,695,631,609,664,539,643,509,NaN,NaN,NaN,NaN,NaN,NaN,NaN,NaN,NaN,NaN,NaN,NaN
144,4,0,623,695,633,608,665,538,643,509,NaN,NaN,NaN,NaN,NaN,NaN,NaN,NaN,NaN,NaN,NaN,NaN
145,4,0,624,695,634,608,666,538,644,509,NaN,NaN,NaN,NaN,NaN,NaN,NaN,NaN,NaN,NaN,NaN,NaN
146,4,0,625,695,636,607,667,537,644,508,NaN,NaN,NaN,NaN,NaN,NaN,NaN,NaN,NaN,NaN,NaN,NaN
147,4,0,627,695,637,605,668,536,645,507,NaN,NaN,NaN,NaN,NaN,NaN,NaN,NaN,NaN,NaN,NaN,NaN
148,4,0,628,695,639,603,669,534,646,506,NaN,NaN,NaN,NaN,NaN,NaN,NaN,NaN,NaN,NaN,NaN,NaN
149,4,0,629,694,640,601,669,533,646,504,NaN,NaN,NaN,NaN,NaN,NaN,NaN,NaN,NaN,NaN,NaN,NaN
150,4,0,631,694,643,598,671,531,647,502,NaN,NaN,NaN,NaN,NaN,NaN,NaN,NaN,NaN,NaN,NaN,NaN
151,4,0,633,694,645,597,673,529,648,501,NaN,NaN,NaN,NaN,NaN,NaN,NaN,NaN,NaN,NaN,NaN,NaN
152,4,0,635,695,649,595,674,529,649,500,NaN,NaN,NaN,NaN,NaN,NaN,NaN,NaN,NaN,NaN,NaN,NaN
153,4,0,638,695,651,594,676,527,650,500,NaN,NaN,NaN,NaN,NaN,NaN,NaN,NaN,NaN,NaN,NaN,NaN
154,4,0,641,695,654,593,678,527,651,499,NaN,NaN,NaN,NaN,NaN,NaN,NaN,NaN,NaN,NaN,NaN,NaN
155,4,0,643,695,656,591,679,525,652,498,NaN,NaN,NaN,NaN,NaN,NaN,NaN,NaN,NaN,NaN,NaN,NaN
156,4,0,646,695,658,590,681,525,653,498,NaN,NaN,NaN,NaN,NaN,NaN,NaN,NaN,NaN,NaN,NaN,NaN
157,4,0,648,695,661,590,682,524,653,497,NaN,NaN,NaN,NaN,NaN,NaN,NaN,NaN,NaN,NaN,NaN,NaN
158,4,0,650,695,663,590,683,524,654,497,NaN,NaN,NaN,NaN,NaN,NaN,NaN,NaN,NaN,NaN,NaN,NaN
159,4,0,653,695,666,590,684,525,655,497,NaN,NaN,NaN,NaN,NaN,NaN,NaN,NaN,NaN,NaN,NaN,NaN
160,4,0,655,695,668,591,686,525,656,497,NaN,NaN,NaN,NaN,NaN,NaN,NaN,NaN,NaN,NaN,NaN,NaN
161,4,0,657,695,670,591,687,525,656,498,NaN,NaN,NaN,NaN,NaN,NaN,NaN,NaN,NaN,NaN,NaN,NaN
162,4,0,659,695,672,592,688,526,657,498,NaN,NaN,NaN,NaN,NaN,NaN,NaN,NaN,NaN,NaN,NaN,NaN
163,4,0,661,695,674,591,689,526,657,498,NaN,NaN,NaN,NaN,NaN,NaN,NaN,NaN,NaN,NaN,NaN,NaN
164,4,0,663,695,676,591,690,525,657,498,NaN,NaN,NaN,NaN,NaN,NaN,NaN,NaN,NaN,NaN,NaN,NaN
165,4,0,664,695,678,589,691,525,658,497,NaN,NaN,NaN,NaN,NaN,NaN,NaN,NaN,NaN,NaN,NaN,NaN
166,4,0,665,695,679,588,691,523,658,496,NaN,NaN,NaN,NaN,NaN,NaN,NaN,NaN,NaN,NaN,NaN,NaN
167,4,0,666,695,681,586,692,522,658,495,NaN,NaN,NaN,NaN,NaN,NaN,NaN,NaN,NaN,NaN,NaN,NaN
168,4,0,667,695,682,584,692,521,658,494,NaN,NaN,NaN,NaN,NaN,NaN,NaN,NaN,NaN,NaN,NaN,NaN
169,4,0,668,695,683,582,692,519,658,493,NaN,NaN,NaN,NaN,NaN,NaN,NaN,NaN,NaN,NaN,NaN,NaN
170,4,0,668,695,684,580,692,518,658,492,NaN,NaN,NaN,NaN,NaN,NaN,NaN,NaN,NaN,NaN,NaN,NaN
171,4,0,668,695,685,578,692,517,657,491,NaN,NaN,NaN,NaN,NaN,NaN,NaN,NaN,NaN,NaN,NaN,NaN
172,4,0,669,695,685,576,691,516,657,490,NaN,NaN,NaN,NaN,NaN,NaN,NaN,NaN,NaN,NaN,NaN,NaN
173,4,0,669,695,686,575,691,515,656,490,NaN,NaN,NaN,NaN,NaN,NaN,NaN,NaN,NaN,NaN,NaN,NaN
174,4,0,669,695,687,574,691,515,655,490,NaN,NaN,NaN,NaN,NaN,NaN,NaN,NaN,NaN,NaN,NaN,NaN
175,4,0,668,695,687,574,690,515,654,490,NaN,NaN,NaN,NaN,NaN,NaN,NaN,NaN,NaN,NaN,NaN,NaN
176,4,0,668,695,687,573,689,514,653,489,NaN,NaN,NaN,NaN,NaN,NaN,NaN,NaN,NaN,NaN,NaN,NaN
177,4,0,668,695,687,573,689,514,652,490,NaN,NaN,NaN,NaN,NaN,NaN,NaN,NaN,NaN,NaN,NaN,NaN
178,4,0,667,695,688,573,688,514,651,490,NaN,NaN,NaN,NaN,NaN,NaN,NaN,NaN,NaN,NaN,NaN,NaN
179,4,0,668,695,688,572,688,514,650,490,NaN,NaN,NaN,NaN,NaN,NaN,NaN,NaN,NaN,NaN,NaN,NaN
180,4,0,668,695,690,572,688,514,650,490,NaN,NaN,NaN,NaN,NaN,NaN,NaN,NaN,NaN,NaN,NaN,NaN
181,4,0,669,695,691,571,688,514,650,490,NaN,NaN,NaN,NaN,NaN,NaN,NaN,NaN,NaN,NaN,NaN,NaN
182,4,0,670,695,692,571,688,514,649,490,NaN,NaN,NaN,NaN,NaN,NaN,NaN,NaN,NaN,NaN,NaN,NaN
183,4,0,671,695,693,571,688,514,649,490,NaN,NaN,NaN,NaN,NaN,NaN,NaN,NaN,NaN,NaN,NaN,NaN
184,4,0,672,695,695,569,688,514,648,490,NaN,NaN,NaN,NaN,NaN,NaN,NaN,NaN,NaN,NaN,NaN,NaN
185,4,0,673,695,696,568,688,513,647,490,NaN,NaN,NaN,NaN,NaN,NaN,NaN,NaN,NaN,NaN,NaN,NaN
186,4,0,673,695,697,567,687,512,646,489,NaN,NaN,NaN,NaN,NaN,NaN,NaN,NaN,NaN,NaN,NaN,NaN
187,4,0,674,695,698,565,687,512,646,489,NaN,NaN,NaN,NaN,NaN,NaN,NaN,NaN,NaN,NaN,NaN,NaN
188,4,0,675,695,699,563,687,511,645,488,NaN,NaN,NaN,NaN,NaN,NaN,NaN,NaN,NaN,NaN,NaN,NaN
189,4,0,677,695,701,560,687,509,645,487,NaN,NaN,NaN,NaN,NaN,NaN,NaN,NaN,NaN,NaN,NaN,NaN
190,4,0,678,695,703,558,687,508,644,486,NaN,NaN,NaN,NaN,NaN,NaN,NaN,NaN,NaN,NaN,NaN,NaN
191,4,0,680,695,704,556,688,507,644,486,NaN,NaN,NaN,NaN,NaN,NaN,NaN,NaN,NaN,NaN,NaN,NaN
192,4,0,682,695,706,554,688,506,643,486,NaN,NaN,NaN,NaN,NaN,NaN,NaN,NaN,NaN,NaN,NaN,NaN
193,4,0,683,695,708,553,687,506,642,486,NaN,NaN,NaN,NaN,NaN,NaN,NaN,NaN,NaN,NaN,NaN,NaN
194,4,0,684,695,709,553,687,506,642,486,NaN,NaN,NaN,NaN,NaN,NaN,NaN,NaN,NaN,NaN,NaN,NaN
195,4,0,685,695,710,553,686,506,640,486,NaN,NaN,NaN,NaN,NaN,NaN,NaN,NaN,NaN,NaN,NaN,NaN
196,4,0,686,695,711,552,686,507,639,487,NaN,NaN,NaN,NaN,NaN,NaN,NaN,NaN,NaN,NaN,NaN,NaN
197,4,0,686,695,711,553,685,507,637,487,NaN,NaN,NaN,NaN,NaN,NaN,NaN,NaN,NaN,NaN,NaN,NaN
198,4,0,687,695,712,552,684,508,636,488,NaN,NaN,NaN,NaN,NaN,NaN,NaN,NaN,NaN,NaN,NaN,NaN
199,4,0,688,695,713,552,684,508,635,489,NaN,NaN,NaN,NaN,NaN,NaN,NaN,NaN,NaN,NaN,NaN,NaN
200,4,0,688,695,714,552,683,509,634,489,NaN,NaN,NaN,NaN,NaN,NaN,NaN,NaN,NaN,NaN,NaN,NaN
201,4,1,688,695,714,550,682,508,633,489,NaN,NaN,NaN,NaN,NaN,NaN,NaN,NaN,NaN,NaN,NaN,NaN
202,4,0,688,695,714,552,681,509,632,490,NaN,NaN,NaN,NaN,NaN,NaN,NaN,NaN,NaN,NaN,NaN,NaN
203,4,0,689,695,714,550,681,509,632,490,NaN,NaN,NaN,NaN,NaN,NaN,NaN,NaN,NaN,NaN,NaN,NaN
204,4,0,690,695,713,551,679,510,629,490,NaN,NaN,NaN,NaN,NaN,NaN,NaN,NaN,NaN,NaN,NaN,NaN
205,4,0,689,695,710,550,678,509,628,490,NaN,NaN,NaN,NaN,NaN,NaN,NaN,NaN,NaN,NaN,NaN,NaN
206,4,0,688,695,709,549,676,508,627,489,NaN,NaN,NaN,NaN,NaN,NaN,NaN,NaN,NaN,NaN,NaN,NaN
207,4,0,687,695,708,549,675,507,626,489,NaN,NaN,NaN,NaN,NaN,NaN,NaN,NaN,NaN,NaN,NaN,NaN
208,4,0,688,695,707,549,672,507,624,489,NaN,NaN,NaN,NaN,NaN,NaN,NaN,NaN,NaN,NaN,NaN,NaN
209,4,0,687,695,706,548,671,507,622,489,NaN,NaN,NaN,NaN,NaN,NaN,NaN,NaN,NaN,NaN,NaN,NaN
210,4,0,686,695,705,547,670,507,621,489,NaN,NaN,NaN,NaN,NaN,NaN,NaN,NaN,NaN,NaN,NaN,NaN
211,4,0,685,695,703,547,669,507,619,488,NaN,NaN,NaN,NaN,NaN,NaN,NaN,NaN,NaN,NaN,NaN,NaN
212,4,0,685,695,701,547,666,507,617,489,NaN,NaN,NaN,NaN,NaN,NaN,NaN,NaN,NaN,NaN,NaN,NaN
213,4,0,684,695,700,547,664,508,616,489,NaN,NaN,NaN,NaN,NaN,NaN,NaN,NaN,NaN,NaN,NaN,NaN
214,4,0,684,695,698,548,662,508,613,490,NaN,NaN,NaN,NaN,NaN,NaN,NaN,NaN,NaN,NaN,NaN,NaN
215,4,0,684,695,697,548,662,509,612,490,NaN,NaN,NaN,NaN,NaN,NaN,NaN,NaN,NaN,NaN,NaN,NaN
216,4,0,684,695,697,550,660,509,611,491,NaN,NaN,NaN,NaN,NaN,NaN,NaN,NaN,NaN,NaN,NaN,NaN
217,4,0,684,695,696,550,659,509,610,491,NaN,NaN,NaN,NaN,NaN,NaN,NaN,NaN,NaN,NaN,NaN,NaN
218,4,0,685,695,695,551,658,510,609,492,NaN,NaN,NaN,NaN,NaN,NaN,NaN,NaN,NaN,NaN,NaN,NaN
219,4,0,685,695,694,552,656,511,606,492,NaN,NaN,NaN,NaN,NaN,NaN,NaN,NaN,NaN,NaN,NaN,NaN
220,4,0,685,695,693,552,654,511,605,492,NaN,NaN,NaN,NaN,NaN,NaN,NaN,NaN,NaN,NaN,NaN,NaN
221,4,0,685,695,692,551,654,511,603,492,NaN,NaN,NaN,NaN,NaN,NaN,NaN,NaN,NaN,NaN,NaN,NaN
222,4,0,685,695,692,551,653,511,603,492,NaN,NaN,NaN,NaN,NaN,NaN,NaN,NaN,NaN,NaN,NaN,NaN
223,4,0,685,695,691,550,652,510,603,491,NaN,NaN,NaN,NaN,NaN,NaN,NaN,NaN,NaN,NaN,NaN,NaN
224,4,0,685,695,690,549,651,510,601,491,NaN,NaN,NaN,NaN,NaN,NaN,NaN,NaN,NaN,NaN,NaN,NaN
225,4,0,686,695,690,548,650,509,600,490,NaN,NaN,NaN,NaN,NaN,NaN,NaN,NaN,NaN,NaN,NaN,NaN
226,4,0,687,695,690,547,650,507,599,489,NaN,NaN,NaN,NaN,NaN,NaN,NaN,NaN,NaN,NaN,NaN,NaN
227,4,0,687,695,690,545,649,506,599,488,NaN,NaN,NaN,NaN,NaN,NaN,NaN,NaN,NaN,NaN,NaN,NaN
228,4,0,687,695,689,544,649,505,597,487,NaN,NaN,NaN,NaN,NaN,NaN,NaN,NaN,NaN,NaN,NaN,NaN
229,4,0,688,695,689,544,648,505,596,487,NaN,NaN,NaN,NaN,NaN,NaN,NaN,NaN,NaN,NaN,NaN,NaN
230,4,0,689,695,689,543,647,504,596,486,NaN,NaN,NaN,NaN,NaN,NaN,NaN,NaN,NaN,NaN,NaN,NaN
231,4,0,690,695,688,542,646,504,595,486,NaN,NaN,NaN,NaN,NaN,NaN,NaN,NaN,NaN,NaN,NaN,NaN
232,4,0,690,695,688,542,645,504,594,486,NaN,NaN,NaN,NaN,NaN,NaN,NaN,NaN,NaN,NaN,NaN,NaN
233,4,0,691,695,688,542,645,504,593,486,NaN,NaN,NaN,NaN,NaN,NaN,NaN,NaN,NaN,NaN,NaN,NaN
234,4,0,691,695,688,542,643,504,591,486,NaN,NaN,NaN,NaN,NaN,NaN,NaN,NaN,NaN,NaN,NaN,NaN
235,4,0,692,695,687,543,643,504,590,486,NaN,NaN,NaN,NaN,NaN,NaN,NaN,NaN,NaN,NaN,NaN,NaN
236,4,0,693,695,687,543,642,504,589,485,NaN,NaN,NaN,NaN,NaN,NaN,NaN,NaN,NaN,NaN,NaN,NaN
237,4,0,692,695,685,542,641,503,588,485,NaN,NaN,NaN,NaN,NaN,NaN,NaN,NaN,NaN,NaN,NaN,NaN
238,4,0,691,695,685,542,639,503,587,484,NaN,NaN,NaN,NaN,NaN,NaN,NaN,NaN,NaN,NaN,NaN,NaN
239,4,0,690,695,683,541,637,503,584,484,NaN,NaN,NaN,NaN,NaN,NaN,NaN,NaN,NaN,NaN,NaN,NaN
240,4,0,689,695,681,541,634,502,582,484,NaN,NaN,NaN,NaN,NaN,NaN,NaN,NaN,NaN,NaN,NaN,NaN
241,4,0,688,695,679,540,633,502,580,483,NaN,NaN,NaN,NaN,NaN,NaN,NaN,NaN,NaN,NaN,NaN,NaN
242,4,0,687,695,678,539,631,501,579,483,NaN,NaN,NaN,NaN,NaN,NaN,NaN,NaN,NaN,NaN,NaN,NaN
243,4,0,686,695,676,538,630,500,577,482,NaN,NaN,NaN,NaN,NaN,NaN,NaN,NaN,NaN,NaN,NaN,NaN
244,4,0,685,695,675,537,628,499,575,481,NaN,NaN,NaN,NaN,NaN,NaN,NaN,NaN,NaN,NaN,NaN,NaN
245,4,0,684,695,673,536,627,499,574,480,NaN,NaN,NaN,NaN,NaN,NaN,NaN,NaN,NaN,NaN,NaN,NaN
246,4,0,683,695,672,534,626,497,572,479,NaN,NaN,NaN,NaN,NaN,NaN,NaN,NaN,NaN,NaN,NaN,NaN
247,4,0,682,695,671,532,624,496,571,478,NaN,NaN,NaN,NaN,NaN,NaN,NaN,NaN,NaN,NaN,NaN,NaN
248,4,0,681,695,670,531,623,495,570,477,NaN,NaN,NaN,NaN,NaN,NaN,NaN,NaN,NaN,NaN,NaN,NaN
249,4,0,681,695,669,530,622,494,569,476,NaN,NaN,NaN,NaN,NaN,NaN,NaN,NaN,NaN,NaN,NaN,NaN
250,4,0,680,695,668,529,621,493,567,476,NaN,NaN,NaN,NaN,NaN,NaN,NaN,NaN,NaN,NaN,NaN,NaN
251,4,0,679,695,667,529,619,492,566,475,NaN,NaN,NaN,NaN,NaN,NaN,NaN,NaN,NaN,NaN,NaN,NaN
252,4,0,679,695,666,529,618,492,565,475,NaN,NaN,NaN,NaN,NaN,NaN,NaN,NaN,NaN,NaN,NaN,NaN
253,4,0,679,695,666,529,617,492,564,475,NaN,NaN,NaN,NaN,NaN,NaN,NaN,NaN,NaN,NaN,NaN,NaN
254,4,0,679,695,665,529,616,492,563,475,NaN,NaN,NaN,NaN,NaN,NaN,NaN,NaN,NaN,NaN,NaN,NaN
255,4,0,679,695,664,528,615,491,562,474,NaN,NaN,NaN,NaN,NaN,NaN,NaN,NaN,NaN,NaN,NaN,NaN
256,4,0,678,695,663,528,614,491,561,474,NaN,NaN,NaN,NaN,NaN,NaN,NaN,NaN,NaN,NaN,NaN,NaN
257,4,0,678,695,663,527,614,490,561,473,NaN,NaN,NaN,NaN,NaN,NaN,NaN,NaN,NaN,NaN,NaN,NaN
258,4,0,678,695,662,526,613,489,559,472,NaN,NaN,NaN,NaN,NaN,NaN,NaN,NaN,NaN,NaN,NaN,NaN
259,4,0,678,695,662,524,612,487,559,470,NaN,NaN,NaN,NaN,NaN,NaN,NaN,NaN,NaN,NaN,NaN,NaN
260,4,0,678,695,662,523,611,486,558,469,NaN,NaN,NaN,NaN,NaN,NaN,NaN,NaN,NaN,NaN,NaN,NaN
261,4,0,678,695,662,522,611,485,557,468,NaN,NaN,NaN,NaN,NaN,NaN,NaN,NaN,NaN,NaN,NaN,NaN
262,4,0,678,695,661,520,610,484,556,467,NaN,NaN,NaN,NaN,NaN,NaN,NaN,NaN,NaN,NaN,NaN,NaN
263,4,0,678,695,661,519,609,483,555,466,NaN,NaN,NaN,NaN,NaN,NaN,NaN,NaN,NaN,NaN,NaN,NaN
264,4,0,678,695,661,518,609,482,555,465,NaN,NaN,NaN,NaN,NaN,NaN,NaN,NaN,NaN,NaN,NaN,NaN
265,4,0,678,695,660,517,608,481,554,465,NaN,NaN,NaN,NaN,NaN,NaN,NaN,NaN,NaN,NaN,NaN,NaN
266,4,0,678,695,660,517,608,481,553,465,NaN,NaN,NaN,NaN,NaN,NaN,NaN,NaN,NaN,NaN,NaN,NaN
267,4,0,679,695,660,517,607,481,553,465,NaN,NaN,NaN,NaN,NaN,NaN,NaN,NaN,NaN,NaN,NaN,NaN
268,4,0,680,695,660,518,607,482,553,466,NaN,NaN,NaN,NaN,NaN,NaN,NaN,NaN,NaN,NaN,NaN,NaN
269,4,0,681,695,660,518,606,482,552,466,NaN,NaN,NaN,NaN,NaN,NaN,NaN,NaN,NaN,NaN,NaN,NaN
270,4,0,681,695,659,519,606,483,551,467,NaN,NaN,NaN,NaN,NaN,NaN,NaN,NaN,NaN,NaN,NaN,NaN
271,4,0,681,695,658,520,604,483,549,467,NaN,NaN,NaN,NaN,NaN,NaN,NaN,NaN,NaN,NaN,NaN,NaN
272,4,0,680,695,658,520,603,484,548,468,NaN,NaN,NaN,NaN,NaN,NaN,NaN,NaN,NaN,NaN,NaN,NaN
273,4,0,680,695,657,521,602,485,547,468,NaN,NaN,NaN,NaN,NaN,NaN,NaN,NaN,NaN,NaN,NaN,NaN
274,4,0,679,695,656,522,601,485,547,469,NaN,NaN,NaN,NaN,NaN,NaN,NaN,NaN,NaN,NaN,NaN,NaN
275,4,0,679,695,655,523,600,486,545,470,NaN,NaN,NaN,NaN,NaN,NaN,NaN,NaN,NaN,NaN,NaN,NaN
276,4,0,678,695,654,524,599,487,544,471,NaN,NaN,NaN,NaN,NaN,NaN,NaN,NaN,NaN,NaN,NaN,NaN
277,4,0,677,695,653,526,598,488,542,472,NaN,NaN,NaN,NaN,NaN,NaN,NaN,NaN,NaN,NaN,NaN,NaN
278,4,0,675,695,651,526,596,488,541,473,NaN,NaN,NaN,NaN,NaN,NaN,NaN,NaN,NaN,NaN,NaN,NaN
279,4,0,674,695,650,527,595,489,539,473,NaN,NaN,NaN,NaN,NaN,NaN,NaN,NaN,NaN,NaN,NaN,NaN
280,4,0,673,695,649,528,593,490,538,474,NaN,NaN,NaN,NaN,NaN,NaN,NaN,NaN,NaN,NaN,NaN,NaN
281,4,0,671,695,647,529,591,490,536,474,NaN,NaN,NaN,NaN,NaN,NaN,NaN,NaN,NaN,NaN,NaN,NaN
282,4,0,670,695,645,530,590,491,535,476,NaN,NaN,NaN,NaN,NaN,NaN,NaN,NaN,NaN,NaN,NaN,NaN
283,4,0,669,695,645,531,589,493,533,477,NaN,NaN,NaN,NaN,NaN,NaN,NaN,NaN,NaN,NaN,NaN,NaN
284,4,0,668,695,644,532,588,494,532,478,NaN,NaN,NaN,NaN,NaN,NaN,NaN,NaN,NaN,NaN,NaN,NaN
285,4,0,667,695,643,534,587,495,531,480,NaN,NaN,NaN,NaN,NaN,NaN,NaN,NaN,NaN,NaN,NaN,NaN
286,4,0,667,695,643,536,587,497,531,481,NaN,NaN,NaN,NaN,NaN,NaN,NaN,NaN,NaN,NaN,NaN,NaN
287,4,0,667,695,642,537,586,498,531,482,NaN,NaN,NaN,NaN,NaN,NaN,NaN,NaN,NaN,NaN,NaN,NaN
288,4,0,666,695,641,539,586,499,530,483,NaN,NaN,NaN,NaN,NaN,NaN,NaN,NaN,NaN,NaN,NaN,NaN
289,4,0,666,695,641,540,585,500,529,485,NaN,NaN,NaN,NaN,NaN,NaN,NaN,NaN,NaN,NaN,NaN,NaN
290,4,0,665,695,640,543,584,502,528,486,NaN,NaN,NaN,NaN,NaN,NaN,NaN,NaN,NaN,NaN,NaN,NaN
291,4,0,665,695,640,545,583,503,527,488,NaN,NaN,NaN,NaN,NaN,NaN,NaN,NaN,NaN,NaN,NaN,NaN
292,4,0,665,695,639,547,583,505,527,489,NaN,NaN,NaN,NaN,NaN,NaN,NaN,NaN,NaN,NaN,NaN,NaN
293,4,0,665,695,639,549,583,507,527,491,NaN,NaN,NaN,NaN,NaN,NaN,NaN,NaN,NaN,NaN,NaN,NaN
294,4,0,665,695,639,551,582,509,526,493,NaN,NaN,NaN,NaN,NaN,NaN,NaN,NaN,NaN,NaN,NaN,NaN
295,4,0,664,695,638,554,581,511,525,495,NaN,NaN,NaN,NaN,NaN,NaN,NaN,NaN,NaN,NaN,NaN,NaN
296,4,0,664,695,638,555,581,512,524,496,NaN,NaN,NaN,NaN,NaN,NaN,NaN,NaN,NaN,NaN,NaN,NaN
297,4,0,664,695,638,557,580,513,524,497,NaN,NaN,NaN,NaN,NaN,NaN,NaN,NaN,NaN,NaN,NaN,NaN
298,4,0,665,695,637,558,580,514,523,498,NaN,NaN,NaN,NaN,NaN,NaN,NaN,NaN,NaN,NaN,NaN,NaN
299,4,0,664,695,637,559,579,515,523,499,NaN,NaN,NaN,NaN,NaN,NaN,NaN,NaN,NaN,NaN,NaN,NaN
300,4,0,665,695,637,560,579,516,522,500,NaN,NaN,NaN,NaN,NaN,NaN,NaN,NaN,NaN,NaN,NaN,NaN
301,4,0,666,695,637,561,579,517,522,501,NaN,NaN,NaN,NaN,NaN,NaN,NaN,NaN,NaN,NaN,NaN,NaN
302,4,0,667,695,638,562,579,518,522,502,NaN,NaN,NaN,NaN,NaN,NaN,NaN,NaN,NaN,NaN,NaN,NaN
303,4,0,668,695,639,564,579,519,522,503,NaN,NaN,NaN,NaN,NaN,NaN,NaN,NaN,NaN,NaN,NaN,NaN
304,4,0,669,695,639,566,580,521,522,505,NaN,NaN,NaN,NaN,NaN,NaN,NaN,NaN,NaN,NaN,NaN,NaN
305,4,0,671,695,640,567,580,522,522,506,NaN,NaN,NaN,NaN,NaN,NaN,NaN,NaN,NaN,NaN,NaN,NaN
306,4,0,672,695,641,569,580,524,522,508,NaN,NaN,NaN,NaN,NaN,NaN,NaN,NaN,NaN,NaN,NaN,NaN
307,4,0,673,695,641,571,580,525,522,509,NaN,NaN,NaN,NaN,NaN,NaN,NaN,NaN,NaN,NaN,NaN,NaN
308,4,1,673,695,641,571,580,525,522,509,NaN,NaN,NaN,NaN,NaN,NaN,NaN,NaN,NaN,NaN,NaN,NaN
309,5,0,673,695,640,574,580,527,521,511,499,486,NaN,NaN,NaN,NaN,NaN,NaN,NaN,NaN,NaN,NaN
310,5,0,671,695,641,575,579,529,521,513,498,488,NaN,NaN,NaN,NaN,NaN,NaN,NaN,NaN,NaN,NaN
311,5,0,670,695,639,578,578,531,519,515,497,490,NaN,NaN,NaN,NaN,NaN,NaN,NaN,NaN,NaN,NaN
312,5,0,668,695,639,580,577,532,518,516,496,491,NaN,NaN,NaN,NaN,NaN,NaN,NaN,NaN,NaN,NaN
313,5,0,667,695,638,582,576,533,518,518,496,492,NaN,NaN,NaN,NaN,NaN,NaN,NaN,NaN,NaN,NaN
314,5,0,667,695,638,583,575,534,518,518,495,493,NaN,NaN,NaN,NaN,NaN,NaN,NaN,NaN,NaN,NaN
315,5,0,666,695,637,584,575,535,517,519,495,494,NaN,NaN,NaN,NaN,NaN,NaN,NaN,NaN,NaN,NaN
316,5,0,666,695,636,585,573,536,516,520,494,495,NaN,NaN,NaN,NaN,NaN,NaN,NaN,NaN,NaN,NaN
317,5,0,665,695,636,585,573,537,516,520,494,495,NaN,NaN,NaN,NaN,NaN,NaN,NaN,NaN,NaN,NaN
318,5,0,665,695,635,586,572,537,516,520,493,496,NaN,NaN,NaN,NaN,NaN,NaN,NaN,NaN,NaN,NaN
319,5,0,665,695,635,585,572,537,515,520,493,496,NaN,NaN,NaN,NaN,NaN,NaN,NaN,NaN,NaN,NaN
320,5,0,664,695,634,585,571,536,515,520,493,496,NaN,NaN,NaN,NaN,NaN,NaN,NaN,NaN,NaN,NaN
321,5,0,664,695,634,585,571,536,515,521,493,496,NaN,NaN,NaN,NaN,NaN,NaN,NaN,NaN,NaN,NaN
322,5,0,664,695,634,585,570,537,513,521,492,496,NaN,NaN,NaN,NaN,NaN,NaN,NaN,NaN,NaN,NaN
323,5,0,662,695,632,586,569,537,513,521,492,496,NaN,NaN,NaN,NaN,NaN,NaN,NaN,NaN,NaN,NaN
324,5,0,662,695,632,586,569,537,513,521,492,497,NaN,NaN,NaN,NaN,NaN,NaN,NaN,NaN,NaN,NaN
325,5,0,662,695,632,587,568,538,512,522,492,497,NaN,NaN,NaN,NaN,NaN,NaN,NaN,NaN,NaN,NaN
326,5,0,661,695,632,588,568,539,512,523,492,498,NaN,NaN,NaN,NaN,NaN,NaN,NaN,NaN,NaN,NaN
327,5,0,661,695,633,590,568,540,512,524,492,499,NaN,NaN,NaN,NaN,NaN,NaN,NaN,NaN,NaN,NaN
328,5,0,661,695,632,592,568,542,512,525,492,501,NaN,NaN,NaN,NaN,NaN,NaN,NaN,NaN,NaN,NaN
329,5,0,661,695,633,594,567,543,511,527,492,501,NaN,NaN,NaN,NaN,NaN,NaN,NaN,NaN,NaN,NaN
330,5,0,660,695,632,595,568,544,511,527,492,502,NaN,NaN,NaN,NaN,NaN,NaN,NaN,NaN,NaN,NaN
331,5,0,661,695,632,594,567,544,511,527,493,501,NaN,NaN,NaN,NaN,NaN,NaN,NaN,NaN,NaN,NaN
332,5,0,662,695,633,594,567,543,511,527,493,501,NaN,NaN,NaN,NaN,NaN,NaN,NaN,NaN,NaN,NaN
333,5,0,662,695,632,594,567,542,511,526,493,500,NaN,NaN,NaN,NaN,NaN,NaN,NaN,NaN,NaN,NaN
334,5,0,663,695,632,593,567,541,511,526,494,500,NaN,NaN,NaN,NaN,NaN,NaN,NaN,NaN,NaN,NaN
335,5,0,663,695,633,592,567,540,511,524,494,499,NaN,NaN,NaN,NaN,NaN,NaN,NaN,NaN,NaN,NaN
336,5,0,665,695,633,590,566,539,511,523,494,498,NaN,NaN,NaN,NaN,NaN,NaN,NaN,NaN,NaN,NaN
337,5,0,665,695,633,589,567,538,511,521,495,496,NaN,NaN,NaN,NaN,NaN,NaN,NaN,NaN,NaN,NaN
338,5,0,666,695,633,587,566,537,511,520,495,495,NaN,NaN,NaN,NaN,NaN,NaN,NaN,NaN,NaN,NaN
339,5,0,667,695,634,586,567,535,511,519,496,494,NaN,NaN,NaN,NaN,NaN,NaN,NaN,NaN,NaN,NaN
340,5,0,668,695,634,585,566,535,511,519,496,494,NaN,NaN,NaN,NaN,NaN,NaN,NaN,NaN,NaN,NaN
341,5,0,667,695,633,585,566,535,511,519,496,494,NaN,NaN,NaN,NaN,NaN,NaN,NaN,NaN,NaN,NaN
342,5,0,667,695,633,586,566,535,510,519,495,493,NaN,NaN,NaN,NaN,NaN,NaN,NaN,NaN,NaN,NaN
343,5,0,667,695,633,585,564,534,509,518,495,493,NaN,NaN,NaN,NaN,NaN,NaN,NaN,NaN,NaN,NaN
344,5,0,666,695,632,585,564,534,509,517,495,492,NaN,NaN,NaN,NaN,NaN,NaN,NaN,NaN,NaN,NaN
345,5,0,666,695,631,584,564,532,509,516,496,491,NaN,NaN,NaN,NaN,NaN,NaN,NaN,NaN,NaN,NaN
346,5,0,666,695,632,583,564,531,508,515,496,490,NaN,NaN,NaN,NaN,NaN,NaN,NaN,NaN,NaN,NaN
347,5,0,665,695,630,582,562,530,508,513,496,488,NaN,NaN,NaN,NaN,NaN,NaN,NaN,NaN,NaN,NaN
348,5,0,664,695,629,581,562,529,507,512,495,487,NaN,NaN,NaN,NaN,NaN,NaN,NaN,NaN,NaN,NaN
349,5,0,663,695,628,579,560,528,506,511,495,485,NaN,NaN,NaN,NaN,NaN,NaN,NaN,NaN,NaN,NaN
350,5,0,662,695,627,578,560,526,505,510,495,484,NaN,NaN,NaN,NaN,NaN,NaN,NaN,NaN,NaN,NaN
351,5,0,662,695,626,577,559,524,505,508,495,482,NaN,NaN,NaN,NaN,NaN,NaN,NaN,NaN,NaN,NaN
352,5,0,661,694,626,574,559,522,505,506,495,480,NaN,NaN,NaN,NaN,NaN,NaN,NaN,NaN,NaN,NaN
353,5,0,661,694,625,572,558,520,505,504,496,479,NaN,NaN,NaN,NaN,NaN,NaN,NaN,NaN,NaN,NaN
354,5,0,660,694,625,571,558,519,504,503,496,478,NaN,NaN,NaN,NaN,NaN,NaN,NaN,NaN,NaN,NaN
355,5,0,658,695,623,570,557,519,503,502,496,477,NaN,NaN,NaN,NaN,NaN,NaN,NaN,NaN,NaN,NaN
356,5,0,656,695,621,570,555,518,502,502,495,476,NaN,NaN,NaN,NaN,NaN,NaN,NaN,NaN,NaN,NaN
357,5,0,653,695,619,570,553,518,500,502,494,476,NaN,NaN,NaN,NaN,NaN,NaN,NaN,NaN,NaN,NaN
358,5,0,651,695,617,569,551,517,498,501,492,475,NaN,NaN,NaN,NaN,NaN,NaN,NaN,NaN,NaN,NaN
359,5,0,649,695,615,569,550,517,497,500,492,474,NaN,NaN,NaN,NaN,NaN,NaN,NaN,NaN,NaN,NaN
360,5,0,647,695,614,569,549,516,496,499,492,473,NaN,NaN,NaN,NaN,NaN,NaN,NaN,NaN,NaN,NaN
361,5,0,646,695,614,569,549,516,496,499,492,472,NaN,NaN,NaN,NaN,NaN,NaN,NaN,NaN,NaN,NaN
362,5,0,645,695,613,569,548,515,495,498,492,472,NaN,NaN,NaN,NaN,NaN,NaN,NaN,NaN,NaN,NaN
363,5,0,645,695,613,568,548,515,496,497,493,471,NaN,NaN,NaN,NaN,NaN,NaN,NaN,NaN,NaN,NaN
364,5,0,644,695,612,567,548,514,496,496,493,470,NaN,NaN,NaN,NaN,NaN,NaN,NaN,NaN,NaN,NaN
365,5,0,644,695,612,566,548,512,496,495,494,468,NaN,NaN,NaN,NaN,NaN,NaN,NaN,NaN,NaN,NaN
366,5,0,644,695,612,565,547,511,496,493,495,467,NaN,NaN,NaN,NaN,NaN,NaN,NaN,NaN,NaN,NaN
367,5,0,644,695,612,563,547,510,496,492,495,466,NaN,NaN,NaN,NaN,NaN,NaN,NaN,NaN,NaN,NaN
368,5,0,644,695,611,561,547,508,496,490,496,464,NaN,NaN,NaN,NaN,NaN,NaN,NaN,NaN,NaN,NaN
369,5,0,644,695,611,559,547,506,496,489,496,462,NaN,NaN,NaN,NaN,NaN,NaN,NaN,NaN,NaN,NaN
370,5,0,645,695,611,557,547,504,496,487,497,460,NaN,NaN,NaN,NaN,NaN,NaN,NaN,NaN,NaN,NaN
371,5,0,645,695,611,555,548,503,496,485,498,459,NaN,NaN,NaN,NaN,NaN,NaN,NaN,NaN,NaN,NaN
372,5,0,646,695,612,554,547,501,496,483,498,457,NaN,NaN,NaN,NaN,NaN,NaN,NaN,NaN,NaN,NaN
373,5,0,647,695,612,552,547,500,497,482,499,456,NaN,NaN,NaN,NaN,NaN,NaN,NaN,NaN,NaN,NaN
374,5,0,647,695,612,550,547,498,497,480,499,454,NaN,NaN,NaN,NaN,NaN,NaN,NaN,NaN,NaN,NaN
375,5,0,648,695,612,549,547,497,496,479,500,453,NaN,NaN,NaN,NaN,NaN,NaN,NaN,NaN,NaN,NaN
376,5,0,648,695,612,549,548,497,497,478,501,452,NaN,NaN,NaN,NaN,NaN,NaN,NaN,NaN,NaN,NaN
377,5,0,649,695,612,549,548,497,497,478,501,452,NaN,NaN,NaN,NaN,NaN,NaN,NaN,NaN,NaN,NaN
378,5,0,649,695,612,550,548,497,497,478,502,452,NaN,NaN,NaN,NaN,NaN,NaN,NaN,NaN,NaN,NaN
379,5,0,649,695,613,550,548,497,497,478,503,452,NaN,NaN,NaN,NaN,NaN,NaN,NaN,NaN,NaN,NaN
380,5,0,650,695,613,550,548,496,497,477,504,451,NaN,NaN,NaN,NaN,NaN,NaN,NaN,NaN,NaN,NaN
381,5,0,650,695,613,550,548,496,498,477,505,450,NaN,NaN,NaN,NaN,NaN,NaN,NaN,NaN,NaN,NaN
382,5,0,650,695,613,550,549,496,498,477,505,450,NaN,NaN,NaN,NaN,NaN,NaN,NaN,NaN,NaN,NaN
383,5,0,650,695,613,549,549,495,498,476,507,449,NaN,NaN,NaN,NaN,NaN,NaN,NaN,NaN,NaN,NaN
384,5,0,651,695,613,548,549,495,499,475,508,448,NaN,NaN,NaN,NaN,NaN,NaN,NaN,NaN,NaN,NaN
385,5,0,651,695,613,548,549,494,499,474,508,447,NaN,NaN,NaN,NaN,NaN,NaN,NaN,NaN,NaN,NaN
386,5,0,652,695,613,546,550,493,499,474,509,447,NaN,NaN,NaN,NaN,NaN,NaN,NaN,NaN,NaN,NaN
387,5,0,652,695,613,545,550,492,499,473,510,446,NaN,NaN,NaN,NaN,NaN,NaN,NaN,NaN,NaN,NaN
388,5,0,652,695,613,544,550,492,500,472,511,445,NaN,NaN,NaN,NaN,NaN,NaN,NaN,NaN,NaN,NaN
389,5,0,652,695,613,543,550,491,500,471,512,444,NaN,NaN,NaN,NaN,NaN,NaN,NaN,NaN,NaN,NaN
390,5,0,653,695,614,543,550,490,501,470,513,444,NaN,NaN,NaN,NaN,NaN,NaN,NaN,NaN,NaN,NaN
391,5,0,653,695,613,542,550,490,500,470,514,443,NaN,NaN,NaN,NaN,NaN,NaN,NaN,NaN,NaN,NaN
392,5,0,652,695,613,541,550,489,501,469,514,442,NaN,NaN,NaN,NaN,NaN,NaN,NaN,NaN,NaN,NaN
393,5,0,652,695,613,540,550,489,500,468,515,442,NaN,NaN,NaN,NaN,NaN,NaN,NaN,NaN,NaN,NaN
394,5,0,652,695,612,540,550,489,501,468,516,441,NaN,NaN,NaN,NaN,NaN,NaN,NaN,NaN,NaN,NaN
395,5,0,652,695,612,540,550,489,501,468,516,441,NaN,NaN,NaN,NaN,NaN,NaN,NaN,NaN,NaN,NaN
396,5,0,652,695,612,541,550,490,500,469,517,442,NaN,NaN,NaN,NaN,NaN,NaN,NaN,NaN,NaN,NaN
397,5,0,653,695,612,542,550,491,501,469,518,442,NaN,NaN,NaN,NaN,NaN,NaN,NaN,NaN,NaN,NaN
398,5,0,654,695,613,544,551,492,502,470,519,443,NaN,NaN,NaN,NaN,NaN,NaN,NaN,NaN,NaN,NaN
399,5,0,656,695,613,545,551,493,502,471,520,444,NaN,NaN,NaN,NaN,NaN,NaN,NaN,NaN,NaN,NaN
400,5,0,657,695,614,545,552,494,503,471,521,444,NaN,NaN,NaN,NaN,NaN,NaN,NaN,NaN,NaN,NaN
401,5,0,658,695,615,545,553,494,504,472,523,444,NaN,NaN,NaN,NaN,NaN,NaN,NaN,NaN,NaN,NaN
402,5,0,659,695,615,545,553,494,504,471,524,444,NaN,NaN,NaN,NaN,NaN,NaN,NaN,NaN,NaN,NaN
403,5,0,661,695,616,544,554,493,505,471,525,444,NaN,NaN,NaN,NaN,NaN,NaN,NaN,NaN,NaN,NaN
404,5,0,662,695,616,543,554,493,505,470,526,444,NaN,NaN,NaN,NaN,NaN,NaN,NaN,NaN,NaN,NaN
405,5,0,663,695,617,542,554,493,506,470,527,443,NaN,NaN,NaN,NaN,NaN,NaN,NaN,NaN,NaN,NaN
406,5,0,665,695,617,541,555,492,506,469,528,442,NaN,NaN,NaN,NaN,NaN,NaN,NaN,NaN,NaN,NaN
407,5,0,666,695,618,540,555,491,506,468,528,442,NaN,NaN,NaN,NaN,NaN,NaN,NaN,NaN,NaN,NaN
408,5,0,668,695,619,538,556,490,507,467,530,441,NaN,NaN,NaN,NaN,NaN,NaN,NaN,NaN,NaN,NaN
409,5,0,670,695,620,538,557,490,508,467,531,441,NaN,NaN,NaN,NaN,NaN,NaN,NaN,NaN,NaN,NaN
410,5,0,672,695,620,538,557,491,508,468,531,442,NaN,NaN,NaN,NaN,NaN,NaN,NaN,NaN,NaN,NaN
411,5,0,673,695,620,538,557,492,508,469,532,442,NaN,NaN,NaN,NaN,NaN,NaN,NaN,NaN,NaN,NaN
412,5,0,675,695,620,539,557,493,508,470,532,444,NaN,NaN,NaN,NaN,NaN,NaN,NaN,NaN,NaN,NaN
413,5,0,676,695,620,540,557,495,508,471,533,445,NaN,NaN,NaN,NaN,NaN,NaN,NaN,NaN,NaN,NaN
414,5,0,677,695,620,541,557,496,507,472,533,446,NaN,NaN,NaN,NaN,NaN,NaN,NaN,NaN,NaN,NaN
415,5,1,677,704,619,540,556,496,507,472,533,446,NaN,NaN,NaN,NaN,NaN,NaN,NaN,NaN,NaN,NaN
416,5,0,673,695,620,542,557,497,507,473,533,446,NaN,NaN,NaN,NaN,NaN,NaN,NaN,NaN,NaN,NaN
417,5,0,673,695,621,543,557,498,508,473,534,447,NaN,NaN,NaN,NaN,NaN,NaN,NaN,NaN,NaN,NaN
418,5,0,671,695,620,544,557,499,508,474,535,447,NaN,NaN,NaN,NaN,NaN,NaN,NaN,NaN,NaN,NaN
419,5,0,671,695,620,545,558,499,508,474,535,447,NaN,NaN,NaN,NaN,NaN,NaN,NaN,NaN,NaN,NaN
420,5,0,670,695,620,545,558,500,508,474,535,447,NaN,NaN,NaN,NaN,NaN,NaN,NaN,NaN,NaN,NaN
421,5,0,670,695,621,546,558,500,509,473,536,447,NaN,NaN,NaN,NaN,NaN,NaN,NaN,NaN,NaN,NaN
422,5,0,669,695,621,546,558,500,509,473,536,447,NaN,NaN,NaN,NaN,NaN,NaN,NaN,NaN,NaN,NaN
423,5,0,669,695,620,546,558,499,509,472,535,446,NaN,NaN,NaN,NaN,NaN,NaN,NaN,NaN,NaN,NaN
424,5,0,667,695,620,546,557,499,508,472,536,446,NaN,NaN,NaN,NaN,NaN,NaN,NaN,NaN,NaN,NaN
425,5,0,666,695,619,546,557,499,508,471,536,445,NaN,NaN,NaN,NaN,NaN,NaN,NaN,NaN,NaN,NaN
426,5,0,664,695,619,546,556,499,507,471,535,444,NaN,NaN,NaN,NaN,NaN,NaN,NaN,NaN,NaN,NaN
427,5,0,663,695,618,545,556,498,506,471,535,444,NaN,NaN,NaN,NaN,NaN,NaN,NaN,NaN,NaN,NaN
428,5,0,662,695,617,545,555,498,506,470,535,443,NaN,NaN,NaN,NaN,NaN,NaN,NaN,NaN,NaN,NaN
429,5,0,659,695,616,545,555,498,506,470,536,442,NaN,NaN,NaN,NaN,NaN,NaN,NaN,NaN,NaN,NaN
430,5,0,656,695,615,546,555,498,506,470,535,442,NaN,NaN,NaN,NaN,NaN,NaN,NaN,NaN,NaN,NaN
431,5,0,653,695,614,547,553,499,505,469,534,442,NaN,NaN,NaN,NaN,NaN,NaN,NaN,NaN,NaN,NaN
432,5,0,650,695,613,549,552,501,503,470,533,443,NaN,NaN,NaN,NaN,NaN,NaN,NaN,NaN,NaN,NaN
433,5,0,648,695,611,551,551,502,502,471,533,443,NaN,NaN,NaN,NaN,NaN,NaN,NaN,NaN,NaN,NaN
434,5,0,645,695,609,553,550,503,501,471,532,444,NaN,NaN,NaN,NaN,NaN,NaN,NaN,NaN,NaN,NaN
435,5,0,643,695,608,554,549,504,500,472,532,444,NaN,NaN,NaN,NaN,NaN,NaN,NaN,NaN,NaN,NaN
436,5,0,641,695,608,556,548,505,500,472,532,444,NaN,NaN,NaN,NaN,NaN,NaN,NaN,NaN,NaN,NaN
437,5,0,639,695,607,557,548,506,500,473,531,445,NaN,NaN,NaN,NaN,NaN,NaN,NaN,NaN,NaN,NaN
438,5,0,638,695,606,558,548,506,500,473,531,445,NaN,NaN,NaN,NaN,NaN,NaN,NaN,NaN,NaN,NaN
439,5,0,637,695,606,559,548,507,500,472,531,444,NaN,NaN,NaN,NaN,NaN,NaN,NaN,NaN,NaN,NaN
440,5,0,636,695,605,559,547,506,499,471,532,444,NaN,NaN,NaN,NaN,NaN,NaN,NaN,NaN,NaN,NaN
441,5,0,635,695,605,559,547,506,499,471,531,443,NaN,NaN,NaN,NaN,NaN,NaN,NaN,NaN,NaN,NaN
442,5,0,634,695,604,558,547,505,498,470,531,442,NaN,NaN,NaN,NaN,NaN,NaN,NaN,NaN,NaN,NaN
443,5,0,633,695,604,557,546,504,498,469,531,441,NaN,NaN,NaN,NaN,NaN,NaN,NaN,NaN,NaN,NaN
444,5,0,632,695,603,556,545,503,498,468,531,439,NaN,NaN,NaN,NaN,NaN,NaN,NaN,NaN,NaN,NaN
445,5,0,631,695,602,555,545,502,498,467,531,438,NaN,NaN,NaN,NaN,NaN,NaN,NaN,NaN,NaN,NaN
446,5,0,630,695,602,555,545,502,498,466,531,437,NaN,NaN,NaN,NaN,NaN,NaN,NaN,NaN,NaN,NaN
447,5,0,630,695,602,554,544,501,497,465,531,436,NaN,NaN,NaN,NaN,NaN,NaN,NaN,NaN,NaN,NaN
448,5,0,630,695,602,554,544,501,497,464,531,436,NaN,NaN,NaN,NaN,NaN,NaN,NaN,NaN,NaN,NaN
449,5,0,630,695,601,556,544,501,497,464,531,436,NaN,NaN,NaN,NaN,NaN,NaN,NaN,NaN,NaN,NaN
450,5,0,629,695,602,557,544,502,498,464,532,436,NaN,NaN,NaN,NaN,NaN,NaN,NaN,NaN,NaN,NaN
451,5,0,628,695,601,558,544,503,498,464,532,435,NaN,NaN,NaN,NaN,NaN,NaN,NaN,NaN,NaN,NaN
452,5,0,628,695,601,560,543,504,498,464,532,435,NaN,NaN,NaN,NaN,NaN,NaN,NaN,NaN,NaN,NaN
453,5,0,627,695,601,561,543,504,498,464,533,435,NaN,NaN,NaN,NaN,NaN,NaN,NaN,NaN,NaN,NaN
454,5,0,626,695,600,562,543,505,498,464,533,435,NaN,NaN,NaN,NaN,NaN,NaN,NaN,NaN,NaN,NaN
455,5,0,625,695,600,563,544,505,498,464,533,435,NaN,NaN,NaN,NaN,NaN,NaN,NaN,NaN,NaN,NaN
456,5,0,625,695,600,564,544,506,499,463,534,434,NaN,NaN,NaN,NaN,NaN,NaN,NaN,NaN,NaN,NaN
457,5,0,624,695,599,564,544,506,499,463,535,433,NaN,NaN,NaN,NaN,NaN,NaN,NaN,NaN,NaN,NaN
458,5,0,623,695,598,564,543,505,500,462,535,432,NaN,NaN,NaN,NaN,NaN,NaN,NaN,NaN,NaN,NaN
459,5,0,621,695,598,564,543,505,499,461,535,431,NaN,NaN,NaN,NaN,NaN,NaN,NaN,NaN,NaN,NaN
460,5,0,620,695,597,564,543,505,499,460,535,430,NaN,NaN,NaN,NaN,NaN,NaN,NaN,NaN,NaN,NaN
461,5,0,619,695,596,563,543,504,499,459,536,429,NaN,NaN,NaN,NaN,NaN,NaN,NaN,NaN,NaN,NaN
462,5,0,618,695,596,563,542,503,499,458,537,428,NaN,NaN,NaN,NaN,NaN,NaN,NaN,NaN,NaN,NaN
463,5,0,617,695,595,562,543,502,500,457,537,427,NaN,NaN,NaN,NaN,NaN,NaN,NaN,NaN,NaN,NaN
464,5,0,616,695,595,562,543,502,501,456,538,426,NaN,NaN,NaN,NaN,NaN,NaN,NaN,NaN,NaN,NaN
465,5,0,616,695,595,561,543,501,502,455,539,425,NaN,NaN,NaN,NaN,NaN,NaN,NaN,NaN,NaN,NaN
466,5,0,616,695,595,561,544,500,503,454,540,424,NaN,NaN,NaN,NaN,NaN,NaN,NaN,NaN,NaN,NaN
467,5,0,615,695,595,561,544,500,503,453,541,423,NaN,NaN,NaN,NaN,NaN,NaN,NaN,NaN,NaN,NaN
468,5,0,614,695,595,562,544,501,504,453,542,423,NaN,NaN,NaN,NaN,NaN,NaN,NaN,NaN,NaN,NaN
469,5,0,614,695,594,563,545,501,505,452,543,423,NaN,NaN,NaN,NaN,NaN,NaN,NaN,NaN,NaN,NaN
470,5,0,614,695,594,564,545,502,506,453,544,423,NaN,NaN,NaN,NaN,NaN,NaN,NaN,NaN,NaN,NaN
471,5,0,614,695,594,566,546,503,507,453,546,423,NaN,NaN,NaN,NaN,NaN,NaN,NaN,NaN,NaN,NaN
472,5,0,614,695,595,568,547,504,509,453,548,423,NaN,NaN,NaN,NaN,NaN,NaN,NaN,NaN,NaN,NaN
473,5,0,615,695,596,570,549,505,510,453,550,424,NaN,NaN,NaN,NaN,NaN,NaN,NaN,NaN,NaN,NaN
474,5,0,616,695,597,571,550,506,512,454,552,424,NaN,NaN,NaN,NaN,NaN,NaN,NaN,NaN,NaN,NaN
475,5,0,617,695,599,572,552,506,514,453,554,423,NaN,NaN,NaN,NaN,NaN,NaN,NaN,NaN,NaN,NaN
476,5,0,618,695,600,573,553,507,516,453,556,423,NaN,NaN,NaN,NaN,NaN,NaN,NaN,NaN,NaN,NaN
477,5,0,619,695,600,574,555,507,518,453,558,423,NaN,NaN,NaN,NaN,NaN,NaN,NaN,NaN,NaN,NaN
478,5,0,621,695,602,575,557,507,521,453,561,422,NaN,NaN,NaN,NaN,NaN,NaN,NaN,NaN,NaN,NaN
479,5,0,622,695,603,576,558,508,523,452,563,422,NaN,NaN,NaN,NaN,NaN,NaN,NaN,NaN,NaN,NaN
480,5,0,623,695,604,576,560,508,524,452,565,422,NaN,NaN,NaN,NaN,NaN,NaN,NaN,NaN,NaN,NaN
481,5,0,625,695,606,576,562,508,527,452,567,421,NaN,NaN,NaN,NaN,NaN,NaN,NaN,NaN,NaN,NaN
482,5,0,626,695,607,577,564,508,529,451,569,421,NaN,NaN,NaN,NaN,NaN,NaN,NaN,NaN,NaN,NaN
483,5,0,628,695,608,577,565,508,531,451,571,420,NaN,NaN,NaN,NaN,NaN,NaN,NaN,NaN,NaN,NaN
484,5,0,629,695,610,578,567,508,533,450,574,420,NaN,NaN,NaN,NaN,NaN,NaN,NaN,NaN,NaN,NaN
485,5,0,631,695,611,578,569,508,535,450,576,420,NaN,NaN,NaN,NaN,NaN,NaN,NaN,NaN,NaN,NaN
486,5,0,632,695,612,580,571,509,537,450,578,420,NaN,NaN,NaN,NaN,NaN,NaN,NaN,NaN,NaN,NaN
487,5,0,634,695,614,582,573,511,540,451,581,421,NaN,NaN,NaN,NaN,NaN,NaN,NaN,NaN,NaN,NaN
488,5,1,634,695,614,582,573,511,540,451,581,421,NaN,NaN,NaN,NaN,NaN,NaN,NaN,NaN,NaN,NaN
489,5,0,634,695,614,582,573,511,540,451,582,421,NaN,NaN,NaN,NaN,NaN,NaN,NaN,NaN,NaN,NaN
490,5,0,634,695,616,585,577,513,543,452,585,422,NaN,NaN,NaN,NaN,NaN,NaN,NaN,NaN,NaN,NaN
491,5,0,658,695,618,589,578,515,545,453,588,423,NaN,NaN,NaN,NaN,NaN,NaN,NaN,NaN,NaN,NaN
492,5,0,657,695,620,591,581,516,546,455,590,424,NaN,NaN,NaN,NaN,NaN,NaN,NaN,NaN,NaN,NaN
493,5,0,655,695,622,594,583,518,548,456,593,425,NaN,NaN,NaN,NaN,NaN,NaN,NaN,NaN,NaN,NaN
494,5,0,654,695,623,597,585,520,550,457,596,425,NaN,NaN,NaN,NaN,NaN,NaN,NaN,NaN,NaN,NaN
495,5,0,653,695,624,600,587,521,552,458,599,426,NaN,NaN,NaN,NaN,NaN,NaN,NaN,NaN,NaN,NaN
496,5,0,651,695,626,603,589,523,554,459,601,427,NaN,NaN,NaN,NaN,NaN,NaN,NaN,NaN,NaN,NaN
497,5,0,651,695,627,606,591,525,556,459,604,428,NaN,NaN,NaN,NaN,NaN,NaN,NaN,NaN,NaN,NaN
498,5,0,651,695,628,608,593,526,557,460,606,429,NaN,NaN,NaN,NaN,NaN,NaN,NaN,NaN,NaN,NaN
499,5,0,650,695,630,610,596,527,560,461,609,430,NaN,NaN,NaN,NaN,NaN,NaN,NaN,NaN,NaN,NaN
500,5,0,650,695,631,612,597,528,561,462,611,430,NaN,NaN,NaN,NaN,NaN,NaN,NaN,NaN,NaN,NaN
501,5,0,650,695,631,614,599,529,562,462,613,431,NaN,NaN,NaN,NaN,NaN,NaN,NaN,NaN,NaN,NaN
502,5,0,649,695,632,616,600,530,563,463,615,431,NaN,NaN,NaN,NaN,NaN,NaN,NaN,NaN,NaN,NaN
503,5,0,648,695,632,617,601,530,564,463,617,432,NaN,NaN,NaN,NaN,NaN,NaN,NaN,NaN,NaN,NaN
504,5,0,647,695,632,619,602,531,565,464,619,432,NaN,NaN,NaN,NaN,NaN,NaN,NaN,NaN,NaN,NaN
505,5,0,646,695,633,620,603,532,567,464,621,433,NaN,NaN,NaN,NaN,NaN,NaN,NaN,NaN,NaN,NaN
506,5,0,646,695,634,623,605,533,568,465,623,434,NaN,NaN,NaN,NaN,NaN,NaN,NaN,NaN,NaN,NaN
507,5,0,646,695,635,629,606,537,570,468,626,436,NaN,NaN,NaN,NaN,NaN,NaN,NaN,NaN,NaN,NaN
508,5,0,646,695,636,635,609,541,572,471,629,439,NaN,NaN,NaN,NaN,NaN,NaN,NaN,NaN,NaN,NaN
509,5,0,648,695,639,641,612,546,575,474,632,442,NaN,NaN,NaN,NaN,NaN,NaN,NaN,NaN,NaN,NaN
510,5,0,649,695,641,647,616,550,577,477,636,445,NaN,NaN,NaN,NaN,NaN,NaN,NaN,NaN,NaN,NaN
511,5,0,650,695,643,653,618,553,580,480,639,447,NaN,NaN,NaN,NaN,NaN,NaN,NaN,NaN,NaN,NaN
512,5,0,651,695,644,657,620,556,581,482,642,449,NaN,NaN,NaN,NaN,NaN,NaN,NaN,NaN,NaN,NaN
513,5,0,651,695,646,661,622,558,583,483,644,450,NaN,NaN,NaN,NaN,NaN,NaN,NaN,NaN,NaN,NaN
514,5,0,652,695,646,664,623,560,584,484,645,451,NaN,NaN,NaN,NaN,NaN,NaN,NaN,NaN,NaN,NaN
515,5,0,652,695,647,667,624,561,585,485,647,452,NaN,NaN,NaN,NaN,NaN,NaN,NaN,NaN,NaN,NaN
516,5,0,653,695,647,669,625,563,586,486,649,453,NaN,NaN,NaN,NaN,NaN,NaN,NaN,NaN,NaN,NaN
517,5,0,654,695,648,671,627,564,587,487,651,454,NaN,NaN,NaN,NaN,NaN,NaN,NaN,NaN,NaN,NaN
518,5,0,655,695,649,673,629,564,588,487,653,454,NaN,NaN,NaN,NaN,NaN,NaN,NaN,NaN,NaN,NaN
519,4,1,655,695,629,564,588,487,653,454,NaN,NaN,NaN,NaN,NaN,NaN,NaN,NaN,NaN,NaN,NaN,NaN
520,4,0,655,695,629,563,589,487,654,454,NaN,NaN,NaN,NaN,NaN,NaN,NaN,NaN,NaN,NaN,NaN,NaN
521,4,0,655,695,630,564,591,487,656,455,NaN,NaN,NaN,NaN,NaN,NaN,NaN,NaN,NaN,NaN,NaN,NaN
522,4,0,654,695,630,564,591,488,657,456,NaN,NaN,NaN,NaN,NaN,NaN,NaN,NaN,NaN,NaN,NaN,NaN
523,4,0,654,695,630,566,592,490,658,457,NaN,NaN,NaN,NaN,NaN,NaN,NaN,NaN,NaN,NaN,NaN,NaN
524,4,0,653,695,630,567,592,492,658,458,NaN,NaN,NaN,NaN,NaN,NaN,NaN,NaN,NaN,NaN,NaN,NaN
525,4,0,652,695,631,570,593,493,659,460,NaN,NaN,NaN,NaN,NaN,NaN,NaN,NaN,NaN,NaN,NaN,NaN
526,4,0,652,695,630,571,593,495,660,461,NaN,NaN,NaN,NaN,NaN,NaN,NaN,NaN,NaN,NaN,NaN,NaN
527,4,0,652,695,631,572,595,495,661,462,NaN,NaN,NaN,NaN,NaN,NaN,NaN,NaN,NaN,NaN,NaN,NaN
528,4,0,652,695,631,574,595,497,662,463,NaN,NaN,NaN,NaN,NaN,NaN,NaN,NaN,NaN,NaN,NaN,NaN
529,4,0,650,695,631,575,595,498,663,464,NaN,NaN,NaN,NaN,NaN,NaN,NaN,NaN,NaN,NaN,NaN,NaN
530,4,0,650,695,630,577,595,499,664,465,NaN,NaN,NaN,NaN,NaN,NaN,NaN,NaN,NaN,NaN,NaN,NaN
531,4,0,649,695,630,579,596,500,664,466,NaN,NaN,NaN,NaN,NaN,NaN,NaN,NaN,NaN,NaN,NaN,NaN
532,4,0,648,695,630,579,596,501,665,467,NaN,NaN,NaN,NaN,NaN,NaN,NaN,NaN,NaN,NaN,NaN,NaN
533,4,0,648,695,630,580,597,502,666,467,NaN,NaN,NaN,NaN,NaN,NaN,NaN,NaN,NaN,NaN,NaN,NaN
534,4,0,647,695,630,581,597,502,667,468,NaN,NaN,NaN,NaN,NaN,NaN,NaN,NaN,NaN,NaN,NaN,NaN
535,4,0,647,695,630,580,598,503,668,468,NaN,NaN,NaN,NaN,NaN,NaN,NaN,NaN,NaN,NaN,NaN,NaN
536,4,0,646,695,631,580,599,503,669,468,NaN,NaN,NaN,NaN,NaN,NaN,NaN,NaN,NaN,NaN,NaN,NaN
537,4,0,646,695,630,581,600,503,669,469,NaN,NaN,NaN,NaN,NaN,NaN,NaN,NaN,NaN,NaN,NaN,NaN
538,4,0,645,695,630,582,600,505,670,470,NaN,NaN,NaN,NaN,NaN,NaN,NaN,NaN,NaN,NaN,NaN,NaN
539,4,0,643,695,629,584,600,506,670,471,NaN,NaN,NaN,NaN,NaN,NaN,NaN,NaN,NaN,NaN,NaN,NaN
540,4,0,642,695,628,585,600,507,670,472,NaN,NaN,NaN,NaN,NaN,NaN,NaN,NaN,NaN,NaN,NaN,NaN
541,4,0,641,695,628,586,601,509,671,473,NaN,NaN,NaN,NaN,NaN,NaN,NaN,NaN,NaN,NaN,NaN,NaN
542,4,0,640,695,628,588,601,510,672,474,NaN,NaN,NaN,NaN,NaN,NaN,NaN,NaN,NaN,NaN,NaN,NaN
543,4,0,640,695,627,589,602,511,673,475,NaN,NaN,NaN,NaN,NaN,NaN,NaN,NaN,NaN,NaN,NaN,NaN
544,4,0,640,695,628,590,603,512,673,476,NaN,NaN,NaN,NaN,NaN,NaN,NaN,NaN,NaN,NaN,NaN,NaN
545,4,0,640,695,628,591,604,513,675,477,NaN,NaN,NaN,NaN,NaN,NaN,NaN,NaN,NaN,NaN,NaN,NaN
546,4,0,641,695,630,593,605,514,676,478,NaN,NaN,NaN,NaN,NaN,NaN,NaN,NaN,NaN,NaN,NaN,NaN
547,4,0,643,695,630,594,606,515,677,479,NaN,NaN,NaN,NaN,NaN,NaN,NaN,NaN,NaN,NaN,NaN,NaN
548,4,0,644,695,631,594,608,516,679,480,NaN,NaN,NaN,NaN,NaN,NaN,NaN,NaN,NaN,NaN,NaN,NaN
549,4,0,646,695,633,594,609,516,681,480,NaN,NaN,NaN,NaN,NaN,NaN,NaN,NaN,NaN,NaN,NaN,NaN
550,4,0,648,695,635,593,611,515,683,479,NaN,NaN,NaN,NaN,NaN,NaN,NaN,NaN,NaN,NaN,NaN,NaN
551,4,0,650,695,636,591,612,514,684,477,NaN,NaN,NaN,NaN,NaN,NaN,NaN,NaN,NaN,NaN,NaN,NaN
552,4,0,652,694,637,589,614,512,686,475,NaN,NaN,NaN,NaN,NaN,NaN,NaN,NaN,NaN,NaN,NaN,NaN
553,4,0,654,693,639,587,616,511,688,474,NaN,NaN,NaN,NaN,NaN,NaN,NaN,NaN,NaN,NaN,NaN,NaN
554,4,0,656,693,640,585,617,510,689,473,NaN,NaN,NaN,NaN,NaN,NaN,NaN,NaN,NaN,NaN,NaN,NaN
555,4,0,657,693,641,584,619,509,691,472,NaN,NaN,NaN,NaN,NaN,NaN,NaN,NaN,NaN,NaN,NaN,NaN
556,4,0,660,693,643,582,620,508,692,471,NaN,NaN,NaN,NaN,NaN,NaN,NaN,NaN,NaN,NaN,NaN,NaN
557,4,0,665,695,649,588,624,512,696,476,NaN,NaN,NaN,NaN,NaN,NaN,NaN,NaN,NaN,NaN,NaN,NaN
558,4,0,667,695,650,591,627,517,698,480,NaN,NaN,NaN,NaN,NaN,NaN,NaN,NaN,NaN,NaN,NaN,NaN
559,4,0,668,695,651,594,628,519,700,482,NaN,NaN,NaN,NaN,NaN,NaN,NaN,NaN,NaN,NaN,NaN,NaN
560,4,0,670,695,652,596,629,521,702,483,NaN,NaN,NaN,NaN,NaN,NaN,NaN,NaN,NaN,NaN,NaN,NaN
561,4,0,671,695,653,598,631,523,704,485,NaN,NaN,NaN,NaN,NaN,NaN,NaN,NaN,NaN,NaN,NaN,NaN
562,4,0,672,695,654,599,632,524,705,486,NaN,NaN,NaN,NaN,NaN,NaN,NaN,NaN,NaN,NaN,NaN,NaN
563,4,0,673,695,655,599,633,525,706,486,NaN,NaN,NaN,NaN,NaN,NaN,NaN,NaN,NaN,NaN,NaN,NaN
564,4,0,674,695,655,599,634,524,707,486,NaN,NaN,NaN,NaN,NaN,NaN,NaN,NaN,NaN,NaN,NaN,NaN
565,4,0,675,695,656,598,635,524,708,485,NaN,NaN,NaN,NaN,NaN,NaN,NaN,NaN,NaN,NaN,NaN,NaN
566,4,0,675,695,656,597,635,524,709,484,NaN,NaN,NaN,NaN,NaN,NaN,NaN,NaN,NaN,NaN,NaN,NaN
567,4,0,676,695,656,597,636,523,710,484,NaN,NaN,NaN,NaN,NaN,NaN,NaN,NaN,NaN,NaN,NaN,NaN
568,4,0,676,695,656,596,637,523,711,483,NaN,NaN,NaN,NaN,NaN,NaN,NaN,NaN,NaN,NaN,NaN,NaN
569,4,0,677,695,656,595,638,522,712,483,NaN,NaN,NaN,NaN,NaN,NaN,NaN,NaN,NaN,NaN,NaN,NaN
570,4,0,677,695,656,594,638,522,712,483,NaN,NaN,NaN,NaN,NaN,NaN,NaN,NaN,NaN,NaN,NaN,NaN
571,4,0,678,695,656,594,638,522,713,482,NaN,NaN,NaN,NaN,NaN,NaN,NaN,NaN,NaN,NaN,NaN,NaN
572,4,0,678,695,656,593,639,521,713,482,NaN,NaN,NaN,NaN,NaN,NaN,NaN,NaN,NaN,NaN,NaN,NaN
573,4,0,678,695,656,591,639,521,714,481,NaN,NaN,NaN,NaN,NaN,NaN,NaN,NaN,NaN,NaN,NaN,NaN
574,4,0,678,695,656,591,639,521,714,482,NaN,NaN,NaN,NaN,NaN,NaN,NaN,NaN,NaN,NaN,NaN,NaN
575,4,0,678,695,655,592,639,523,714,483,NaN,NaN,NaN,NaN,NaN,NaN,NaN,NaN,NaN,NaN,NaN,NaN
576,4,0,678,695,654,593,639,525,714,484,NaN,NaN,NaN,NaN,NaN,NaN,NaN,NaN,NaN,NaN,NaN,NaN
577,4,0,678,695,655,594,640,526,715,485,NaN,NaN,NaN,NaN,NaN,NaN,NaN,NaN,NaN,NaN,NaN,NaN
578,4,0,679,695,655,595,641,527,717,486,NaN,NaN,NaN,NaN,NaN,NaN,NaN,NaN,NaN,NaN,NaN,NaN
579,4,0,681,695,656,597,642,529,719,488,NaN,NaN,NaN,NaN,NaN,NaN,NaN,NaN,NaN,NaN,NaN,NaN
580,4,0,683,695,657,599,644,531,721,490,NaN,NaN,NaN,NaN,NaN,NaN,NaN,NaN,NaN,NaN,NaN,NaN
581,4,0,684,695,658,601,645,533,722,491,NaN,NaN,NaN,NaN,NaN,NaN,NaN,NaN,NaN,NaN,NaN,NaN
582,4,0,684,695,658,601,646,534,723,492,NaN,NaN,NaN,NaN,NaN,NaN,NaN,NaN,NaN,NaN,NaN,NaN
583,4,0,685,695,657,602,646,535,723,492,NaN,NaN,NaN,NaN,NaN,NaN,NaN,NaN,NaN,NaN,NaN,NaN
584,4,0,685,695,657,601,646,535,723,492,NaN,NaN,NaN,NaN,NaN,NaN,NaN,NaN,NaN,NaN,NaN,NaN
585,4,0,685,695,656,600,646,535,723,492,NaN,NaN,NaN,NaN,NaN,NaN,NaN,NaN,NaN,NaN,NaN,NaN
586,4,0,684,695,655,600,645,535,723,492,NaN,NaN,NaN,NaN,NaN,NaN,NaN,NaN,NaN,NaN,NaN,NaN
587,4,0,684,695,654,599,645,534,723,491,NaN,NaN,NaN,NaN,NaN,NaN,NaN,NaN,NaN,NaN,NaN,NaN
588,4,0,683,695,653,598,645,534,723,491,NaN,NaN,NaN,NaN,NaN,NaN,NaN,NaN,NaN,NaN,NaN,NaN
589,4,0,683,695,652,597,645,534,723,491,NaN,NaN,NaN,NaN,NaN,NaN,NaN,NaN,NaN,NaN,NaN,NaN
590,4,0,684,695,652,596,644,534,723,491,NaN,NaN,NaN,NaN,NaN,NaN,NaN,NaN,NaN,NaN,NaN,NaN
591,4,0,683,695,651,595,644,534,723,490,NaN,NaN,NaN,NaN,NaN,NaN,NaN,NaN,NaN,NaN,NaN,NaN
592,4,0,681,695,649,595,643,535,722,491,NaN,NaN,NaN,NaN,NaN,NaN,NaN,NaN,NaN,NaN,NaN,NaN
593,4,1,681,703,648,594,643,535,722,491,NaN,NaN,NaN,NaN,NaN,NaN,NaN,NaN,NaN,NaN,NaN,NaN
594,4,0,677,695,646,596,642,536,721,492,NaN,NaN,NaN,NaN,NaN,NaN,NaN,NaN,NaN,NaN,NaN,NaN
595,4,0,673,695,645,597,641,538,720,493,NaN,NaN,NaN,NaN,NaN,NaN,NaN,NaN,NaN,NaN,NaN,NaN
596,4,0,670,695,643,600,639,540,720,494,NaN,NaN,NaN,NaN,NaN,NaN,NaN,NaN,NaN,NaN,NaN,NaN
597,4,0,667,695,640,601,638,540,719,496,NaN,NaN,NaN,NaN,NaN,NaN,NaN,NaN,NaN,NaN,NaN,NaN
598,4,0,665,695,639,603,638,542,718,497,NaN,NaN,NaN,NaN,NaN,NaN,NaN,NaN,NaN,NaN,NaN,NaN
599,4,0,662,695,639,603,637,542,717,497,NaN,NaN,NaN,NaN,NaN,NaN,NaN,NaN,NaN,NaN,NaN,NaN
600,4,0,661,695,638,604,637,543,717,498,NaN,NaN,NaN,NaN,NaN,NaN,NaN,NaN,NaN,NaN,NaN,NaN
601,4,0,659,695,637,605,637,543,718,498,NaN,NaN,NaN,NaN,NaN,NaN,NaN,NaN,NaN,NaN,NaN,NaN
602,4,0,657,695,636,605,636,544,717,497,NaN,NaN,NaN,NaN,NaN,NaN,NaN,NaN,NaN,NaN,NaN,NaN
603,4,0,655,695,634,605,635,544,716,497,NaN,NaN,NaN,NaN,NaN,NaN,NaN,NaN,NaN,NaN,NaN,NaN
604,4,0,653,695,632,604,634,543,715,497,NaN,NaN,NaN,NaN,NaN,NaN,NaN,NaN,NaN,NaN,NaN,NaN
605,4,0,650,695,631,605,634,542,715,497,NaN,NaN,NaN,NaN,NaN,NaN,NaN,NaN,NaN,NaN,NaN,NaN
606,4,0,648,695,630,604,633,542,715,496,NaN,NaN,NaN,NaN,NaN,NaN,NaN,NaN,NaN,NaN,NaN,NaN
607,4,0,646,695,628,604,632,542,714,496,NaN,NaN,NaN,NaN,NaN,NaN,NaN,NaN,NaN,NaN,NaN,NaN
608,4,0,645,695,627,604,631,542,713,496,NaN,NaN,NaN,NaN,NaN,NaN,NaN,NaN,NaN,NaN,NaN,NaN
609,4,0,643,695,625,605,630,543,712,497,NaN,NaN,NaN,NaN,NaN,NaN,NaN,NaN,NaN,NaN,NaN,NaN
610,4,0,641,695,623,606,630,544,712,498,NaN,NaN,NaN,NaN,NaN,NaN,NaN,NaN,NaN,NaN,NaN,NaN
611,4,0,639,695,622,608,630,545,712,499,NaN,NaN,NaN,NaN,NaN,NaN,NaN,NaN,NaN,NaN,NaN,NaN
612,4,0,638,695,622,609,629,546,712,500,NaN,NaN,NaN,NaN,NaN,NaN,NaN,NaN,NaN,NaN,NaN,NaN
613,4,0,636,695,621,611,630,547,712,500,NaN,NaN,NaN,NaN,NaN,NaN,NaN,NaN,NaN,NaN,NaN,NaN
614,4,0,635,695,620,612,629,548,712,501,NaN,NaN,NaN,NaN,NaN,NaN,NaN,NaN,NaN,NaN,NaN,NaN
615,4,0,633,695,619,614,629,550,713,502,NaN,NaN,NaN,NaN,NaN,NaN,NaN,NaN,NaN,NaN,NaN,NaN
616,4,0,632,695,619,615,629,550,713,502,NaN,NaN,NaN,NaN,NaN,NaN,NaN,NaN,NaN,NaN,NaN,NaN
617,4,0,631,695,618,615,629,550,712,502,NaN,NaN,NaN,NaN,NaN,NaN,NaN,NaN,NaN,NaN,NaN,NaN
618,4,0,629,695,616,615,628,550,711,502,NaN,NaN,NaN,NaN,NaN,NaN,NaN,NaN,NaN,NaN,NaN,NaN
619,4,0,628,695,616,615,629,550,712,501,NaN,NaN,NaN,NaN,NaN,NaN,NaN,NaN,NaN,NaN,NaN,NaN
620,4,0,627,695,615,615,628,549,712,501,NaN,NaN,NaN,NaN,NaN,NaN,NaN,NaN,NaN,NaN,NaN,NaN
621,4,0,627,695,615,614,628,549,712,500,NaN,NaN,NaN,NaN,NaN,NaN,NaN,NaN,NaN,NaN,NaN,NaN
622,4,0,627,695,615,613,629,548,713,500,NaN,NaN,NaN,NaN,NaN,NaN,NaN,NaN,NaN,NaN,NaN,NaN
623,4,0,627,695,615,613,629,547,713,499,NaN,NaN,NaN,NaN,NaN,NaN,NaN,NaN,NaN,NaN,NaN,NaN
624,4,0,627,695,614,611,629,546,714,498,NaN,NaN,NaN,NaN,NaN,NaN,NaN,NaN,NaN,NaN,NaN,NaN
625,4,0,626,695,613,611,629,545,713,497,NaN,NaN,NaN,NaN,NaN,NaN,NaN,NaN,NaN,NaN,NaN,NaN
626,4,0,626,694,613,609,629,544,713,495,NaN,NaN,NaN,NaN,NaN,NaN,NaN,NaN,NaN,NaN,NaN,NaN
627,4,0,626,695,613,610,630,544,713,496,NaN,NaN,NaN,NaN,NaN,NaN,NaN,NaN,NaN,NaN,NaN,NaN
628,4,0,626,695,613,611,630,545,715,497,NaN,NaN,NaN,NaN,NaN,NaN,NaN,NaN,NaN,NaN,NaN,NaN
629,4,0,626,695,612,612,630,546,715,497,NaN,NaN,NaN,NaN,NaN,NaN,NaN,NaN,NaN,NaN,NaN,NaN
630,4,0,625,695,611,613,631,547,715,498,NaN,NaN,NaN,NaN,NaN,NaN,NaN,NaN,NaN,NaN,NaN,NaN
631,4,0,624,695,610,613,630,547,715,497,NaN,NaN,NaN,NaN,NaN,NaN,NaN,NaN,NaN,NaN,NaN,NaN
632,4,0,621,695,608,614,629,548,715,498,NaN,NaN,NaN,NaN,NaN,NaN,NaN,NaN,NaN,NaN,NaN,NaN
633,4,0,619,695,607,614,628,548,714,498,NaN,NaN,NaN,NaN,NaN,NaN,NaN,NaN,NaN,NaN,NaN,NaN
634,4,0,618,695,606,614,628,546,714,497,NaN,NaN,NaN,NaN,NaN,NaN,NaN,NaN,NaN,NaN,NaN,NaN
635,4,0,618,695,606,612,628,545,714,495,NaN,NaN,NaN,NaN,NaN,NaN,NaN,NaN,NaN,NaN,NaN,NaN
636,4,0,617,694,605,610,628,543,714,492,NaN,NaN,NaN,NaN,NaN,NaN,NaN,NaN,NaN,NaN,NaN,NaN
637,4,0,616,693,604,608,628,541,714,490,NaN,NaN,NaN,NaN,NaN,NaN,NaN,NaN,NaN,NaN,NaN,NaN
638,4,0,615,693,603,606,628,538,714,488,NaN,NaN,NaN,NaN,NaN,NaN,NaN,NaN,NaN,NaN,NaN,NaN
639,4,0,615,692,602,605,628,537,715,486,NaN,NaN,NaN,NaN,NaN,NaN,NaN,NaN,NaN,NaN,NaN,NaN
640,4,0,614,692,601,603,629,535,715,485,NaN,NaN,NaN,NaN,NaN,NaN,NaN,NaN,NaN,NaN,NaN,NaN
641,4,0,613,692,601,602,629,535,715,483,NaN,NaN,NaN,NaN,NaN,NaN,NaN,NaN,NaN,NaN,NaN,NaN
642,4,0,611,692,599,601,628,533,715,483,NaN,NaN,NaN,NaN,NaN,NaN,NaN,NaN,NaN,NaN,NaN,NaN
643,4,0,610,692,598,600,628,532,715,481,NaN,NaN,NaN,NaN,NaN,NaN,NaN,NaN,NaN,NaN,NaN,NaN
644,4,0,609,694,597,601,628,532,715,481,NaN,NaN,NaN,NaN,NaN,NaN,NaN,NaN,NaN,NaN,NaN,NaN
645,4,0,606,695,595,601,627,534,714,483,NaN,NaN,NaN,NaN,NaN,NaN,NaN,NaN,NaN,NaN,NaN,NaN
646,4,0,605,695,594,602,627,534,714,483,NaN,NaN,NaN,NaN,NaN,NaN,NaN,NaN,NaN,NaN,NaN,NaN
647,4,0,604,695,593,602,628,534,715,483,NaN,NaN,NaN,NaN,NaN,NaN,NaN,NaN,NaN,NaN,NaN,NaN
648,4,0,603,695,593,603,628,534,716,483,NaN,NaN,NaN,NaN,NaN,NaN,NaN,NaN,NaN,NaN,NaN,NaN
649,4,0,603,695,593,604,629,535,717,483,NaN,NaN,NaN,NaN,NaN,NaN,NaN,NaN,NaN,NaN,NaN,NaN
650,4,0,602,695,592,605,629,535,718,483,NaN,NaN,NaN,NaN,NaN,NaN,NaN,NaN,NaN,NaN,NaN,NaN
651,4,0,602,695,592,605,630,535,718,483,NaN,NaN,NaN,NaN,NaN,NaN,NaN,NaN,NaN,NaN,NaN,NaN
652,4,0,602,695,592,605,631,535,719,483,NaN,NaN,NaN,NaN,NaN,NaN,NaN,NaN,NaN,NaN,NaN,NaN
653,4,0,602,695,592,604,632,534,720,482,NaN,NaN,NaN,NaN,NaN,NaN,NaN,NaN,NaN,NaN,NaN,NaN
654,4,0,602,695,592,603,632,533,721,480,NaN,NaN,NaN,NaN,NaN,NaN,NaN,NaN,NaN,NaN,NaN,NaN
655,4,0,602,695,593,602,633,531,722,479,NaN,NaN,NaN,NaN,NaN,NaN,NaN,NaN,NaN,NaN,NaN,NaN
656,4,0,602,695,593,600,634,530,723,477,NaN,NaN,NaN,NaN,NaN,NaN,NaN,NaN,NaN,NaN,NaN,NaN
657,4,0,603,695,593,599,635,529,725,476,NaN,NaN,NaN,NaN,NaN,NaN,NaN,NaN,NaN,NaN,NaN,NaN
658,4,0,603,695,593,597,637,527,726,475,NaN,NaN,NaN,NaN,NaN,NaN,NaN,NaN,NaN,NaN,NaN,NaN
659,4,0,603,695,593,596,637,526,727,474,NaN,NaN,NaN,NaN,NaN,NaN,NaN,NaN,NaN,NaN,NaN,NaN
660,4,0,603,695,593,595,638,525,727,472,NaN,NaN,NaN,NaN,NaN,NaN,NaN,NaN,NaN,NaN,NaN,NaN
661,4,0,603,695,593,594,639,524,728,471,NaN,NaN,NaN,NaN,NaN,NaN,NaN,NaN,NaN,NaN,NaN,NaN
662,4,0,603,695,593,593,640,523,729,470,NaN,NaN,NaN,NaN,NaN,NaN,NaN,NaN,NaN,NaN,NaN,NaN
663,4,0,603,695,593,593,640,523,729,470,NaN,NaN,NaN,NaN,NaN,NaN,NaN,NaN,NaN,NaN,NaN,NaN
664,4,0,602,695,593,594,641,523,730,470,NaN,NaN,NaN,NaN,NaN,NaN,NaN,NaN,NaN,NaN,NaN,NaN
665,4,0,603,695,593,594,642,523,731,470,NaN,NaN,NaN,NaN,NaN,NaN,NaN,NaN,NaN,NaN,NaN,NaN
666,4,0,603,695,593,595,643,524,732,470,NaN,NaN,NaN,NaN,NaN,NaN,NaN,NaN,NaN,NaN,NaN,NaN
667,4,0,603,695,593,596,643,524,734,470,NaN,NaN,NaN,NaN,NaN,NaN,NaN,NaN,NaN,NaN,NaN,NaN
668,4,0,602,695,592,596,644,525,735,470,NaN,NaN,NaN,NaN,NaN,NaN,NaN,NaN,NaN,NaN,NaN,NaN
669,4,0,601,695,592,597,645,525,735,470,NaN,NaN,NaN,NaN,NaN,NaN,NaN,NaN,NaN,NaN,NaN,NaN
670,4,0,601,695,591,597,645,525,736,470,NaN,NaN,NaN,NaN,NaN,NaN,NaN,NaN,NaN,NaN,NaN,NaN
671,4,0,600,695,590,596,645,524,736,469,NaN,NaN,NaN,NaN,NaN,NaN,NaN,NaN,NaN,NaN,NaN,NaN
672,4,0,599,695,590,596,646,523,736,468,NaN,NaN,NaN,NaN,NaN,NaN,NaN,NaN,NaN,NaN,NaN,NaN
673,4,0,598,695,589,595,646,522,737,467,NaN,NaN,NaN,NaN,NaN,NaN,NaN,NaN,NaN,NaN,NaN,NaN
674,4,0,597,695,588,593,646,521,738,466,NaN,NaN,NaN,NaN,NaN,NaN,NaN,NaN,NaN,NaN,NaN,NaN
675,4,0,597,695,588,592,647,520,739,464,NaN,NaN,NaN,NaN,NaN,NaN,NaN,NaN,NaN,NaN,NaN,NaN
676,4,0,596,695,588,590,648,519,739,463,NaN,NaN,NaN,NaN,NaN,NaN,NaN,NaN,NaN,NaN,NaN,NaN
677,4,0,596,695,588,589,649,517,741,462,NaN,NaN,NaN,NaN,NaN,NaN,NaN,NaN,NaN,NaN,NaN,NaN
678,4,0,596,695,588,587,650,516,742,461,NaN,NaN,NaN,NaN,NaN,NaN,NaN,NaN,NaN,NaN,NaN,NaN
679,4,0,595,695,588,587,651,517,743,460,NaN,NaN,NaN,NaN,NaN,NaN,NaN,NaN,NaN,NaN,NaN,NaN
680,4,0,594,695,587,589,652,518,744,461,NaN,NaN,NaN,NaN,NaN,NaN,NaN,NaN,NaN,NaN,NaN,NaN
681,4,0,592,695,586,589,652,518,744,462,NaN,NaN,NaN,NaN,NaN,NaN,NaN,NaN,NaN,NaN,NaN,NaN
682,4,0,591,695,586,589,652,518,745,462,NaN,NaN,NaN,NaN,NaN,NaN,NaN,NaN,NaN,NaN,NaN,NaN
683,4,0,591,695,585,588,654,517,746,461,NaN,NaN,NaN,NaN,NaN,NaN,NaN,NaN,NaN,NaN,NaN,NaN
684,4,0,590,695,586,589,655,518,748,462,NaN,NaN,NaN,NaN,NaN,NaN,NaN,NaN,NaN,NaN,NaN,NaN
685,4,0,591,695,586,590,657,519,751,462,NaN,NaN,NaN,NaN,NaN,NaN,NaN,NaN,NaN,NaN,NaN,NaN
686,4,0,591,695,587,592,659,520,753,463,NaN,NaN,NaN,NaN,NaN,NaN,NaN,NaN,NaN,NaN,NaN,NaN
687,4,0,591,695,587,592,661,520,755,463,NaN,NaN,NaN,NaN,NaN,NaN,NaN,NaN,NaN,NaN,NaN,NaN
688,4,1,591,695,587,591,661,520,755,463,NaN,NaN,NaN,NaN,NaN,NaN,NaN,NaN,NaN,NaN,NaN,NaN
689,4,0,592,695,588,590,664,519,759,461,NaN,NaN,NaN,NaN,NaN,NaN,NaN,NaN,NaN,NaN,NaN,NaN
690,4,0,592,695,590,588,666,517,762,458,NaN,NaN,NaN,NaN,NaN,NaN,NaN,NaN,NaN,NaN,NaN,NaN
691,4,0,593,695,592,586,668,515,766,456,NaN,NaN,NaN,NaN,NaN,NaN,NaN,NaN,NaN,NaN,NaN,NaN
692,4,0,594,695,593,584,670,513,770,453,NaN,NaN,NaN,NaN,NaN,NaN,NaN,NaN,NaN,NaN,NaN,NaN
693,4,0,595,695,594,583,673,510,773,450,NaN,NaN,NaN,NaN,NaN,NaN,NaN,NaN,NaN,NaN,NaN,NaN
694,4,0,595,695,596,581,675,508,778,448,NaN,NaN,NaN,NaN,NaN,NaN,NaN,NaN,NaN,NaN,NaN,NaN
695,4,0,596,695,597,578,677,506,782,445,NaN,NaN,NaN,NaN,NaN,NaN,NaN,NaN,NaN,NaN,NaN,NaN
696,4,0,597,695,598,577,680,504,786,443,NaN,NaN,NaN,NaN,NaN,NaN,NaN,NaN,NaN,NaN,NaN,NaN
697,4,0,598,695,601,575,682,503,789,440,NaN,NaN,NaN,NaN,NaN,NaN,NaN,NaN,NaN,NaN,NaN,NaN
698,4,0,598,695,601,574,684,502,793,439,NaN,NaN,NaN,NaN,NaN,NaN,NaN,NaN,NaN,NaN,NaN,NaN
699,4,0,599,695,603,574,687,501,797,437,NaN,NaN,NaN,NaN,NaN,NaN,NaN,NaN,NaN,NaN,NaN,NaN
700,4,0,599,695,604,575,689,502,801,437,NaN,NaN,NaN,NaN,NaN,NaN,NaN,NaN,NaN,NaN,NaN,NaN
701,4,0,599,695,605,575,691,502,805,436,NaN,NaN,NaN,NaN,NaN,NaN,NaN,NaN,NaN,NaN,NaN,NaN
702,4,0,599,695,606,576,693,502,808,435,NaN,NaN,NaN,NaN,NaN,NaN,NaN,NaN,NaN,NaN,NaN,NaN
703,4,0,599,695,607,576,695,502,812,434,NaN,NaN,NaN,NaN,NaN,NaN,NaN,NaN,NaN,NaN,NaN,NaN
704,4,0,599,695,608,576,697,502,816,433,NaN,NaN,NaN,NaN,NaN,NaN,NaN,NaN,NaN,NaN,NaN,NaN
705,4,0,599,695,609,577,700,501,819,432,NaN,NaN,NaN,NaN,NaN,NaN,NaN,NaN,NaN,NaN,NaN,NaN
706,4,0,599,695,610,576,701,501,823,430,NaN,NaN,NaN,NaN,NaN,NaN,NaN,NaN,NaN,NaN,NaN,NaN
707,4,0,599,695,610,576,703,500,826,429,NaN,NaN,NaN,NaN,NaN,NaN,NaN,NaN,NaN,NaN,NaN,NaN
708,4,0,599,695,612,574,705,498,830,427,NaN,NaN,NaN,NaN,NaN,NaN,NaN,NaN,NaN,NaN,NaN,NaN
709,4,0,600,695,613,573,708,497,834,425,NaN,NaN,NaN,NaN,NaN,NaN,NaN,NaN,NaN,NaN,NaN,NaN
710,4,0,600,695,615,572,711,496,839,423,NaN,NaN,NaN,NaN,NaN,NaN,NaN,NaN,NaN,NaN,NaN,NaN
711,4,0,601,695,617,571,713,495,843,422,NaN,NaN,NaN,NaN,NaN,NaN,NaN,NaN,NaN,NaN,NaN,NaN
712,4,0,601,695,619,570,716,494,848,420,NaN,NaN,NaN,NaN,NaN,NaN,NaN,NaN,NaN,NaN,NaN,NaN
713,4,0,602,695,621,569,719,493,852,419,NaN,NaN,NaN,NaN,NaN,NaN,NaN,NaN,NaN,NaN,NaN,NaN
714,4,0,602,695,623,569,721,492,856,417,NaN,NaN,NaN,NaN,NaN,NaN,NaN,NaN,NaN,NaN,NaN,NaN
715,4,0,603,695,624,568,724,491,861,415,NaN,NaN,NaN,NaN,NaN,NaN,NaN,NaN,NaN,NaN,NaN,NaN
716,4,0,605,695,627,568,727,491,866,414,NaN,NaN,NaN,NaN,NaN,NaN,NaN,NaN,NaN,NaN,NaN,NaN
717,4,0,606,695,629,568,731,491,871,413,NaN,NaN,NaN,NaN,NaN,NaN,NaN,NaN,NaN,NaN,NaN,NaN
718,4,0,608,695,631,569,734,491,877,412,NaN,NaN,NaN,NaN,NaN,NaN,NaN,NaN,NaN,NaN,NaN,NaN
719,4,0,609,695,634,570,737,492,882,412,NaN,NaN,NaN,NaN,NaN,NaN,NaN,NaN,NaN,NaN,NaN,NaN
720,4,0,610,695,636,571,741,492,887,411,NaN,NaN,NaN,NaN,NaN,NaN,NaN,NaN,NaN,NaN,NaN,NaN
721,4,0,611,695,639,571,744,492,892,410,NaN,NaN,NaN,NaN,NaN,NaN,NaN,NaN,NaN,NaN,NaN,NaN
722,4,0,613,695,641,571,747,492,896,409,NaN,NaN,NaN,NaN,NaN,NaN,NaN,NaN,NaN,NaN,NaN,NaN
723,4,0,615,695,644,572,750,492,902,409,NaN,NaN,NaN,NaN,NaN,NaN,NaN,NaN,NaN,NaN,NaN,NaN
724,4,0,617,695,646,572,754,493,907,408,NaN,NaN,NaN,NaN,NaN,NaN,NaN,NaN,NaN,NaN,NaN,NaN
725,4,0,619,695,649,572,757,492,912,407,NaN,NaN,NaN,NaN,NaN,NaN,NaN,NaN,NaN,NaN,NaN,NaN
726,4,0,622,695,653,571,761,492,918,406,NaN,NaN,NaN,NaN,NaN,NaN,NaN,NaN,NaN,NaN,NaN,NaN
727,4,0,625,695,656,570,764,491,924,404,NaN,NaN,NaN,NaN,NaN,NaN,NaN,NaN,NaN,NaN,NaN,NaN
728,4,0,628,695,660,569,768,489,929,402,NaN,NaN,NaN,NaN,NaN,NaN,NaN,NaN,NaN,NaN,NaN,NaN
729,4,0,631,695,664,568,773,488,936,400,NaN,NaN,NaN,NaN,NaN,NaN,NaN,NaN,NaN,NaN,NaN,NaN
730,4,0,635,695,668,567,778,487,943,398,NaN,NaN,NaN,NaN,NaN,NaN,NaN,NaN,NaN,NaN,NaN,NaN
731,4,0,639,695,672,565,783,486,950,397,NaN,NaN,NaN,NaN,NaN,NaN,NaN,NaN,NaN,NaN,NaN,NaN
732,4,0,643,695,677,565,788,485,958,395,NaN,NaN,NaN,NaN,NaN,NaN,NaN,NaN,NaN,NaN,NaN,NaN
733,4,0,648,695,681,564,792,484,966,393,NaN,NaN,NaN,NaN,NaN,NaN,NaN,NaN,NaN,NaN,NaN,NaN
734,4,0,652,695,686,563,797,483,973,392,NaN,NaN,NaN,NaN,NaN,NaN,NaN,NaN,NaN,NaN,NaN,NaN
735,4,0,656,695,691,563,802,483,979,390,NaN,NaN,NaN,NaN,NaN,NaN,NaN,NaN,NaN,NaN,NaN,NaN
736,4,0,659,695,694,563,806,483,986,390,NaN,NaN,NaN,NaN,NaN,NaN,NaN,NaN,NaN,NaN,NaN,NaN
737,4,0,663,695,699,564,810,484,992,389,NaN,NaN,NaN,NaN,NaN,NaN,NaN,NaN,NaN,NaN,NaN,NaN
738,4,0,666,695,702,565,815,484,998,388,NaN,NaN,NaN,NaN,NaN,NaN,NaN,NaN,NaN,NaN,NaN,NaN
739,4,0,669,695,706,565,819,485,1004,388,NaN,NaN,NaN,NaN,NaN,NaN,NaN,NaN,NaN,NaN,NaN,NaN
740,4,0,672,695,710,566,823,486,1011,388,NaN,NaN,NaN,NaN,NaN,NaN,NaN,NaN,NaN,NaN,NaN,NaN
741,4,0,676,695,714,567,827,487,1018,387,NaN,NaN,NaN,NaN,NaN,NaN,NaN,NaN,NaN,NaN,NaN,NaN
742,4,0,679,695,718,568,832,487,1025,387,NaN,NaN,NaN,NaN,NaN,NaN,NaN,NaN,NaN,NaN,NaN,NaN
743,4,0,682,695,722,568,836,487,1033,386,NaN,NaN,NaN,NaN,NaN,NaN,NaN,NaN,NaN,NaN,NaN,NaN
744,4,1,683,701,724,566,838,486,1036,384,NaN,NaN,NaN,NaN,NaN,NaN,NaN,NaN,NaN,NaN,NaN,NaN
745,4,0,688,695,726,568,840,487,1040,385,NaN,NaN,NaN,NaN,NaN,NaN,NaN,NaN,NaN,NaN,NaN,NaN
746,4,0,691,695,727,570,841,488,1042,386,NaN,NaN,NaN,NaN,NaN,NaN,NaN,NaN,NaN,NaN,NaN,NaN
747,4,0,693,695,728,572,843,490,1046,387,NaN,NaN,NaN,NaN,NaN,NaN,NaN,NaN,NaN,NaN,NaN,NaN
748,4,0,696,695,730,574,845,492,1049,389,NaN,NaN,NaN,NaN,NaN,NaN,NaN,NaN,NaN,NaN,NaN,NaN
749,4,0,698,695,731,578,846,495,1052,392,NaN,NaN,NaN,NaN,NaN,NaN,NaN,NaN,NaN,NaN,NaN,NaN
750,4,0,701,695,731,584,849,498,1056,394,NaN,NaN,NaN,NaN,NaN,NaN,NaN,NaN,NaN,NaN,NaN,NaN
751,4,0,703,695,731,589,850,502,1058,398,NaN,NaN,NaN,NaN,NaN,NaN,NaN,NaN,NaN,NaN,NaN,NaN
752,4,0,704,695,732,592,851,505,1060,401,NaN,NaN,NaN,NaN,NaN,NaN,NaN,NaN,NaN,NaN,NaN,NaN
753,4,0,705,695,733,594,852,508,1061,404,NaN,NaN,NaN,NaN,NaN,NaN,NaN,NaN,NaN,NaN,NaN,NaN
754,4,0,707,695,734,597,853,510,1062,406,NaN,NaN,NaN,NaN,NaN,NaN,NaN,NaN,NaN,NaN,NaN,NaN
755,4,0,709,695,736,600,856,513,1065,409,NaN,NaN,NaN,NaN,NaN,NaN,NaN,NaN,NaN,NaN,NaN,NaN
756,4,0,713,695,738,604,859,515,1069,411,NaN,NaN,NaN,NaN,NaN,NaN,NaN,NaN,NaN,NaN,NaN,NaN
757,4,0,716,695,740,606,862,517,1072,412,NaN,NaN,NaN,NaN,NaN,NaN,NaN,NaN,NaN,NaN,NaN,NaN
758,4,0,718,695,743,607,864,517,1073,412,NaN,NaN,NaN,NaN,NaN,NaN,NaN,NaN,NaN,NaN,NaN,NaN
759,4,0,719,695,744,607,865,516,1073,411,NaN,NaN,NaN,NaN,NaN,NaN,NaN,NaN,NaN,NaN,NaN,NaN
760,4,0,720,695,745,606,866,515,1074,410,NaN,NaN,NaN,NaN,NaN,NaN,NaN,NaN,NaN,NaN,NaN,NaN
761,4,0,721,695,746,605,867,513,1073,408,NaN,NaN,NaN,NaN,NaN,NaN,NaN,NaN,NaN,NaN,NaN,NaN
762,4,0,722,695,747,604,868,511,1073,407,NaN,NaN,NaN,NaN,NaN,NaN,NaN,NaN,NaN,NaN,NaN,NaN
763,4,1,722,695,747,604,868,511,1072,407,NaN,NaN,NaN,NaN,NaN,NaN,NaN,NaN,NaN,NaN,NaN,NaN
764,4,0,725,695,750,602,869,510,1068,408,NaN,NaN,NaN,NaN,NaN,NaN,NaN,NaN,NaN,NaN,NaN,NaN
765,4,0,728,695,752,601,870,510,1064,409,NaN,NaN,NaN,NaN,NaN,NaN,NaN,NaN,NaN,NaN,NaN,NaN
766,4,0,730,695,755,599,870,509,1061,410,NaN,NaN,NaN,NaN,NaN,NaN,NaN,NaN,NaN,NaN,NaN,NaN
767,4,0,731,695,756,598,871,509,1056,410,NaN,NaN,NaN,NaN,NaN,NaN,NaN,NaN,NaN,NaN,NaN,NaN
768,4,0,734,695,759,596,872,508,1053,411,NaN,NaN,NaN,NaN,NaN,NaN,NaN,NaN,NaN,NaN,NaN,NaN
769,4,0,736,695,762,595,873,507,1048,412,NaN,NaN,NaN,NaN,NaN,NaN,NaN,NaN,NaN,NaN,NaN,NaN
770,4,0,739,695,764,595,873,507,1044,414,NaN,NaN,NaN,NaN,NaN,NaN,NaN,NaN,NaN,NaN,NaN,NaN
771,4,0,740,695,766,595,873,508,1040,416,NaN,NaN,NaN,NaN,NaN,NaN,NaN,NaN,NaN,NaN,NaN,NaN
772,4,0,742,695,768,595,874,509,1037,417,NaN,NaN,NaN,NaN,NaN,NaN,NaN,NaN,NaN,NaN,NaN,NaN
773,4,0,744,695,770,595,874,509,1033,419,NaN,NaN,NaN,NaN,NaN,NaN,NaN,NaN,NaN,NaN,NaN,NaN
774,4,0,745,695,771,596,873,511,1029,421,NaN,NaN,NaN,NaN,NaN,NaN,NaN,NaN,NaN,NaN,NaN,NaN
775,4,0,745,695,771,596,873,512,1025,424,NaN,NaN,NaN,NaN,NaN,NaN,NaN,NaN,NaN,NaN,NaN,NaN
776,4,0,745,695,772,597,872,512,1020,426,NaN,NaN,NaN,NaN,NaN,NaN,NaN,NaN,NaN,NaN,NaN,NaN
777,4,0,746,695,773,596,871,513,1016,427,NaN,NaN,NaN,NaN,NaN,NaN,NaN,NaN,NaN,NaN,NaN,NaN
778,4,0,746,695,774,595,871,513,1011,429,NaN,NaN,NaN,NaN,NaN,NaN,NaN,NaN,NaN,NaN,NaN,NaN
779,4,0,746,695,775,593,870,512,1007,430,NaN,NaN,NaN,NaN,NaN,NaN,NaN,NaN,NaN,NaN,NaN,NaN
780,4,0,746,695,775,591,869,512,1002,431,NaN,NaN,NaN,NaN,NaN,NaN,NaN,NaN,NaN,NaN,NaN,NaN
781,4,0,745,695,776,590,868,511,997,432,NaN,NaN,NaN,NaN,NaN,NaN,NaN,NaN,NaN,NaN,NaN,NaN
782,4,0,744,695,775,588,866,510,992,434,NaN,NaN,NaN,NaN,NaN,NaN,NaN,NaN,NaN,NaN,NaN,NaN
783,4,0,741,695,774,586,863,509,986,434,NaN,NaN,NaN,NaN,NaN,NaN,NaN,NaN,NaN,NaN,NaN,NaN
784,4,0,740,695,773,584,860,508,980,435,NaN,NaN,NaN,NaN,NaN,NaN,NaN,NaN,NaN,NaN,NaN,NaN
785,4,0,737,695,772,582,857,508,974,436,NaN,NaN,NaN,NaN,NaN,NaN,NaN,NaN,NaN,NaN,NaN,NaN
786,4,0,735,695,770,583,855,508,968,438,NaN,NaN,NaN,NaN,NaN,NaN,NaN,NaN,NaN,NaN,NaN,NaN
787,4,0,733,695,770,583,852,511,963,442,NaN,NaN,NaN,NaN,NaN,NaN,NaN,NaN,NaN,NaN,NaN,NaN
788,4,0,731,695,770,583,850,512,958,445,NaN,NaN,NaN,NaN,NaN,NaN,NaN,NaN,NaN,NaN,NaN,NaN
789,4,0,729,695,769,582,848,513,953,447,NaN,NaN,NaN,NaN,NaN,NaN,NaN,NaN,NaN,NaN,NaN,NaN
790,4,0,728,695,770,582,847,514,950,449,NaN,NaN,NaN,NaN,NaN,NaN,NaN,NaN,NaN,NaN,NaN,NaN
791,4,0,728,695,771,582,846,515,947,452,NaN,NaN,NaN,NaN,NaN,NaN,NaN,NaN,NaN,NaN,NaN,NaN
792,4,0,728,695,772,582,846,517,944,454,NaN,NaN,NaN,NaN,NaN,NaN,NaN,NaN,NaN,NaN,NaN,NaN
793,4,0,729,695,773,581,846,517,942,456,NaN,NaN,NaN,NaN,NaN,NaN,NaN,NaN,NaN,NaN,NaN,NaN
794,4,0,729,695,774,578,845,516,939,457,NaN,NaN,NaN,NaN,NaN,NaN,NaN,NaN,NaN,NaN,NaN,NaN
795,4,1,729,698,776,576,845,516,935,459,NaN,NaN,NaN,NaN,NaN,NaN,NaN,NaN,NaN,NaN,NaN,NaN
796,4,0,731,695,775,573,847,508,936,454,NaN,NaN,NaN,NaN,NaN,NaN,NaN,NaN,NaN,NaN,NaN,NaN
797,4,0,730,692,777,566,850,504,937,447,NaN,NaN,NaN,NaN,NaN,NaN,NaN,NaN,NaN,NaN,NaN,NaN
798,4,0,731,691,782,559,852,499,939,444,NaN,NaN,NaN,NaN,NaN,NaN,NaN,NaN,NaN,NaN,NaN,NaN
799,4,0,731,690,783,556,854,496,940,441,NaN,NaN,NaN,NaN,NaN,NaN,NaN,NaN,NaN,NaN,NaN,NaN
800,4,0,731,691,784,554,855,493,941,439,NaN,NaN,NaN,NaN,NaN,NaN,NaN,NaN,NaN,NaN,NaN,NaN
801,4,0,732,692,785,552,857,491,943,437,NaN,NaN,NaN,NaN,NaN,NaN,NaN,NaN,NaN,NaN,NaN,NaN
802,4,0,732,693,786,551,858,489,943,436,NaN,NaN,NaN,NaN,NaN,NaN,NaN,NaN,NaN,NaN,NaN,NaN
803,4,0,732,695,786,549,860,488,941,435,NaN,NaN,NaN,NaN,NaN,NaN,NaN,NaN,NaN,NaN,NaN,NaN
804,4,0,732,695,787,548,860,487,941,434,NaN,NaN,NaN,NaN,NaN,NaN,NaN,NaN,NaN,NaN,NaN,NaN
805,4,0,733,695,787,548,862,486,940,435,NaN,NaN,NaN,NaN,NaN,NaN,NaN,NaN,NaN,NaN,NaN,NaN
806,4,0,733,695,787,549,862,487,939,435,NaN,NaN,NaN,NaN,NaN,NaN,NaN,NaN,NaN,NaN,NaN,NaN
807,4,0,733,695,786,551,863,488,938,437,NaN,NaN,NaN,NaN,NaN,NaN,NaN,NaN,NaN,NaN,NaN,NaN
808,4,0,734,695,787,552,863,490,937,438,NaN,NaN,NaN,NaN,NaN,NaN,NaN,NaN,NaN,NaN,NaN,NaN
809,4,0,734,695,787,554,864,490,938,439,NaN,NaN,NaN,NaN,NaN,NaN,NaN,NaN,NaN,NaN,NaN,NaN
810,4,0,734,695,787,554,864,490,936,439,NaN,NaN,NaN,NaN,NaN,NaN,NaN,NaN,NaN,NaN,NaN,NaN
811,4,0,734,695,786,555,865,491,937,440,NaN,NaN,NaN,NaN,NaN,NaN,NaN,NaN,NaN,NaN,NaN,NaN
812,4,0,733,695,786,555,865,491,936,439,NaN,NaN,NaN,NaN,NaN,NaN,NaN,NaN,NaN,NaN,NaN,NaN
813,4,0,732,695,786,556,866,491,936,440,NaN,NaN,NaN,NaN,NaN,NaN,NaN,NaN,NaN,NaN,NaN,NaN
814,4,0,732,695,787,555,867,490,936,440,NaN,NaN,NaN,NaN,NaN,NaN,NaN,NaN,NaN,NaN,NaN,NaN
815,4,0,732,695,788,555,869,489,937,439,NaN,NaN,NaN,NaN,NaN,NaN,NaN,NaN,NaN,NaN,NaN,NaN
816,4,0,732,695,789,553,870,488,938,439,NaN,NaN,NaN,NaN,NaN,NaN,NaN,NaN,NaN,NaN,NaN,NaN
817,4,0,732,695,790,553,872,487,940,438,NaN,NaN,NaN,NaN,NaN,NaN,NaN,NaN,NaN,NaN,NaN,NaN
818,4,0,731,695,791,552,874,486,942,437,NaN,NaN,NaN,NaN,NaN,NaN,NaN,NaN,NaN,NaN,NaN,NaN
819,4,0,731,695,792,550,876,485,944,437,NaN,NaN,NaN,NaN,NaN,NaN,NaN,NaN,NaN,NaN,NaN,NaN
820,4,0,731,695,793,549,878,483,945,436,NaN,NaN,NaN,NaN,NaN,NaN,NaN,NaN,NaN,NaN,NaN,NaN
821,4,0,731,695,794,548,879,482,947,435,NaN,NaN,NaN,NaN,NaN,NaN,NaN,NaN,NaN,NaN,NaN,NaN
822,4,0,730,695,795,546,881,480,949,434,NaN,NaN,NaN,NaN,NaN,NaN,NaN,NaN,NaN,NaN,NaN,NaN
823,4,0,729,695,795,546,882,480,951,435,NaN,NaN,NaN,NaN,NaN,NaN,NaN,NaN,NaN,NaN,NaN,NaN
824,4,0,729,695,796,547,884,481,954,436,NaN,NaN,NaN,NaN,NaN,NaN,NaN,NaN,NaN,NaN,NaN,NaN
825,4,0,728,695,797,547,885,481,956,438,NaN,NaN,NaN,NaN,NaN,NaN,NaN,NaN,NaN,NaN,NaN,NaN
826,4,0,728,695,799,548,888,482,959,438,NaN,NaN,NaN,NaN,NaN,NaN,NaN,NaN,NaN,NaN,NaN,NaN
827,4,0,728,695,801,549,890,482,963,439,NaN,NaN,NaN,NaN,NaN,NaN,NaN,NaN,NaN,NaN,NaN,NaN
828,4,0,728,695,803,550,893,483,968,440,NaN,NaN,NaN,NaN,NaN,NaN,NaN,NaN,NaN,NaN,NaN,NaN
829,4,0,729,695,805,550,896,483,972,440,NaN,NaN,NaN,NaN,NaN,NaN,NaN,NaN,NaN,NaN,NaN,NaN
830,4,0,729,695,806,550,899,483,975,440,NaN,NaN,NaN,NaN,NaN,NaN,NaN,NaN,NaN,NaN,NaN,NaN
831,4,0,728,695,807,550,901,482,976,440,NaN,NaN,NaN,NaN,NaN,NaN,NaN,NaN,NaN,NaN,NaN,NaN
832,4,0,727,695,808,549,902,481,976,440,NaN,NaN,NaN,NaN,NaN,NaN,NaN,NaN,NaN,NaN,NaN,NaN
833,4,0,726,695,809,548,903,480,977,439,NaN,NaN,NaN,NaN,NaN,NaN,NaN,NaN,NaN,NaN,NaN,NaN
834,4,1,726,695,811,545,906,478,979,438,NaN,NaN,NaN,NaN,NaN,NaN,NaN,NaN,NaN,NaN,NaN,NaN
835,6,0,727,695,810,546,905,478,978,438,1000,404,1001,382,NaN,NaN,NaN,NaN,NaN,NaN,NaN,NaN
836,6,0,729,695,809,547,904,479,977,439,1004,403,1005,379,NaN,NaN,NaN,NaN,NaN,NaN,NaN,NaN
837,6,0,731,695,809,547,904,479,976,439,1008,403,1008,378,NaN,NaN,NaN,NaN,NaN,NaN,NaN,NaN
838,6,0,733,695,808,548,903,479,975,439,1012,402,1011,377,NaN,NaN,NaN,NaN,NaN,NaN,NaN,NaN
839,6,0,735,695,807,548,902,479,975,439,1017,401,1009,377,NaN,NaN,NaN,NaN,NaN,NaN,NaN,NaN
840,6,0,738,695,807,549,902,479,974,438,1016,401,1007,377,NaN,NaN,NaN,NaN,NaN,NaN,NaN,NaN
841,6,0,740,695,807,550,901,480,974,439,1024,402,1005,378,NaN,NaN,NaN,NaN,NaN,NaN,NaN,NaN
842,6,0,743,695,806,553,900,482,973,441,1023,403,1004,379,NaN,NaN,NaN,NaN,NaN,NaN,NaN,NaN
843,6,0,745,695,806,555,900,484,972,442,1022,404,1003,380,NaN,NaN,NaN,NaN,NaN,NaN,NaN,NaN
844,6,0,746,695,804,558,898,485,971,443,1020,405,1001,381,NaN,NaN,NaN,NaN,NaN,NaN,NaN,NaN
845,6,0,747,695,803,560,897,487,970,444,1019,405,999,382,NaN,NaN,NaN,NaN,NaN,NaN,NaN,NaN
846,6,0,749,695,803,562,897,488,970,445,1018,406,998,382,NaN,NaN,NaN,NaN,NaN,NaN,NaN,NaN
847,6,0,750,695,801,565,896,490,969,447,1017,407,997,383,NaN,NaN,NaN,NaN,NaN,NaN,NaN,NaN
848,6,0,749,695,800,567,895,491,967,448,1015,408,994,383,NaN,NaN,NaN,NaN,NaN,NaN,NaN,NaN
849,6,0,749,695,798,568,893,492,966,448,1013,408,991,384,NaN,NaN,NaN,NaN,NaN,NaN,NaN,NaN
850,6,0,748,695,795,570,890,493,962,449,1010,408,988,384,NaN,NaN,NaN,NaN,NaN,NaN,NaN,NaN
851,6,0,746,695,792,571,887,494,959,449,1006,408,984,384,NaN,NaN,NaN,NaN,NaN,NaN,NaN,NaN
852,6,0,744,695,789,571,885,494,956,449,1003,408,981,383,NaN,NaN,NaN,NaN,NaN,NaN,NaN,NaN
853,6,0,742,695,787,572,882,494,954,449,1000,408,977,383,NaN,NaN,NaN,NaN,NaN,NaN,NaN,NaN
854,6,0,740,695,785,572,879,494,951,449,997,407,974,383,NaN,NaN,NaN,NaN,NaN,NaN,NaN,NaN
855,6,0,739,695,782,573,877,494,949,448,995,407,971,382,NaN,NaN,NaN,NaN,NaN,NaN,NaN,NaN
856,6,0,737,695,780,573,875,494,947,448,993,406,969,382,NaN,NaN,NaN,NaN,NaN,NaN,NaN,NaN
857,6,0,736,695,779,574,873,494,946,448,991,406,967,382,NaN,NaN,NaN,NaN,NaN,NaN,NaN,NaN
858,6,0,735,695,777,574,872,493,944,447,989,405,964,381,NaN,NaN,NaN,NaN,NaN,NaN,NaN,NaN
859,6,0,733,695,775,574,869,493,941,447,986,405,961,380,NaN,NaN,NaN,NaN,NaN,NaN,NaN,NaN
860,6,0,731,695,773,575,867,493,940,447,984,405,958,380,NaN,NaN,NaN,NaN,NaN,NaN,NaN,NaN
861,6,0,730,695,771,577,865,494,938,448,982,406,956,381,NaN,NaN,NaN,NaN,NaN,NaN,NaN,NaN
862,6,0,728,695,769,579,864,495,936,448,980,406,953,381,NaN,NaN,NaN,NaN,NaN,NaN,NaN,NaN
863,6,0,727,695,767,581,862,497,934,449,978,407,951,382,NaN,NaN,NaN,NaN,NaN,NaN,NaN,NaN
864,6,0,725,695,765,583,860,498,932,450,976,407,949,382,NaN,NaN,NaN,NaN,NaN,NaN,NaN,NaN
865,6,1,725,695,765,583,860,498,932,450,976,407,949,382,NaN,NaN,NaN,NaN,NaN,NaN,NaN,NaN
866,6,0,725,695,764,585,858,499,930,451,973,407,946,382,NaN,NaN,NaN,NaN,NaN,NaN,NaN,NaN
867,6,0,724,695,764,586,856,499,927,451,970,407,942,382,NaN,NaN,NaN,NaN,NaN,NaN,NaN,NaN
868,6,0,723,695,762,587,853,500,924,451,967,407,938,382,NaN,NaN,NaN,NaN,NaN,NaN,NaN,NaN
869,6,0,721,695,761,587,850,500,921,450,964,406,933,381,NaN,NaN,NaN,NaN,NaN,NaN,NaN,NaN
870,6,0,719,695,759,587,847,499,917,449,960,404,929,380,NaN,NaN,NaN,NaN,NaN,NaN,NaN,NaN
871,6,0,717,695,758,588,844,497,914,448,956,403,924,379,NaN,NaN,NaN,NaN,NaN,NaN,NaN,NaN
872,6,0,714,695,756,587,840,496,910,446,952,402,920,377,NaN,NaN,NaN,NaN,NaN,NaN,NaN,NaN
873,6,0,711,695,754,586,836,496,906,445,948,401,914,376,NaN,NaN,NaN,NaN,NaN,NaN,NaN,NaN
874,6,0,708,695,752,585,833,494,902,444,943,399,909,374,NaN,NaN,NaN,NaN,NaN,NaN,NaN,NaN
875,6,0,705,695,750,585,829,493,898,443,938,398,903,373,NaN,NaN,NaN,NaN,NaN,NaN,NaN,NaN
876,6,0,703,695,748,584,826,493,894,442,934,396,899,372,NaN,NaN,NaN,NaN,NaN,NaN,NaN,NaN
877,6,0,700,695,746,584,822,492,890,441,929,395,893,370,NaN,NaN,NaN,NaN,NaN,NaN,NaN,NaN
878,6,0,697,695,743,585,817,491,886,440,925,394,888,370,NaN,NaN,NaN,NaN,NaN,NaN,NaN,NaN
879,6,0,693,695,741,585,814,491,881,439,919,394,881,369,NaN,NaN,NaN,NaN,NaN,NaN,NaN,NaN
880,6,0,688,695,737,585,807,490,876,438,913,393,873,369,NaN,NaN,NaN,NaN,NaN,NaN,NaN,NaN
881,6,0,685,695,735,586,804,490,871,438,909,392,867,367,NaN,NaN,NaN,NaN,NaN,NaN,NaN,NaN
882,6,0,683,694,733,585,800,488,868,435,905,389,863,365,NaN,NaN,NaN,NaN,NaN,NaN,NaN,NaN
883,6,0,681,694,733,583,798,486,865,433,901,386,859,362,NaN,NaN,NaN,NaN,NaN,NaN,NaN,NaN
884,6,0,679,693,732,580,795,482,862,429,897,382,855,358,NaN,NaN,NaN,NaN,NaN,NaN,NaN,NaN
885,6,1,679,692,733,580,795,482,862,429,897,382,855,358,NaN,NaN,NaN,NaN,NaN,NaN,NaN,NaN
886,6,0,679,692,733,577,793,481,860,427,894,380,852,356,NaN,NaN,NaN,NaN,NaN,NaN,NaN,NaN
887,6,0,678,693,733,574,790,480,858,426,890,379,848,354,NaN,NaN,NaN,NaN,NaN,NaN,NaN,NaN
888,6,0,678,695,733,573,788,479,856,424,887,378,845,354,NaN,NaN,NaN,NaN,NaN,NaN,NaN,NaN
889,6,0,678,695,733,571,787,479,854,423,884,376,843,353,NaN,NaN,NaN,NaN,NaN,NaN,NaN,NaN
890,6,0,679,695,734,569,786,479,853,423,883,376,840,353,NaN,NaN,NaN,NaN,NaN,NaN,NaN,NaN
891,6,0,680,695,735,568,784,478,853,423,881,375,838,353,NaN,NaN,NaN,NaN,NaN,NaN,NaN,NaN
892,6,0,681,695,736,566,783,478,851,422,879,375,835,352,NaN,NaN,NaN,NaN,NaN,NaN,NaN,NaN
893,6,0,682,695,737,565,782,478,850,422,877,375,833,353,NaN,NaN,NaN,NaN,NaN,NaN,NaN,NaN
894,6,0,684,695,739,564,781,479,849,422,875,375,831,353,NaN,NaN,NaN,NaN,NaN,NaN,NaN,NaN
895,6,0,685,695,740,564,781,481,849,423,874,377,829,355,NaN,NaN,NaN,NaN,NaN,NaN,NaN,NaN
896,6,0,686,695,740,564,780,482,848,424,873,377,827,355,NaN,NaN,NaN,NaN,NaN,NaN,NaN,NaN
897,6,0,686,695,741,563,779,482,847,424,870,377,825,356,NaN,NaN,NaN,NaN,NaN,NaN,NaN,NaN
898,6,0,687,695,743,563,779,483,846,425,869,377,823,356,NaN,NaN,NaN,NaN,NaN,NaN,NaN,NaN
899,6,0,690,695,744,563,779,485,847,426,868,378,822,358,NaN,NaN,NaN,NaN,NaN,NaN,NaN,NaN
900,6,0,692,695,747,563,778,486,847,426,868,379,822,358,NaN,NaN,NaN,NaN,NaN,NaN,NaN,NaN
901,6,0,694,695,749,563,778,488,847,427,867,379,821,359,NaN,NaN,NaN,NaN,NaN,NaN,NaN,NaN
902,6,0,697,695,751,563,779,490,847,428,867,380,820,359,NaN,NaN,NaN,NaN,NaN,NaN,NaN,NaN
903,6,0,699,695,754,564,779,491,848,429,866,380,819,360,NaN,NaN,NaN,NaN,NaN,NaN,NaN,NaN
904,6,0,701,695,756,563,780,492,849,430,866,380,818,360,NaN,NaN,NaN,NaN,NaN,NaN,NaN,NaN
905,6,0,703,695,759,563,780,493,849,430,866,380,817,360,NaN,NaN,NaN,NaN,NaN,NaN,NaN,NaN
906,6,0,705,695,761,562,781,494,850,430,865,381,816,361,NaN,NaN,NaN,NaN,NaN,NaN,NaN,NaN
907,6,0,707,695,763,560,781,494,850,430,865,380,815,361,NaN,NaN,NaN,NaN,NaN,NaN,NaN,NaN
908,6,0,707,695,765,559,781,494,850,430,864,380,814,360,NaN,NaN,NaN,NaN,NaN,NaN,NaN,NaN
909,6,0,709,695,767,556,781,494,850,429,863,379,813,360,NaN,NaN,NaN,NaN,NaN,NaN,NaN,NaN
910,6,0,710,695,769,554,781,493,851,427,862,378,812,359,NaN,NaN,NaN,NaN,NaN,NaN,NaN,NaN
911,6,0,711,695,771,551,781,493,851,426,861,376,811,358,NaN,NaN,NaN,NaN,NaN,NaN,NaN,NaN
912,6,0,713,695,773,549,782,492,851,426,861,376,811,357,NaN,NaN,NaN,NaN,NaN,NaN,NaN,NaN
913,6,0,714,695,775,547,782,492,852,425,860,375,810,357,NaN,NaN,NaN,NaN,NaN,NaN,NaN,NaN
914,6,0,715,695,778,545,782,492,852,424,860,375,809,357,NaN,NaN,NaN,NaN,NaN,NaN,NaN,NaN
915,6,0,717,695,780,544,783,492,852,424,859,375,808,357,NaN,NaN,NaN,NaN,NaN,NaN,NaN,NaN
916,6,0,719,695,781,543,783,493,853,425,858,374,807,357,NaN,NaN,NaN,NaN,NaN,NaN,NaN,NaN
917,6,0,720,695,784,542,783,494,854,425,858,375,807,358,NaN,NaN,NaN,NaN,NaN,NaN,NaN,NaN
918,6,0,722,695,786,541,784,495,854,425,857,374,806,358,NaN,NaN,NaN,NaN,NaN,NaN,NaN,NaN
919,6,0,723,695,789,540,784,496,854,425,856,374,805,358,NaN,NaN,NaN,NaN,NaN,NaN,NaN,NaN
920,6,0,724,695,790,538,784,497,854,425,855,374,803,358,NaN,NaN,NaN,NaN,NaN,NaN,NaN,NaN
921,6,0,725,695,792,537,784,497,854,426,854,374,802,358,NaN,NaN,NaN,NaN,NaN,NaN,NaN,NaN
922,6,0,725,695,794,536,783,498,854,425,853,374,801,358,NaN,NaN,NaN,NaN,NaN,NaN,NaN,NaN
923,6,0,725,695,795,534,783,499,854,425,852,374,799,358,NaN,NaN,NaN,NaN,NaN,NaN,NaN,NaN
924,6,0,725,695,795,533,782,500,853,425,851,373,798,358,NaN,NaN,NaN,NaN,NaN,NaN,NaN,NaN
925,6,0,724,695,796,531,781,500,852,425,849,373,796,358,NaN,NaN,NaN,NaN,NaN,NaN,NaN,NaN
926,6,0,722,695,796,530,779,501,851,426,847,373,795,358,NaN,NaN,NaN,NaN,NaN,NaN,NaN,NaN
927,6,0,721,695,796,528,778,502,850,425,845,373,793,358,NaN,NaN,NaN,NaN,NaN,NaN,NaN,NaN
928,6,0,719,695,796,526,776,502,849,425,843,373,791,358,NaN,NaN,NaN,NaN,NaN,NaN,NaN,NaN
929,6,0,718,695,797,524,775,502,848,425,842,373,789,358,NaN,NaN,NaN,NaN,NaN,NaN,NaN,NaN
930,6,0,716,695,797,522,773,503,846,425,840,373,788,358,NaN,NaN,NaN,NaN,NaN,NaN,NaN,NaN
931,6,0,714,695,797,521,771,504,845,426,838,373,786,359,NaN,NaN,NaN,NaN,NaN,NaN,NaN,NaN
932,6,0,712,695,797,519,769,505,844,426,836,374,784,360,NaN,NaN,NaN,NaN,NaN,NaN,NaN,NaN
933,6,0,710,695,798,519,768,507,843,427,834,375,782,361,NaN,NaN,NaN,NaN,NaN,NaN,NaN,NaN
934,6,0,709,695,798,518,767,509,842,428,833,375,781,362,NaN,NaN,NaN,NaN,NaN,NaN,NaN,NaN
935,6,0,706,695,798,517,765,511,840,429,831,376,779,363,NaN,NaN,NaN,NaN,NaN,NaN,NaN,NaN
936,6,0,704,695,798,517,763,514,839,431,829,377,777,364,NaN,NaN,NaN,NaN,NaN,NaN,NaN,NaN
937,6,0,702,695,799,517,761,516,838,432,827,378,775,365,NaN,NaN,NaN,NaN,NaN,NaN,NaN,NaN
938,6,0,700,695,799,516,760,519,837,434,825,379,773,367,NaN,NaN,NaN,NaN,NaN,NaN,NaN,NaN
939,6,0,699,695,800,516,759,521,836,435,824,380,772,368,NaN,NaN,NaN,NaN,NaN,NaN,NaN,NaN
940,6,0,698,695,801,515,758,523,836,436,822,381,770,369,NaN,NaN,NaN,NaN,NaN,NaN,NaN,NaN
941,5,1,698,695,803,512,836,436,822,381,770,369,NaN,NaN,NaN,NaN,NaN,NaN,NaN,NaN,NaN,NaN
942,5,0,699,695,803,513,836,437,821,381,769,369,NaN,NaN,NaN,NaN,NaN,NaN,NaN,NaN,NaN,NaN
943,5,0,700,695,802,514,835,437,820,382,768,370,NaN,NaN,NaN,NaN,NaN,NaN,NaN,NaN,NaN,NaN
944,5,0,701,695,802,515,835,437,819,382,766,370,NaN,NaN,NaN,NaN,NaN,NaN,NaN,NaN,NaN,NaN
945,5,0,702,695,801,515,834,437,818,382,765,370,NaN,NaN,NaN,NaN,NaN,NaN,NaN,NaN,NaN,NaN
946,5,0,703,695,801,516,833,438,817,382,764,370,NaN,NaN,NaN,NaN,NaN,NaN,NaN,NaN,NaN,NaN
947,5,0,705,695,802,516,833,438,816,382,763,370,NaN,NaN,NaN,NaN,NaN,NaN,NaN,NaN,NaN,NaN
948,5,0,708,695,803,516,833,439,815,383,762,371,NaN,NaN,NaN,NaN,NaN,NaN,NaN,NaN,NaN,NaN
949,5,0,710,695,803,518,833,440,814,384,760,372,NaN,NaN,NaN,NaN,NaN,NaN,NaN,NaN,NaN,NaN
950,5,0,713,695,803,520,833,442,813,385,759,373,NaN,NaN,NaN,NaN,NaN,NaN,NaN,NaN,NaN,NaN
951,5,0,716,695,803,523,832,443,812,386,757,374,NaN,NaN,NaN,NaN,NaN,NaN,NaN,NaN,NaN,NaN
952,5,0,720,695,804,525,833,445,812,388,756,375,NaN,NaN,NaN,NaN,NaN,NaN,NaN,NaN,NaN,NaN
953,5,0,724,695,805,528,833,447,811,389,756,376,NaN,NaN,NaN,NaN,NaN,NaN,NaN,NaN,NaN,NaN
954,5,0,727,695,806,531,832,449,810,390,754,377,NaN,NaN,NaN,NaN,NaN,NaN,NaN,NaN,NaN,NaN
955,5,0,730,695,805,533,832,451,809,391,752,378,NaN,NaN,NaN,NaN,NaN,NaN,NaN,NaN,NaN,NaN
956,5,0,731,695,805,535,831,452,807,392,750,379,NaN,NaN,NaN,NaN,NaN,NaN,NaN,NaN,NaN,NaN
957,5,0,732,695,804,537,830,453,806,393,749,379,NaN,NaN,NaN,NaN,NaN,NaN,NaN,NaN,NaN,NaN
958,5,0,733,695,803,538,829,454,804,393,747,380,NaN,NaN,NaN,NaN,NaN,NaN,NaN,NaN,NaN,NaN
959,5,0,733,695,802,539,827,455,802,394,745,380,NaN,NaN,NaN,NaN,NaN,NaN,NaN,NaN,NaN,NaN
960,5,0,733,695,801,540,826,455,800,394,742,380,NaN,NaN,NaN,NaN,NaN,NaN,NaN,NaN,NaN,NaN
961,5,0,733,695,799,542,824,456,798,395,740,381,NaN,NaN,NaN,NaN,NaN,NaN,NaN,NaN,NaN,NaN
962,5,0,733,695,798,543,823,456,796,395,737,381,NaN,NaN,NaN,NaN,NaN,NaN,NaN,NaN,NaN,NaN
963,-1412990516,0,NaN,NaN,NaN,NaN,NaN,NaN,NaN,NaN,NaN,NaN,NaN,NaN,NaN,NaN,NaN,NaN,NaN,NaN,NaN,NaN
