Frame,#ofPoints,ManualInput,X1,Y1,X2,Y2,X3,Y3,X4,Y4,X5,Y5,X6,Y6,X7,Y7,X8,Y8,X9,Y9,X10,Y10
0,5,1,467,699,466,389,509,296,546,243,502,221,NaN,NaN,NaN,NaN,NaN,NaN,NaN,NaN,NaN,NaN
1,5,0,467,695,466,389,509,296,546,243,502,221,NaN,NaN,NaN,NaN,NaN,NaN,NaN,NaN,NaN,NaN
2,5,0,472,695,474,389,518,296,555,243,511,221,NaN,NaN,NaN,NaN,NaN,NaN,NaN,NaN,NaN,NaN
3,5,0,475,695,480,389,525,296,563,243,519,221,NaN,NaN,NaN,NaN,NaN,NaN,NaN,NaN,NaN,NaN
4,5,0,478,695,487,389,533,296,570,243,527,222,NaN,NaN,NaN,NaN,NaN,NaN,NaN,NaN,NaN,NaN
5,5,0,481,695,493,390,539,296,578,243,535,222,NaN,NaN,NaN,NaN,NaN,NaN,NaN,NaN,NaN,NaN
6,5,0,485,695,499,390,546,296,585,243,542,221,NaN,NaN,NaN,NaN,NaN,NaN,NaN,NaN,NaN,NaN
7,5,0,488,695,504,390,552,296,592,243,549,221,NaN,NaN,NaN,NaN,NaN,NaN,NaN,NaN,NaN,NaN
8,5,0,491,695,510,393,559,298,599,244,557,222,NaN,NaN,NaN,NaN,NaN,NaN,NaN,NaN,NaN,NaN
9,5,0,495,695,516,395,566,299,606,245,564,223,NaN,NaN,NaN,NaN,NaN,NaN,NaN,NaN,NaN,NaN
10,5,0,498,695,521,396,572,300,613,245,571,223,NaN,NaN,NaN,NaN,NaN,NaN,NaN,NaN,NaN,NaN
11,5,0,502,695,527,398,578,300,620,246,577,224,NaN,NaN,NaN,NaN,NaN,NaN,NaN,NaN,NaN,NaN
12,5,0,507,695,532,400,584,301,626,246,584,224,NaN,NaN,NaN,NaN,NaN,NaN,NaN,NaN,NaN,NaN
13,5,0,511,695,537,402,590,302,632,247,590,225,NaN,NaN,NaN,NaN,NaN,NaN,NaN,NaN,NaN,NaN
14,5,0,516,695,542,404,595,303,638,248,596,226,NaN,NaN,NaN,NaN,NaN,NaN,NaN,NaN,NaN,NaN
15,5,0,520,695,547,405,600,303,644,248,602,226,NaN,NaN,NaN,NaN,NaN,NaN,NaN,NaN,NaN,NaN
16,5,0,524,695,552,406,605,304,649,248,607,226,NaN,NaN,NaN,NaN,NaN,NaN,NaN,NaN,NaN,NaN
17,5,0,529,695,557,406,611,303,655,247,612,225,NaN,NaN,NaN,NaN,NaN,NaN,NaN,NaN,NaN,NaN
18,5,0,533,695,562,407,616,303,660,247,618,224,NaN,NaN,NaN,NaN,NaN,NaN,NaN,NaN,NaN,NaN
19,5,0,538,695,566,407,621,303,665,246,623,223,NaN,NaN,NaN,NaN,NaN,NaN,NaN,NaN,NaN,NaN
20,5,0,542,695,570,407,625,302,669,245,627,222,NaN,NaN,NaN,NaN,NaN,NaN,NaN,NaN,NaN,NaN
21,5,0,546,695,575,406,630,301,674,244,632,221,NaN,NaN,NaN,NaN,NaN,NaN,NaN,NaN,NaN,NaN
22,5,0,551,695,579,405,634,300,679,243,636,220,NaN,NaN,NaN,NaN,NaN,NaN,NaN,NaN,NaN,NaN
23,5,0,555,695,583,404,638,298,683,242,641,219,NaN,NaN,NaN,NaN,NaN,NaN,NaN,NaN,NaN,NaN
24,5,0,558,695,587,403,642,297,687,240,645,218,NaN,NaN,NaN,NaN,NaN,NaN,NaN,NaN,NaN,NaN
25,5,0,562,695,590,401,646,295,691,239,648,216,NaN,NaN,NaN,NaN,NaN,NaN,NaN,NaN,NaN,NaN
26,5,0,565,695,593,400,649,294,694,238,651,215,NaN,NaN,NaN,NaN,NaN,NaN,NaN,NaN,NaN,NaN
27,5,0,568,695,596,399,653,293,698,236,655,214,NaN,NaN,NaN,NaN,NaN,NaN,NaN,NaN,NaN,NaN
28,5,0,572,695,599,399,656,292,701,235,658,213,NaN,NaN,NaN,NaN,NaN,NaN,NaN,NaN,NaN,NaN
29,5,0,575,695,602,399,659,291,704,234,661,212,NaN,NaN,NaN,NaN,NaN,NaN,NaN,NaN,NaN,NaN
30,5,0,577,695,604,400,661,291,707,234,663,211,NaN,NaN,NaN,NaN,NaN,NaN,NaN,NaN,NaN,NaN
31,5,0,580,695,606,402,663,291,709,234,665,211,NaN,NaN,NaN,NaN,NaN,NaN,NaN,NaN,NaN,NaN
32,5,0,582,695,608,403,666,292,712,234,667,211,NaN,NaN,NaN,NaN,NaN,NaN,NaN,NaN,NaN,NaN
33,5,0,584,695,610,405,668,292,715,234,670,211,NaN,NaN,NaN,NaN,NaN,NaN,NaN,NaN,NaN,NaN
34,5,0,586,695,612,408,671,293,717,235,673,211,NaN,NaN,NaN,NaN,NaN,NaN,NaN,NaN,NaN,NaN
35,5,0,589,695,614,410,672,294,720,235,675,212,NaN,NaN,NaN,NaN,NaN,NaN,NaN,NaN,NaN,NaN
36,5,0,590,695,615,412,674,295,721,236,676,212,NaN,NaN,NaN,NaN,NaN,NaN,NaN,NaN,NaN,NaN
37,5,0,591,695,616,414,675,295,723,236,678,212,NaN,NaN,NaN,NaN,NaN,NaN,NaN,NaN,NaN,NaN
38,5,0,592,695,617,415,677,295,725,236,679,212,NaN,NaN,NaN,NaN,NaN,NaN,NaN,NaN,NaN,NaN
39,5,0,593,695,618,416,678,296,726,236,681,212,NaN,NaN,NaN,NaN,NaN,NaN,NaN,NaN,NaN,NaN
40,5,0,594,695,619,417,679,296,728,236,682,212,NaN,NaN,NaN,NaN,NaN,NaN,NaN,NaN,NaN,NaN
41,5,0,594,695,619,417,680,296,729,236,684,212,NaN,NaN,NaN,NaN,NaN,NaN,NaN,NaN,NaN,NaN
42,5,0,593,695,619,417,681,296,730,236,685,212,NaN,NaN,NaN,NaN,NaN,NaN,NaN,NaN,NaN,NaN
43,5,0,592,695,619,417,682,296,731,236,686,211,NaN,NaN,NaN,NaN,NaN,NaN,NaN,NaN,NaN,NaN
44,5,0,591,695,618,417,682,296,732,236,686,211,NaN,NaN,NaN,NaN,NaN,NaN,NaN,NaN,NaN,NaN
45,5,0,590,695,617,418,682,295,732,236,687,211,NaN,NaN,NaN,NaN,NaN,NaN,NaN,NaN,NaN,NaN
46,5,0,588,695,616,418,682,295,733,236,687,211,NaN,NaN,NaN,NaN,NaN,NaN,NaN,NaN,NaN,NaN
47,5,0,586,695,616,419,682,296,733,236,688,212,NaN,NaN,NaN,NaN,NaN,NaN,NaN,NaN,NaN,NaN
48,5,0,585,695,615,421,683,296,734,236,688,212,NaN,NaN,NaN,NaN,NaN,NaN,NaN,NaN,NaN,NaN
49,5,0,584,695,614,423,683,297,735,237,689,212,NaN,NaN,NaN,NaN,NaN,NaN,NaN,NaN,NaN,NaN
50,5,0,583,695,613,426,683,298,735,238,690,213,NaN,NaN,NaN,NaN,NaN,NaN,NaN,NaN,NaN,NaN
51,5,0,583,695,613,430,685,300,737,240,692,215,NaN,NaN,NaN,NaN,NaN,NaN,NaN,NaN,NaN,NaN
52,5,0,584,695,614,434,686,303,739,242,694,216,NaN,NaN,NaN,NaN,NaN,NaN,NaN,NaN,NaN,NaN
53,5,0,584,695,613,439,687,306,740,244,695,218,NaN,NaN,NaN,NaN,NaN,NaN,NaN,NaN,NaN,NaN
54,5,0,583,695,613,444,687,308,741,245,696,219,NaN,NaN,NaN,NaN,NaN,NaN,NaN,NaN,NaN,NaN
55,5,0,583,695,611,449,687,311,741,247,696,221,NaN,NaN,NaN,NaN,NaN,NaN,NaN,NaN,NaN,NaN
56,5,0,581,695,609,454,686,313,740,248,696,222,NaN,NaN,NaN,NaN,NaN,NaN,NaN,NaN,NaN,NaN
57,5,0,580,695,607,459,686,315,740,250,695,223,NaN,NaN,NaN,NaN,NaN,NaN,NaN,NaN,NaN,NaN
58,5,0,579,695,606,463,685,317,740,252,695,224,NaN,NaN,NaN,NaN,NaN,NaN,NaN,NaN,NaN,NaN
59,5,0,579,695,605,466,685,319,740,253,695,226,NaN,NaN,NaN,NaN,NaN,NaN,NaN,NaN,NaN,NaN
60,5,0,580,695,605,470,685,321,741,254,696,227,NaN,NaN,NaN,NaN,NaN,NaN,NaN,NaN,NaN,NaN
61,5,0,581,695,606,475,686,323,742,256,697,229,NaN,NaN,NaN,NaN,NaN,NaN,NaN,NaN,NaN,NaN
62,5,0,582,695,606,479,687,326,743,258,698,230,NaN,NaN,NaN,NaN,NaN,NaN,NaN,NaN,NaN,NaN
63,5,0,583,695,606,483,688,328,744,260,698,231,NaN,NaN,NaN,NaN,NaN,NaN,NaN,NaN,NaN,NaN
64,5,0,585,695,607,486,688,329,745,261,699,232,NaN,NaN,NaN,NaN,NaN,NaN,NaN,NaN,NaN,NaN
65,5,0,587,695,608,489,689,331,747,262,700,233,NaN,NaN,NaN,NaN,NaN,NaN,NaN,NaN,NaN,NaN
66,5,0,588,695,609,491,690,332,748,263,701,234,NaN,NaN,NaN,NaN,NaN,NaN,NaN,NaN,NaN,NaN
67,5,0,590,695,609,492,690,332,749,263,701,234,NaN,NaN,NaN,NaN,NaN,NaN,NaN,NaN,NaN,NaN
68,5,0,592,695,610,494,691,333,749,263,701,235,NaN,NaN,NaN,NaN,NaN,NaN,NaN,NaN,NaN,NaN
69,5,0,594,695,612,495,692,333,750,264,702,235,NaN,NaN,NaN,NaN,NaN,NaN,NaN,NaN,NaN,NaN
70,5,0,597,695,613,496,693,333,752,264,702,235,NaN,NaN,NaN,NaN,NaN,NaN,NaN,NaN,NaN,NaN
71,5,0,600,695,615,497,695,333,754,264,703,235,NaN,NaN,NaN,NaN,NaN,NaN,NaN,NaN,NaN,NaN
72,5,0,603,695,618,499,696,333,756,264,704,235,NaN,NaN,NaN,NaN,NaN,NaN,NaN,NaN,NaN,NaN
73,5,0,606,695,620,501,698,334,758,264,705,235,NaN,NaN,NaN,NaN,NaN,NaN,NaN,NaN,NaN,NaN
74,5,0,610,695,622,503,700,334,759,264,706,235,NaN,NaN,NaN,NaN,NaN,NaN,NaN,NaN,NaN,NaN
75,5,0,614,695,625,505,701,335,760,265,706,236,NaN,NaN,NaN,NaN,NaN,NaN,NaN,NaN,NaN,NaN
76,5,0,618,695,628,509,703,336,762,265,707,236,NaN,NaN,NaN,NaN,NaN,NaN,NaN,NaN,NaN,NaN
77,5,0,622,695,632,513,705,337,765,266,708,237,NaN,NaN,NaN,NaN,NaN,NaN,NaN,NaN,NaN,NaN
78,5,0,627,695,635,517,707,339,767,267,710,237,NaN,NaN,NaN,NaN,NaN,NaN,NaN,NaN,NaN,NaN
79,5,0,630,695,638,521,709,340,768,268,711,238,NaN,NaN,NaN,NaN,NaN,NaN,NaN,NaN,NaN,NaN
80,5,0,634,695,641,527,710,342,769,269,711,239,NaN,NaN,NaN,NaN,NaN,NaN,NaN,NaN,NaN,NaN
81,5,0,636,695,642,532,711,344,769,270,711,240,NaN,NaN,NaN,NaN,NaN,NaN,NaN,NaN,NaN,NaN
82,5,0,637,695,643,538,710,346,768,271,710,240,NaN,NaN,NaN,NaN,NaN,NaN,NaN,NaN,NaN,NaN
83,5,0,638,695,643,544,710,348,768,272,709,241,NaN,NaN,NaN,NaN,NaN,NaN,NaN,NaN,NaN,NaN
84,5,0,640,695,644,550,710,351,768,273,709,242,NaN,NaN,NaN,NaN,NaN,NaN,NaN,NaN,NaN,NaN
85,5,0,642,695,645,555,710,352,767,274,708,243,NaN,NaN,NaN,NaN,NaN,NaN,NaN,NaN,NaN,NaN
86,5,0,643,695,647,559,710,354,767,275,708,244,NaN,NaN,NaN,NaN,NaN,NaN,NaN,NaN,NaN,NaN
87,5,0,644,695,647,563,710,355,766,275,707,244,NaN,NaN,NaN,NaN,NaN,NaN,NaN,NaN,NaN,NaN
88,5,0,645,695,648,567,710,356,765,276,706,244,NaN,NaN,NaN,NaN,NaN,NaN,NaN,NaN,NaN,NaN
89,5,0,646,695,649,571,710,357,765,276,705,245,NaN,NaN,NaN,NaN,NaN,NaN,NaN,NaN,NaN,NaN
90,5,0,646,695,649,574,709,357,764,276,704,245,NaN,NaN,NaN,NaN,NaN,NaN,NaN,NaN,NaN,NaN
91,5,0,647,695,649,577,709,358,763,276,703,245,NaN,NaN,NaN,NaN,NaN,NaN,NaN,NaN,NaN,NaN
92,5,0,647,695,649,580,708,358,762,277,701,245,NaN,NaN,NaN,NaN,NaN,NaN,NaN,NaN,NaN,NaN
93,5,0,647,695,649,583,707,358,761,276,700,245,NaN,NaN,NaN,NaN,NaN,NaN,NaN,NaN,NaN,NaN
94,5,0,647,695,649,586,706,359,759,276,698,244,NaN,NaN,NaN,NaN,NaN,NaN,NaN,NaN,NaN,NaN
95,5,0,647,695,649,590,705,359,758,276,697,244,NaN,NaN,NaN,NaN,NaN,NaN,NaN,NaN,NaN,NaN
96,5,0,647,695,649,593,704,359,757,276,696,244,NaN,NaN,NaN,NaN,NaN,NaN,NaN,NaN,NaN,NaN
97,5,0,648,695,649,597,704,360,756,276,695,244,NaN,NaN,NaN,NaN,NaN,NaN,NaN,NaN,NaN,NaN
98,5,0,648,695,649,601,702,360,755,276,693,244,NaN,NaN,NaN,NaN,NaN,NaN,NaN,NaN,NaN,NaN
99,5,0,647,695,649,607,701,362,753,276,691,244,NaN,NaN,NaN,NaN,NaN,NaN,NaN,NaN,NaN,NaN
100,5,0,647,695,648,613,700,363,752,277,689,245,NaN,NaN,NaN,NaN,NaN,NaN,NaN,NaN,NaN,NaN
101,5,0,647,695,648,619,698,364,750,277,687,245,NaN,NaN,NaN,NaN,NaN,NaN,NaN,NaN,NaN,NaN
102,5,0,646,695,647,625,697,366,748,278,685,246,NaN,NaN,NaN,NaN,NaN,NaN,NaN,NaN,NaN,NaN
103,5,0,645,695,646,632,695,367,746,279,683,246,NaN,NaN,NaN,NaN,NaN,NaN,NaN,NaN,NaN,NaN
104,5,0,644,695,645,638,693,369,745,279,681,247,NaN,NaN,NaN,NaN,NaN,NaN,NaN,NaN,NaN,NaN
105,5,0,643,695,644,645,692,370,743,280,679,247,NaN,NaN,NaN,NaN,NaN,NaN,NaN,NaN,NaN,NaN
106,5,0,642,695,643,651,690,371,741,280,676,247,NaN,NaN,NaN,NaN,NaN,NaN,NaN,NaN,NaN,NaN
107,5,0,641,695,642,657,688,373,738,281,674,248,NaN,NaN,NaN,NaN,NaN,NaN,NaN,NaN,NaN,NaN
108,5,0,640,695,641,662,686,374,736,281,671,248,NaN,NaN,NaN,NaN,NaN,NaN,NaN,NaN,NaN,NaN
109,5,0,638,695,639,667,683,374,733,281,668,248,NaN,NaN,NaN,NaN,NaN,NaN,NaN,NaN,NaN,NaN
110,5,0,637,695,638,672,681,375,731,281,665,248,NaN,NaN,NaN,NaN,NaN,NaN,NaN,NaN,NaN,NaN
111,5,0,637,695,638,676,679,375,729,281,663,248,NaN,NaN,NaN,NaN,NaN,NaN,NaN,NaN,NaN,NaN
112,5,0,636,695,637,680,677,375,726,281,660,248,NaN,NaN,NaN,NaN,NaN,NaN,NaN,NaN,NaN,NaN
113,4,1,636,697,677,375,726,281,660,248,NaN,NaN,NaN,NaN,NaN,NaN,NaN,NaN,NaN,NaN,NaN,NaN
114,4,0,637,695,675,375,724,281,657,248,NaN,NaN,NaN,NaN,NaN,NaN,NaN,NaN,NaN,NaN,NaN,NaN
115,4,0,639,695,674,376,722,281,655,248,NaN,NaN,NaN,NaN,NaN,NaN,NaN,NaN,NaN,NaN,NaN,NaN
116,4,0,641,695,673,378,721,282,654,249,NaN,NaN,NaN,NaN,NaN,NaN,NaN,NaN,NaN,NaN,NaN,NaN
117,4,0,642,695,672,379,719,283,652,250,NaN,NaN,NaN,NaN,NaN,NaN,NaN,NaN,NaN,NaN,NaN,NaN
118,4,0,643,695,670,381,717,284,649,251,NaN,NaN,NaN,NaN,NaN,NaN,NaN,NaN,NaN,NaN,NaN,NaN
119,4,0,643,695,668,384,715,286,647,252,NaN,NaN,NaN,NaN,NaN,NaN,NaN,NaN,NaN,NaN,NaN,NaN
120,4,0,643,695,666,387,713,287,645,253,NaN,NaN,NaN,NaN,NaN,NaN,NaN,NaN,NaN,NaN,NaN,NaN
121,4,0,643,695,665,389,711,289,643,255,NaN,NaN,NaN,NaN,NaN,NaN,NaN,NaN,NaN,NaN,NaN,NaN
122,4,0,643,695,663,392,709,290,641,256,NaN,NaN,NaN,NaN,NaN,NaN,NaN,NaN,NaN,NaN,NaN,NaN
123,4,0,643,695,661,395,707,292,638,258,NaN,NaN,NaN,NaN,NaN,NaN,NaN,NaN,NaN,NaN,NaN,NaN
124,4,0,643,695,660,398,706,294,636,259,NaN,NaN,NaN,NaN,NaN,NaN,NaN,NaN,NaN,NaN,NaN,NaN
125,4,0,643,695,659,401,704,295,635,261,NaN,NaN,NaN,NaN,NaN,NaN,NaN,NaN,NaN,NaN,NaN,NaN
126,4,0,643,695,657,403,703,297,633,262,NaN,NaN,NaN,NaN,NaN,NaN,NaN,NaN,NaN,NaN,NaN,NaN
127,4,0,642,695,656,405,701,298,631,263,NaN,NaN,NaN,NaN,NaN,NaN,NaN,NaN,NaN,NaN,NaN,NaN
128,4,0,641,695,654,407,699,299,629,264,NaN,NaN,NaN,NaN,NaN,NaN,NaN,NaN,NaN,NaN,NaN,NaN
129,4,0,640,695,653,409,698,300,627,265,NaN,NaN,NaN,NaN,NaN,NaN,NaN,NaN,NaN,NaN,NaN,NaN
130,4,0,640,695,651,411,696,301,625,266,NaN,NaN,NaN,NaN,NaN,NaN,NaN,NaN,NaN,NaN,NaN,NaN
131,4,0,640,695,650,412,695,302,624,267,NaN,NaN,NaN,NaN,NaN,NaN,NaN,NaN,NaN,NaN,NaN,NaN
132,4,0,640,695,649,414,693,304,622,268,NaN,NaN,NaN,NaN,NaN,NaN,NaN,NaN,NaN,NaN,NaN,NaN
133,4,0,640,695,648,416,692,305,621,270,NaN,NaN,NaN,NaN,NaN,NaN,NaN,NaN,NaN,NaN,NaN,NaN
134,4,0,640,695,647,419,691,307,620,271,NaN,NaN,NaN,NaN,NaN,NaN,NaN,NaN,NaN,NaN,NaN,NaN
135,4,0,640,695,647,423,691,309,619,273,NaN,NaN,NaN,NaN,NaN,NaN,NaN,NaN,NaN,NaN,NaN,NaN
136,4,0,639,695,646,426,690,311,618,275,NaN,NaN,NaN,NaN,NaN,NaN,NaN,NaN,NaN,NaN,NaN,NaN
137,4,0,639,695,645,430,690,314,618,278,NaN,NaN,NaN,NaN,NaN,NaN,NaN,NaN,NaN,NaN,NaN,NaN
138,4,0,639,695,645,435,689,317,617,281,NaN,NaN,NaN,NaN,NaN,NaN,NaN,NaN,NaN,NaN,NaN,NaN
139,4,0,638,695,644,440,689,320,616,284,NaN,NaN,NaN,NaN,NaN,NaN,NaN,NaN,NaN,NaN,NaN,NaN
140,4,0,638,695,644,446,689,324,616,287,NaN,NaN,NaN,NaN,NaN,NaN,NaN,NaN,NaN,NaN,NaN,NaN
141,4,0,639,695,644,452,689,328,616,290,NaN,NaN,NaN,NaN,NaN,NaN,NaN,NaN,NaN,NaN,NaN,NaN
142,4,0,639,685,645,457,689,331,616,293,NaN,NaN,NaN,NaN,NaN,NaN,NaN,NaN,NaN,NaN,NaN,NaN
143,4,0,639,695,644,463,689,334,616,296,NaN,NaN,NaN,NaN,NaN,NaN,NaN,NaN,NaN,NaN,NaN,NaN
144,4,0,639,695,644,468,689,338,615,299,NaN,NaN,NaN,NaN,NaN,NaN,NaN,NaN,NaN,NaN,NaN,NaN
145,4,0,640,695,644,473,689,341,615,302,NaN,NaN,NaN,NaN,NaN,NaN,NaN,NaN,NaN,NaN,NaN,NaN
146,4,0,641,695,645,477,690,344,616,305,NaN,NaN,NaN,NaN,NaN,NaN,NaN,NaN,NaN,NaN,NaN,NaN
147,4,0,643,695,647,481,691,346,617,307,NaN,NaN,NaN,NaN,NaN,NaN,NaN,NaN,NaN,NaN,NaN,NaN
148,4,0,646,695,648,484,692,349,617,309,NaN,NaN,NaN,NaN,NaN,NaN,NaN,NaN,NaN,NaN,NaN,NaN
149,4,0,648,695,650,488,694,351,619,311,NaN,NaN,NaN,NaN,NaN,NaN,NaN,NaN,NaN,NaN,NaN,NaN
150,4,0,651,695,653,491,696,353,620,313,NaN,NaN,NaN,NaN,NaN,NaN,NaN,NaN,NaN,NaN,NaN,NaN
151,4,0,654,695,656,494,698,355,622,315,NaN,NaN,NaN,NaN,NaN,NaN,NaN,NaN,NaN,NaN,NaN,NaN
152,4,0,657,695,658,498,700,357,624,317,NaN,NaN,NaN,NaN,NaN,NaN,NaN,NaN,NaN,NaN,NaN,NaN
153,4,0,661,695,661,501,703,360,626,319,NaN,NaN,NaN,NaN,NaN,NaN,NaN,NaN,NaN,NaN,NaN,NaN
154,4,0,664,695,664,506,705,362,628,321,NaN,NaN,NaN,NaN,NaN,NaN,NaN,NaN,NaN,NaN,NaN,NaN
155,4,0,668,695,668,510,707,365,630,324,NaN,NaN,NaN,NaN,NaN,NaN,NaN,NaN,NaN,NaN,NaN,NaN
156,4,0,672,695,671,515,710,368,631,327,NaN,NaN,NaN,NaN,NaN,NaN,NaN,NaN,NaN,NaN,NaN,NaN
157,4,0,675,695,674,520,712,371,633,329,NaN,NaN,NaN,NaN,NaN,NaN,NaN,NaN,NaN,NaN,NaN,NaN
158,4,0,679,695,677,526,714,375,635,332,NaN,NaN,NaN,NaN,NaN,NaN,NaN,NaN,NaN,NaN,NaN,NaN
159,4,0,682,695,680,532,717,378,637,336,NaN,NaN,NaN,NaN,NaN,NaN,NaN,NaN,NaN,NaN,NaN,NaN
160,4,0,685,695,683,537,719,382,639,339,NaN,NaN,NaN,NaN,NaN,NaN,NaN,NaN,NaN,NaN,NaN,NaN
161,4,0,689,695,686,543,721,385,641,342,NaN,NaN,NaN,NaN,NaN,NaN,NaN,NaN,NaN,NaN,NaN,NaN
162,4,0,692,695,689,549,724,388,643,344,NaN,NaN,NaN,NaN,NaN,NaN,NaN,NaN,NaN,NaN,NaN,NaN
163,4,0,695,695,692,553,726,391,645,347,NaN,NaN,NaN,NaN,NaN,NaN,NaN,NaN,NaN,NaN,NaN,NaN
164,4,0,698,695,695,557,728,393,646,349,NaN,NaN,NaN,NaN,NaN,NaN,NaN,NaN,NaN,NaN,NaN,NaN
165,4,0,701,695,698,561,730,396,648,351,NaN,NaN,NaN,NaN,NaN,NaN,NaN,NaN,NaN,NaN,NaN,NaN
166,4,0,703,695,700,564,732,398,649,352,NaN,NaN,NaN,NaN,NaN,NaN,NaN,NaN,NaN,NaN,NaN,NaN
167,4,0,705,695,702,567,734,399,651,354,NaN,NaN,NaN,NaN,NaN,NaN,NaN,NaN,NaN,NaN,NaN,NaN
168,4,0,707,695,704,569,735,401,652,355,NaN,NaN,NaN,NaN,NaN,NaN,NaN,NaN,NaN,NaN,NaN,NaN
169,4,0,709,695,706,572,737,402,653,356,NaN,NaN,NaN,NaN,NaN,NaN,NaN,NaN,NaN,NaN,NaN,NaN
170,4,0,710,695,707,574,738,403,654,357,NaN,NaN,NaN,NaN,NaN,NaN,NaN,NaN,NaN,NaN,NaN,NaN
171,4,0,711,695,709,576,739,404,655,358,NaN,NaN,NaN,NaN,NaN,NaN,NaN,NaN,NaN,NaN,NaN,NaN
172,4,0,712,695,709,579,739,405,655,359,NaN,NaN,NaN,NaN,NaN,NaN,NaN,NaN,NaN,NaN,NaN,NaN
173,4,0,713,695,710,582,740,407,656,360,NaN,NaN,NaN,NaN,NaN,NaN,NaN,NaN,NaN,NaN,NaN,NaN
174,4,0,713,695,711,585,741,408,656,362,NaN,NaN,NaN,NaN,NaN,NaN,NaN,NaN,NaN,NaN,NaN,NaN
175,4,0,714,695,712,590,741,410,656,363,NaN,NaN,NaN,NaN,NaN,NaN,NaN,NaN,NaN,NaN,NaN,NaN
176,4,0,714,695,712,595,742,413,656,365,NaN,NaN,NaN,NaN,NaN,NaN,NaN,NaN,NaN,NaN,NaN,NaN
177,4,0,714,695,713,600,742,415,656,367,NaN,NaN,NaN,NaN,NaN,NaN,NaN,NaN,NaN,NaN,NaN,NaN
178,4,0,714,695,713,607,743,418,656,370,NaN,NaN,NaN,NaN,NaN,NaN,NaN,NaN,NaN,NaN,NaN,NaN
179,4,0,714,695,713,612,742,420,656,372,NaN,NaN,NaN,NaN,NaN,NaN,NaN,NaN,NaN,NaN,NaN,NaN
180,4,0,714,695,713,618,742,423,655,374,NaN,NaN,NaN,NaN,NaN,NaN,NaN,NaN,NaN,NaN,NaN,NaN
181,4,0,714,695,713,623,742,425,655,375,NaN,NaN,NaN,NaN,NaN,NaN,NaN,NaN,NaN,NaN,NaN,NaN
182,4,0,713,695,713,628,742,427,654,377,NaN,NaN,NaN,NaN,NaN,NaN,NaN,NaN,NaN,NaN,NaN,NaN
183,4,0,713,695,713,633,741,429,653,378,NaN,NaN,NaN,NaN,NaN,NaN,NaN,NaN,NaN,NaN,NaN,NaN
184,4,0,713,695,713,637,741,431,652,379,NaN,NaN,NaN,NaN,NaN,NaN,NaN,NaN,NaN,NaN,NaN,NaN
185,4,0,713,695,713,642,741,432,652,380,NaN,NaN,NaN,NaN,NaN,NaN,NaN,NaN,NaN,NaN,NaN,NaN
186,4,0,714,695,714,645,741,433,651,381,NaN,NaN,NaN,NaN,NaN,NaN,NaN,NaN,NaN,NaN,NaN,NaN
187,4,0,714,695,714,647,741,433,651,381,NaN,NaN,NaN,NaN,NaN,NaN,NaN,NaN,NaN,NaN,NaN,NaN
188,4,0,714,695,714,648,740,433,650,381,NaN,NaN,NaN,NaN,NaN,NaN,NaN,NaN,NaN,NaN,NaN,NaN
189,4,0,714,695,714,650,739,433,649,381,NaN,NaN,NaN,NaN,NaN,NaN,NaN,NaN,NaN,NaN,NaN,NaN
190,4,0,714,695,714,651,738,433,648,381,NaN,NaN,NaN,NaN,NaN,NaN,NaN,NaN,NaN,NaN,NaN,NaN
191,4,0,714,695,714,654,738,433,646,380,NaN,NaN,NaN,NaN,NaN,NaN,NaN,NaN,NaN,NaN,NaN,NaN
192,4,0,714,695,714,657,737,433,645,381,NaN,NaN,NaN,NaN,NaN,NaN,NaN,NaN,NaN,NaN,NaN,NaN
193,4,0,714,695,715,660,737,434,644,381,NaN,NaN,NaN,NaN,NaN,NaN,NaN,NaN,NaN,NaN,NaN,NaN
194,4,0,714,695,715,664,736,435,642,381,NaN,NaN,NaN,NaN,NaN,NaN,NaN,NaN,NaN,NaN,NaN,NaN
195,4,0,714,695,715,669,735,436,641,382,NaN,NaN,NaN,NaN,NaN,NaN,NaN,NaN,NaN,NaN,NaN,NaN
196,4,0,714,695,715,675,734,437,639,383,NaN,NaN,NaN,NaN,NaN,NaN,NaN,NaN,NaN,NaN,NaN,NaN
197,4,0,713,695,714,681,732,439,637,384,NaN,NaN,NaN,NaN,NaN,NaN,NaN,NaN,NaN,NaN,NaN,NaN
198,3,1,713,695,732,439,637,384,NaN,NaN,NaN,NaN,NaN,NaN,NaN,NaN,NaN,NaN,NaN,NaN,NaN,NaN
199,3,0,711,695,729,440,634,385,NaN,NaN,NaN,NaN,NaN,NaN,NaN,NaN,NaN,NaN,NaN,NaN,NaN,NaN
200,3,0,709,695,727,440,632,384,NaN,NaN,NaN,NaN,NaN,NaN,NaN,NaN,NaN,NaN,NaN,NaN,NaN,NaN
201,3,0,707,695,723,441,629,385,NaN,NaN,NaN,NaN,NaN,NaN,NaN,NaN,NaN,NaN,NaN,NaN,NaN,NaN
202,3,0,705,695,719,441,626,385,NaN,NaN,NaN,NaN,NaN,NaN,NaN,NaN,NaN,NaN,NaN,NaN,NaN,NaN
203,3,0,702,695,715,441,623,385,NaN,NaN,NaN,NaN,NaN,NaN,NaN,NaN,NaN,NaN,NaN,NaN,NaN,NaN
204,3,0,699,695,713,440,620,384,NaN,NaN,NaN,NaN,NaN,NaN,NaN,NaN,NaN,NaN,NaN,NaN,NaN,NaN
205,3,0,695,695,708,440,616,383,NaN,NaN,NaN,NaN,NaN,NaN,NaN,NaN,NaN,NaN,NaN,NaN,NaN,NaN
206,3,0,690,695,703,439,612,382,NaN,NaN,NaN,NaN,NaN,NaN,NaN,NaN,NaN,NaN,NaN,NaN,NaN,NaN
207,3,0,685,695,698,437,607,381,NaN,NaN,NaN,NaN,NaN,NaN,NaN,NaN,NaN,NaN,NaN,NaN,NaN,NaN
208,3,0,681,695,695,436,604,379,NaN,NaN,NaN,NaN,NaN,NaN,NaN,NaN,NaN,NaN,NaN,NaN,NaN,NaN
209,3,0,677,695,690,434,600,377,NaN,NaN,NaN,NaN,NaN,NaN,NaN,NaN,NaN,NaN,NaN,NaN,NaN,NaN
210,3,0,672,695,685,432,597,376,NaN,NaN,NaN,NaN,NaN,NaN,NaN,NaN,NaN,NaN,NaN,NaN,NaN,NaN
211,3,0,667,695,681,430,593,374,NaN,NaN,NaN,NaN,NaN,NaN,NaN,NaN,NaN,NaN,NaN,NaN,NaN,NaN
212,3,0,663,695,677,429,588,373,NaN,NaN,NaN,NaN,NaN,NaN,NaN,NaN,NaN,NaN,NaN,NaN,NaN,NaN
213,3,0,657,695,671,428,583,372,NaN,NaN,NaN,NaN,NaN,NaN,NaN,NaN,NaN,NaN,NaN,NaN,NaN,NaN
214,3,0,652,695,665,428,578,372,NaN,NaN,NaN,NaN,NaN,NaN,NaN,NaN,NaN,NaN,NaN,NaN,NaN,NaN
215,3,0,647,695,660,428,573,371,NaN,NaN,NaN,NaN,NaN,NaN,NaN,NaN,NaN,NaN,NaN,NaN,NaN,NaN
216,3,0,643,695,654,428,568,371,NaN,NaN,NaN,NaN,NaN,NaN,NaN,NaN,NaN,NaN,NaN,NaN,NaN,NaN
217,3,0,638,695,650,428,563,371,NaN,NaN,NaN,NaN,NaN,NaN,NaN,NaN,NaN,NaN,NaN,NaN,NaN,NaN
218,3,0,634,695,645,429,559,370,NaN,NaN,NaN,NaN,NaN,NaN,NaN,NaN,NaN,NaN,NaN,NaN,NaN,NaN
219,3,0,630,695,640,429,555,371,NaN,NaN,NaN,NaN,NaN,NaN,NaN,NaN,NaN,NaN,NaN,NaN,NaN,NaN
220,3,0,627,695,635,430,551,371,NaN,NaN,NaN,NaN,NaN,NaN,NaN,NaN,NaN,NaN,NaN,NaN,NaN,NaN
221,3,0,624,695,631,430,548,370,NaN,NaN,NaN,NaN,NaN,NaN,NaN,NaN,NaN,NaN,NaN,NaN,NaN,NaN
222,3,0,621,695,627,430,544,370,NaN,NaN,NaN,NaN,NaN,NaN,NaN,NaN,NaN,NaN,NaN,NaN,NaN,NaN
223,3,0,618,695,623,429,540,369,NaN,NaN,NaN,NaN,NaN,NaN,NaN,NaN,NaN,NaN,NaN,NaN,NaN,NaN
224,3,0,615,695,619,428,536,369,NaN,NaN,NaN,NaN,NaN,NaN,NaN,NaN,NaN,NaN,NaN,NaN,NaN,NaN
225,3,0,613,695,615,428,533,368,NaN,NaN,NaN,NaN,NaN,NaN,NaN,NaN,NaN,NaN,NaN,NaN,NaN,NaN
226,3,0,610,695,611,426,530,366,NaN,NaN,NaN,NaN,NaN,NaN,NaN,NaN,NaN,NaN,NaN,NaN,NaN,NaN
227,3,0,608,695,608,425,526,364,NaN,NaN,NaN,NaN,NaN,NaN,NaN,NaN,NaN,NaN,NaN,NaN,NaN,NaN
228,3,0,607,695,604,422,523,362,NaN,NaN,NaN,NaN,NaN,NaN,NaN,NaN,NaN,NaN,NaN,NaN,NaN,NaN
229,3,0,605,695,601,420,521,359,NaN,NaN,NaN,NaN,NaN,NaN,NaN,NaN,NaN,NaN,NaN,NaN,NaN,NaN
230,3,0,604,695,599,417,518,357,NaN,NaN,NaN,NaN,NaN,NaN,NaN,NaN,NaN,NaN,NaN,NaN,NaN,NaN
231,3,0,604,695,596,415,516,355,NaN,NaN,NaN,NaN,NaN,NaN,NaN,NaN,NaN,NaN,NaN,NaN,NaN,NaN
232,3,0,604,695,593,412,514,353,NaN,NaN,NaN,NaN,NaN,NaN,NaN,NaN,NaN,NaN,NaN,NaN,NaN,NaN
233,3,0,604,695,590,411,511,351,NaN,NaN,NaN,NaN,NaN,NaN,NaN,NaN,NaN,NaN,NaN,NaN,NaN,NaN
234,3,0,603,695,587,410,508,350,NaN,NaN,NaN,NaN,NaN,NaN,NaN,NaN,NaN,NaN,NaN,NaN,NaN,NaN
235,3,0,604,695,584,409,506,348,NaN,NaN,NaN,NaN,NaN,NaN,NaN,NaN,NaN,NaN,NaN,NaN,NaN,NaN
236,3,0,604,695,582,409,504,348,NaN,NaN,NaN,NaN,NaN,NaN,NaN,NaN,NaN,NaN,NaN,NaN,NaN,NaN
237,3,0,604,695,579,409,502,348,NaN,NaN,NaN,NaN,NaN,NaN,NaN,NaN,NaN,NaN,NaN,NaN,NaN,NaN
238,3,0,604,695,577,409,500,348,NaN,NaN,NaN,NaN,NaN,NaN,NaN,NaN,NaN,NaN,NaN,NaN,NaN,NaN
239,3,0,602,695,574,409,497,348,NaN,NaN,NaN,NaN,NaN,NaN,NaN,NaN,NaN,NaN,NaN,NaN,NaN,NaN
240,3,0,601,695,570,410,494,348,NaN,NaN,NaN,NaN,NaN,NaN,NaN,NaN,NaN,NaN,NaN,NaN,NaN,NaN
241,3,0,600,695,567,411,491,348,NaN,NaN,NaN,NaN,NaN,NaN,NaN,NaN,NaN,NaN,NaN,NaN,NaN,NaN
242,3,0,598,695,564,410,488,347,NaN,NaN,NaN,NaN,NaN,NaN,NaN,NaN,NaN,NaN,NaN,NaN,NaN,NaN
243,3,0,596,695,560,410,485,347,NaN,NaN,NaN,NaN,NaN,NaN,NaN,NaN,NaN,NaN,NaN,NaN,NaN,NaN
244,3,0,594,695,556,410,482,346,NaN,NaN,NaN,NaN,NaN,NaN,NaN,NaN,NaN,NaN,NaN,NaN,NaN,NaN
245,3,0,592,695,552,409,478,345,NaN,NaN,NaN,NaN,NaN,NaN,NaN,NaN,NaN,NaN,NaN,NaN,NaN,NaN
246,3,0,590,695,548,407,475,344,NaN,NaN,NaN,NaN,NaN,NaN,NaN,NaN,NaN,NaN,NaN,NaN,NaN,NaN
247,3,0,587,695,544,406,471,342,NaN,NaN,NaN,NaN,NaN,NaN,NaN,NaN,NaN,NaN,NaN,NaN,NaN,NaN
248,3,0,584,695,540,405,467,341,NaN,NaN,NaN,NaN,NaN,NaN,NaN,NaN,NaN,NaN,NaN,NaN,NaN,NaN
249,3,0,581,695,536,403,463,339,NaN,NaN,NaN,NaN,NaN,NaN,NaN,NaN,NaN,NaN,NaN,NaN,NaN,NaN
250,3,0,578,695,531,401,460,338,NaN,NaN,NaN,NaN,NaN,NaN,NaN,NaN,NaN,NaN,NaN,NaN,NaN,NaN
251,3,0,575,695,526,400,455,336,NaN,NaN,NaN,NaN,NaN,NaN,NaN,NaN,NaN,NaN,NaN,NaN,NaN,NaN
252,3,0,572,695,521,399,451,335,NaN,NaN,NaN,NaN,NaN,NaN,NaN,NaN,NaN,NaN,NaN,NaN,NaN,NaN
253,3,0,569,695,517,399,447,335,NaN,NaN,NaN,NaN,NaN,NaN,NaN,NaN,NaN,NaN,NaN,NaN,NaN,NaN
254,3,0,565,695,512,399,443,334,NaN,NaN,NaN,NaN,NaN,NaN,NaN,NaN,NaN,NaN,NaN,NaN,NaN,NaN
255,3,0,561,695,507,399,439,334,NaN,NaN,NaN,NaN,NaN,NaN,NaN,NaN,NaN,NaN,NaN,NaN,NaN,NaN
256,3,0,558,695,503,400,435,335,NaN,NaN,NaN,NaN,NaN,NaN,NaN,NaN,NaN,NaN,NaN,NaN,NaN,NaN
257,3,0,553,695,497,402,429,336,NaN,NaN,NaN,NaN,NaN,NaN,NaN,NaN,NaN,NaN,NaN,NaN,NaN,NaN
258,3,0,548,695,492,403,425,337,NaN,NaN,NaN,NaN,NaN,NaN,NaN,NaN,NaN,NaN,NaN,NaN,NaN,NaN
259,3,0,545,695,487,406,421,339,NaN,NaN,NaN,NaN,NaN,NaN,NaN,NaN,NaN,NaN,NaN,NaN,NaN,NaN
260,3,0,541,695,483,408,417,340,NaN,NaN,NaN,NaN,NaN,NaN,NaN,NaN,NaN,NaN,NaN,NaN,NaN,NaN
261,3,0,538,695,478,410,412,341,NaN,NaN,NaN,NaN,NaN,NaN,NaN,NaN,NaN,NaN,NaN,NaN,NaN,NaN
262,3,0,534,695,473,412,408,343,NaN,NaN,NaN,NaN,NaN,NaN,NaN,NaN,NaN,NaN,NaN,NaN,NaN,NaN
263,3,0,530,695,467,413,404,343,NaN,NaN,NaN,NaN,NaN,NaN,NaN,NaN,NaN,NaN,NaN,NaN,NaN,NaN
264,3,0,527,695,463,415,399,344,NaN,NaN,NaN,NaN,NaN,NaN,NaN,NaN,NaN,NaN,NaN,NaN,NaN,NaN
265,3,0,524,695,459,416,396,345,NaN,NaN,NaN,NaN,NaN,NaN,NaN,NaN,NaN,NaN,NaN,NaN,NaN,NaN
266,3,0,521,695,454,417,393,345,NaN,NaN,NaN,NaN,NaN,NaN,NaN,NaN,NaN,NaN,NaN,NaN,NaN,NaN
267,3,0,518,695,450,417,389,346,NaN,NaN,NaN,NaN,NaN,NaN,NaN,NaN,NaN,NaN,NaN,NaN,NaN,NaN
268,3,0,515,695,446,417,385,345,NaN,NaN,NaN,NaN,NaN,NaN,NaN,NaN,NaN,NaN,NaN,NaN,NaN,NaN
269,3,0,513,695,442,417,382,345,NaN,NaN,NaN,NaN,NaN,NaN,NaN,NaN,NaN,NaN,NaN,NaN,NaN,NaN
270,3,0,511,695,438,416,379,345,NaN,NaN,NaN,NaN,NaN,NaN,NaN,NaN,NaN,NaN,NaN,NaN,NaN,NaN
271,3,0,509,695,434,417,376,345,NaN,NaN,NaN,NaN,NaN,NaN,NaN,NaN,NaN,NaN,NaN,NaN,NaN,NaN
272,3,0,507,695,430,417,372,345,NaN,NaN,NaN,NaN,NaN,NaN,NaN,NaN,NaN,NaN,NaN,NaN,NaN,NaN
273,3,0,505,695,426,418,368,346,NaN,NaN,NaN,NaN,NaN,NaN,NaN,NaN,NaN,NaN,NaN,NaN,NaN,NaN
274,3,0,502,695,421,420,365,347,NaN,NaN,NaN,NaN,NaN,NaN,NaN,NaN,NaN,NaN,NaN,NaN,NaN,NaN
275,3,0,501,695,418,422,362,348,NaN,NaN,NaN,NaN,NaN,NaN,NaN,NaN,NaN,NaN,NaN,NaN,NaN,NaN
276,3,0,500,695,415,425,360,350,NaN,NaN,NaN,NaN,NaN,NaN,NaN,NaN,NaN,NaN,NaN,NaN,NaN,NaN
277,3,0,500,695,412,427,358,352,NaN,NaN,NaN,NaN,NaN,NaN,NaN,NaN,NaN,NaN,NaN,NaN,NaN,NaN
278,3,0,499,695,409,431,356,355,NaN,NaN,NaN,NaN,NaN,NaN,NaN,NaN,NaN,NaN,NaN,NaN,NaN,NaN
279,3,0,497,695,406,434,354,357,NaN,NaN,NaN,NaN,NaN,NaN,NaN,NaN,NaN,NaN,NaN,NaN,NaN,NaN
280,3,0,495,695,401,437,350,359,NaN,NaN,NaN,NaN,NaN,NaN,NaN,NaN,NaN,NaN,NaN,NaN,NaN,NaN
281,3,0,492,695,397,441,346,362,NaN,NaN,NaN,NaN,NaN,NaN,NaN,NaN,NaN,NaN,NaN,NaN,NaN,NaN
282,3,0,490,695,393,443,343,364,NaN,NaN,NaN,NaN,NaN,NaN,NaN,NaN,NaN,NaN,NaN,NaN,NaN,NaN
283,3,0,489,695,390,446,341,366,NaN,NaN,NaN,NaN,NaN,NaN,NaN,NaN,NaN,NaN,NaN,NaN,NaN,NaN
284,3,0,487,695,387,447,339,367,NaN,NaN,NaN,NaN,NaN,NaN,NaN,NaN,NaN,NaN,NaN,NaN,NaN,NaN
285,3,0,485,695,384,449,337,368,NaN,NaN,NaN,NaN,NaN,NaN,NaN,NaN,NaN,NaN,NaN,NaN,NaN,NaN
286,3,0,483,695,380,450,335,369,NaN,NaN,NaN,NaN,NaN,NaN,NaN,NaN,NaN,NaN,NaN,NaN,NaN,NaN
287,3,0,481,695,376,450,332,369,NaN,NaN,NaN,NaN,NaN,NaN,NaN,NaN,NaN,NaN,NaN,NaN,NaN,NaN
288,3,0,479,695,373,451,330,369,NaN,NaN,NaN,NaN,NaN,NaN,NaN,NaN,NaN,NaN,NaN,NaN,NaN,NaN
289,3,0,478,695,370,451,327,369,NaN,NaN,NaN,NaN,NaN,NaN,NaN,NaN,NaN,NaN,NaN,NaN,NaN,NaN
290,3,0,477,695,367,451,326,369,NaN,NaN,NaN,NaN,NaN,NaN,NaN,NaN,NaN,NaN,NaN,NaN,NaN,NaN
291,3,0,476,695,364,451,325,369,NaN,NaN,NaN,NaN,NaN,NaN,NaN,NaN,NaN,NaN,NaN,NaN,NaN,NaN
292,3,0,475,695,361,452,323,370,NaN,NaN,NaN,NaN,NaN,NaN,NaN,NaN,NaN,NaN,NaN,NaN,NaN,NaN
293,3,0,473,695,358,452,321,370,NaN,NaN,NaN,NaN,NaN,NaN,NaN,NaN,NaN,NaN,NaN,NaN,NaN,NaN
294,3,0,471,695,354,454,319,371,NaN,NaN,NaN,NaN,NaN,NaN,NaN,NaN,NaN,NaN,NaN,NaN,NaN,NaN
295,3,0,470,695,351,455,317,372,NaN,NaN,NaN,NaN,NaN,NaN,NaN,NaN,NaN,NaN,NaN,NaN,NaN,NaN
296,3,0,467,695,347,457,314,373,NaN,NaN,NaN,NaN,NaN,NaN,NaN,NaN,NaN,NaN,NaN,NaN,NaN,NaN
297,3,0,466,695,344,459,313,375,NaN,NaN,NaN,NaN,NaN,NaN,NaN,NaN,NaN,NaN,NaN,NaN,NaN,NaN
298,3,0,465,695,341,461,311,376,NaN,NaN,NaN,NaN,NaN,NaN,NaN,NaN,NaN,NaN,NaN,NaN,NaN,NaN
299,3,0,464,695,338,464,310,378,NaN,NaN,NaN,NaN,NaN,NaN,NaN,NaN,NaN,NaN,NaN,NaN,NaN,NaN
300,3,0,463,695,335,466,308,379,NaN,NaN,NaN,NaN,NaN,NaN,NaN,NaN,NaN,NaN,NaN,NaN,NaN,NaN
301,3,0,462,695,333,468,307,381,NaN,NaN,NaN,NaN,NaN,NaN,NaN,NaN,NaN,NaN,NaN,NaN,NaN,NaN
302,3,0,462,695,330,470,306,382,NaN,NaN,NaN,NaN,NaN,NaN,NaN,NaN,NaN,NaN,NaN,NaN,NaN,NaN
303,3,0,461,695,328,471,306,383,NaN,NaN,NaN,NaN,NaN,NaN,NaN,NaN,NaN,NaN,NaN,NaN,NaN,NaN
304,3,0,462,695,327,472,306,383,NaN,NaN,NaN,NaN,NaN,NaN,NaN,NaN,NaN,NaN,NaN,NaN,NaN,NaN
305,3,0,462,695,326,473,306,384,NaN,NaN,NaN,NaN,NaN,NaN,NaN,NaN,NaN,NaN,NaN,NaN,NaN,NaN
306,3,0,464,695,325,473,307,383,NaN,NaN,NaN,NaN,NaN,NaN,NaN,NaN,NaN,NaN,NaN,NaN,NaN,NaN
307,3,0,465,695,324,472,307,383,NaN,NaN,NaN,NaN,NaN,NaN,NaN,NaN,NaN,NaN,NaN,NaN,NaN,NaN
308,3,0,466,695,323,471,308,382,NaN,NaN,NaN,NaN,NaN,NaN,NaN,NaN,NaN,NaN,NaN,NaN,NaN,NaN
309,3,0,468,695,323,470,309,381,NaN,NaN,NaN,NaN,NaN,NaN,NaN,NaN,NaN,NaN,NaN,NaN,NaN,NaN
310,3,0,470,695,323,468,311,379,NaN,NaN,NaN,NaN,NaN,NaN,NaN,NaN,NaN,NaN,NaN,NaN,NaN,NaN
311,3,0,473,695,323,467,312,378,NaN,NaN,NaN,NaN,NaN,NaN,NaN,NaN,NaN,NaN,NaN,NaN,NaN,NaN
312,3,0,476,695,323,465,314,377,NaN,NaN,NaN,NaN,NaN,NaN,NaN,NaN,NaN,NaN,NaN,NaN,NaN,NaN
313,3,0,479,695,324,464,316,375,NaN,NaN,NaN,NaN,NaN,NaN,NaN,NaN,NaN,NaN,NaN,NaN,NaN,NaN
314,3,0,482,695,325,462,318,374,NaN,NaN,NaN,NaN,NaN,NaN,NaN,NaN,NaN,NaN,NaN,NaN,NaN,NaN
315,3,0,486,695,326,461,321,373,NaN,NaN,NaN,NaN,NaN,NaN,NaN,NaN,NaN,NaN,NaN,NaN,NaN,NaN
316,3,0,490,695,327,461,323,373,NaN,NaN,NaN,NaN,NaN,NaN,NaN,NaN,NaN,NaN,NaN,NaN,NaN,NaN
317,3,0,494,695,328,461,326,372,NaN,NaN,NaN,NaN,NaN,NaN,NaN,NaN,NaN,NaN,NaN,NaN,NaN,NaN
318,3,0,497,695,329,462,328,372,NaN,NaN,NaN,NaN,NaN,NaN,NaN,NaN,NaN,NaN,NaN,NaN,NaN,NaN
319,3,0,501,695,330,462,330,373,NaN,NaN,NaN,NaN,NaN,NaN,NaN,NaN,NaN,NaN,NaN,NaN,NaN,NaN
320,3,0,505,695,331,463,333,373,NaN,NaN,NaN,NaN,NaN,NaN,NaN,NaN,NaN,NaN,NaN,NaN,NaN,NaN
321,3,0,509,695,332,463,335,373,NaN,NaN,NaN,NaN,NaN,NaN,NaN,NaN,NaN,NaN,NaN,NaN,NaN,NaN
322,3,0,513,695,333,463,338,372,NaN,NaN,NaN,NaN,NaN,NaN,NaN,NaN,NaN,NaN,NaN,NaN,NaN,NaN
323,3,0,516,695,335,462,341,371,NaN,NaN,NaN,NaN,NaN,NaN,NaN,NaN,NaN,NaN,NaN,NaN,NaN,NaN
324,3,0,519,695,336,461,344,370,NaN,NaN,NaN,NaN,NaN,NaN,NaN,NaN,NaN,NaN,NaN,NaN,NaN,NaN
325,3,0,523,695,337,460,347,369,NaN,NaN,NaN,NaN,NaN,NaN,NaN,NaN,NaN,NaN,NaN,NaN,NaN,NaN
326,3,0,526,695,337,458,350,367,NaN,NaN,NaN,NaN,NaN,NaN,NaN,NaN,NaN,NaN,NaN,NaN,NaN,NaN
327,3,0,529,695,338,456,353,366,NaN,NaN,NaN,NaN,NaN,NaN,NaN,NaN,NaN,NaN,NaN,NaN,NaN,NaN
328,3,0,533,695,339,454,356,363,NaN,NaN,NaN,NaN,NaN,NaN,NaN,NaN,NaN,NaN,NaN,NaN,NaN,NaN
329,3,0,536,695,340,451,359,361,NaN,NaN,NaN,NaN,NaN,NaN,NaN,NaN,NaN,NaN,NaN,NaN,NaN,NaN
330,3,0,539,695,340,448,361,359,NaN,NaN,NaN,NaN,NaN,NaN,NaN,NaN,NaN,NaN,NaN,NaN,NaN,NaN
331,3,0,542,695,341,445,364,356,NaN,NaN,NaN,NaN,NaN,NaN,NaN,NaN,NaN,NaN,NaN,NaN,NaN,NaN
332,3,0,545,695,341,442,367,353,NaN,NaN,NaN,NaN,NaN,NaN,NaN,NaN,NaN,NaN,NaN,NaN,NaN,NaN
333,3,0,547,695,341,439,369,351,NaN,NaN,NaN,NaN,NaN,NaN,NaN,NaN,NaN,NaN,NaN,NaN,NaN,NaN
334,3,0,550,695,341,436,372,348,NaN,NaN,NaN,NaN,NaN,NaN,NaN,NaN,NaN,NaN,NaN,NaN,NaN,NaN
335,3,0,552,695,341,434,375,346,NaN,NaN,NaN,NaN,NaN,NaN,NaN,NaN,NaN,NaN,NaN,NaN,NaN,NaN
336,3,0,555,695,340,432,377,344,NaN,NaN,NaN,NaN,NaN,NaN,NaN,NaN,NaN,NaN,NaN,NaN,NaN,NaN
337,3,0,557,695,340,430,379,342,NaN,NaN,NaN,NaN,NaN,NaN,NaN,NaN,NaN,NaN,NaN,NaN,NaN,NaN
338,3,0,559,695,340,428,381,341,NaN,NaN,NaN,NaN,NaN,NaN,NaN,NaN,NaN,NaN,NaN,NaN,NaN,NaN
339,3,0,561,695,340,428,384,340,NaN,NaN,NaN,NaN,NaN,NaN,NaN,NaN,NaN,NaN,NaN,NaN,NaN,NaN
340,3,0,563,695,340,427,386,339,NaN,NaN,NaN,NaN,NaN,NaN,NaN,NaN,NaN,NaN,NaN,NaN,NaN,NaN
341,3,0,566,695,341,427,389,339,NaN,NaN,NaN,NaN,NaN,NaN,NaN,NaN,NaN,NaN,NaN,NaN,NaN,NaN
342,3,1,566,695,339,425,389,338,NaN,NaN,NaN,NaN,NaN,NaN,NaN,NaN,NaN,NaN,NaN,NaN,NaN,NaN
343,4,0,562,695,341,426,392,338,384,301,NaN,NaN,NaN,NaN,NaN,NaN,NaN,NaN,NaN,NaN,NaN,NaN
344,4,0,558,695,344,427,394,338,387,300,NaN,NaN,NaN,NaN,NaN,NaN,NaN,NaN,NaN,NaN,NaN,NaN
345,4,0,557,695,347,427,398,337,390,299,NaN,NaN,NaN,NaN,NaN,NaN,NaN,NaN,NaN,NaN,NaN,NaN
346,4,0,557,695,351,426,401,336,393,298,NaN,NaN,NaN,NaN,NaN,NaN,NaN,NaN,NaN,NaN,NaN,NaN
347,4,0,556,695,354,426,404,335,397,297,NaN,NaN,NaN,NaN,NaN,NaN,NaN,NaN,NaN,NaN,NaN,NaN
348,4,0,557,695,357,425,407,334,400,296,NaN,NaN,NaN,NaN,NaN,NaN,NaN,NaN,NaN,NaN,NaN,NaN
349,4,0,558,695,360,424,410,332,403,294,NaN,NaN,NaN,NaN,NaN,NaN,NaN,NaN,NaN,NaN,NaN,NaN
350,4,0,559,695,363,422,413,330,406,292,NaN,NaN,NaN,NaN,NaN,NaN,NaN,NaN,NaN,NaN,NaN,NaN
351,4,0,561,695,366,420,417,328,409,289,NaN,NaN,NaN,NaN,NaN,NaN,NaN,NaN,NaN,NaN,NaN,NaN
352,4,0,563,695,369,418,420,326,412,287,NaN,NaN,NaN,NaN,NaN,NaN,NaN,NaN,NaN,NaN,NaN,NaN
353,4,0,566,695,373,416,424,323,415,285,NaN,NaN,NaN,NaN,NaN,NaN,NaN,NaN,NaN,NaN,NaN,NaN
354,4,0,569,694,376,414,428,321,419,282,NaN,NaN,NaN,NaN,NaN,NaN,NaN,NaN,NaN,NaN,NaN,NaN
355,4,0,573,695,380,412,432,319,422,280,NaN,NaN,NaN,NaN,NaN,NaN,NaN,NaN,NaN,NaN,NaN,NaN
356,4,0,576,695,384,410,436,316,426,278,NaN,NaN,NaN,NaN,NaN,NaN,NaN,NaN,NaN,NaN,NaN,NaN
357,4,0,578,695,387,409,439,315,429,276,NaN,NaN,NaN,NaN,NaN,NaN,NaN,NaN,NaN,NaN,NaN,NaN
358,3,0,581,695,391,408,442,313,NaN,NaN,NaN,NaN,NaN,NaN,NaN,NaN,NaN,NaN,NaN,NaN,NaN,NaN
359,3,0,583,695,395,407,446,312,NaN,NaN,NaN,NaN,NaN,NaN,NaN,NaN,NaN,NaN,NaN,NaN,NaN,NaN
360,3,0,585,695,399,406,450,311,NaN,NaN,NaN,NaN,NaN,NaN,NaN,NaN,NaN,NaN,NaN,NaN,NaN,NaN
361,3,0,585,695,403,407,453,311,NaN,NaN,NaN,NaN,NaN,NaN,NaN,NaN,NaN,NaN,NaN,NaN,NaN,NaN
362,3,0,584,695,406,409,456,311,NaN,NaN,NaN,NaN,NaN,NaN,NaN,NaN,NaN,NaN,NaN,NaN,NaN,NaN
363,3,0,583,695,409,410,459,312,NaN,NaN,NaN,NaN,NaN,NaN,NaN,NaN,NaN,NaN,NaN,NaN,NaN,NaN
364,3,0,582,695,412,412,462,312,NaN,NaN,NaN,NaN,NaN,NaN,NaN,NaN,NaN,NaN,NaN,NaN,NaN,NaN
365,3,0,580,695,414,413,464,312,NaN,NaN,NaN,NaN,NaN,NaN,NaN,NaN,NaN,NaN,NaN,NaN,NaN,NaN
366,3,0,578,695,417,414,467,312,NaN,NaN,NaN,NaN,NaN,NaN,NaN,NaN,NaN,NaN,NaN,NaN,NaN,NaN
367,3,0,576,695,419,415,469,312,NaN,NaN,NaN,NaN,NaN,NaN,NaN,NaN,NaN,NaN,NaN,NaN,NaN,NaN
368,3,0,574,695,420,416,471,312,NaN,NaN,NaN,NaN,NaN,NaN,NaN,NaN,NaN,NaN,NaN,NaN,NaN,NaN
369,3,0,572,695,422,417,473,312,NaN,NaN,NaN,NaN,NaN,NaN,NaN,NaN,NaN,NaN,NaN,NaN,NaN,NaN
370,3,0,570,695,423,417,474,311,NaN,NaN,NaN,NaN,NaN,NaN,NaN,NaN,NaN,NaN,NaN,NaN,NaN,NaN
371,3,0,569,695,424,417,476,310,NaN,NaN,NaN,NaN,NaN,NaN,NaN,NaN,NaN,NaN,NaN,NaN,NaN,NaN
372,3,0,568,695,425,416,478,309,NaN,NaN,NaN,NaN,NaN,NaN,NaN,NaN,NaN,NaN,NaN,NaN,NaN,NaN
373,3,0,567,695,426,415,479,307,NaN,NaN,NaN,NaN,NaN,NaN,NaN,NaN,NaN,NaN,NaN,NaN,NaN,NaN
374,3,0,566,695,427,413,481,305,NaN,NaN,NaN,NaN,NaN,NaN,NaN,NaN,NaN,NaN,NaN,NaN,NaN,NaN
375,3,0,564,695,427,412,482,304,NaN,NaN,NaN,NaN,NaN,NaN,NaN,NaN,NaN,NaN,NaN,NaN,NaN,NaN
376,3,0,562,695,427,411,483,302,NaN,NaN,NaN,NaN,NaN,NaN,NaN,NaN,NaN,NaN,NaN,NaN,NaN,NaN
377,3,0,558,695,427,411,483,301,NaN,NaN,NaN,NaN,NaN,NaN,NaN,NaN,NaN,NaN,NaN,NaN,NaN,NaN
378,3,0,553,695,426,411,483,301,NaN,NaN,NaN,NaN,NaN,NaN,NaN,NaN,NaN,NaN,NaN,NaN,NaN,NaN
379,3,0,548,695,424,412,482,300,NaN,NaN,NaN,NaN,NaN,NaN,NaN,NaN,NaN,NaN,NaN,NaN,NaN,NaN
380,3,0,543,695,423,414,482,301,NaN,NaN,NaN,NaN,NaN,NaN,NaN,NaN,NaN,NaN,NaN,NaN,NaN,NaN
381,3,0,538,695,422,417,482,302,NaN,NaN,NaN,NaN,NaN,NaN,NaN,NaN,NaN,NaN,NaN,NaN,NaN,NaN
382,3,0,534,695,423,421,484,304,NaN,NaN,NaN,NaN,NaN,NaN,NaN,NaN,NaN,NaN,NaN,NaN,NaN,NaN
383,3,0,530,695,423,425,484,307,NaN,NaN,NaN,NaN,NaN,NaN,NaN,NaN,NaN,NaN,NaN,NaN,NaN,NaN
384,3,0,524,695,421,429,484,309,NaN,NaN,NaN,NaN,NaN,NaN,NaN,NaN,NaN,NaN,NaN,NaN,NaN,NaN
385,3,0,520,695,421,433,484,311,NaN,NaN,NaN,NaN,NaN,NaN,NaN,NaN,NaN,NaN,NaN,NaN,NaN,NaN
386,3,0,516,695,420,437,484,313,NaN,NaN,NaN,NaN,NaN,NaN,NaN,NaN,NaN,NaN,NaN,NaN,NaN,NaN
387,3,0,513,695,420,441,485,316,NaN,NaN,NaN,NaN,NaN,NaN,NaN,NaN,NaN,NaN,NaN,NaN,NaN,NaN
388,3,0,510,695,420,445,485,317,NaN,NaN,NaN,NaN,NaN,NaN,NaN,NaN,NaN,NaN,NaN,NaN,NaN,NaN
389,3,0,508,695,420,448,486,319,NaN,NaN,NaN,NaN,NaN,NaN,NaN,NaN,NaN,NaN,NaN,NaN,NaN,NaN
390,3,0,506,695,420,450,487,320,NaN,NaN,NaN,NaN,NaN,NaN,NaN,NaN,NaN,NaN,NaN,NaN,NaN,NaN
391,3,0,504,695,420,452,488,321,NaN,NaN,NaN,NaN,NaN,NaN,NaN,NaN,NaN,NaN,NaN,NaN,NaN,NaN
392,3,0,503,695,421,454,489,322,NaN,NaN,NaN,NaN,NaN,NaN,NaN,NaN,NaN,NaN,NaN,NaN,NaN,NaN
393,3,0,501,695,421,455,490,322,NaN,NaN,NaN,NaN,NaN,NaN,NaN,NaN,NaN,NaN,NaN,NaN,NaN,NaN
394,3,0,501,695,421,457,492,322,NaN,NaN,NaN,NaN,NaN,NaN,NaN,NaN,NaN,NaN,NaN,NaN,NaN,NaN
395,3,0,500,695,422,458,493,322,NaN,NaN,NaN,NaN,NaN,NaN,NaN,NaN,NaN,NaN,NaN,NaN,NaN,NaN
396,3,0,499,695,422,459,495,322,NaN,NaN,NaN,NaN,NaN,NaN,NaN,NaN,NaN,NaN,NaN,NaN,NaN,NaN
397,3,0,499,695,423,460,496,323,NaN,NaN,NaN,NaN,NaN,NaN,NaN,NaN,NaN,NaN,NaN,NaN,NaN,NaN
398,3,0,499,695,425,463,498,324,NaN,NaN,NaN,NaN,NaN,NaN,NaN,NaN,NaN,NaN,NaN,NaN,NaN,NaN
399,3,0,499,695,426,466,501,326,NaN,NaN,NaN,NaN,NaN,NaN,NaN,NaN,NaN,NaN,NaN,NaN,NaN,NaN
400,3,0,499,695,427,471,503,328,NaN,NaN,NaN,NaN,NaN,NaN,NaN,NaN,NaN,NaN,NaN,NaN,NaN,NaN
401,4,0,499,695,427,476,505,331,499,276,NaN,NaN,NaN,NaN,NaN,NaN,NaN,NaN,NaN,NaN,NaN,NaN
402,4,0,499,695,428,482,506,334,501,279,NaN,NaN,NaN,NaN,NaN,NaN,NaN,NaN,NaN,NaN,NaN,NaN
403,4,0,498,695,429,488,508,338,503,282,NaN,NaN,NaN,NaN,NaN,NaN,NaN,NaN,NaN,NaN,NaN,NaN
404,4,0,499,695,430,495,510,342,505,285,NaN,NaN,NaN,NaN,NaN,NaN,NaN,NaN,NaN,NaN,NaN,NaN
405,4,0,499,695,431,501,512,345,508,288,NaN,NaN,NaN,NaN,NaN,NaN,NaN,NaN,NaN,NaN,NaN,NaN
406,4,0,500,695,432,507,514,349,510,290,NaN,NaN,NaN,NaN,NaN,NaN,NaN,NaN,NaN,NaN,NaN,NaN
407,4,0,501,695,434,512,517,352,513,293,NaN,NaN,NaN,NaN,NaN,NaN,NaN,NaN,NaN,NaN,NaN,NaN
408,4,1,501,695,434,512,517,352,513,293,NaN,NaN,NaN,NaN,NaN,NaN,NaN,NaN,NaN,NaN,NaN,NaN
409,4,0,498,695,436,517,522,355,517,294,NaN,NaN,NaN,NaN,NaN,NaN,NaN,NaN,NaN,NaN,NaN,NaN
410,4,0,495,695,438,522,526,357,521,295,NaN,NaN,NaN,NaN,NaN,NaN,NaN,NaN,NaN,NaN,NaN,NaN
411,4,0,492,695,439,527,530,359,525,296,NaN,NaN,NaN,NaN,NaN,NaN,NaN,NaN,NaN,NaN,NaN,NaN
412,4,0,490,695,442,530,534,361,530,296,NaN,NaN,NaN,NaN,NaN,NaN,NaN,NaN,NaN,NaN,NaN,NaN
413,4,0,488,695,444,534,539,363,535,295,NaN,NaN,NaN,NaN,NaN,NaN,NaN,NaN,NaN,NaN,NaN,NaN
414,4,0,487,695,446,537,544,365,539,295,NaN,NaN,NaN,NaN,NaN,NaN,NaN,NaN,NaN,NaN,NaN,NaN
415,4,0,486,695,447,541,548,366,544,296,NaN,NaN,NaN,NaN,NaN,NaN,NaN,NaN,NaN,NaN,NaN,NaN
416,4,0,484,695,448,545,553,369,548,296,NaN,NaN,NaN,NaN,NaN,NaN,NaN,NaN,NaN,NaN,NaN,NaN
417,4,0,482,695,449,551,558,371,553,297,NaN,NaN,NaN,NaN,NaN,NaN,NaN,NaN,NaN,NaN,NaN,NaN
418,4,0,481,695,450,557,562,374,557,298,NaN,NaN,NaN,NaN,NaN,NaN,NaN,NaN,NaN,NaN,NaN,NaN
419,4,0,480,695,451,563,566,377,561,299,NaN,NaN,NaN,NaN,NaN,NaN,NaN,NaN,NaN,NaN,NaN,NaN
420,4,0,479,695,452,571,571,381,565,300,NaN,NaN,NaN,NaN,NaN,NaN,NaN,NaN,NaN,NaN,NaN,NaN
421,4,0,478,695,453,578,575,385,570,302,NaN,NaN,NaN,NaN,NaN,NaN,NaN,NaN,NaN,NaN,NaN,NaN
422,4,1,478,695,453,579,577,385,571,301,NaN,NaN,NaN,NaN,NaN,NaN,NaN,NaN,NaN,NaN,NaN,NaN
423,4,0,478,695,452,576,586,388,570,300,NaN,NaN,NaN,NaN,NaN,NaN,NaN,NaN,NaN,NaN,NaN,NaN
424,4,0,478,695,453,579,598,394,571,301,NaN,NaN,NaN,NaN,NaN,NaN,NaN,NaN,NaN,NaN,NaN,NaN
425,4,1,478,695,453,579,608,399,571,301,NaN,NaN,NaN,NaN,NaN,NaN,NaN,NaN,NaN,NaN,NaN,NaN
426,4,0,475,695,458,588,615,403,574,310,NaN,NaN,NaN,NaN,NaN,NaN,NaN,NaN,NaN,NaN,NaN,NaN
427,4,0,477,695,464,596,624,409,579,318,NaN,NaN,NaN,NaN,NaN,NaN,NaN,NaN,NaN,NaN,NaN,NaN
428,4,0,479,695,470,603,631,412,584,325,NaN,NaN,NaN,NaN,NaN,NaN,NaN,NaN,NaN,NaN,NaN,NaN
429,4,0,483,695,476,609,640,416,588,331,NaN,NaN,NaN,NaN,NaN,NaN,NaN,NaN,NaN,NaN,NaN,NaN
430,4,0,489,695,482,614,648,419,592,338,NaN,NaN,NaN,NaN,NaN,NaN,NaN,NaN,NaN,NaN,NaN,NaN
431,4,0,494,695,489,620,656,422,596,342,NaN,NaN,NaN,NaN,NaN,NaN,NaN,NaN,NaN,NaN,NaN,NaN
432,4,0,500,695,495,624,663,424,599,346,NaN,NaN,NaN,NaN,NaN,NaN,NaN,NaN,NaN,NaN,NaN,NaN
433,4,0,506,695,501,628,670,426,603,350,NaN,NaN,NaN,NaN,NaN,NaN,NaN,NaN,NaN,NaN,NaN,NaN
434,4,0,512,695,507,632,677,428,606,352,NaN,NaN,NaN,NaN,NaN,NaN,NaN,NaN,NaN,NaN,NaN,NaN
435,4,1,513,695,508,632,678,428,603,353,NaN,NaN,NaN,NaN,NaN,NaN,NaN,NaN,NaN,NaN,NaN,NaN
436,4,1,519,695,514,635,685,429,609,354,NaN,NaN,NaN,NaN,NaN,NaN,NaN,NaN,NaN,NaN,NaN,NaN
437,4,0,526,695,524,632,691,428,617,356,NaN,NaN,NaN,NaN,NaN,NaN,NaN,NaN,NaN,NaN,NaN,NaN
438,4,0,534,695,535,628,697,427,626,357,NaN,NaN,NaN,NaN,NaN,NaN,NaN,NaN,NaN,NaN,NaN,NaN
439,4,0,541,695,545,625,702,425,633,360,NaN,NaN,NaN,NaN,NaN,NaN,NaN,NaN,NaN,NaN,NaN,NaN
440,4,0,549,695,556,624,707,425,641,362,NaN,NaN,NaN,NaN,NaN,NaN,NaN,NaN,NaN,NaN,NaN,NaN
441,4,0,556,695,566,623,712,425,649,365,NaN,NaN,NaN,NaN,NaN,NaN,NaN,NaN,NaN,NaN,NaN,NaN
442,4,0,564,695,577,622,717,425,656,368,NaN,NaN,NaN,NaN,NaN,NaN,NaN,NaN,NaN,NaN,NaN,NaN
443,4,1,565,695,581,614,714,421,657,368,NaN,NaN,NaN,NaN,NaN,NaN,NaN,NaN,NaN,NaN,NaN,NaN
444,4,1,574,695,588,621,721,425,663,371,NaN,NaN,NaN,NaN,NaN,NaN,NaN,NaN,NaN,NaN,NaN,NaN
445,4,1,582,695,594,628,727,428,669,374,NaN,NaN,NaN,NaN,NaN,NaN,NaN,NaN,NaN,NaN,NaN,NaN
446,4,1,589,695,600,635,734,432,675,376,NaN,NaN,NaN,NaN,NaN,NaN,NaN,NaN,NaN,NaN,NaN,NaN
447,4,1,596,695,606,641,740,435,681,378,NaN,NaN,NaN,NaN,NaN,NaN,NaN,NaN,NaN,NaN,NaN,NaN
448,4,0,604,695,611,647,747,438,686,381,NaN,NaN,NaN,NaN,NaN,NaN,NaN,NaN,NaN,NaN,NaN,NaN
449,4,0,611,695,616,652,754,440,692,382,NaN,NaN,NaN,NaN,NaN,NaN,NaN,NaN,NaN,NaN,NaN,NaN
450,4,0,616,695,621,656,759,442,697,383,NaN,NaN,NaN,NaN,NaN,NaN,NaN,NaN,NaN,NaN,NaN,NaN
451,4,0,622,695,625,660,765,444,703,384,NaN,NaN,NaN,NaN,NaN,NaN,NaN,NaN,NaN,NaN,NaN,NaN
452,4,0,627,695,630,664,771,445,708,385,NaN,NaN,NaN,NaN,NaN,NaN,NaN,NaN,NaN,NaN,NaN,NaN
453,4,0,633,695,635,668,776,446,713,385,NaN,NaN,NaN,NaN,NaN,NaN,NaN,NaN,NaN,NaN,NaN,NaN
454,4,0,638,695,639,672,782,447,718,386,NaN,NaN,NaN,NaN,NaN,NaN,NaN,NaN,NaN,NaN,NaN,NaN
455,4,0,642,695,642,675,788,447,723,386,NaN,NaN,NaN,NaN,NaN,NaN,NaN,NaN,NaN,NaN,NaN,NaN
456,4,0,646,695,645,679,793,448,728,386,NaN,NaN,NaN,NaN,NaN,NaN,NaN,NaN,NaN,NaN,NaN,NaN
457,3,1,646,695,793,448,728,386,NaN,NaN,NaN,NaN,NaN,NaN,NaN,NaN,NaN,NaN,NaN,NaN,NaN,NaN
458,3,0,651,695,797,448,731,386,NaN,NaN,NaN,NaN,NaN,NaN,NaN,NaN,NaN,NaN,NaN,NaN,NaN,NaN
459,3,0,656,695,801,449,735,386,NaN,NaN,NaN,NaN,NaN,NaN,NaN,NaN,NaN,NaN,NaN,NaN,NaN,NaN
460,3,0,661,695,804,451,738,387,NaN,NaN,NaN,NaN,NaN,NaN,NaN,NaN,NaN,NaN,NaN,NaN,NaN,NaN
461,3,0,667,695,808,453,741,387,NaN,NaN,NaN,NaN,NaN,NaN,NaN,NaN,NaN,NaN,NaN,NaN,NaN,NaN
462,3,0,674,695,812,455,744,389,NaN,NaN,NaN,NaN,NaN,NaN,NaN,NaN,NaN,NaN,NaN,NaN,NaN,NaN
463,3,0,681,695,816,457,748,390,NaN,NaN,NaN,NaN,NaN,NaN,NaN,NaN,NaN,NaN,NaN,NaN,NaN,NaN
464,3,0,688,695,821,460,751,392,NaN,NaN,NaN,NaN,NaN,NaN,NaN,NaN,NaN,NaN,NaN,NaN,NaN,NaN
465,3,0,696,695,825,463,755,393,NaN,NaN,NaN,NaN,NaN,NaN,NaN,NaN,NaN,NaN,NaN,NaN,NaN,NaN
466,3,0,704,695,830,466,759,395,NaN,NaN,NaN,NaN,NaN,NaN,NaN,NaN,NaN,NaN,NaN,NaN,NaN,NaN
467,3,0,711,695,834,469,762,397,NaN,NaN,NaN,NaN,NaN,NaN,NaN,NaN,NaN,NaN,NaN,NaN,NaN,NaN
468,3,0,718,695,838,471,765,398,NaN,NaN,NaN,NaN,NaN,NaN,NaN,NaN,NaN,NaN,NaN,NaN,NaN,NaN
469,3,0,725,695,842,473,769,399,NaN,NaN,NaN,NaN,NaN,NaN,NaN,NaN,NaN,NaN,NaN,NaN,NaN,NaN
470,3,0,732,695,847,474,772,399,NaN,NaN,NaN,NaN,NaN,NaN,NaN,NaN,NaN,NaN,NaN,NaN,NaN,NaN
471,3,0,738,695,852,474,776,399,NaN,NaN,NaN,NaN,NaN,NaN,NaN,NaN,NaN,NaN,NaN,NaN,NaN,NaN
472,3,0,744,695,856,474,780,398,NaN,NaN,NaN,NaN,NaN,NaN,NaN,NaN,NaN,NaN,NaN,NaN,NaN,NaN
473,3,1,750,695,861,473,783,397,NaN,NaN,NaN,NaN,NaN,NaN,NaN,NaN,NaN,NaN,NaN,NaN,NaN,NaN
474,3,1,756,695,866,472,786,396,NaN,NaN,NaN,NaN,NaN,NaN,NaN,NaN,NaN,NaN,NaN,NaN,NaN,NaN
475,3,0,762,695,871,472,790,395,NaN,NaN,NaN,NaN,NaN,NaN,NaN,NaN,NaN,NaN,NaN,NaN,NaN,NaN
476,3,0,769,695,877,472,794,394,NaN,NaN,NaN,NaN,NaN,NaN,NaN,NaN,NaN,NaN,NaN,NaN,NaN,NaN
477,3,0,777,695,882,473,798,394,NaN,NaN,NaN,NaN,NaN,NaN,NaN,NaN,NaN,NaN,NaN,NaN,NaN,NaN
478,3,0,785,695,887,474,801,394,NaN,NaN,NaN,NaN,NaN,NaN,NaN,NaN,NaN,NaN,NaN,NaN,NaN,NaN
479,3,1,793,695,892,476,805,394,NaN,NaN,NaN,NaN,NaN,NaN,NaN,NaN,NaN,NaN,NaN,NaN,NaN,NaN
480,3,0,802,695,897,479,808,396,NaN,NaN,NaN,NaN,NaN,NaN,NaN,NaN,NaN,NaN,NaN,NaN,NaN,NaN
481,3,0,810,695,901,483,810,398,NaN,NaN,NaN,NaN,NaN,NaN,NaN,NaN,NaN,NaN,NaN,NaN,NaN,NaN
482,3,0,818,695,904,487,812,401,NaN,NaN,NaN,NaN,NaN,NaN,NaN,NaN,NaN,NaN,NaN,NaN,NaN,NaN
483,3,0,826,695,907,492,814,403,NaN,NaN,NaN,NaN,NaN,NaN,NaN,NaN,NaN,NaN,NaN,NaN,NaN,NaN
484,3,0,835,695,912,497,817,406,NaN,NaN,NaN,NaN,NaN,NaN,NaN,NaN,NaN,NaN,NaN,NaN,NaN,NaN
485,3,0,843,695,917,502,820,409,NaN,NaN,NaN,NaN,NaN,NaN,NaN,NaN,NaN,NaN,NaN,NaN,NaN,NaN
486,3,0,850,695,921,506,822,411,NaN,NaN,NaN,NaN,NaN,NaN,NaN,NaN,NaN,NaN,NaN,NaN,NaN,NaN
487,3,0,855,695,925,508,824,413,NaN,NaN,NaN,NaN,NaN,NaN,NaN,NaN,NaN,NaN,NaN,NaN,NaN,NaN
488,3,0,860,695,931,511,825,414,NaN,NaN,NaN,NaN,NaN,NaN,NaN,NaN,NaN,NaN,NaN,NaN,NaN,NaN
489,3,0,865,695,935,513,826,415,NaN,NaN,NaN,NaN,NaN,NaN,NaN,NaN,NaN,NaN,NaN,NaN,NaN,NaN
490,3,0,869,695,938,514,827,416,NaN,NaN,NaN,NaN,NaN,NaN,NaN,NaN,NaN,NaN,NaN,NaN,NaN,NaN
491,3,1,873,695,940,516,828,416,NaN,NaN,NaN,NaN,NaN,NaN,NaN,NaN,NaN,NaN,NaN,NaN,NaN,NaN
492,3,0,877,695,943,517,829,416,NaN,NaN,NaN,NaN,NaN,NaN,NaN,NaN,NaN,NaN,NaN,NaN,NaN,NaN
493,3,0,881,695,945,518,830,416,NaN,NaN,NaN,NaN,NaN,NaN,NaN,NaN,NaN,NaN,NaN,NaN,NaN,NaN
494,3,0,884,695,947,519,830,416,NaN,NaN,NaN,NaN,NaN,NaN,NaN,NaN,NaN,NaN,NaN,NaN,NaN,NaN
495,3,0,888,695,949,521,830,416,NaN,NaN,NaN,NaN,NaN,NaN,NaN,NaN,NaN,NaN,NaN,NaN,NaN,NaN
496,3,0,892,695,950,523,831,417,NaN,NaN,NaN,NaN,NaN,NaN,NaN,NaN,NaN,NaN,NaN,NaN,NaN,NaN
497,3,0,896,695,952,526,831,418,NaN,NaN,NaN,NaN,NaN,NaN,NaN,NaN,NaN,NaN,NaN,NaN,NaN,NaN
498,3,0,900,695,953,530,830,420,NaN,NaN,NaN,NaN,NaN,NaN,NaN,NaN,NaN,NaN,NaN,NaN,NaN,NaN
499,3,0,904,695,953,535,829,423,NaN,NaN,NaN,NaN,NaN,NaN,NaN,NaN,NaN,NaN,NaN,NaN,NaN,NaN
500,3,0,909,695,955,542,828,426,NaN,NaN,NaN,NaN,NaN,NaN,NaN,NaN,NaN,NaN,NaN,NaN,NaN,NaN
501,3,0,915,695,957,549,828,431,NaN,NaN,NaN,NaN,NaN,NaN,NaN,NaN,NaN,NaN,NaN,NaN,NaN,NaN
502,3,0,922,695,960,557,830,435,NaN,NaN,NaN,NaN,NaN,NaN,NaN,NaN,NaN,NaN,NaN,NaN,NaN,NaN
503,3,0,929,695,964,565,831,440,NaN,NaN,NaN,NaN,NaN,NaN,NaN,NaN,NaN,NaN,NaN,NaN,NaN,NaN
504,3,0,935,695,966,573,831,445,NaN,NaN,NaN,NaN,NaN,NaN,NaN,NaN,NaN,NaN,NaN,NaN,NaN,NaN
505,3,0,940,695,969,581,832,449,NaN,NaN,NaN,NaN,NaN,NaN,NaN,NaN,NaN,NaN,NaN,NaN,NaN,NaN
506,3,0,945,695,971,588,832,453,NaN,NaN,NaN,NaN,NaN,NaN,NaN,NaN,NaN,NaN,NaN,NaN,NaN,NaN
507,3,0,950,695,974,595,833,457,NaN,NaN,NaN,NaN,NaN,NaN,NaN,NaN,NaN,NaN,NaN,NaN,NaN,NaN
508,3,0,955,695,977,600,833,460,NaN,NaN,NaN,NaN,NaN,NaN,NaN,NaN,NaN,NaN,NaN,NaN,NaN,NaN
509,3,0,961,695,980,605,834,462,NaN,NaN,NaN,NaN,NaN,NaN,NaN,NaN,NaN,NaN,NaN,NaN,NaN,NaN
510,3,1,966,695,984,608,835,464,NaN,NaN,NaN,NaN,NaN,NaN,NaN,NaN,NaN,NaN,NaN,NaN,NaN,NaN
511,6,0,976,695,991,613,838,465,1039,373,1075,309,1029,215,NaN,NaN,NaN,NaN,NaN,NaN,NaN,NaN
512,7,1,979,695,993,614,839,465,1039,373,1075,309,994,260,1032,213,NaN,NaN,NaN,NaN,NaN,NaN
513,7,0,990,695,1000,618,842,467,1045,374,1079,309,996,260,1032,213,NaN,NaN,NaN,NaN,NaN,NaN
514,7,0,1001,695,1007,623,845,471,1052,376,1082,310,999,261,1032,214,NaN,NaN,NaN,NaN,NaN,NaN
515,7,0,1011,695,1014,628,848,473,1058,377,1086,311,1000,262,1031,214,NaN,NaN,NaN,NaN,NaN,NaN
516,7,0,1020,695,1021,633,851,476,1064,378,1090,312,1001,262,1033,215,NaN,NaN,NaN,NaN,NaN,NaN
517,7,0,1028,695,1027,638,854,479,1069,381,1092,313,1001,263,1033,216,NaN,NaN,NaN,NaN,NaN,NaN
518,7,0,1036,695,1033,645,856,482,1075,382,1095,314,1001,265,1032,217,NaN,NaN,NaN,NaN,NaN,NaN
519,7,0,1043,695,1040,653,858,487,1080,385,1097,315,999,267,1033,218,NaN,NaN,NaN,NaN,NaN,NaN
520,7,0,1049,695,1045,662,860,492,1085,388,1100,317,998,269,1033,219,NaN,NaN,NaN,NaN,NaN,NaN
521,7,0,1055,695,1051,672,862,497,1090,391,1102,319,996,272,1031,221,NaN,NaN,NaN,NaN,NaN,NaN
522,6,1,1055,695,862,497,1093,391,1103,319,992,272,1029,221,NaN,NaN,NaN,NaN,NaN,NaN,NaN,NaN
523,6,0,1046,695,863,501,1094,394,1103,321,993,273,1029,222,NaN,NaN,NaN,NaN,NaN,NaN,NaN,NaN
524,6,0,1038,695,863,505,1095,396,1102,323,993,275,1028,223,NaN,NaN,NaN,NaN,NaN,NaN,NaN,NaN
525,6,0,1031,695,863,509,1096,398,1101,323,993,276,1026,224,NaN,NaN,NaN,NaN,NaN,NaN,NaN,NaN
526,6,0,1023,695,863,512,1097,400,1100,324,993,276,1026,225,NaN,NaN,NaN,NaN,NaN,NaN,NaN,NaN
527,6,0,1016,695,864,515,1098,401,1100,325,993,277,1026,225,NaN,NaN,NaN,NaN,NaN,NaN,NaN,NaN
528,6,0,1010,695,863,517,1099,402,1100,325,993,277,1026,225,NaN,NaN,NaN,NaN,NaN,NaN,NaN,NaN
529,6,0,1005,695,863,518,1101,402,1100,325,994,276,1026,224,NaN,NaN,NaN,NaN,NaN,NaN,NaN,NaN
530,6,0,1001,695,863,519,1101,402,1099,324,994,275,1025,224,NaN,NaN,NaN,NaN,NaN,NaN,NaN,NaN
531,6,0,997,695,863,520,1102,402,1099,323,994,274,1025,224,NaN,NaN,NaN,NaN,NaN,NaN,NaN,NaN
532,6,0,992,695,863,520,1103,402,1098,323,994,273,1025,223,NaN,NaN,NaN,NaN,NaN,NaN,NaN,NaN
533,6,0,988,695,862,521,1103,402,1098,322,994,273,1024,222,NaN,NaN,NaN,NaN,NaN,NaN,NaN,NaN
534,6,0,982,695,861,522,1104,402,1097,321,994,272,1024,222,NaN,NaN,NaN,NaN,NaN,NaN,NaN,NaN
535,6,0,976,695,860,524,1104,402,1096,321,993,272,1023,222,NaN,NaN,NaN,NaN,NaN,NaN,NaN,NaN
536,6,0,969,695,859,526,1105,403,1096,321,993,272,1022,221,NaN,NaN,NaN,NaN,NaN,NaN,NaN,NaN
537,6,0,960,695,857,529,1105,404,1094,321,992,272,1021,221,NaN,NaN,NaN,NaN,NaN,NaN,NaN,NaN
538,6,0,952,695,855,534,1105,406,1094,322,992,272,1020,221,NaN,NaN,NaN,NaN,NaN,NaN,NaN,NaN
539,6,0,944,695,854,538,1106,408,1093,323,991,273,1020,221,NaN,NaN,NaN,NaN,NaN,NaN,NaN,NaN
540,6,0,936,695,853,543,1107,411,1093,325,991,274,1019,221,NaN,NaN,NaN,NaN,NaN,NaN,NaN,NaN
541,6,0,929,695,852,549,1108,413,1093,326,991,275,1019,221,NaN,NaN,NaN,NaN,NaN,NaN,NaN,NaN
542,6,0,923,695,852,554,1109,416,1094,328,992,275,1019,222,NaN,NaN,NaN,NaN,NaN,NaN,NaN,NaN
543,6,0,917,695,851,559,1110,419,1093,329,991,276,1018,222,NaN,NaN,NaN,NaN,NaN,NaN,NaN,NaN
544,6,0,910,695,850,564,1110,421,1092,331,990,277,1017,223,NaN,NaN,NaN,NaN,NaN,NaN,NaN,NaN
545,6,0,903,695,848,568,1108,423,1091,332,988,278,1015,223,NaN,NaN,NaN,NaN,NaN,NaN,NaN,NaN
546,6,0,898,695,846,571,1106,425,1088,333,986,278,1012,223,NaN,NaN,NaN,NaN,NaN,NaN,NaN,NaN
547,6,0,893,695,845,575,1106,426,1087,333,986,278,1011,223,NaN,NaN,NaN,NaN,NaN,NaN,NaN,NaN
548,6,0,888,695,844,578,1107,427,1087,334,985,278,1010,223,NaN,NaN,NaN,NaN,NaN,NaN,NaN,NaN
549,6,0,885,695,844,580,1108,428,1088,334,986,277,1010,222,NaN,NaN,NaN,NaN,NaN,NaN,NaN,NaN
550,6,0,882,695,843,582,1109,428,1089,333,986,276,1009,221,NaN,NaN,NaN,NaN,NaN,NaN,NaN,NaN
551,6,0,880,695,843,583,1110,427,1089,332,985,275,1008,220,NaN,NaN,NaN,NaN,NaN,NaN,NaN,NaN
552,6,0,877,695,842,583,1111,426,1089,330,985,274,1008,219,NaN,NaN,NaN,NaN,NaN,NaN,NaN,NaN
553,6,0,875,695,842,584,1111,425,1090,329,985,272,1007,218,NaN,NaN,NaN,NaN,NaN,NaN,NaN,NaN
554,6,0,873,695,842,586,1112,425,1090,328,984,271,1006,217,NaN,NaN,NaN,NaN,NaN,NaN,NaN,NaN
555,6,0,869,695,841,588,1112,425,1091,327,983,269,1005,216,NaN,NaN,NaN,NaN,NaN,NaN,NaN,NaN
556,6,0,866,695,840,591,1112,425,1091,327,982,269,1004,216,NaN,NaN,NaN,NaN,NaN,NaN,NaN,NaN
557,6,0,862,695,839,596,1113,427,1092,328,982,269,1003,215,NaN,NaN,NaN,NaN,NaN,NaN,NaN,NaN
558,6,0,859,695,839,602,1113,429,1094,328,982,270,1002,215,NaN,NaN,NaN,NaN,NaN,NaN,NaN,NaN
559,6,0,855,695,838,609,1114,431,1095,330,981,271,1001,215,NaN,NaN,NaN,NaN,NaN,NaN,NaN,NaN
560,6,0,851,695,837,617,1114,435,1096,332,981,273,1000,215,NaN,NaN,NaN,NaN,NaN,NaN,NaN,NaN
561,6,0,848,695,836,625,1114,438,1097,334,980,275,998,215,NaN,NaN,NaN,NaN,NaN,NaN,NaN,NaN
562,6,0,844,695,835,633,1114,441,1098,336,979,276,997,215,NaN,NaN,NaN,NaN,NaN,NaN,NaN,NaN
563,6,0,841,695,834,641,1114,444,1099,337,978,278,996,215,NaN,NaN,NaN,NaN,NaN,NaN,NaN,NaN
564,6,0,837,695,832,649,1113,447,1099,339,976,279,993,215,NaN,NaN,NaN,NaN,NaN,NaN,NaN,NaN
565,6,0,833,695,829,655,1111,449,1098,340,974,280,991,215,NaN,NaN,NaN,NaN,NaN,NaN,NaN,NaN
566,6,0,829,695,826,662,1109,451,1097,341,972,280,988,214,NaN,NaN,NaN,NaN,NaN,NaN,NaN,NaN
567,6,0,824,695,822,667,1107,453,1096,342,968,280,985,214,NaN,NaN,NaN,NaN,NaN,NaN,NaN,NaN
568,6,0,820,695,818,672,1104,453,1095,342,965,280,981,213,NaN,NaN,NaN,NaN,NaN,NaN,NaN,NaN
569,6,0,815,695,814,676,1101,453,1093,341,962,279,977,212,NaN,NaN,NaN,NaN,NaN,NaN,NaN,NaN
570,6,0,810,695,810,678,1098,453,1091,340,958,277,973,211,NaN,NaN,NaN,NaN,NaN,NaN,NaN,NaN
571,6,0,806,695,806,681,1096,452,1090,339,954,276,970,209,NaN,NaN,NaN,NaN,NaN,NaN,NaN,NaN
572,6,0,800,695,800,683,1091,451,1086,338,949,274,964,208,NaN,NaN,NaN,NaN,NaN,NaN,NaN,NaN
573,5,1,800,695,1091,451,1086,338,949,274,964,208,NaN,NaN,NaN,NaN,NaN,NaN,NaN,NaN,NaN,NaN
574,5,0,803,695,1087,451,1083,337,943,273,959,207,NaN,NaN,NaN,NaN,NaN,NaN,NaN,NaN,NaN,NaN
575,5,0,806,695,1082,451,1079,337,937,272,953,206,NaN,NaN,NaN,NaN,NaN,NaN,NaN,NaN,NaN,NaN
576,5,0,810,695,1076,452,1074,337,930,271,946,205,NaN,NaN,NaN,NaN,NaN,NaN,NaN,NaN,NaN,NaN
577,5,0,813,695,1070,453,1069,337,923,272,939,205,NaN,NaN,NaN,NaN,NaN,NaN,NaN,NaN,NaN,NaN
578,5,0,817,695,1063,455,1062,338,915,273,932,205,NaN,NaN,NaN,NaN,NaN,NaN,NaN,NaN,NaN,NaN
579,5,0,821,695,1055,458,1055,340,907,274,924,205,NaN,NaN,NaN,NaN,NaN,NaN,NaN,NaN,NaN,NaN
580,5,0,825,695,1047,462,1048,342,897,275,914,205,NaN,NaN,NaN,NaN,NaN,NaN,NaN,NaN,NaN,NaN
581,5,0,830,695,1039,466,1041,344,889,276,906,206,NaN,NaN,NaN,NaN,NaN,NaN,NaN,NaN,NaN,NaN
582,5,0,832,695,1031,471,1033,346,879,278,897,206,NaN,NaN,NaN,NaN,NaN,NaN,NaN,NaN,NaN,NaN
583,5,0,834,695,1022,474,1025,347,869,279,888,207,NaN,NaN,NaN,NaN,NaN,NaN,NaN,NaN,NaN,NaN
584,5,0,834,695,1012,477,1018,350,859,280,878,209,NaN,NaN,NaN,NaN,NaN,NaN,NaN,NaN,NaN,NaN
585,5,0,833,695,1003,480,1009,352,848,282,868,209,NaN,NaN,NaN,NaN,NaN,NaN,NaN,NaN,NaN,NaN
586,5,0,831,695,993,483,999,354,838,283,858,210,NaN,NaN,NaN,NaN,NaN,NaN,NaN,NaN,NaN,NaN
587,5,0,829,695,983,485,990,355,827,284,849,210,NaN,NaN,NaN,NaN,NaN,NaN,NaN,NaN,NaN,NaN
588,5,0,826,695,974,487,981,355,817,285,839,210,NaN,NaN,NaN,NaN,NaN,NaN,NaN,NaN,NaN,NaN
589,5,0,823,695,965,489,972,356,807,285,829,210,NaN,NaN,NaN,NaN,NaN,NaN,NaN,NaN,NaN,NaN
590,5,0,820,695,956,490,963,356,796,285,819,210,NaN,NaN,NaN,NaN,NaN,NaN,NaN,NaN,NaN,NaN
591,5,0,816,695,947,490,955,356,787,284,810,210,NaN,NaN,NaN,NaN,NaN,NaN,NaN,NaN,NaN,NaN
592,5,0,811,695,938,490,946,355,776,283,800,209,NaN,NaN,NaN,NaN,NaN,NaN,NaN,NaN,NaN,NaN
593,5,0,807,695,931,490,938,354,767,282,790,208,NaN,NaN,NaN,NaN,NaN,NaN,NaN,NaN,NaN,NaN
594,5,0,803,695,923,490,930,354,757,281,780,207,NaN,NaN,NaN,NaN,NaN,NaN,NaN,NaN,NaN,NaN
595,5,0,799,695,916,490,922,353,747,280,771,206,NaN,NaN,NaN,NaN,NaN,NaN,NaN,NaN,NaN,NaN
596,5,0,796,695,909,490,915,353,738,280,762,205,NaN,NaN,NaN,NaN,NaN,NaN,NaN,NaN,NaN,NaN
597,5,0,794,695,904,492,907,353,729,280,752,205,NaN,NaN,NaN,NaN,NaN,NaN,NaN,NaN,NaN,NaN
598,5,0,794,695,899,495,899,354,720,280,744,204,NaN,NaN,NaN,NaN,NaN,NaN,NaN,NaN,NaN,NaN
599,5,0,796,695,896,498,892,355,712,281,736,204,NaN,NaN,NaN,NaN,NaN,NaN,NaN,NaN,NaN,NaN
600,5,0,797,695,890,503,884,357,703,282,728,205,NaN,NaN,NaN,NaN,NaN,NaN,NaN,NaN,NaN,NaN
601,5,0,798,695,884,508,877,359,695,284,720,205,NaN,NaN,NaN,NaN,NaN,NaN,NaN,NaN,NaN,NaN
602,5,0,797,695,877,514,868,361,685,286,711,206,NaN,NaN,NaN,NaN,NaN,NaN,NaN,NaN,NaN,NaN
603,5,0,796,695,870,520,861,364,676,288,703,206,NaN,NaN,NaN,NaN,NaN,NaN,NaN,NaN,NaN,NaN
604,5,0,794,695,863,525,853,367,667,290,694,207,NaN,NaN,NaN,NaN,NaN,NaN,NaN,NaN,NaN,NaN
605,5,0,792,695,856,530,845,369,659,291,686,207,NaN,NaN,NaN,NaN,NaN,NaN,NaN,NaN,NaN,NaN
606,5,0,789,695,849,533,838,371,651,292,678,208,NaN,NaN,NaN,NaN,NaN,NaN,NaN,NaN,NaN,NaN
607,5,0,786,695,843,537,830,372,643,293,670,208,NaN,NaN,NaN,NaN,NaN,NaN,NaN,NaN,NaN,NaN
608,5,0,783,695,837,539,824,373,635,294,663,208,NaN,NaN,NaN,NaN,NaN,NaN,NaN,NaN,NaN,NaN
609,5,0,780,695,830,541,816,373,626,294,655,207,NaN,NaN,NaN,NaN,NaN,NaN,NaN,NaN,NaN,NaN
610,5,0,776,695,825,542,810,373,618,294,647,206,NaN,NaN,NaN,NaN,NaN,NaN,NaN,NaN,NaN,NaN
611,5,0,772,695,819,543,803,372,610,293,639,205,NaN,NaN,NaN,NaN,NaN,NaN,NaN,NaN,NaN,NaN
612,5,0,769,695,814,544,797,371,602,291,631,204,NaN,NaN,NaN,NaN,NaN,NaN,NaN,NaN,NaN,NaN
613,5,0,766,695,809,544,791,370,595,290,624,203,NaN,NaN,NaN,NaN,NaN,NaN,NaN,NaN,NaN,NaN
614,5,0,764,695,805,544,786,368,588,289,618,202,NaN,NaN,NaN,NaN,NaN,NaN,NaN,NaN,NaN,NaN
615,5,0,761,695,800,544,781,368,581,288,611,201,NaN,NaN,NaN,NaN,NaN,NaN,NaN,NaN,NaN,NaN
616,5,0,759,695,796,545,775,367,574,287,604,200,NaN,NaN,NaN,NaN,NaN,NaN,NaN,NaN,NaN,NaN
617,5,0,756,695,791,547,769,366,566,286,597,199,NaN,NaN,NaN,NaN,NaN,NaN,NaN,NaN,NaN,NaN
618,5,0,753,695,787,549,763,367,559,285,589,198,NaN,NaN,NaN,NaN,NaN,NaN,NaN,NaN,NaN,NaN
619,5,0,751,695,783,553,758,367,551,285,583,197,NaN,NaN,NaN,NaN,NaN,NaN,NaN,NaN,NaN,NaN
620,5,0,749,695,779,557,753,369,544,286,576,197,NaN,NaN,NaN,NaN,NaN,NaN,NaN,NaN,NaN,NaN
621,5,0,748,695,776,562,748,370,537,287,570,197,NaN,NaN,NaN,NaN,NaN,NaN,NaN,NaN,NaN,NaN
622,5,0,747,695,771,569,743,373,530,290,563,198,NaN,NaN,NaN,NaN,NaN,NaN,NaN,NaN,NaN,NaN
623,5,0,745,695,768,575,738,376,523,292,557,199,NaN,NaN,NaN,NaN,NaN,NaN,NaN,NaN,NaN,NaN
624,5,0,743,695,765,581,734,378,518,294,551,199,NaN,NaN,NaN,NaN,NaN,NaN,NaN,NaN,NaN,NaN
625,5,0,742,695,762,588,729,381,511,296,546,200,NaN,NaN,NaN,NaN,NaN,NaN,NaN,NaN,NaN,NaN
626,5,0,740,695,759,594,725,383,505,297,540,201,NaN,NaN,NaN,NaN,NaN,NaN,NaN,NaN,NaN,NaN
627,5,0,738,695,755,601,720,386,498,299,533,201,NaN,NaN,NaN,NaN,NaN,NaN,NaN,NaN,NaN,NaN
628,5,0,737,695,752,607,715,388,491,301,526,202,NaN,NaN,NaN,NaN,NaN,NaN,NaN,NaN,NaN,NaN
629,5,0,735,695,749,612,710,389,484,302,520,202,NaN,NaN,NaN,NaN,NaN,NaN,NaN,NaN,NaN,NaN
630,5,0,733,695,747,617,706,391,477,303,513,202,NaN,NaN,NaN,NaN,NaN,NaN,NaN,NaN,NaN,NaN
631,5,0,732,695,745,621,702,392,471,304,507,202,NaN,NaN,NaN,NaN,NaN,NaN,NaN,NaN,NaN,NaN
632,5,0,731,695,743,625,698,393,464,304,501,203,NaN,NaN,NaN,NaN,NaN,NaN,NaN,NaN,NaN,NaN
633,5,0,731,695,742,628,694,393,458,304,495,202,NaN,NaN,NaN,NaN,NaN,NaN,NaN,NaN,NaN,NaN
634,5,0,730,695,741,631,691,393,452,304,489,202,NaN,NaN,NaN,NaN,NaN,NaN,NaN,NaN,NaN,NaN
635,5,0,730,695,741,634,688,394,447,304,484,202,NaN,NaN,NaN,NaN,NaN,NaN,NaN,NaN,NaN,NaN
636,5,0,731,695,741,638,685,394,442,304,478,202,NaN,NaN,NaN,NaN,NaN,NaN,NaN,NaN,NaN,NaN
637,5,0,732,695,742,642,682,395,437,304,473,202,NaN,NaN,NaN,NaN,NaN,NaN,NaN,NaN,NaN,NaN
638,5,0,733,695,742,648,680,397,432,306,468,203,NaN,NaN,NaN,NaN,NaN,NaN,NaN,NaN,NaN,NaN
639,5,0,734,695,743,656,677,400,425,307,462,203,NaN,NaN,NaN,NaN,NaN,NaN,NaN,NaN,NaN,NaN
640,5,0,735,695,743,665,674,403,419,309,455,204,NaN,NaN,NaN,NaN,NaN,NaN,NaN,NaN,NaN,NaN
641,5,1,735,695,743,665,674,403,418,309,455,204,NaN,NaN,NaN,NaN,NaN,NaN,NaN,NaN,NaN,NaN
642,5,0,738,695,742,674,669,408,410,313,447,206,NaN,NaN,NaN,NaN,NaN,NaN,NaN,NaN,NaN,NaN
643,4,1,738,695,667,410,407,314,444,207,NaN,NaN,NaN,NaN,NaN,NaN,NaN,NaN,NaN,NaN,NaN,NaN
644,4,0,733,695,662,413,402,315,439,208,NaN,NaN,NaN,NaN,NaN,NaN,NaN,NaN,NaN,NaN,NaN,NaN
645,4,0,727,695,657,416,396,318,432,210,NaN,NaN,NaN,NaN,NaN,NaN,NaN,NaN,NaN,NaN,NaN,NaN
646,4,0,721,695,651,420,391,320,425,211,NaN,NaN,NaN,NaN,NaN,NaN,NaN,NaN,NaN,NaN,NaN,NaN
647,4,0,714,695,645,422,385,322,419,212,NaN,NaN,NaN,NaN,NaN,NaN,NaN,NaN,NaN,NaN,NaN,NaN
648,4,0,707,695,639,425,379,324,413,213,NaN,NaN,NaN,NaN,NaN,NaN,NaN,NaN,NaN,NaN,NaN,NaN
649,4,0,700,695,633,427,372,326,406,215,NaN,NaN,NaN,NaN,NaN,NaN,NaN,NaN,NaN,NaN,NaN,NaN
650,4,0,693,695,627,431,365,328,398,217,NaN,NaN,NaN,NaN,NaN,NaN,NaN,NaN,NaN,NaN,NaN,NaN
651,4,0,686,695,620,433,359,329,392,219,NaN,NaN,NaN,NaN,NaN,NaN,NaN,NaN,NaN,NaN,NaN,NaN
652,4,0,680,695,613,435,353,331,385,221,NaN,NaN,NaN,NaN,NaN,NaN,NaN,NaN,NaN,NaN,NaN,NaN
653,4,0,672,695,606,438,346,333,379,222,NaN,NaN,NaN,NaN,NaN,NaN,NaN,NaN,NaN,NaN,NaN,NaN
654,4,0,664,695,599,440,338,335,371,223,NaN,NaN,NaN,NaN,NaN,NaN,NaN,NaN,NaN,NaN,NaN,NaN
655,4,0,656,695,592,443,330,336,363,225,NaN,NaN,NaN,NaN,NaN,NaN,NaN,NaN,NaN,NaN,NaN,NaN
656,4,0,648,695,584,446,322,339,355,227,NaN,NaN,NaN,NaN,NaN,NaN,NaN,NaN,NaN,NaN,NaN,NaN
657,4,0,639,695,577,449,314,341,346,229,NaN,NaN,NaN,NaN,NaN,NaN,NaN,NaN,NaN,NaN,NaN,NaN
658,4,0,629,695,568,453,305,344,337,231,NaN,NaN,NaN,NaN,NaN,NaN,NaN,NaN,NaN,NaN,NaN,NaN
659,4,0,619,695,558,458,297,347,329,233,NaN,NaN,NaN,NaN,NaN,NaN,NaN,NaN,NaN,NaN,NaN,NaN
660,4,0,609,695,550,464,288,351,321,236,NaN,NaN,NaN,NaN,NaN,NaN,NaN,NaN,NaN,NaN,NaN,NaN
661,4,0,599,695,542,469,281,354,314,239,NaN,NaN,NaN,NaN,NaN,NaN,NaN,NaN,NaN,NaN,NaN,NaN
662,4,0,589,695,534,476,273,359,306,242,NaN,NaN,NaN,NaN,NaN,NaN,NaN,NaN,NaN,NaN,NaN,NaN
663,4,0,580,695,525,482,264,363,297,246,NaN,NaN,NaN,NaN,NaN,NaN,NaN,NaN,NaN,NaN,NaN,NaN
664,4,0,570,695,517,489,256,368,289,249,NaN,NaN,NaN,NaN,NaN,NaN,NaN,NaN,NaN,NaN,NaN,NaN
665,4,0,560,695,508,495,248,372,278,253,NaN,NaN,NaN,NaN,NaN,NaN,NaN,NaN,NaN,NaN,NaN,NaN
666,4,0,551,695,500,500,238,375,269,257,NaN,NaN,NaN,NaN,NaN,NaN,NaN,NaN,NaN,NaN,NaN,NaN
667,4,0,543,695,492,506,232,379,261,261,NaN,NaN,NaN,NaN,NaN,NaN,NaN,NaN,NaN,NaN,NaN,NaN
668,4,0,535,695,485,510,225,382,254,264,NaN,NaN,NaN,NaN,NaN,NaN,NaN,NaN,NaN,NaN,NaN,NaN
669,4,0,529,695,478,515,218,385,248,266,NaN,NaN,NaN,NaN,NaN,NaN,NaN,NaN,NaN,NaN,NaN,NaN
670,4,0,522,695,471,518,212,387,242,267,NaN,NaN,NaN,NaN,NaN,NaN,NaN,NaN,NaN,NaN,NaN,NaN
671,4,0,515,695,464,521,205,388,235,269,NaN,NaN,NaN,NaN,NaN,NaN,NaN,NaN,NaN,NaN,NaN,NaN
672,4,0,509,695,457,523,197,390,228,270,NaN,NaN,NaN,NaN,NaN,NaN,NaN,NaN,NaN,NaN,NaN,NaN
673,4,0,503,695,451,525,191,390,223,270,NaN,NaN,NaN,NaN,NaN,NaN,NaN,NaN,NaN,NaN,NaN,NaN
674,4,0,498,695,444,527,186,391,217,270,NaN,NaN,NaN,NaN,NaN,NaN,NaN,NaN,NaN,NaN,NaN,NaN
675,4,0,493,695,438,528,180,391,211,270,NaN,NaN,NaN,NaN,NaN,NaN,NaN,NaN,NaN,NaN,NaN,NaN
676,4,0,488,695,433,528,175,391,206,270,NaN,NaN,NaN,NaN,NaN,NaN,NaN,NaN,NaN,NaN,NaN,NaN
677,4,0,484,695,427,529,170,390,203,269,NaN,NaN,NaN,NaN,NaN,NaN,NaN,NaN,NaN,NaN,NaN,NaN
678,4,0,480,695,423,529,166,390,199,269,NaN,NaN,NaN,NaN,NaN,NaN,NaN,NaN,NaN,NaN,NaN,NaN
679,4,0,478,695,419,529,161,389,196,269,NaN,NaN,NaN,NaN,NaN,NaN,NaN,NaN,NaN,NaN,NaN,NaN
680,4,0,475,695,415,531,157,389,193,268,NaN,NaN,NaN,NaN,NaN,NaN,NaN,NaN,NaN,NaN,NaN,NaN
681,4,0,473,695,411,532,153,390,190,268,NaN,NaN,NaN,NaN,NaN,NaN,NaN,NaN,NaN,NaN,NaN,NaN
682,4,0,472,695,408,535,151,390,189,268,NaN,NaN,NaN,NaN,NaN,NaN,NaN,NaN,NaN,NaN,NaN,NaN
683,4,0,471,695,406,538,148,392,187,268,NaN,NaN,NaN,NaN,NaN,NaN,NaN,NaN,NaN,NaN,NaN,NaN
684,4,0,470,695,403,542,145,393,185,268,NaN,NaN,NaN,NaN,NaN,NaN,NaN,NaN,NaN,NaN,NaN,NaN
685,4,0,468,695,400,547,142,395,182,268,NaN,NaN,NaN,NaN,NaN,NaN,NaN,NaN,NaN,NaN,NaN,NaN
686,4,0,466,695,396,551,139,396,180,268,NaN,NaN,NaN,NaN,NaN,NaN,NaN,NaN,NaN,NaN,NaN,NaN
687,4,0,466,695,394,555,137,397,178,268,NaN,NaN,NaN,NaN,NaN,NaN,NaN,NaN,NaN,NaN,NaN,NaN
688,4,0,466,695,392,558,136,399,178,268,NaN,NaN,NaN,NaN,NaN,NaN,NaN,NaN,NaN,NaN,NaN,NaN
689,4,0,466,695,390,561,135,399,178,268,NaN,NaN,NaN,NaN,NaN,NaN,NaN,NaN,NaN,NaN,NaN,NaN
690,4,0,466,695,389,563,135,400,178,268,NaN,NaN,NaN,NaN,NaN,NaN,NaN,NaN,NaN,NaN,NaN,NaN
691,4,0,466,695,387,564,135,399,178,267,NaN,NaN,NaN,NaN,NaN,NaN,NaN,NaN,NaN,NaN,NaN,NaN
692,4,0,467,695,386,565,135,398,179,266,NaN,NaN,NaN,NaN,NaN,NaN,NaN,NaN,NaN,NaN,NaN,NaN
693,4,0,467,695,384,565,137,397,180,265,NaN,NaN,NaN,NaN,NaN,NaN,NaN,NaN,NaN,NaN,NaN,NaN
694,4,0,468,695,383,565,138,395,181,264,NaN,NaN,NaN,NaN,NaN,NaN,NaN,NaN,NaN,NaN,NaN,NaN
695,4,1,468,695,382,564,140,394,182,263,NaN,NaN,NaN,NaN,NaN,NaN,NaN,NaN,NaN,NaN,NaN,NaN
696,4,0,466,695,383,564,140,393,183,262,NaN,NaN,NaN,NaN,NaN,NaN,NaN,NaN,NaN,NaN,NaN,NaN
697,4,0,465,695,384,564,140,392,184,260,NaN,NaN,NaN,NaN,NaN,NaN,NaN,NaN,NaN,NaN,NaN,NaN
698,4,0,464,695,384,563,141,390,186,259,NaN,NaN,NaN,NaN,NaN,NaN,NaN,NaN,NaN,NaN,NaN,NaN
699,4,0,463,695,385,562,142,388,188,257,NaN,NaN,NaN,NaN,NaN,NaN,NaN,NaN,NaN,NaN,NaN,NaN
700,4,0,462,695,386,561,143,386,190,256,NaN,NaN,NaN,NaN,NaN,NaN,NaN,NaN,NaN,NaN,NaN,NaN
701,4,0,461,695,387,561,144,385,192,254,NaN,NaN,NaN,NaN,NaN,NaN,NaN,NaN,NaN,NaN,NaN,NaN
702,4,0,459,695,388,561,144,383,194,252,NaN,NaN,NaN,NaN,NaN,NaN,NaN,NaN,NaN,NaN,NaN,NaN
703,4,0,457,695,389,562,145,382,196,250,NaN,NaN,NaN,NaN,NaN,NaN,NaN,NaN,NaN,NaN,NaN,NaN
704,4,0,454,695,391,563,147,381,199,249,NaN,NaN,NaN,NaN,NaN,NaN,NaN,NaN,NaN,NaN,NaN,NaN
705,4,0,454,695,394,565,150,381,204,248,NaN,NaN,NaN,NaN,NaN,NaN,NaN,NaN,NaN,NaN,NaN,NaN
706,4,0,451,695,396,569,152,382,206,247,NaN,NaN,NaN,NaN,NaN,NaN,NaN,NaN,NaN,NaN,NaN,NaN
707,4,0,448,695,397,574,152,383,209,247,NaN,NaN,NaN,NaN,NaN,NaN,NaN,NaN,NaN,NaN,NaN,NaN
708,4,0,445,695,399,579,154,384,211,247,NaN,NaN,NaN,NaN,NaN,NaN,NaN,NaN,NaN,NaN,NaN,NaN
709,4,0,443,695,401,584,155,386,214,246,NaN,NaN,NaN,NaN,NaN,NaN,NaN,NaN,NaN,NaN,NaN,NaN
710,4,0,442,695,404,588,158,387,217,246,NaN,NaN,NaN,NaN,NaN,NaN,NaN,NaN,NaN,NaN,NaN,NaN
711,4,0,442,695,406,592,160,388,220,245,NaN,NaN,NaN,NaN,NaN,NaN,NaN,NaN,NaN,NaN,NaN,NaN
712,4,0,442,695,410,595,164,388,225,245,NaN,NaN,NaN,NaN,NaN,NaN,NaN,NaN,NaN,NaN,NaN,NaN
713,4,0,443,695,413,597,167,388,229,245,NaN,NaN,NaN,NaN,NaN,NaN,NaN,NaN,NaN,NaN,NaN,NaN
714,4,0,445,695,417,600,171,388,234,244,NaN,NaN,NaN,NaN,NaN,NaN,NaN,NaN,NaN,NaN,NaN,NaN
715,4,0,447,695,421,601,175,388,239,244,NaN,NaN,NaN,NaN,NaN,NaN,NaN,NaN,NaN,NaN,NaN,NaN
716,4,0,449,695,425,603,178,388,244,243,NaN,NaN,NaN,NaN,NaN,NaN,NaN,NaN,NaN,NaN,NaN,NaN
717,4,0,452,695,429,603,183,387,249,242,NaN,NaN,NaN,NaN,NaN,NaN,NaN,NaN,NaN,NaN,NaN,NaN
718,4,0,455,695,433,604,187,386,253,241,NaN,NaN,NaN,NaN,NaN,NaN,NaN,NaN,NaN,NaN,NaN,NaN
719,4,0,457,695,436,604,190,384,258,239,NaN,NaN,NaN,NaN,NaN,NaN,NaN,NaN,NaN,NaN,NaN,NaN
720,4,0,460,695,440,606,192,382,261,237,NaN,NaN,NaN,NaN,NaN,NaN,NaN,NaN,NaN,NaN,NaN,NaN
721,4,0,462,695,444,608,195,382,266,236,NaN,NaN,NaN,NaN,NaN,NaN,NaN,NaN,NaN,NaN,NaN,NaN
722,4,0,465,695,448,610,199,381,270,235,NaN,NaN,NaN,NaN,NaN,NaN,NaN,NaN,NaN,NaN,NaN,NaN
723,4,0,469,695,453,613,202,381,275,234,NaN,NaN,NaN,NaN,NaN,NaN,NaN,NaN,NaN,NaN,NaN,NaN
724,4,0,473,695,458,617,207,381,280,234,NaN,NaN,NaN,NaN,NaN,NaN,NaN,NaN,NaN,NaN,NaN,NaN
725,4,0,477,695,463,623,211,382,285,233,NaN,NaN,NaN,NaN,NaN,NaN,NaN,NaN,NaN,NaN,NaN,NaN
726,4,0,480,695,469,631,215,384,290,234,NaN,NaN,NaN,NaN,NaN,NaN,NaN,NaN,NaN,NaN,NaN,NaN
727,4,0,485,695,475,639,220,387,296,235,NaN,NaN,NaN,NaN,NaN,NaN,NaN,NaN,NaN,NaN,NaN,NaN
728,4,0,491,695,482,648,226,390,302,236,NaN,NaN,NaN,NaN,NaN,NaN,NaN,NaN,NaN,NaN,NaN,NaN
729,4,0,497,695,488,657,230,393,307,236,NaN,NaN,NaN,NaN,NaN,NaN,NaN,NaN,NaN,NaN,NaN,NaN
730,4,0,503,695,494,665,235,395,313,237,NaN,NaN,NaN,NaN,NaN,NaN,NaN,NaN,NaN,NaN,NaN,NaN
731,4,0,508,695,499,673,240,397,318,237,NaN,NaN,NaN,NaN,NaN,NaN,NaN,NaN,NaN,NaN,NaN,NaN
732,4,0,513,695,505,680,245,399,324,237,NaN,NaN,NaN,NaN,NaN,NaN,NaN,NaN,NaN,NaN,NaN,NaN
733,3,1,513,695,245,399,324,237,NaN,NaN,NaN,NaN,NaN,NaN,NaN,NaN,NaN,NaN,NaN,NaN,NaN,NaN
734,3,0,509,695,251,400,331,237,NaN,NaN,NaN,NaN,NaN,NaN,NaN,NaN,NaN,NaN,NaN,NaN,NaN,NaN
735,3,0,508,695,256,402,337,237,NaN,NaN,NaN,NaN,NaN,NaN,NaN,NaN,NaN,NaN,NaN,NaN,NaN,NaN
736,3,0,509,695,261,403,343,237,NaN,NaN,NaN,NaN,NaN,NaN,NaN,NaN,NaN,NaN,NaN,NaN,NaN,NaN
737,3,0,511,695,266,403,349,236,NaN,NaN,NaN,NaN,NaN,NaN,NaN,NaN,NaN,NaN,NaN,NaN,NaN,NaN
738,3,0,513,695,271,403,355,236,NaN,NaN,NaN,NaN,NaN,NaN,NaN,NaN,NaN,NaN,NaN,NaN,NaN,NaN
739,3,0,517,695,275,403,361,235,NaN,NaN,NaN,NaN,NaN,NaN,NaN,NaN,NaN,NaN,NaN,NaN,NaN,NaN
740,4,1,517,695,276,403,362,235,457,216,NaN,NaN,NaN,NaN,NaN,NaN,NaN,NaN,NaN,NaN,NaN,NaN
741,3,0,514,695,281,403,367,235,NaN,NaN,NaN,NaN,NaN,NaN,NaN,NaN,NaN,NaN,NaN,NaN,NaN,NaN
742,3,0,510,695,285,404,372,235,NaN,NaN,NaN,NaN,NaN,NaN,NaN,NaN,NaN,NaN,NaN,NaN,NaN,NaN
743,3,0,506,695,289,404,378,235,NaN,NaN,NaN,NaN,NaN,NaN,NaN,NaN,NaN,NaN,NaN,NaN,NaN,NaN
744,3,0,501,695,293,405,383,236,NaN,NaN,NaN,NaN,NaN,NaN,NaN,NaN,NaN,NaN,NaN,NaN,NaN,NaN
745,3,0,496,695,298,408,388,237,NaN,NaN,NaN,NaN,NaN,NaN,NaN,NaN,NaN,NaN,NaN,NaN,NaN,NaN
746,3,0,488,695,302,411,394,239,NaN,NaN,NaN,NaN,NaN,NaN,NaN,NaN,NaN,NaN,NaN,NaN,NaN,NaN
747,3,0,481,695,306,414,399,240,NaN,NaN,NaN,NaN,NaN,NaN,NaN,NaN,NaN,NaN,NaN,NaN,NaN,NaN
748,3,0,474,695,311,418,405,242,NaN,NaN,NaN,NaN,NaN,NaN,NaN,NaN,NaN,NaN,NaN,NaN,NaN,NaN
749,3,0,469,695,316,422,411,244,NaN,NaN,NaN,NaN,NaN,NaN,NaN,NaN,NaN,NaN,NaN,NaN,NaN,NaN
750,3,0,464,695,321,426,416,246,NaN,NaN,NaN,NaN,NaN,NaN,NaN,NaN,NaN,NaN,NaN,NaN,NaN,NaN
751,3,0,460,695,326,429,422,248,NaN,NaN,NaN,NaN,NaN,NaN,NaN,NaN,NaN,NaN,NaN,NaN,NaN,NaN
752,3,0,457,695,332,433,428,250,NaN,NaN,NaN,NaN,NaN,NaN,NaN,NaN,NaN,NaN,NaN,NaN,NaN,NaN
753,3,0,456,695,337,436,434,252,NaN,NaN,NaN,NaN,NaN,NaN,NaN,NaN,NaN,NaN,NaN,NaN,NaN,NaN
754,3,0,455,695,344,438,440,253,NaN,NaN,NaN,NaN,NaN,NaN,NaN,NaN,NaN,NaN,NaN,NaN,NaN,NaN
755,3,0,456,695,352,439,447,255,NaN,NaN,NaN,NaN,NaN,NaN,NaN,NaN,NaN,NaN,NaN,NaN,NaN,NaN
756,3,0,458,695,358,441,455,256,NaN,NaN,NaN,NaN,NaN,NaN,NaN,NaN,NaN,NaN,NaN,NaN,NaN,NaN
757,3,0,461,695,366,442,462,257,NaN,NaN,NaN,NaN,NaN,NaN,NaN,NaN,NaN,NaN,NaN,NaN,NaN,NaN
758,3,0,463,695,373,442,469,257,NaN,NaN,NaN,NaN,NaN,NaN,NaN,NaN,NaN,NaN,NaN,NaN,NaN,NaN
759,3,0,466,695,380,441,476,258,NaN,NaN,NaN,NaN,NaN,NaN,NaN,NaN,NaN,NaN,NaN,NaN,NaN,NaN
760,3,0,469,695,387,441,484,257,NaN,NaN,NaN,NaN,NaN,NaN,NaN,NaN,NaN,NaN,NaN,NaN,NaN,NaN
761,3,0,472,695,395,441,491,258,NaN,NaN,NaN,NaN,NaN,NaN,NaN,NaN,NaN,NaN,NaN,NaN,NaN,NaN
762,3,0,476,695,401,441,498,257,NaN,NaN,NaN,NaN,NaN,NaN,NaN,NaN,NaN,NaN,NaN,NaN,NaN,NaN
763,3,0,479,695,409,441,505,258,NaN,NaN,NaN,NaN,NaN,NaN,NaN,NaN,NaN,NaN,NaN,NaN,NaN,NaN
764,3,0,484,695,417,441,513,257,NaN,NaN,NaN,NaN,NaN,NaN,NaN,NaN,NaN,NaN,NaN,NaN,NaN,NaN
765,3,0,488,695,425,442,521,258,NaN,NaN,NaN,NaN,NaN,NaN,NaN,NaN,NaN,NaN,NaN,NaN,NaN,NaN
766,3,0,492,695,433,442,529,258,NaN,NaN,NaN,NaN,NaN,NaN,NaN,NaN,NaN,NaN,NaN,NaN,NaN,NaN
767,3,0,495,695,442,444,536,259,NaN,NaN,NaN,NaN,NaN,NaN,NaN,NaN,NaN,NaN,NaN,NaN,NaN,NaN
768,3,0,499,695,450,446,544,260,NaN,NaN,NaN,NaN,NaN,NaN,NaN,NaN,NaN,NaN,NaN,NaN,NaN,NaN
769,3,0,501,695,458,450,552,262,NaN,NaN,NaN,NaN,NaN,NaN,NaN,NaN,NaN,NaN,NaN,NaN,NaN,NaN
770,3,0,503,695,466,455,560,264,NaN,NaN,NaN,NaN,NaN,NaN,NaN,NaN,NaN,NaN,NaN,NaN,NaN,NaN
771,3,0,507,695,474,460,568,266,NaN,NaN,NaN,NaN,NaN,NaN,NaN,NaN,NaN,NaN,NaN,NaN,NaN,NaN
772,3,0,511,695,483,464,576,269,NaN,NaN,NaN,NaN,NaN,NaN,NaN,NaN,NaN,NaN,NaN,NaN,NaN,NaN
773,3,0,515,695,492,469,585,271,NaN,NaN,NaN,NaN,NaN,NaN,NaN,NaN,NaN,NaN,NaN,NaN,NaN,NaN
774,3,0,520,695,502,472,594,272,NaN,NaN,NaN,NaN,NaN,NaN,NaN,NaN,NaN,NaN,NaN,NaN,NaN,NaN
775,3,0,525,695,510,475,603,274,NaN,NaN,NaN,NaN,NaN,NaN,NaN,NaN,NaN,NaN,NaN,NaN,NaN,NaN
776,3,0,531,695,520,477,612,275,NaN,NaN,NaN,NaN,NaN,NaN,NaN,NaN,NaN,NaN,NaN,NaN,NaN,NaN
777,3,0,537,695,529,479,621,276,NaN,NaN,NaN,NaN,NaN,NaN,NaN,NaN,NaN,NaN,NaN,NaN,NaN,NaN
778,3,0,543,695,539,481,631,277,NaN,NaN,NaN,NaN,NaN,NaN,NaN,NaN,NaN,NaN,NaN,NaN,NaN,NaN
779,3,0,550,695,549,482,641,278,NaN,NaN,NaN,NaN,NaN,NaN,NaN,NaN,NaN,NaN,NaN,NaN,NaN,NaN
780,3,0,556,695,559,483,650,278,NaN,NaN,NaN,NaN,NaN,NaN,NaN,NaN,NaN,NaN,NaN,NaN,NaN,NaN
781,3,0,564,695,569,484,660,279,NaN,NaN,NaN,NaN,NaN,NaN,NaN,NaN,NaN,NaN,NaN,NaN,NaN,NaN
782,3,0,571,695,579,484,670,279,NaN,NaN,NaN,NaN,NaN,NaN,NaN,NaN,NaN,NaN,NaN,NaN,NaN,NaN
783,3,0,577,695,588,485,680,279,NaN,NaN,NaN,NaN,NaN,NaN,NaN,NaN,NaN,NaN,NaN,NaN,NaN,NaN
784,3,0,584,695,598,486,691,279,NaN,NaN,NaN,NaN,NaN,NaN,NaN,NaN,NaN,NaN,NaN,NaN,NaN,NaN
785,3,0,590,695,608,487,701,280,NaN,NaN,NaN,NaN,NaN,NaN,NaN,NaN,NaN,NaN,NaN,NaN,NaN,NaN
786,3,0,596,695,618,488,712,280,NaN,NaN,NaN,NaN,NaN,NaN,NaN,NaN,NaN,NaN,NaN,NaN,NaN,NaN
787,3,0,603,695,628,489,723,281,NaN,NaN,NaN,NaN,NaN,NaN,NaN,NaN,NaN,NaN,NaN,NaN,NaN,NaN
788,3,0,609,695,638,491,734,281,NaN,NaN,NaN,NaN,NaN,NaN,NaN,NaN,NaN,NaN,NaN,NaN,NaN,NaN
789,3,0,617,695,649,494,746,283,NaN,NaN,NaN,NaN,NaN,NaN,NaN,NaN,NaN,NaN,NaN,NaN,NaN,NaN
790,3,0,624,695,660,498,758,284,NaN,NaN,NaN,NaN,NaN,NaN,NaN,NaN,NaN,NaN,NaN,NaN,NaN,NaN
791,3,0,626,687,672,502,771,286,NaN,NaN,NaN,NaN,NaN,NaN,NaN,NaN,NaN,NaN,NaN,NaN,NaN,NaN
792,3,0,632,685,685,507,785,288,NaN,NaN,NaN,NaN,NaN,NaN,NaN,NaN,NaN,NaN,NaN,NaN,NaN,NaN
793,3,0,644,693,699,510,799,290,NaN,NaN,NaN,NaN,NaN,NaN,NaN,NaN,NaN,NaN,NaN,NaN,NaN,NaN
794,3,0,653,695,715,514,815,292,NaN,NaN,NaN,NaN,NaN,NaN,NaN,NaN,NaN,NaN,NaN,NaN,NaN,NaN
795,3,0,667,695,730,518,831,294,NaN,NaN,NaN,NaN,NaN,NaN,NaN,NaN,NaN,NaN,NaN,NaN,NaN,NaN
796,3,0,683,695,747,522,848,295,NaN,NaN,NaN,NaN,NaN,NaN,NaN,NaN,NaN,NaN,NaN,NaN,NaN,NaN
797,3,0,699,695,765,524,865,296,NaN,NaN,NaN,NaN,NaN,NaN,NaN,NaN,NaN,NaN,NaN,NaN,NaN,NaN
798,3,0,716,695,784,526,884,296,NaN,NaN,NaN,NaN,NaN,NaN,NaN,NaN,NaN,NaN,NaN,NaN,NaN,NaN
799,3,0,734,695,803,527,903,296,NaN,NaN,NaN,NaN,NaN,NaN,NaN,NaN,NaN,NaN,NaN,NaN,NaN,NaN
800,3,0,753,695,824,528,924,295,NaN,NaN,NaN,NaN,NaN,NaN,NaN,NaN,NaN,NaN,NaN,NaN,NaN,NaN
801,3,0,772,695,846,528,945,294,NaN,NaN,NaN,NaN,NaN,NaN,NaN,NaN,NaN,NaN,NaN,NaN,NaN,NaN
802,3,0,793,695,869,527,968,292,NaN,NaN,NaN,NaN,NaN,NaN,NaN,NaN,NaN,NaN,NaN,NaN,NaN,NaN
803,3,0,816,695,894,527,992,290,NaN,NaN,NaN,NaN,NaN,NaN,NaN,NaN,NaN,NaN,NaN,NaN,NaN,NaN
804,3,0,838,695,917,526,1016,288,NaN,NaN,NaN,NaN,NaN,NaN,NaN,NaN,NaN,NaN,NaN,NaN,NaN,NaN
805,3,0,859,695,940,525,1041,287,NaN,NaN,NaN,NaN,NaN,NaN,NaN,NaN,NaN,NaN,NaN,NaN,NaN,NaN
806,3,0,882,695,966,526,1066,285,NaN,NaN,NaN,NaN,NaN,NaN,NaN,NaN,NaN,NaN,NaN,NaN,NaN,NaN
807,3,0,906,695,994,528,1093,284,NaN,NaN,NaN,NaN,NaN,NaN,NaN,NaN,NaN,NaN,NaN,NaN,NaN,NaN
808,3,0,933,695,1022,531,1120,283,NaN,NaN,NaN,NaN,NaN,NaN,NaN,NaN,NaN,NaN,NaN,NaN,NaN,NaN
809,3,0,960,695,1052,537,1148,284,NaN,NaN,NaN,NaN,NaN,NaN,NaN,NaN,NaN,NaN,NaN,NaN,NaN,NaN
810,3,0,986,695,1082,545,1175,285,NaN,NaN,NaN,NaN,NaN,NaN,NaN,NaN,NaN,NaN,NaN,NaN,NaN,NaN
811,3,0,1014,695,1078,557,1203,287,NaN,NaN,NaN,NaN,NaN,NaN,NaN,NaN,NaN,NaN,NaN,NaN,NaN,NaN
812,3,0,1023,695,1078,559,1231,290,NaN,NaN,NaN,NaN,NaN,NaN,NaN,NaN,NaN,NaN,NaN,NaN,NaN,NaN
813,3,0,1035,695,1092,556,1257,292,NaN,NaN,NaN,NaN,NaN,NaN,NaN,NaN,NaN,NaN,NaN,NaN,NaN,NaN
814,3,1,1036,691,1093,556,1257,293,NaN,NaN,NaN,NaN,NaN,NaN,NaN,NaN,NaN,NaN,NaN,NaN,NaN,NaN
815,0,0,NaN,NaN,NaN,NaN,NaN,NaN,NaN,NaN,NaN,NaN,NaN,NaN,NaN,NaN,NaN,NaN,NaN,NaN,NaN,NaN
816,0,0,NaN,NaN,NaN,NaN,NaN,NaN,NaN,NaN,NaN,NaN,NaN,NaN,NaN,NaN,NaN,NaN,NaN,NaN,NaN,NaN
817,0,0,NaN,NaN,NaN,NaN,NaN,NaN,NaN,NaN,NaN,NaN,NaN,NaN,NaN,NaN,NaN,NaN,NaN,NaN,NaN,NaN
818,0,0,NaN,NaN,NaN,NaN,NaN,NaN,NaN,NaN,NaN,NaN,NaN,NaN,NaN,NaN,NaN,NaN,NaN,NaN,NaN,NaN
819,0,0,NaN,NaN,NaN,NaN,NaN,NaN,NaN,NaN,NaN,NaN,NaN,NaN,NaN,NaN,NaN,NaN,NaN,NaN,NaN,NaN
820,0,0,NaN,NaN,NaN,NaN,NaN,NaN,NaN,NaN,NaN,NaN,NaN,NaN,NaN,NaN,NaN,NaN,NaN,NaN,NaN,NaN
