Frame,#ofPoints,ManualInput,X1,Y1,X2,Y2,X3,Y3,X4,Y4,X5,Y5,X6,Y6,X7,Y7,X8,Y8,X9,Y9,X10,Y10
0,5,1,690,682,618,464,407,412,346,367,369,341,NaN,NaN,NaN,NaN,NaN,NaN,NaN,NaN,NaN,NaN
1,4,0,695,695,620,472,411,418,350,372,NaN,NaN,NaN,NaN,NaN,NaN,NaN,NaN,NaN,NaN,NaN,NaN
2,4,0,694,695,617,472,410,418,350,373,NaN,NaN,NaN,NaN,NaN,NaN,NaN,NaN,NaN,NaN,NaN,NaN
3,4,0,693,695,615,476,410,422,351,376,NaN,NaN,NaN,NaN,NaN,NaN,NaN,NaN,NaN,NaN,NaN,NaN
4,4,0,694,695,614,479,411,425,351,377,NaN,NaN,NaN,NaN,NaN,NaN,NaN,NaN,NaN,NaN,NaN,NaN
5,4,0,695,695,614,481,413,426,354,379,NaN,NaN,NaN,NaN,NaN,NaN,NaN,NaN,NaN,NaN,NaN,NaN
6,4,0,697,695,613,483,414,427,357,380,NaN,NaN,NaN,NaN,NaN,NaN,NaN,NaN,NaN,NaN,NaN,NaN
7,4,0,698,695,613,484,416,428,359,380,NaN,NaN,NaN,NaN,NaN,NaN,NaN,NaN,NaN,NaN,NaN,NaN
8,4,0,700,695,613,486,418,428,361,381,NaN,NaN,NaN,NaN,NaN,NaN,NaN,NaN,NaN,NaN,NaN,NaN
9,4,0,701,695,612,486,419,428,362,381,NaN,NaN,NaN,NaN,NaN,NaN,NaN,NaN,NaN,NaN,NaN,NaN
10,4,0,703,695,611,486,420,428,364,380,NaN,NaN,NaN,NaN,NaN,NaN,NaN,NaN,NaN,NaN,NaN,NaN
11,4,0,704,695,609,486,421,429,365,380,NaN,NaN,NaN,NaN,NaN,NaN,NaN,NaN,NaN,NaN,NaN,NaN
12,4,0,706,695,607,487,422,429,366,380,NaN,NaN,NaN,NaN,NaN,NaN,NaN,NaN,NaN,NaN,NaN,NaN
13,4,0,707,695,605,486,423,428,368,380,NaN,NaN,NaN,NaN,NaN,NaN,NaN,NaN,NaN,NaN,NaN,NaN
14,4,0,709,695,604,486,424,428,369,380,NaN,NaN,NaN,NaN,NaN,NaN,NaN,NaN,NaN,NaN,NaN,NaN
15,4,0,710,695,603,487,425,428,371,380,NaN,NaN,NaN,NaN,NaN,NaN,NaN,NaN,NaN,NaN,NaN,NaN
16,4,0,711,695,602,488,427,429,372,381,NaN,NaN,NaN,NaN,NaN,NaN,NaN,NaN,NaN,NaN,NaN,NaN
17,4,0,712,695,599,488,427,429,374,381,NaN,NaN,NaN,NaN,NaN,NaN,NaN,NaN,NaN,NaN,NaN,NaN
18,4,0,713,695,597,489,428,430,375,382,NaN,NaN,NaN,NaN,NaN,NaN,NaN,NaN,NaN,NaN,NaN,NaN
19,4,0,713,695,594,491,427,431,375,382,NaN,NaN,NaN,NaN,NaN,NaN,NaN,NaN,NaN,NaN,NaN,NaN
20,4,0,713,695,591,491,427,432,375,383,NaN,NaN,NaN,NaN,NaN,NaN,NaN,NaN,NaN,NaN,NaN,NaN
21,4,0,712,695,588,492,426,432,374,383,NaN,NaN,NaN,NaN,NaN,NaN,NaN,NaN,NaN,NaN,NaN,NaN
22,4,0,712,695,585,494,426,433,374,384,NaN,NaN,NaN,NaN,NaN,NaN,NaN,NaN,NaN,NaN,NaN,NaN
23,4,0,711,695,581,495,425,435,375,386,NaN,NaN,NaN,NaN,NaN,NaN,NaN,NaN,NaN,NaN,NaN,NaN
24,4,0,711,695,578,497,425,436,375,387,NaN,NaN,NaN,NaN,NaN,NaN,NaN,NaN,NaN,NaN,NaN,NaN
25,4,0,712,695,575,498,425,437,375,388,NaN,NaN,NaN,NaN,NaN,NaN,NaN,NaN,NaN,NaN,NaN,NaN
26,4,0,713,695,573,500,425,438,377,389,NaN,NaN,NaN,NaN,NaN,NaN,NaN,NaN,NaN,NaN,NaN,NaN
27,4,0,714,695,570,502,426,441,378,392,NaN,NaN,NaN,NaN,NaN,NaN,NaN,NaN,NaN,NaN,NaN,NaN
28,4,0,714,695,568,505,426,443,379,393,NaN,NaN,NaN,NaN,NaN,NaN,NaN,NaN,NaN,NaN,NaN,NaN
29,4,0,715,695,565,506,426,445,380,395,NaN,NaN,NaN,NaN,NaN,NaN,NaN,NaN,NaN,NaN,NaN,NaN
30,4,0,716,695,562,508,426,447,380,396,NaN,NaN,NaN,NaN,NaN,NaN,NaN,NaN,NaN,NaN,NaN,NaN
31,4,0,718,695,559,509,426,447,380,397,NaN,NaN,NaN,NaN,NaN,NaN,NaN,NaN,NaN,NaN,NaN,NaN
32,4,0,719,695,556,509,427,447,381,397,NaN,NaN,NaN,NaN,NaN,NaN,NaN,NaN,NaN,NaN,NaN,NaN
33,4,0,720,695,553,508,427,446,381,396,NaN,NaN,NaN,NaN,NaN,NaN,NaN,NaN,NaN,NaN,NaN,NaN
34,4,0,722,695,551,507,427,445,383,394,NaN,NaN,NaN,NaN,NaN,NaN,NaN,NaN,NaN,NaN,NaN,NaN
35,4,0,723,695,548,506,428,445,383,394,NaN,NaN,NaN,NaN,NaN,NaN,NaN,NaN,NaN,NaN,NaN,NaN
36,4,1,723,695,544,506,427,445,383,394,NaN,NaN,NaN,NaN,NaN,NaN,NaN,NaN,NaN,NaN,NaN,NaN
37,4,0,719,695,543,506,427,446,383,394,NaN,NaN,NaN,NaN,NaN,NaN,NaN,NaN,NaN,NaN,NaN,NaN
38,4,0,713,695,543,507,426,446,385,394,NaN,NaN,NaN,NaN,NaN,NaN,NaN,NaN,NaN,NaN,NaN,NaN
39,4,0,707,695,540,509,426,447,384,396,NaN,NaN,NaN,NaN,NaN,NaN,NaN,NaN,NaN,NaN,NaN,NaN
40,4,0,700,695,539,511,424,449,383,396,NaN,NaN,NaN,NaN,NaN,NaN,NaN,NaN,NaN,NaN,NaN,NaN
41,4,0,693,695,536,513,422,450,381,398,NaN,NaN,NaN,NaN,NaN,NaN,NaN,NaN,NaN,NaN,NaN,NaN
42,4,0,686,695,534,515,421,452,380,399,NaN,NaN,NaN,NaN,NaN,NaN,NaN,NaN,NaN,NaN,NaN,NaN
43,4,0,680,695,531,516,417,453,379,400,NaN,NaN,NaN,NaN,NaN,NaN,NaN,NaN,NaN,NaN,NaN,NaN
44,4,0,674,695,529,518,416,455,378,401,NaN,NaN,NaN,NaN,NaN,NaN,NaN,NaN,NaN,NaN,NaN,NaN
45,4,0,669,695,528,521,416,457,377,402,NaN,NaN,NaN,NaN,NaN,NaN,NaN,NaN,NaN,NaN,NaN,NaN
46,4,0,664,695,526,522,415,459,377,404,NaN,NaN,NaN,NaN,NaN,NaN,NaN,NaN,NaN,NaN,NaN,NaN
47,4,0,660,695,526,524,415,460,379,405,NaN,NaN,NaN,NaN,NaN,NaN,NaN,NaN,NaN,NaN,NaN,NaN
48,4,0,657,695,526,525,415,461,380,406,NaN,NaN,NaN,NaN,NaN,NaN,NaN,NaN,NaN,NaN,NaN,NaN
49,4,0,654,695,525,526,415,463,380,406,NaN,NaN,NaN,NaN,NaN,NaN,NaN,NaN,NaN,NaN,NaN,NaN
50,4,0,651,695,525,527,416,463,381,407,NaN,NaN,NaN,NaN,NaN,NaN,NaN,NaN,NaN,NaN,NaN,NaN
51,4,0,649,695,525,528,416,464,382,407,NaN,NaN,NaN,NaN,NaN,NaN,NaN,NaN,NaN,NaN,NaN,NaN
52,4,0,646,695,523,529,416,464,383,407,NaN,NaN,NaN,NaN,NaN,NaN,NaN,NaN,NaN,NaN,NaN,NaN
53,4,0,643,695,523,529,415,465,383,407,NaN,NaN,NaN,NaN,NaN,NaN,NaN,NaN,NaN,NaN,NaN,NaN
54,4,0,640,695,522,530,415,465,383,407,NaN,NaN,NaN,NaN,NaN,NaN,NaN,NaN,NaN,NaN,NaN,NaN
55,4,0,638,695,521,530,415,465,384,406,NaN,NaN,NaN,NaN,NaN,NaN,NaN,NaN,NaN,NaN,NaN,NaN
56,4,0,636,695,521,529,416,464,385,406,NaN,NaN,NaN,NaN,NaN,NaN,NaN,NaN,NaN,NaN,NaN,NaN
57,4,0,636,695,521,527,416,463,387,404,NaN,NaN,NaN,NaN,NaN,NaN,NaN,NaN,NaN,NaN,NaN,NaN
58,4,0,635,695,521,526,418,462,390,403,NaN,NaN,NaN,NaN,NaN,NaN,NaN,NaN,NaN,NaN,NaN,NaN
59,4,0,635,695,522,526,420,461,392,402,NaN,NaN,NaN,NaN,NaN,NaN,NaN,NaN,NaN,NaN,NaN,NaN
60,4,0,634,695,523,526,421,461,394,402,NaN,NaN,NaN,NaN,NaN,NaN,NaN,NaN,NaN,NaN,NaN,NaN
61,4,0,633,695,522,526,422,461,395,402,NaN,NaN,NaN,NaN,NaN,NaN,NaN,NaN,NaN,NaN,NaN,NaN
62,4,0,630,695,522,527,423,461,397,402,NaN,NaN,NaN,NaN,NaN,NaN,NaN,NaN,NaN,NaN,NaN,NaN
63,4,0,628,695,522,527,424,462,398,403,NaN,NaN,NaN,NaN,NaN,NaN,NaN,NaN,NaN,NaN,NaN,NaN
64,4,0,626,695,521,528,424,462,400,402,NaN,NaN,NaN,NaN,NaN,NaN,NaN,NaN,NaN,NaN,NaN,NaN
65,4,0,624,695,521,530,425,463,401,403,NaN,NaN,NaN,NaN,NaN,NaN,NaN,NaN,NaN,NaN,NaN,NaN
66,4,0,622,695,521,531,426,464,403,404,NaN,NaN,NaN,NaN,NaN,NaN,NaN,NaN,NaN,NaN,NaN,NaN
67,4,0,620,695,520,533,427,465,405,405,NaN,NaN,NaN,NaN,NaN,NaN,NaN,NaN,NaN,NaN,NaN,NaN
68,4,0,617,695,520,534,428,466,406,406,NaN,NaN,NaN,NaN,NaN,NaN,NaN,NaN,NaN,NaN,NaN,NaN
69,4,0,615,695,519,535,428,467,408,406,NaN,NaN,NaN,NaN,NaN,NaN,NaN,NaN,NaN,NaN,NaN,NaN
70,4,0,612,695,518,536,428,468,409,407,NaN,NaN,NaN,NaN,NaN,NaN,NaN,NaN,NaN,NaN,NaN,NaN
71,4,0,609,695,516,537,428,468,410,407,NaN,NaN,NaN,NaN,NaN,NaN,NaN,NaN,NaN,NaN,NaN,NaN
72,4,0,607,695,515,538,428,469,412,408,NaN,NaN,NaN,NaN,NaN,NaN,NaN,NaN,NaN,NaN,NaN,NaN
73,4,0,604,695,514,539,429,469,413,408,NaN,NaN,NaN,NaN,NaN,NaN,NaN,NaN,NaN,NaN,NaN,NaN
74,4,0,603,695,513,540,429,470,414,408,NaN,NaN,NaN,NaN,NaN,NaN,NaN,NaN,NaN,NaN,NaN,NaN
75,4,0,601,695,513,541,430,471,416,409,NaN,NaN,NaN,NaN,NaN,NaN,NaN,NaN,NaN,NaN,NaN,NaN
76,4,0,599,695,512,542,431,472,418,410,NaN,NaN,NaN,NaN,NaN,NaN,NaN,NaN,NaN,NaN,NaN,NaN
77,4,0,598,695,511,541,431,471,418,409,NaN,NaN,NaN,NaN,NaN,NaN,NaN,NaN,NaN,NaN,NaN,NaN
78,4,0,597,695,511,542,432,472,421,410,NaN,NaN,NaN,NaN,NaN,NaN,NaN,NaN,NaN,NaN,NaN,NaN
79,4,0,596,695,511,543,433,472,423,410,NaN,NaN,NaN,NaN,NaN,NaN,NaN,NaN,NaN,NaN,NaN,NaN
80,4,0,596,695,511,544,435,472,426,409,NaN,NaN,NaN,NaN,NaN,NaN,NaN,NaN,NaN,NaN,NaN,NaN
81,4,0,596,695,511,544,436,472,428,410,NaN,NaN,NaN,NaN,NaN,NaN,NaN,NaN,NaN,NaN,NaN,NaN
82,4,0,596,695,511,544,438,472,430,409,NaN,NaN,NaN,NaN,NaN,NaN,NaN,NaN,NaN,NaN,NaN,NaN
83,4,0,596,695,511,543,439,471,433,409,NaN,NaN,NaN,NaN,NaN,NaN,NaN,NaN,NaN,NaN,NaN,NaN
84,4,0,596,695,511,542,440,470,435,407,NaN,NaN,NaN,NaN,NaN,NaN,NaN,NaN,NaN,NaN,NaN,NaN
85,4,0,595,695,510,541,440,469,436,406,NaN,NaN,NaN,NaN,NaN,NaN,NaN,NaN,NaN,NaN,NaN,NaN
86,4,0,594,695,508,539,441,468,436,404,NaN,NaN,NaN,NaN,NaN,NaN,NaN,NaN,NaN,NaN,NaN,NaN
87,4,0,593,695,507,538,440,466,437,403,NaN,NaN,NaN,NaN,NaN,NaN,NaN,NaN,NaN,NaN,NaN,NaN
88,4,0,592,695,505,537,440,466,439,403,NaN,NaN,NaN,NaN,NaN,NaN,NaN,NaN,NaN,NaN,NaN,NaN
89,4,0,592,695,505,537,441,465,441,402,NaN,NaN,NaN,NaN,NaN,NaN,NaN,NaN,NaN,NaN,NaN,NaN
90,4,0,593,695,505,536,443,464,444,402,NaN,NaN,NaN,NaN,NaN,NaN,NaN,NaN,NaN,NaN,NaN,NaN
91,4,0,595,695,508,536,447,464,448,401,NaN,NaN,NaN,NaN,NaN,NaN,NaN,NaN,NaN,NaN,NaN,NaN
92,4,0,599,695,511,536,452,464,454,401,NaN,NaN,NaN,NaN,NaN,NaN,NaN,NaN,NaN,NaN,NaN,NaN
93,4,0,603,695,515,536,457,464,460,401,NaN,NaN,NaN,NaN,NaN,NaN,NaN,NaN,NaN,NaN,NaN,NaN
94,4,0,607,695,518,536,461,464,465,401,NaN,NaN,NaN,NaN,NaN,NaN,NaN,NaN,NaN,NaN,NaN,NaN
95,4,0,610,695,521,536,466,464,470,401,NaN,NaN,NaN,NaN,NaN,NaN,NaN,NaN,NaN,NaN,NaN,NaN
96,4,0,613,695,523,536,469,463,475,401,NaN,NaN,NaN,NaN,NaN,NaN,NaN,NaN,NaN,NaN,NaN,NaN
97,4,0,617,695,526,536,474,463,480,400,NaN,NaN,NaN,NaN,NaN,NaN,NaN,NaN,NaN,NaN,NaN,NaN
98,4,0,620,695,529,537,477,463,485,400,NaN,NaN,NaN,NaN,NaN,NaN,NaN,NaN,NaN,NaN,NaN,NaN
99,4,0,623,695,531,539,481,465,489,402,NaN,NaN,NaN,NaN,NaN,NaN,NaN,NaN,NaN,NaN,NaN,NaN
100,4,0,626,695,533,541,485,467,494,403,NaN,NaN,NaN,NaN,NaN,NaN,NaN,NaN,NaN,NaN,NaN,NaN
101,4,0,628,695,534,543,488,468,498,405,NaN,NaN,NaN,NaN,NaN,NaN,NaN,NaN,NaN,NaN,NaN,NaN
102,4,1,628,695,533,541,488,467,498,404,NaN,NaN,NaN,NaN,NaN,NaN,NaN,NaN,NaN,NaN,NaN,NaN
103,4,0,625,695,535,543,491,468,501,405,NaN,NaN,NaN,NaN,NaN,NaN,NaN,NaN,NaN,NaN,NaN,NaN
104,4,0,623,695,536,544,495,468,504,406,NaN,NaN,NaN,NaN,NaN,NaN,NaN,NaN,NaN,NaN,NaN,NaN
105,4,0,621,695,539,545,498,468,506,407,NaN,NaN,NaN,NaN,NaN,NaN,NaN,NaN,NaN,NaN,NaN,NaN
106,4,0,620,695,541,546,502,468,509,408,NaN,NaN,NaN,NaN,NaN,NaN,NaN,NaN,NaN,NaN,NaN,NaN
107,4,0,619,695,543,546,506,468,512,408,NaN,NaN,NaN,NaN,NaN,NaN,NaN,NaN,NaN,NaN,NaN,NaN
108,4,0,619,695,545,546,510,468,514,408,NaN,NaN,NaN,NaN,NaN,NaN,NaN,NaN,NaN,NaN,NaN,NaN
109,4,0,618,695,548,547,513,467,517,409,NaN,NaN,NaN,NaN,NaN,NaN,NaN,NaN,NaN,NaN,NaN,NaN
110,4,0,617,695,549,547,516,467,520,409,NaN,NaN,NaN,NaN,NaN,NaN,NaN,NaN,NaN,NaN,NaN,NaN
111,4,0,616,695,551,547,520,466,522,408,NaN,NaN,NaN,NaN,NaN,NaN,NaN,NaN,NaN,NaN,NaN,NaN
112,4,0,614,695,552,547,523,465,525,408,NaN,NaN,NaN,NaN,NaN,NaN,NaN,NaN,NaN,NaN,NaN,NaN
113,4,0,612,695,553,547,525,465,527,408,NaN,NaN,NaN,NaN,NaN,NaN,NaN,NaN,NaN,NaN,NaN,NaN
114,4,0,610,695,553,547,528,464,529,408,NaN,NaN,NaN,NaN,NaN,NaN,NaN,NaN,NaN,NaN,NaN,NaN
115,4,0,608,695,555,547,531,463,531,408,NaN,NaN,NaN,NaN,NaN,NaN,NaN,NaN,NaN,NaN,NaN,NaN
116,4,0,606,695,555,546,534,462,534,408,NaN,NaN,NaN,NaN,NaN,NaN,NaN,NaN,NaN,NaN,NaN,NaN
117,4,0,605,695,557,546,537,461,536,408,NaN,NaN,NaN,NaN,NaN,NaN,NaN,NaN,NaN,NaN,NaN,NaN
118,4,0,603,695,557,546,540,460,538,408,NaN,NaN,NaN,NaN,NaN,NaN,NaN,NaN,NaN,NaN,NaN,NaN
119,4,0,600,695,559,545,543,460,540,408,NaN,NaN,NaN,NaN,NaN,NaN,NaN,NaN,NaN,NaN,NaN,NaN
120,4,0,598,695,559,546,545,460,541,408,NaN,NaN,NaN,NaN,NaN,NaN,NaN,NaN,NaN,NaN,NaN,NaN
121,4,0,595,695,559,547,547,460,543,408,NaN,NaN,NaN,NaN,NaN,NaN,NaN,NaN,NaN,NaN,NaN,NaN
122,4,0,592,695,559,548,550,460,544,409,NaN,NaN,NaN,NaN,NaN,NaN,NaN,NaN,NaN,NaN,NaN,NaN
123,4,0,590,695,559,549,551,460,545,410,NaN,NaN,NaN,NaN,NaN,NaN,NaN,NaN,NaN,NaN,NaN,NaN
124,4,0,589,695,559,550,554,461,547,411,NaN,NaN,NaN,NaN,NaN,NaN,NaN,NaN,NaN,NaN,NaN,NaN
125,4,0,587,695,560,550,556,461,549,412,NaN,NaN,NaN,NaN,NaN,NaN,NaN,NaN,NaN,NaN,NaN,NaN
126,4,0,586,695,561,551,559,461,551,412,NaN,NaN,NaN,NaN,NaN,NaN,NaN,NaN,NaN,NaN,NaN,NaN
127,4,0,586,695,563,550,563,460,553,412,NaN,NaN,NaN,NaN,NaN,NaN,NaN,NaN,NaN,NaN,NaN,NaN
128,4,0,587,695,566,550,566,459,556,412,NaN,NaN,NaN,NaN,NaN,NaN,NaN,NaN,NaN,NaN,NaN,NaN
129,4,0,587,695,568,549,571,458,559,412,NaN,NaN,NaN,NaN,NaN,NaN,NaN,NaN,NaN,NaN,NaN,NaN
130,4,0,588,695,570,549,575,457,562,411,NaN,NaN,NaN,NaN,NaN,NaN,NaN,NaN,NaN,NaN,NaN,NaN
131,4,0,589,695,572,548,579,457,565,411,NaN,NaN,NaN,NaN,NaN,NaN,NaN,NaN,NaN,NaN,NaN,NaN
132,4,0,590,695,575,548,582,456,567,411,NaN,NaN,NaN,NaN,NaN,NaN,NaN,NaN,NaN,NaN,NaN,NaN
133,4,0,590,695,577,548,586,455,569,412,NaN,NaN,NaN,NaN,NaN,NaN,NaN,NaN,NaN,NaN,NaN,NaN
134,4,0,591,695,578,548,589,455,571,411,NaN,NaN,NaN,NaN,NaN,NaN,NaN,NaN,NaN,NaN,NaN,NaN
135,4,0,591,695,579,547,592,455,573,411,NaN,NaN,NaN,NaN,NaN,NaN,NaN,NaN,NaN,NaN,NaN,NaN
136,4,0,592,695,581,547,595,454,575,412,NaN,NaN,NaN,NaN,NaN,NaN,NaN,NaN,NaN,NaN,NaN,NaN
137,4,0,592,695,582,548,598,455,577,413,NaN,NaN,NaN,NaN,NaN,NaN,NaN,NaN,NaN,NaN,NaN,NaN
138,4,0,591,695,584,548,601,454,578,413,NaN,NaN,NaN,NaN,NaN,NaN,NaN,NaN,NaN,NaN,NaN,NaN
139,4,0,592,695,585,548,603,454,580,413,NaN,NaN,NaN,NaN,NaN,NaN,NaN,NaN,NaN,NaN,NaN,NaN
140,4,0,592,695,587,548,606,454,582,414,NaN,NaN,NaN,NaN,NaN,NaN,NaN,NaN,NaN,NaN,NaN,NaN
141,4,0,593,695,589,548,610,453,584,414,NaN,NaN,NaN,NaN,NaN,NaN,NaN,NaN,NaN,NaN,NaN,NaN
142,4,0,594,695,591,549,613,453,586,414,NaN,NaN,NaN,NaN,NaN,NaN,NaN,NaN,NaN,NaN,NaN,NaN
143,4,0,595,695,593,549,617,453,589,414,NaN,NaN,NaN,NaN,NaN,NaN,NaN,NaN,NaN,NaN,NaN,NaN
144,4,0,596,695,595,549,621,453,591,415,NaN,NaN,NaN,NaN,NaN,NaN,NaN,NaN,NaN,NaN,NaN,NaN
145,4,0,599,695,599,550,627,453,595,415,NaN,NaN,NaN,NaN,NaN,NaN,NaN,NaN,NaN,NaN,NaN,NaN
146,4,0,601,695,602,550,631,452,598,415,NaN,NaN,NaN,NaN,NaN,NaN,NaN,NaN,NaN,NaN,NaN,NaN
147,4,0,604,695,606,550,636,452,602,415,NaN,NaN,NaN,NaN,NaN,NaN,NaN,NaN,NaN,NaN,NaN,NaN
148,4,0,606,695,610,550,641,452,606,415,NaN,NaN,NaN,NaN,NaN,NaN,NaN,NaN,NaN,NaN,NaN,NaN
149,4,0,609,695,613,551,646,451,609,415,NaN,NaN,NaN,NaN,NaN,NaN,NaN,NaN,NaN,NaN,NaN,NaN
150,4,0,610,695,615,551,650,451,611,415,NaN,NaN,NaN,NaN,NaN,NaN,NaN,NaN,NaN,NaN,NaN,NaN
151,4,0,611,695,617,551,653,451,613,415,NaN,NaN,NaN,NaN,NaN,NaN,NaN,NaN,NaN,NaN,NaN,NaN
152,4,0,612,695,619,550,656,450,615,415,NaN,NaN,NaN,NaN,NaN,NaN,NaN,NaN,NaN,NaN,NaN,NaN
153,4,0,612,695,620,550,659,449,616,414,NaN,NaN,NaN,NaN,NaN,NaN,NaN,NaN,NaN,NaN,NaN,NaN
154,4,0,612,695,621,548,662,447,617,413,NaN,NaN,NaN,NaN,NaN,NaN,NaN,NaN,NaN,NaN,NaN,NaN
155,4,0,611,695,622,547,664,446,618,412,NaN,NaN,NaN,NaN,NaN,NaN,NaN,NaN,NaN,NaN,NaN,NaN
156,4,0,611,695,622,545,666,443,618,411,NaN,NaN,NaN,NaN,NaN,NaN,NaN,NaN,NaN,NaN,NaN,NaN
157,4,0,610,695,622,543,667,442,619,409,NaN,NaN,NaN,NaN,NaN,NaN,NaN,NaN,NaN,NaN,NaN,NaN
158,4,0,609,695,623,541,670,440,619,408,NaN,NaN,NaN,NaN,NaN,NaN,NaN,NaN,NaN,NaN,NaN,NaN
159,4,0,608,695,623,540,672,439,619,408,NaN,NaN,NaN,NaN,NaN,NaN,NaN,NaN,NaN,NaN,NaN,NaN
160,4,0,608,695,625,539,674,438,621,407,NaN,NaN,NaN,NaN,NaN,NaN,NaN,NaN,NaN,NaN,NaN,NaN
161,4,0,608,695,626,538,678,437,622,407,NaN,NaN,NaN,NaN,NaN,NaN,NaN,NaN,NaN,NaN,NaN,NaN
162,4,0,608,695,627,538,681,437,624,408,NaN,NaN,NaN,NaN,NaN,NaN,NaN,NaN,NaN,NaN,NaN,NaN
163,4,0,609,695,629,538,684,437,626,408,NaN,NaN,NaN,NaN,NaN,NaN,NaN,NaN,NaN,NaN,NaN,NaN
164,4,0,610,695,632,538,688,437,629,409,NaN,NaN,NaN,NaN,NaN,NaN,NaN,NaN,NaN,NaN,NaN,NaN
165,4,0,611,695,635,538,693,437,632,409,NaN,NaN,NaN,NaN,NaN,NaN,NaN,NaN,NaN,NaN,NaN,NaN
166,4,0,612,695,638,539,697,438,635,410,NaN,NaN,NaN,NaN,NaN,NaN,NaN,NaN,NaN,NaN,NaN,NaN
167,4,0,612,695,640,540,702,438,638,411,NaN,NaN,NaN,NaN,NaN,NaN,NaN,NaN,NaN,NaN,NaN,NaN
168,4,0,612,695,641,540,705,438,639,411,NaN,NaN,NaN,NaN,NaN,NaN,NaN,NaN,NaN,NaN,NaN,NaN
169,4,1,611,699,641,538,706,437,638,411,NaN,NaN,NaN,NaN,NaN,NaN,NaN,NaN,NaN,NaN,NaN,NaN
170,4,0,612,695,641,541,707,438,639,412,NaN,NaN,NaN,NaN,NaN,NaN,NaN,NaN,NaN,NaN,NaN,NaN
171,4,0,611,695,641,543,708,440,640,413,NaN,NaN,NaN,NaN,NaN,NaN,NaN,NaN,NaN,NaN,NaN,NaN
172,4,0,610,695,640,545,708,441,640,413,NaN,NaN,NaN,NaN,NaN,NaN,NaN,NaN,NaN,NaN,NaN,NaN
173,4,0,610,695,640,547,709,441,641,413,NaN,NaN,NaN,NaN,NaN,NaN,NaN,NaN,NaN,NaN,NaN,NaN
174,4,0,609,695,639,549,709,442,642,413,NaN,NaN,NaN,NaN,NaN,NaN,NaN,NaN,NaN,NaN,NaN,NaN
175,4,0,609,695,640,551,711,443,643,413,NaN,NaN,NaN,NaN,NaN,NaN,NaN,NaN,NaN,NaN,NaN,NaN
176,4,0,609,695,640,553,712,445,644,414,NaN,NaN,NaN,NaN,NaN,NaN,NaN,NaN,NaN,NaN,NaN,NaN
177,4,0,609,695,641,555,713,446,646,414,NaN,NaN,NaN,NaN,NaN,NaN,NaN,NaN,NaN,NaN,NaN,NaN
178,4,0,611,695,643,557,715,447,649,415,NaN,NaN,NaN,NaN,NaN,NaN,NaN,NaN,NaN,NaN,NaN,NaN
179,4,0,613,695,645,559,719,449,653,416,NaN,NaN,NaN,NaN,NaN,NaN,NaN,NaN,NaN,NaN,NaN,NaN
180,4,1,613,695,645,559,719,449,653,416,NaN,NaN,NaN,NaN,NaN,NaN,NaN,NaN,NaN,NaN,NaN,NaN
181,5,0,617,695,649,559,720,450,655,417,622,390,NaN,NaN,NaN,NaN,NaN,NaN,NaN,NaN,NaN,NaN
182,5,0,619,695,653,560,722,452,657,417,624,390,NaN,NaN,NaN,NaN,NaN,NaN,NaN,NaN,NaN,NaN
183,5,0,622,695,656,560,724,453,657,418,625,390,NaN,NaN,NaN,NaN,NaN,NaN,NaN,NaN,NaN,NaN
184,5,0,624,695,659,558,725,453,658,416,627,390,NaN,NaN,NaN,NaN,NaN,NaN,NaN,NaN,NaN,NaN
185,5,0,625,695,661,557,727,452,659,415,627,389,NaN,NaN,NaN,NaN,NaN,NaN,NaN,NaN,NaN,NaN
186,5,0,627,695,664,556,728,452,658,414,628,387,NaN,NaN,NaN,NaN,NaN,NaN,NaN,NaN,NaN,NaN
187,5,0,628,695,666,554,729,452,658,413,629,386,NaN,NaN,NaN,NaN,NaN,NaN,NaN,NaN,NaN,NaN
188,5,0,629,695,669,553,730,452,658,413,629,385,NaN,NaN,NaN,NaN,NaN,NaN,NaN,NaN,NaN,NaN
189,5,0,630,695,671,553,730,452,657,412,629,385,NaN,NaN,NaN,NaN,NaN,NaN,NaN,NaN,NaN,NaN
190,5,0,631,695,673,553,731,453,657,412,629,385,NaN,NaN,NaN,NaN,NaN,NaN,NaN,NaN,NaN,NaN
191,5,0,633,695,676,553,732,454,656,413,630,385,NaN,NaN,NaN,NaN,NaN,NaN,NaN,NaN,NaN,NaN
192,5,0,634,695,679,555,733,455,657,413,630,385,NaN,NaN,NaN,NaN,NaN,NaN,NaN,NaN,NaN,NaN
193,5,0,636,695,682,556,735,457,657,414,631,386,NaN,NaN,NaN,NaN,NaN,NaN,NaN,NaN,NaN,NaN
194,5,0,638,695,685,558,737,460,657,415,632,387,NaN,NaN,NaN,NaN,NaN,NaN,NaN,NaN,NaN,NaN
195,5,0,641,695,689,561,739,464,658,418,633,389,NaN,NaN,NaN,NaN,NaN,NaN,NaN,NaN,NaN,NaN
196,5,0,644,695,693,565,742,468,659,421,635,392,NaN,NaN,NaN,NaN,NaN,NaN,NaN,NaN,NaN,NaN
197,5,0,646,695,697,569,744,471,659,424,636,395,NaN,NaN,NaN,NaN,NaN,NaN,NaN,NaN,NaN,NaN
198,5,0,649,695,702,571,746,475,660,426,637,396,NaN,NaN,NaN,NaN,NaN,NaN,NaN,NaN,NaN,NaN
199,5,0,651,695,705,574,748,477,661,428,639,398,NaN,NaN,NaN,NaN,NaN,NaN,NaN,NaN,NaN,NaN
200,5,0,648,695,708,575,748,480,660,429,639,399,NaN,NaN,NaN,NaN,NaN,NaN,NaN,NaN,NaN,NaN
201,5,0,648,695,710,577,749,482,659,430,639,399,NaN,NaN,NaN,NaN,NaN,NaN,NaN,NaN,NaN,NaN
202,5,0,648,695,712,577,749,483,658,431,638,400,NaN,NaN,NaN,NaN,NaN,NaN,NaN,NaN,NaN,NaN
203,5,0,648,695,714,577,748,484,657,430,638,399,NaN,NaN,NaN,NaN,NaN,NaN,NaN,NaN,NaN,NaN
204,5,0,647,695,715,576,747,485,655,430,637,399,NaN,NaN,NaN,NaN,NaN,NaN,NaN,NaN,NaN,NaN
205,5,0,646,695,716,576,747,486,653,430,636,399,NaN,NaN,NaN,NaN,NaN,NaN,NaN,NaN,NaN,NaN
206,5,0,645,695,718,577,747,487,651,431,635,399,NaN,NaN,NaN,NaN,NaN,NaN,NaN,NaN,NaN,NaN
207,5,0,644,695,720,577,747,489,650,432,634,399,NaN,NaN,NaN,NaN,NaN,NaN,NaN,NaN,NaN,NaN
208,5,0,644,695,722,577,747,490,649,432,634,400,NaN,NaN,NaN,NaN,NaN,NaN,NaN,NaN,NaN,NaN
209,5,0,644,695,725,578,747,492,648,433,634,401,NaN,NaN,NaN,NaN,NaN,NaN,NaN,NaN,NaN,NaN
210,5,0,643,695,727,578,747,494,648,434,634,401,NaN,NaN,NaN,NaN,NaN,NaN,NaN,NaN,NaN,NaN
211,5,0,643,695,730,579,748,496,647,435,634,402,NaN,NaN,NaN,NaN,NaN,NaN,NaN,NaN,NaN,NaN
212,5,1,643,695,732,577,748,496,646,435,634,402,NaN,NaN,NaN,NaN,NaN,NaN,NaN,NaN,NaN,NaN
213,5,0,649,695,732,581,748,499,646,437,634,404,NaN,NaN,NaN,NaN,NaN,NaN,NaN,NaN,NaN,NaN
214,5,0,652,695,731,585,748,502,645,439,633,406,NaN,NaN,NaN,NaN,NaN,NaN,NaN,NaN,NaN,NaN
215,5,0,653,695,731,588,747,504,644,440,632,407,NaN,NaN,NaN,NaN,NaN,NaN,NaN,NaN,NaN,NaN
216,5,1,653,695,731,588,747,504,644,440,632,407,NaN,NaN,NaN,NaN,NaN,NaN,NaN,NaN,NaN,NaN
217,6,0,660,695,733,590,748,507,645,441,634,408,647,369,NaN,NaN,NaN,NaN,NaN,NaN,NaN,NaN
218,6,0,667,695,738,592,748,508,647,444,635,409,648,371,NaN,NaN,NaN,NaN,NaN,NaN,NaN,NaN
219,6,0,675,695,740,594,749,511,648,446,637,411,649,372,NaN,NaN,NaN,NaN,NaN,NaN,NaN,NaN
220,6,0,682,695,744,594,751,513,650,448,638,412,652,373,NaN,NaN,NaN,NaN,NaN,NaN,NaN,NaN
221,6,0,689,695,747,595,750,515,652,449,640,412,650,375,NaN,NaN,NaN,NaN,NaN,NaN,NaN,NaN
222,6,0,693,695,749,597,750,516,652,450,640,413,651,376,NaN,NaN,NaN,NaN,NaN,NaN,NaN,NaN
223,6,0,698,695,750,597,748,518,652,452,639,414,649,376,NaN,NaN,NaN,NaN,NaN,NaN,NaN,NaN
224,6,0,702,695,751,598,747,519,651,453,639,414,648,377,NaN,NaN,NaN,NaN,NaN,NaN,NaN,NaN
225,6,0,705,695,753,598,745,520,650,455,638,414,647,378,NaN,NaN,NaN,NaN,NaN,NaN,NaN,NaN
226,6,0,708,695,753,599,743,522,649,456,637,415,646,378,NaN,NaN,NaN,NaN,NaN,NaN,NaN,NaN
227,6,0,711,695,754,600,741,524,648,458,636,417,645,378,NaN,NaN,NaN,NaN,NaN,NaN,NaN,NaN
228,6,0,714,695,756,600,740,525,647,459,635,417,644,378,NaN,NaN,NaN,NaN,NaN,NaN,NaN,NaN
229,6,0,717,695,757,600,738,527,647,461,634,418,643,378,NaN,NaN,NaN,NaN,NaN,NaN,NaN,NaN
230,6,0,719,695,758,601,736,528,645,462,632,419,642,379,NaN,NaN,NaN,NaN,NaN,NaN,NaN,NaN
231,6,0,720,695,759,601,734,529,644,463,631,420,640,379,NaN,NaN,NaN,NaN,NaN,NaN,NaN,NaN
232,6,0,722,695,760,600,731,531,642,465,629,421,638,380,NaN,NaN,NaN,NaN,NaN,NaN,NaN,NaN
233,6,0,725,695,761,600,730,532,641,466,628,421,637,380,NaN,NaN,NaN,NaN,NaN,NaN,NaN,NaN
234,6,0,727,695,763,600,729,533,641,468,627,423,636,380,NaN,NaN,NaN,NaN,NaN,NaN,NaN,NaN
235,6,0,730,695,766,601,728,535,640,470,627,424,635,382,NaN,NaN,NaN,NaN,NaN,NaN,NaN,NaN
236,6,0,733,695,769,602,727,538,640,472,626,426,634,383,NaN,NaN,NaN,NaN,NaN,NaN,NaN,NaN
237,6,0,735,695,771,604,726,541,639,475,625,429,633,385,NaN,NaN,NaN,NaN,NaN,NaN,NaN,NaN
238,6,0,738,695,772,606,724,544,638,478,623,432,631,387,NaN,NaN,NaN,NaN,NaN,NaN,NaN,NaN
239,6,0,739,695,775,607,723,547,637,481,623,434,630,388,NaN,NaN,NaN,NaN,NaN,NaN,NaN,NaN
240,6,1,739,695,776,604,721,547,637,481,623,434,630,388,NaN,NaN,NaN,NaN,NaN,NaN,NaN,NaN
241,6,0,744,695,777,608,721,550,637,483,623,436,629,390,NaN,NaN,NaN,NaN,NaN,NaN,NaN,NaN
242,6,0,747,695,779,611,723,553,636,484,623,437,629,390,NaN,NaN,NaN,NaN,NaN,NaN,NaN,NaN
243,6,0,751,695,780,613,724,554,636,485,623,437,628,390,NaN,NaN,NaN,NaN,NaN,NaN,NaN,NaN
244,6,0,752,695,780,615,724,555,636,485,622,437,627,389,NaN,NaN,NaN,NaN,NaN,NaN,NaN,NaN
245,6,0,754,695,781,616,723,555,635,485,621,437,626,388,NaN,NaN,NaN,NaN,NaN,NaN,NaN,NaN
246,6,0,755,695,781,617,724,555,635,484,621,436,626,387,NaN,NaN,NaN,NaN,NaN,NaN,NaN,NaN
247,6,0,757,695,782,617,724,555,635,483,621,436,625,385,NaN,NaN,NaN,NaN,NaN,NaN,NaN,NaN
248,6,0,759,695,783,618,725,555,635,483,621,435,625,384,NaN,NaN,NaN,NaN,NaN,NaN,NaN,NaN
249,6,0,761,695,784,618,725,555,635,482,621,435,625,383,NaN,NaN,NaN,NaN,NaN,NaN,NaN,NaN
250,6,0,762,695,785,619,725,556,635,482,621,435,624,382,NaN,NaN,NaN,NaN,NaN,NaN,NaN,NaN
251,6,0,763,695,785,620,725,557,634,482,621,435,624,382,NaN,NaN,NaN,NaN,NaN,NaN,NaN,NaN
252,6,0,765,695,785,622,725,558,633,482,620,435,623,381,NaN,NaN,NaN,NaN,NaN,NaN,NaN,NaN
253,6,0,766,695,785,623,725,559,633,482,619,435,622,381,NaN,NaN,NaN,NaN,NaN,NaN,NaN,NaN
254,6,0,767,695,785,625,724,560,632,483,618,436,622,381,NaN,NaN,NaN,NaN,NaN,NaN,NaN,NaN
255,6,0,768,695,785,627,724,562,631,483,617,436,622,381,NaN,NaN,NaN,NaN,NaN,NaN,NaN,NaN
256,6,0,769,695,785,630,724,564,631,485,617,437,621,381,NaN,NaN,NaN,NaN,NaN,NaN,NaN,NaN
257,6,0,770,695,785,633,724,566,630,486,616,438,620,382,NaN,NaN,NaN,NaN,NaN,NaN,NaN,NaN
258,6,0,770,695,785,636,723,568,629,487,614,439,619,382,NaN,NaN,NaN,NaN,NaN,NaN,NaN,NaN
259,6,0,771,695,784,639,722,570,627,488,612,440,617,382,NaN,NaN,NaN,NaN,NaN,NaN,NaN,NaN
260,6,0,771,695,784,641,721,572,626,488,611,441,616,382,NaN,NaN,NaN,NaN,NaN,NaN,NaN,NaN
261,6,0,771,695,783,643,720,573,624,489,609,442,615,382,NaN,NaN,NaN,NaN,NaN,NaN,NaN,NaN
262,6,0,771,695,782,645,719,574,623,489,607,442,614,381,NaN,NaN,NaN,NaN,NaN,NaN,NaN,NaN
263,6,0,770,695,781,647,717,575,621,488,605,441,612,380,NaN,NaN,NaN,NaN,NaN,NaN,NaN,NaN
264,6,0,769,695,780,648,715,575,619,488,602,441,610,379,NaN,NaN,NaN,NaN,NaN,NaN,NaN,NaN
265,6,0,768,695,778,649,713,575,616,487,600,441,608,378,NaN,NaN,NaN,NaN,NaN,NaN,NaN,NaN
266,6,0,767,695,777,650,711,576,614,487,597,440,606,377,NaN,NaN,NaN,NaN,NaN,NaN,NaN,NaN
267,6,0,765,695,775,651,709,576,612,487,594,440,604,376,NaN,NaN,NaN,NaN,NaN,NaN,NaN,NaN
268,6,0,764,695,774,653,708,577,610,487,592,440,602,375,NaN,NaN,NaN,NaN,NaN,NaN,NaN,NaN
269,6,0,763,695,773,654,706,578,608,486,590,440,600,374,NaN,NaN,NaN,NaN,NaN,NaN,NaN,NaN
270,6,0,763,695,772,655,705,578,607,486,588,439,598,373,NaN,NaN,NaN,NaN,NaN,NaN,NaN,NaN
271,6,0,762,695,771,656,704,579,605,486,586,439,597,372,NaN,NaN,NaN,NaN,NaN,NaN,NaN,NaN
272,6,0,762,695,770,658,702,580,603,486,584,439,595,372,NaN,NaN,NaN,NaN,NaN,NaN,NaN,NaN
273,6,0,761,695,768,661,701,581,602,486,582,440,593,372,NaN,NaN,NaN,NaN,NaN,NaN,NaN,NaN
274,6,0,761,695,763,664,700,583,600,487,580,440,592,371,NaN,NaN,NaN,NaN,NaN,NaN,NaN,NaN
275,6,0,760,695,762,667,699,585,598,487,578,442,590,371,NaN,NaN,NaN,NaN,NaN,NaN,NaN,NaN
276,6,0,759,695,760,670,697,587,595,488,575,443,587,372,NaN,NaN,NaN,NaN,NaN,NaN,NaN,NaN
277,6,0,757,695,758,673,695,589,593,489,572,444,584,372,NaN,NaN,NaN,NaN,NaN,NaN,NaN,NaN
278,6,0,756,695,757,676,693,591,590,490,570,445,581,372,NaN,NaN,NaN,NaN,NaN,NaN,NaN,NaN
279,6,0,756,695,756,680,692,593,588,491,567,446,579,372,NaN,NaN,NaN,NaN,NaN,NaN,NaN,NaN
280,5,1,756,695,692,593,588,491,567,446,579,372,NaN,NaN,NaN,NaN,NaN,NaN,NaN,NaN,NaN,NaN
281,5,0,750,695,692,595,587,492,566,445,578,374,NaN,NaN,NaN,NaN,NaN,NaN,NaN,NaN,NaN,NaN
282,5,0,747,695,693,598,586,494,564,445,577,374,NaN,NaN,NaN,NaN,NaN,NaN,NaN,NaN,NaN,NaN
283,5,0,745,695,694,601,585,495,564,445,578,376,NaN,NaN,NaN,NaN,NaN,NaN,NaN,NaN,NaN,NaN
284,5,0,742,695,695,604,585,498,563,445,578,376,NaN,NaN,NaN,NaN,NaN,NaN,NaN,NaN,NaN,NaN
285,5,0,741,695,696,607,584,499,562,445,577,378,NaN,NaN,NaN,NaN,NaN,NaN,NaN,NaN,NaN,NaN
286,5,0,739,695,696,609,584,501,561,444,577,380,NaN,NaN,NaN,NaN,NaN,NaN,NaN,NaN,NaN,NaN
287,5,0,737,695,697,612,584,502,559,445,577,380,NaN,NaN,NaN,NaN,NaN,NaN,NaN,NaN,NaN,NaN
288,5,0,736,695,697,614,583,502,558,444,577,381,NaN,NaN,NaN,NaN,NaN,NaN,NaN,NaN,NaN,NaN
289,5,0,736,695,698,615,584,502,558,443,577,381,NaN,NaN,NaN,NaN,NaN,NaN,NaN,NaN,NaN,NaN
290,5,0,737,695,700,617,585,503,559,443,578,381,NaN,NaN,NaN,NaN,NaN,NaN,NaN,NaN,NaN,NaN
291,5,0,737,695,701,619,585,504,559,444,579,382,NaN,NaN,NaN,NaN,NaN,NaN,NaN,NaN,NaN,NaN
292,5,0,737,695,702,621,585,505,558,444,580,383,NaN,NaN,NaN,NaN,NaN,NaN,NaN,NaN,NaN,NaN
293,5,0,736,695,702,623,584,506,557,443,579,383,NaN,NaN,NaN,NaN,NaN,NaN,NaN,NaN,NaN,NaN
294,5,0,735,695,701,625,583,506,556,443,578,383,NaN,NaN,NaN,NaN,NaN,NaN,NaN,NaN,NaN,NaN
295,5,0,734,695,699,627,581,506,553,443,576,384,NaN,NaN,NaN,NaN,NaN,NaN,NaN,NaN,NaN,NaN
296,5,0,731,695,696,630,577,508,549,444,573,385,NaN,NaN,NaN,NaN,NaN,NaN,NaN,NaN,NaN,NaN
297,5,0,727,695,692,634,573,510,545,445,570,386,NaN,NaN,NaN,NaN,NaN,NaN,NaN,NaN,NaN,NaN
298,5,0,724,695,689,638,570,512,541,446,567,387,NaN,NaN,NaN,NaN,NaN,NaN,NaN,NaN,NaN,NaN
299,5,0,722,695,686,642,566,514,538,447,564,388,NaN,NaN,NaN,NaN,NaN,NaN,NaN,NaN,NaN,NaN
300,5,0,720,695,683,647,564,516,534,448,562,389,NaN,NaN,NaN,NaN,NaN,NaN,NaN,NaN,NaN,NaN
301,5,0,718,695,680,651,561,518,532,449,560,391,NaN,NaN,NaN,NaN,NaN,NaN,NaN,NaN,NaN,NaN
302,5,0,717,695,678,656,559,521,529,450,559,392,NaN,NaN,NaN,NaN,NaN,NaN,NaN,NaN,NaN,NaN
303,5,0,718,695,677,661,557,523,528,452,558,394,NaN,NaN,NaN,NaN,NaN,NaN,NaN,NaN,NaN,NaN
304,5,0,717,695,675,665,555,525,526,453,557,395,NaN,NaN,NaN,NaN,NaN,NaN,NaN,NaN,NaN,NaN
305,5,0,718,695,674,669,554,527,525,454,556,396,NaN,NaN,NaN,NaN,NaN,NaN,NaN,NaN,NaN,NaN
306,5,0,718,695,673,673,553,528,524,455,555,397,NaN,NaN,NaN,NaN,NaN,NaN,NaN,NaN,NaN,NaN
307,5,0,720,695,672,677,552,530,523,456,554,398,NaN,NaN,NaN,NaN,NaN,NaN,NaN,NaN,NaN,NaN
308,5,0,721,695,672,681,552,530,522,456,554,398,NaN,NaN,NaN,NaN,NaN,NaN,NaN,NaN,NaN,NaN
309,4,1,723,676,552,530,522,456,554,398,NaN,NaN,NaN,NaN,NaN,NaN,NaN,NaN,NaN,NaN,NaN,NaN
310,4,0,721,679,550,529,520,454,554,397,NaN,NaN,NaN,NaN,NaN,NaN,NaN,NaN,NaN,NaN,NaN,NaN
311,4,0,717,682,550,527,519,452,554,395,NaN,NaN,NaN,NaN,NaN,NaN,NaN,NaN,NaN,NaN,NaN,NaN
312,4,0,715,685,549,525,518,451,554,393,NaN,NaN,NaN,NaN,NaN,NaN,NaN,NaN,NaN,NaN,NaN,NaN
313,4,0,712,688,548,525,518,449,553,393,NaN,NaN,NaN,NaN,NaN,NaN,NaN,NaN,NaN,NaN,NaN,NaN
314,4,0,710,692,547,524,516,447,553,392,NaN,NaN,NaN,NaN,NaN,NaN,NaN,NaN,NaN,NaN,NaN,NaN
315,4,0,708,695,546,523,515,445,552,390,NaN,NaN,NaN,NaN,NaN,NaN,NaN,NaN,NaN,NaN,NaN,NaN
316,4,0,703,695,545,521,514,444,552,389,NaN,NaN,NaN,NaN,NaN,NaN,NaN,NaN,NaN,NaN,NaN,NaN
317,4,0,696,695,544,521,512,444,552,390,NaN,NaN,NaN,NaN,NaN,NaN,NaN,NaN,NaN,NaN,NaN,NaN
318,4,0,691,695,542,522,511,443,551,390,NaN,NaN,NaN,NaN,NaN,NaN,NaN,NaN,NaN,NaN,NaN,NaN
319,4,0,685,695,540,522,509,443,550,390,NaN,NaN,NaN,NaN,NaN,NaN,NaN,NaN,NaN,NaN,NaN,NaN
320,4,0,680,695,540,522,508,442,549,390,NaN,NaN,NaN,NaN,NaN,NaN,NaN,NaN,NaN,NaN,NaN,NaN
321,4,0,677,695,539,522,507,440,549,389,NaN,NaN,NaN,NaN,NaN,NaN,NaN,NaN,NaN,NaN,NaN,NaN
322,4,0,674,695,538,520,506,439,549,388,NaN,NaN,NaN,NaN,NaN,NaN,NaN,NaN,NaN,NaN,NaN,NaN
323,4,0,671,695,538,519,505,437,549,387,NaN,NaN,NaN,NaN,NaN,NaN,NaN,NaN,NaN,NaN,NaN,NaN
324,4,0,669,695,537,518,504,435,549,385,NaN,NaN,NaN,NaN,NaN,NaN,NaN,NaN,NaN,NaN,NaN,NaN
325,4,0,667,695,537,516,504,433,549,384,NaN,NaN,NaN,NaN,NaN,NaN,NaN,NaN,NaN,NaN,NaN,NaN
326,4,0,665,695,537,515,504,431,550,382,NaN,NaN,NaN,NaN,NaN,NaN,NaN,NaN,NaN,NaN,NaN,NaN
327,4,0,663,695,537,513,503,428,551,381,NaN,NaN,NaN,NaN,NaN,NaN,NaN,NaN,NaN,NaN,NaN,NaN
328,4,0,661,695,536,512,503,426,551,379,NaN,NaN,NaN,NaN,NaN,NaN,NaN,NaN,NaN,NaN,NaN,NaN
329,4,0,658,695,535,511,501,425,550,378,NaN,NaN,NaN,NaN,NaN,NaN,NaN,NaN,NaN,NaN,NaN,NaN
330,4,0,656,695,533,510,500,423,550,377,NaN,NaN,NaN,NaN,NaN,NaN,NaN,NaN,NaN,NaN,NaN,NaN
331,4,0,653,695,532,509,498,421,549,377,NaN,NaN,NaN,NaN,NaN,NaN,NaN,NaN,NaN,NaN,NaN,NaN
332,4,0,652,695,531,508,497,419,549,375,NaN,NaN,NaN,NaN,NaN,NaN,NaN,NaN,NaN,NaN,NaN,NaN
333,4,0,650,695,530,506,496,417,549,374,NaN,NaN,NaN,NaN,NaN,NaN,NaN,NaN,NaN,NaN,NaN,NaN
334,4,0,651,695,529,505,496,415,549,372,NaN,NaN,NaN,NaN,NaN,NaN,NaN,NaN,NaN,NaN,NaN,NaN
335,4,0,650,695,529,504,496,413,550,371,NaN,NaN,NaN,NaN,NaN,NaN,NaN,NaN,NaN,NaN,NaN,NaN
336,4,1,650,656,528,501,495,410,550,370,NaN,NaN,NaN,NaN,NaN,NaN,NaN,NaN,NaN,NaN,NaN,NaN
337,4,0,649,658,528,500,496,410,551,370,NaN,NaN,NaN,NaN,NaN,NaN,NaN,NaN,NaN,NaN,NaN,NaN
338,4,0,647,661,528,501,495,409,551,368,NaN,NaN,NaN,NaN,NaN,NaN,NaN,NaN,NaN,NaN,NaN,NaN
339,4,0,645,664,529,500,495,409,551,368,NaN,NaN,NaN,NaN,NaN,NaN,NaN,NaN,NaN,NaN,NaN,NaN
340,4,0,643,668,529,501,495,408,552,367,NaN,NaN,NaN,NaN,NaN,NaN,NaN,NaN,NaN,NaN,NaN,NaN
341,4,0,641,671,530,501,496,408,552,366,NaN,NaN,NaN,NaN,NaN,NaN,NaN,NaN,NaN,NaN,NaN,NaN
342,4,0,640,676,530,502,496,408,554,366,NaN,NaN,NaN,NaN,NaN,NaN,NaN,NaN,NaN,NaN,NaN,NaN
343,4,0,637,680,530,503,496,408,554,366,NaN,NaN,NaN,NaN,NaN,NaN,NaN,NaN,NaN,NaN,NaN,NaN
344,4,0,635,686,530,504,496,409,554,366,NaN,NaN,NaN,NaN,NaN,NaN,NaN,NaN,NaN,NaN,NaN,NaN
345,4,0,633,691,530,505,495,410,555,366,NaN,NaN,NaN,NaN,NaN,NaN,NaN,NaN,NaN,NaN,NaN,NaN
346,4,0,629,695,530,506,496,410,555,366,NaN,NaN,NaN,NaN,NaN,NaN,NaN,NaN,NaN,NaN,NaN,NaN
347,4,0,624,695,530,508,495,410,555,367,NaN,NaN,NaN,NaN,NaN,NaN,NaN,NaN,NaN,NaN,NaN,NaN
348,4,0,619,695,531,510,496,411,556,367,NaN,NaN,NaN,NaN,NaN,NaN,NaN,NaN,NaN,NaN,NaN,NaN
349,4,0,616,695,533,511,499,413,559,368,NaN,NaN,NaN,NaN,NaN,NaN,NaN,NaN,NaN,NaN,NaN,NaN
350,4,0,614,695,535,513,501,414,562,370,NaN,NaN,NaN,NaN,NaN,NaN,NaN,NaN,NaN,NaN,NaN,NaN
351,4,0,612,695,537,515,503,415,565,370,NaN,NaN,NaN,NaN,NaN,NaN,NaN,NaN,NaN,NaN,NaN,NaN
352,4,0,611,695,541,515,505,415,567,370,NaN,NaN,NaN,NaN,NaN,NaN,NaN,NaN,NaN,NaN,NaN,NaN
353,4,0,611,695,544,515,507,415,569,369,NaN,NaN,NaN,NaN,NaN,NaN,NaN,NaN,NaN,NaN,NaN,NaN
354,4,0,610,695,546,515,510,414,573,368,NaN,NaN,NaN,NaN,NaN,NaN,NaN,NaN,NaN,NaN,NaN,NaN
355,4,0,610,695,549,515,512,413,575,366,NaN,NaN,NaN,NaN,NaN,NaN,NaN,NaN,NaN,NaN,NaN,NaN
356,4,0,608,695,550,514,513,412,577,366,NaN,NaN,NaN,NaN,NaN,NaN,NaN,NaN,NaN,NaN,NaN,NaN
357,4,0,606,695,551,514,514,411,578,365,NaN,NaN,NaN,NaN,NaN,NaN,NaN,NaN,NaN,NaN,NaN,NaN
358,4,0,602,695,551,514,513,411,578,364,NaN,NaN,NaN,NaN,NaN,NaN,NaN,NaN,NaN,NaN,NaN,NaN
359,4,0,598,695,549,514,511,411,576,364,NaN,NaN,NaN,NaN,NaN,NaN,NaN,NaN,NaN,NaN,NaN,NaN
360,4,0,593,695,547,516,510,412,575,366,NaN,NaN,NaN,NaN,NaN,NaN,NaN,NaN,NaN,NaN,NaN,NaN
361,4,0,589,695,548,518,509,414,574,366,NaN,NaN,NaN,NaN,NaN,NaN,NaN,NaN,NaN,NaN,NaN,NaN
362,4,0,586,695,548,519,510,415,575,367,NaN,NaN,NaN,NaN,NaN,NaN,NaN,NaN,NaN,NaN,NaN,NaN
363,4,0,584,695,550,521,511,416,577,368,NaN,NaN,NaN,NaN,NaN,NaN,NaN,NaN,NaN,NaN,NaN,NaN
364,4,0,583,695,553,522,514,416,580,368,NaN,NaN,NaN,NaN,NaN,NaN,NaN,NaN,NaN,NaN,NaN,NaN
365,4,0,583,695,555,522,516,416,583,367,NaN,NaN,NaN,NaN,NaN,NaN,NaN,NaN,NaN,NaN,NaN,NaN
366,4,0,583,695,557,524,518,416,585,367,NaN,NaN,NaN,NaN,NaN,NaN,NaN,NaN,NaN,NaN,NaN,NaN
367,4,0,581,695,558,524,519,416,586,367,NaN,NaN,NaN,NaN,NaN,NaN,NaN,NaN,NaN,NaN,NaN,NaN
368,4,0,581,695,561,524,522,415,589,366,NaN,NaN,NaN,NaN,NaN,NaN,NaN,NaN,NaN,NaN,NaN,NaN
369,4,0,582,695,566,525,526,416,594,366,NaN,NaN,NaN,NaN,NaN,NaN,NaN,NaN,NaN,NaN,NaN,NaN
370,4,0,583,695,570,526,530,417,598,367,NaN,NaN,NaN,NaN,NaN,NaN,NaN,NaN,NaN,NaN,NaN,NaN
371,4,0,584,695,573,528,533,417,601,368,NaN,NaN,NaN,NaN,NaN,NaN,NaN,NaN,NaN,NaN,NaN,NaN
372,4,0,584,695,576,530,536,419,604,370,NaN,NaN,NaN,NaN,NaN,NaN,NaN,NaN,NaN,NaN,NaN,NaN
373,4,0,583,695,577,532,537,420,605,371,NaN,NaN,NaN,NaN,NaN,NaN,NaN,NaN,NaN,NaN,NaN,NaN
374,4,0,582,695,579,533,539,421,607,371,NaN,NaN,NaN,NaN,NaN,NaN,NaN,NaN,NaN,NaN,NaN,NaN
375,4,0,582,695,581,534,541,421,609,372,NaN,NaN,NaN,NaN,NaN,NaN,NaN,NaN,NaN,NaN,NaN,NaN
376,4,0,582,695,584,535,544,421,613,372,NaN,NaN,NaN,NaN,NaN,NaN,NaN,NaN,NaN,NaN,NaN,NaN
377,4,0,583,695,587,536,547,422,616,372,NaN,NaN,NaN,NaN,NaN,NaN,NaN,NaN,NaN,NaN,NaN,NaN
378,4,0,583,695,590,536,550,422,619,372,NaN,NaN,NaN,NaN,NaN,NaN,NaN,NaN,NaN,NaN,NaN,NaN
379,4,0,584,695,593,538,553,422,622,373,NaN,NaN,NaN,NaN,NaN,NaN,NaN,NaN,NaN,NaN,NaN,NaN
380,4,0,585,695,597,540,556,424,625,374,NaN,NaN,NaN,NaN,NaN,NaN,NaN,NaN,NaN,NaN,NaN,NaN
381,4,0,585,695,600,542,560,426,628,376,NaN,NaN,NaN,NaN,NaN,NaN,NaN,NaN,NaN,NaN,NaN,NaN
382,4,0,586,695,603,545,563,428,632,379,NaN,NaN,NaN,NaN,NaN,NaN,NaN,NaN,NaN,NaN,NaN,NaN
383,4,0,585,695,605,548,565,430,634,380,NaN,NaN,NaN,NaN,NaN,NaN,NaN,NaN,NaN,NaN,NaN,NaN
384,4,0,586,695,607,550,567,431,636,382,NaN,NaN,NaN,NaN,NaN,NaN,NaN,NaN,NaN,NaN,NaN,NaN
385,4,0,586,695,611,552,571,432,640,383,NaN,NaN,NaN,NaN,NaN,NaN,NaN,NaN,NaN,NaN,NaN,NaN
386,4,0,587,695,615,554,574,433,643,384,NaN,NaN,NaN,NaN,NaN,NaN,NaN,NaN,NaN,NaN,NaN,NaN
387,4,1,586,700,615,553,574,433,643,384,NaN,NaN,NaN,NaN,NaN,NaN,NaN,NaN,NaN,NaN,NaN,NaN
388,4,0,589,695,616,556,576,434,645,385,NaN,NaN,NaN,NaN,NaN,NaN,NaN,NaN,NaN,NaN,NaN,NaN
389,4,0,590,695,617,558,578,435,647,387,NaN,NaN,NaN,NaN,NaN,NaN,NaN,NaN,NaN,NaN,NaN,NaN
390,4,0,592,695,618,561,580,437,649,388,NaN,NaN,NaN,NaN,NaN,NaN,NaN,NaN,NaN,NaN,NaN,NaN
391,4,0,593,695,619,563,583,438,651,390,NaN,NaN,NaN,NaN,NaN,NaN,NaN,NaN,NaN,NaN,NaN,NaN
392,4,0,595,695,620,566,585,440,653,391,NaN,NaN,NaN,NaN,NaN,NaN,NaN,NaN,NaN,NaN,NaN,NaN
393,4,0,597,695,622,569,587,441,655,393,NaN,NaN,NaN,NaN,NaN,NaN,NaN,NaN,NaN,NaN,NaN,NaN
394,4,0,599,695,623,572,589,443,657,395,NaN,NaN,NaN,NaN,NaN,NaN,NaN,NaN,NaN,NaN,NaN,NaN
395,4,0,602,695,626,574,593,444,660,396,NaN,NaN,NaN,NaN,NaN,NaN,NaN,NaN,NaN,NaN,NaN,NaN
396,4,0,605,695,628,576,596,445,664,397,NaN,NaN,NaN,NaN,NaN,NaN,NaN,NaN,NaN,NaN,NaN,NaN
397,4,0,608,695,631,578,599,446,667,398,NaN,NaN,NaN,NaN,NaN,NaN,NaN,NaN,NaN,NaN,NaN,NaN
398,4,0,611,695,633,581,602,447,670,399,NaN,NaN,NaN,NaN,NaN,NaN,NaN,NaN,NaN,NaN,NaN,NaN
399,4,0,614,695,635,583,604,449,673,401,NaN,NaN,NaN,NaN,NaN,NaN,NaN,NaN,NaN,NaN,NaN,NaN
400,4,0,617,695,637,586,607,450,675,402,NaN,NaN,NaN,NaN,NaN,NaN,NaN,NaN,NaN,NaN,NaN,NaN
401,4,0,619,695,639,588,612,450,678,403,NaN,NaN,NaN,NaN,NaN,NaN,NaN,NaN,NaN,NaN,NaN,NaN
402,4,0,622,695,641,590,614,452,680,404,NaN,NaN,NaN,NaN,NaN,NaN,NaN,NaN,NaN,NaN,NaN,NaN
403,4,0,625,695,643,592,617,453,683,406,NaN,NaN,NaN,NaN,NaN,NaN,NaN,NaN,NaN,NaN,NaN,NaN
404,4,0,628,695,646,594,619,454,685,407,NaN,NaN,NaN,NaN,NaN,NaN,NaN,NaN,NaN,NaN,NaN,NaN
405,4,0,630,695,648,597,622,455,688,407,NaN,NaN,NaN,NaN,NaN,NaN,NaN,NaN,NaN,NaN,NaN,NaN
406,4,0,633,695,650,600,624,456,691,409,NaN,NaN,NaN,NaN,NaN,NaN,NaN,NaN,NaN,NaN,NaN,NaN
407,4,0,636,695,653,603,627,458,694,411,NaN,NaN,NaN,NaN,NaN,NaN,NaN,NaN,NaN,NaN,NaN,NaN
408,4,0,640,695,655,607,630,461,697,413,NaN,NaN,NaN,NaN,NaN,NaN,NaN,NaN,NaN,NaN,NaN,NaN
409,4,0,643,695,658,611,631,462,699,415,NaN,NaN,NaN,NaN,NaN,NaN,NaN,NaN,NaN,NaN,NaN,NaN
410,4,0,644,695,659,614,633,464,701,416,NaN,NaN,NaN,NaN,NaN,NaN,NaN,NaN,NaN,NaN,NaN,NaN
411,4,0,646,695,661,617,634,465,703,417,NaN,NaN,NaN,NaN,NaN,NaN,NaN,NaN,NaN,NaN,NaN,NaN
412,4,0,647,695,662,620,635,466,704,418,NaN,NaN,NaN,NaN,NaN,NaN,NaN,NaN,NaN,NaN,NaN,NaN
413,4,0,649,695,663,622,636,467,706,419,NaN,NaN,NaN,NaN,NaN,NaN,NaN,NaN,NaN,NaN,NaN,NaN
414,4,0,650,695,664,625,637,469,707,421,NaN,NaN,NaN,NaN,NaN,NaN,NaN,NaN,NaN,NaN,NaN,NaN
415,4,0,651,695,665,627,638,469,709,422,NaN,NaN,NaN,NaN,NaN,NaN,NaN,NaN,NaN,NaN,NaN,NaN
416,4,0,653,695,666,629,640,470,710,423,NaN,NaN,NaN,NaN,NaN,NaN,NaN,NaN,NaN,NaN,NaN,NaN
417,4,0,653,695,667,631,641,471,712,424,NaN,NaN,NaN,NaN,NaN,NaN,NaN,NaN,NaN,NaN,NaN,NaN
418,4,0,654,695,668,633,642,471,713,424,NaN,NaN,NaN,NaN,NaN,NaN,NaN,NaN,NaN,NaN,NaN,NaN
419,4,0,655,695,669,636,643,472,714,425,NaN,NaN,NaN,NaN,NaN,NaN,NaN,NaN,NaN,NaN,NaN,NaN
420,4,1,655,695,669,636,643,472,714,425,NaN,NaN,NaN,NaN,NaN,NaN,NaN,NaN,NaN,NaN,NaN,NaN
421,4,0,662,695,673,622,647,486,717,425,NaN,NaN,NaN,NaN,NaN,NaN,NaN,NaN,NaN,NaN,NaN,NaN
422,4,0,670,695,676,607,650,499,719,426,NaN,NaN,NaN,NaN,NaN,NaN,NaN,NaN,NaN,NaN,NaN,NaN
423,4,0,677,695,680,592,652,511,721,426,NaN,NaN,NaN,NaN,NaN,NaN,NaN,NaN,NaN,NaN,NaN,NaN
424,4,0,683,695,682,576,669,471,728,422,NaN,NaN,NaN,NaN,NaN,NaN,NaN,NaN,NaN,NaN,NaN,NaN
425,4,1,689,694,685,558,657,480,723,424,NaN,NaN,NaN,NaN,NaN,NaN,NaN,NaN,NaN,NaN,NaN,NaN
426,6,0,687,695,684,557,659,477,722,423,839,387,818,364,NaN,NaN,NaN,NaN,NaN,NaN,NaN,NaN
427,6,0,685,695,682,556,660,475,721,421,839,385,818,363,NaN,NaN,NaN,NaN,NaN,NaN,NaN,NaN
428,6,0,683,695,682,554,657,473,720,420,839,384,818,361,NaN,NaN,NaN,NaN,NaN,NaN,NaN,NaN
429,6,0,681,695,681,553,657,472,719,419,839,382,818,360,NaN,NaN,NaN,NaN,NaN,NaN,NaN,NaN
430,6,0,679,695,679,551,656,470,718,418,838,381,817,358,NaN,NaN,NaN,NaN,NaN,NaN,NaN,NaN
431,6,0,676,695,678,549,654,468,717,417,838,380,816,357,NaN,NaN,NaN,NaN,NaN,NaN,NaN,NaN
432,6,0,675,695,677,547,651,465,715,415,837,378,815,355,NaN,NaN,NaN,NaN,NaN,NaN,NaN,NaN
433,6,0,673,695,675,546,650,463,713,414,836,376,815,353,NaN,NaN,NaN,NaN,NaN,NaN,NaN,NaN
434,6,0,671,695,673,545,648,461,711,413,835,375,814,352,NaN,NaN,NaN,NaN,NaN,NaN,NaN,NaN
435,6,0,669,695,671,545,645,461,709,413,834,375,812,352,NaN,NaN,NaN,NaN,NaN,NaN,NaN,NaN
436,6,0,667,695,670,546,644,460,709,413,833,375,812,352,NaN,NaN,NaN,NaN,NaN,NaN,NaN,NaN
437,6,0,667,695,670,547,644,460,708,413,833,375,812,352,NaN,NaN,NaN,NaN,NaN,NaN,NaN,NaN
438,6,0,667,695,670,548,642,461,707,414,834,376,812,352,NaN,NaN,NaN,NaN,NaN,NaN,NaN,NaN
439,6,0,665,695,669,550,641,461,706,416,833,377,811,354,NaN,NaN,NaN,NaN,NaN,NaN,NaN,NaN
440,6,0,663,695,667,553,638,463,704,418,830,380,808,356,NaN,NaN,NaN,NaN,NaN,NaN,NaN,NaN
441,6,0,658,695,662,554,632,465,699,420,825,381,803,358,NaN,NaN,NaN,NaN,NaN,NaN,NaN,NaN
442,6,0,652,695,656,555,627,465,693,421,820,382,799,358,NaN,NaN,NaN,NaN,NaN,NaN,NaN,NaN
443,6,0,648,695,651,554,621,464,687,420,815,381,794,358,NaN,NaN,NaN,NaN,NaN,NaN,NaN,NaN
444,6,0,642,695,647,551,615,461,684,420,812,380,789,356,NaN,NaN,NaN,NaN,NaN,NaN,NaN,NaN
445,6,0,640,692,643,547,612,457,680,415,807,377,787,353,NaN,NaN,NaN,NaN,NaN,NaN,NaN,NaN
446,6,0,638,690,641,543,609,452,677,411,807,374,785,350,NaN,NaN,NaN,NaN,NaN,NaN,NaN,NaN
447,6,0,637,687,640,538,608,448,676,407,806,370,785,346,NaN,NaN,NaN,NaN,NaN,NaN,NaN,NaN
448,6,0,637,687,640,536,607,443,677,403,807,367,785,344,NaN,NaN,NaN,NaN,NaN,NaN,NaN,NaN
449,6,0,637,686,640,533,606,441,677,400,808,366,785,343,NaN,NaN,NaN,NaN,NaN,NaN,NaN,NaN
450,6,0,639,688,640,533,605,441,676,399,806,368,786,342,NaN,NaN,NaN,NaN,NaN,NaN,NaN,NaN
451,6,0,638,692,638,535,599,440,673,400,804,370,784,343,NaN,NaN,NaN,NaN,NaN,NaN,NaN,NaN
452,6,1,638,692,638,534,599,439,673,400,804,370,784,343,NaN,NaN,NaN,NaN,NaN,NaN,NaN,NaN
453,6,0,636,695,635,536,599,441,670,397,798,374,782,343,NaN,NaN,NaN,NaN,NaN,NaN,NaN,NaN
454,6,0,635,695,633,540,594,444,667,405,798,375,779,346,NaN,NaN,NaN,NaN,NaN,NaN,NaN,NaN
455,6,0,635,695,632,541,592,445,666,405,797,375,777,347,NaN,NaN,NaN,NaN,NaN,NaN,NaN,NaN
456,6,0,634,695,631,542,588,445,666,404,793,376,777,347,NaN,NaN,NaN,NaN,NaN,NaN,NaN,NaN
457,6,0,634,695,630,544,587,446,667,405,794,375,775,347,NaN,NaN,NaN,NaN,NaN,NaN,NaN,NaN
458,6,0,634,695,630,544,586,446,667,405,794,375,774,347,NaN,NaN,NaN,NaN,NaN,NaN,NaN,NaN
459,6,0,636,695,630,546,586,447,667,405,792,377,775,346,NaN,NaN,NaN,NaN,NaN,NaN,NaN,NaN
460,6,0,638,695,631,547,587,448,668,405,794,376,775,347,NaN,NaN,NaN,NaN,NaN,NaN,NaN,NaN
461,6,0,640,695,633,548,587,448,670,405,795,375,775,345,NaN,NaN,NaN,NaN,NaN,NaN,NaN,NaN
462,6,0,642,695,634,548,588,448,671,404,796,374,774,344,NaN,NaN,NaN,NaN,NaN,NaN,NaN,NaN
463,6,0,644,695,635,549,588,448,672,404,797,373,774,342,NaN,NaN,NaN,NaN,NaN,NaN,NaN,NaN
464,6,0,645,695,636,549,588,448,672,404,797,373,773,341,NaN,NaN,NaN,NaN,NaN,NaN,NaN,NaN
465,6,0,646,695,636,551,587,449,673,404,796,372,772,341,NaN,NaN,NaN,NaN,NaN,NaN,NaN,NaN
466,6,0,646,695,637,553,587,450,673,405,796,372,772,341,NaN,NaN,NaN,NaN,NaN,NaN,NaN,NaN
467,6,0,647,695,637,555,587,451,674,407,795,372,771,341,NaN,NaN,NaN,NaN,NaN,NaN,NaN,NaN
468,6,0,647,695,637,557,587,453,674,408,795,373,770,341,NaN,NaN,NaN,NaN,NaN,NaN,NaN,NaN
469,6,0,647,695,638,559,587,454,674,410,795,373,770,342,NaN,NaN,NaN,NaN,NaN,NaN,NaN,NaN
470,6,0,647,695,638,561,586,455,674,411,795,374,770,342,NaN,NaN,NaN,NaN,NaN,NaN,NaN,NaN
471,6,0,646,695,637,561,585,455,674,411,795,374,768,340,NaN,NaN,NaN,NaN,NaN,NaN,NaN,NaN
472,6,0,645,695,636,562,584,455,673,411,793,372,767,340,NaN,NaN,NaN,NaN,NaN,NaN,NaN,NaN
473,6,0,645,695,636,563,583,456,671,411,792,372,767,340,NaN,NaN,NaN,NaN,NaN,NaN,NaN,NaN
474,6,0,644,695,635,565,582,458,671,412,791,372,766,340,NaN,NaN,NaN,NaN,NaN,NaN,NaN,NaN
475,6,0,643,695,635,568,582,460,670,414,791,373,765,340,NaN,NaN,NaN,NaN,NaN,NaN,NaN,NaN
476,6,0,642,695,634,571,581,462,670,416,790,374,764,341,NaN,NaN,NaN,NaN,NaN,NaN,NaN,NaN
477,6,0,640,695,632,576,578,465,667,419,788,376,763,342,NaN,NaN,NaN,NaN,NaN,NaN,NaN,NaN
478,6,0,637,695,632,581,577,469,666,422,788,378,761,344,NaN,NaN,NaN,NaN,NaN,NaN,NaN,NaN
479,6,0,637,695,632,586,577,473,665,426,788,381,761,347,NaN,NaN,NaN,NaN,NaN,NaN,NaN,NaN
480,6,0,638,695,633,592,578,477,665,429,790,384,763,349,NaN,NaN,NaN,NaN,NaN,NaN,NaN,NaN
481,6,0,638,695,633,597,579,481,665,432,790,386,765,351,NaN,NaN,NaN,NaN,NaN,NaN,NaN,NaN
482,6,0,638,695,634,604,578,485,665,435,790,389,763,352,NaN,NaN,NaN,NaN,NaN,NaN,NaN,NaN
483,6,0,636,695,633,610,576,489,664,439,790,391,764,356,NaN,NaN,NaN,NaN,NaN,NaN,NaN,NaN
484,6,0,634,695,632,613,574,491,662,441,789,392,762,355,NaN,NaN,NaN,NaN,NaN,NaN,NaN,NaN
485,6,0,631,695,629,615,571,491,660,442,787,390,760,355,NaN,NaN,NaN,NaN,NaN,NaN,NaN,NaN
486,6,0,628,695,626,618,568,493,657,443,785,390,758,354,NaN,NaN,NaN,NaN,NaN,NaN,NaN,NaN
487,6,0,626,695,623,621,565,494,654,444,783,390,756,354,NaN,NaN,NaN,NaN,NaN,NaN,NaN,NaN
488,6,0,623,695,622,625,562,497,651,446,781,391,754,354,NaN,NaN,NaN,NaN,NaN,NaN,NaN,NaN
489,6,0,621,695,620,630,561,501,649,449,780,394,753,355,NaN,NaN,NaN,NaN,NaN,NaN,NaN,NaN
490,6,0,620,695,619,635,559,504,648,452,780,395,751,356,NaN,NaN,NaN,NaN,NaN,NaN,NaN,NaN
491,6,0,618,695,617,640,557,507,646,454,779,396,750,357,NaN,NaN,NaN,NaN,NaN,NaN,NaN,NaN
492,6,0,617,695,616,645,555,510,645,457,779,398,749,359,NaN,NaN,NaN,NaN,NaN,NaN,NaN,NaN
493,6,0,616,695,615,651,553,515,644,460,778,400,747,361,NaN,NaN,NaN,NaN,NaN,NaN,NaN,NaN
494,6,0,616,695,615,657,552,518,643,463,777,402,746,362,NaN,NaN,NaN,NaN,NaN,NaN,NaN,NaN
495,6,0,615,695,614,663,550,522,642,466,777,404,745,364,NaN,NaN,NaN,NaN,NaN,NaN,NaN,NaN
496,6,0,615,695,613,668,549,526,641,469,776,406,743,365,NaN,NaN,NaN,NaN,NaN,NaN,NaN,NaN
497,6,0,615,695,613,680,547,533,640,474,775,410,741,368,NaN,NaN,NaN,NaN,NaN,NaN,NaN,NaN
498,5,1,615,695,547,533,640,474,775,410,741,368,NaN,NaN,NaN,NaN,NaN,NaN,NaN,NaN,NaN,NaN
499,5,0,611,695,547,537,641,477,774,412,741,370,NaN,NaN,NaN,NaN,NaN,NaN,NaN,NaN,NaN,NaN
500,5,0,609,695,546,541,642,480,775,414,740,371,NaN,NaN,NaN,NaN,NaN,NaN,NaN,NaN,NaN,NaN
501,5,0,606,695,546,545,642,483,775,416,738,374,NaN,NaN,NaN,NaN,NaN,NaN,NaN,NaN,NaN,NaN
502,5,0,603,695,546,549,643,487,775,419,738,376,NaN,NaN,NaN,NaN,NaN,NaN,NaN,NaN,NaN,NaN
503,5,0,597,695,544,555,643,491,774,421,735,378,NaN,NaN,NaN,NaN,NaN,NaN,NaN,NaN,NaN,NaN
504,5,0,594,695,544,559,643,494,773,423,734,380,NaN,NaN,NaN,NaN,NaN,NaN,NaN,NaN,NaN,NaN
505,5,0,590,695,543,563,643,498,773,425,732,382,NaN,NaN,NaN,NaN,NaN,NaN,NaN,NaN,NaN,NaN
506,5,0,588,695,543,567,644,500,773,427,731,383,NaN,NaN,NaN,NaN,NaN,NaN,NaN,NaN,NaN,NaN
507,5,0,587,695,544,570,647,503,773,427,731,384,NaN,NaN,NaN,NaN,NaN,NaN,NaN,NaN,NaN,NaN
508,5,0,586,695,545,573,649,505,774,428,732,386,NaN,NaN,NaN,NaN,NaN,NaN,NaN,NaN,NaN,NaN
509,5,0,582,695,543,576,648,506,774,429,729,386,NaN,NaN,NaN,NaN,NaN,NaN,NaN,NaN,NaN,NaN
510,5,0,578,695,542,578,648,507,772,429,726,386,NaN,NaN,NaN,NaN,NaN,NaN,NaN,NaN,NaN,NaN
511,5,0,575,695,540,579,647,507,769,429,725,386,NaN,NaN,NaN,NaN,NaN,NaN,NaN,NaN,NaN,NaN
512,5,0,572,695,538,580,647,508,768,428,723,386,NaN,NaN,NaN,NaN,NaN,NaN,NaN,NaN,NaN,NaN
513,5,0,570,695,538,582,647,509,767,428,722,386,NaN,NaN,NaN,NaN,NaN,NaN,NaN,NaN,NaN,NaN
514,5,0,569,695,538,583,648,509,768,428,722,386,NaN,NaN,NaN,NaN,NaN,NaN,NaN,NaN,NaN,NaN
515,5,0,568,695,538,585,650,510,768,428,721,386,NaN,NaN,NaN,NaN,NaN,NaN,NaN,NaN,NaN,NaN
516,5,0,566,695,538,587,651,511,769,428,721,387,NaN,NaN,NaN,NaN,NaN,NaN,NaN,NaN,NaN,NaN
517,5,0,563,695,537,589,651,513,769,429,721,387,NaN,NaN,NaN,NaN,NaN,NaN,NaN,NaN,NaN,NaN
518,5,0,560,695,537,592,652,515,769,430,720,388,NaN,NaN,NaN,NaN,NaN,NaN,NaN,NaN,NaN,NaN
519,5,0,558,695,536,595,652,516,768,431,719,389,NaN,NaN,NaN,NaN,NaN,NaN,NaN,NaN,NaN,NaN
520,5,0,555,695,535,598,653,518,768,432,718,390,NaN,NaN,NaN,NaN,NaN,NaN,NaN,NaN,NaN,NaN
521,5,0,552,695,534,601,653,520,768,433,718,391,NaN,NaN,NaN,NaN,NaN,NaN,NaN,NaN,NaN,NaN
522,5,0,550,695,533,605,654,523,769,435,718,393,NaN,NaN,NaN,NaN,NaN,NaN,NaN,NaN,NaN,NaN
523,5,0,547,695,532,610,655,527,769,437,718,395,NaN,NaN,NaN,NaN,NaN,NaN,NaN,NaN,NaN,NaN
524,5,0,544,695,531,616,656,531,770,441,717,398,NaN,NaN,NaN,NaN,NaN,NaN,NaN,NaN,NaN,NaN
525,5,0,540,695,528,623,656,536,769,443,716,401,NaN,NaN,NaN,NaN,NaN,NaN,NaN,NaN,NaN,NaN
526,5,0,536,695,526,629,656,541,769,446,715,404,NaN,NaN,NaN,NaN,NaN,NaN,NaN,NaN,NaN,NaN
527,5,0,531,695,523,634,655,544,768,448,713,406,NaN,NaN,NaN,NaN,NaN,NaN,NaN,NaN,NaN,NaN
528,5,0,527,695,520,639,654,548,767,450,712,408,NaN,NaN,NaN,NaN,NaN,NaN,NaN,NaN,NaN,NaN
529,5,0,523,695,517,645,654,551,765,452,710,410,NaN,NaN,NaN,NaN,NaN,NaN,NaN,NaN,NaN,NaN
530,5,0,519,695,514,649,653,554,764,453,708,411,NaN,NaN,NaN,NaN,NaN,NaN,NaN,NaN,NaN,NaN
531,5,0,515,695,511,654,652,557,763,454,707,412,NaN,NaN,NaN,NaN,NaN,NaN,NaN,NaN,NaN,NaN
532,5,0,512,695,509,658,652,559,763,456,706,414,NaN,NaN,NaN,NaN,NaN,NaN,NaN,NaN,NaN,NaN
533,5,0,511,695,508,663,653,562,764,457,706,415,NaN,NaN,NaN,NaN,NaN,NaN,NaN,NaN,NaN,NaN
534,5,0,509,695,506,668,654,566,763,459,706,417,NaN,NaN,NaN,NaN,NaN,NaN,NaN,NaN,NaN,NaN
535,5,0,506,695,504,674,654,569,763,461,705,419,NaN,NaN,NaN,NaN,NaN,NaN,NaN,NaN,NaN,NaN
536,5,0,504,695,502,679,654,572,763,462,704,420,NaN,NaN,NaN,NaN,NaN,NaN,NaN,NaN,NaN,NaN
537,5,0,501,695,500,683,654,574,762,463,702,421,NaN,NaN,NaN,NaN,NaN,NaN,NaN,NaN,NaN,NaN
538,4,1,501,695,655,574,762,463,702,421,NaN,NaN,NaN,NaN,NaN,NaN,NaN,NaN,NaN,NaN,NaN,NaN
539,4,0,510,695,654,576,762,464,701,421,NaN,NaN,NaN,NaN,NaN,NaN,NaN,NaN,NaN,NaN,NaN,NaN
540,4,0,518,695,654,579,761,464,701,422,NaN,NaN,NaN,NaN,NaN,NaN,NaN,NaN,NaN,NaN,NaN,NaN
541,4,0,525,695,653,581,760,465,700,422,NaN,NaN,NaN,NaN,NaN,NaN,NaN,NaN,NaN,NaN,NaN,NaN
542,4,0,533,695,651,584,759,467,698,423,NaN,NaN,NaN,NaN,NaN,NaN,NaN,NaN,NaN,NaN,NaN,NaN
543,4,0,539,695,650,587,757,468,696,424,NaN,NaN,NaN,NaN,NaN,NaN,NaN,NaN,NaN,NaN,NaN,NaN
544,4,0,546,695,649,592,756,471,695,427,NaN,NaN,NaN,NaN,NaN,NaN,NaN,NaN,NaN,NaN,NaN,NaN
545,4,0,555,695,648,596,755,475,693,429,NaN,NaN,NaN,NaN,NaN,NaN,NaN,NaN,NaN,NaN,NaN,NaN
546,4,0,564,695,648,601,754,478,692,432,NaN,NaN,NaN,NaN,NaN,NaN,NaN,NaN,NaN,NaN,NaN,NaN
547,4,0,573,695,648,606,753,481,690,435,NaN,NaN,NaN,NaN,NaN,NaN,NaN,NaN,NaN,NaN,NaN,NaN
548,4,0,580,695,648,610,753,483,689,437,NaN,NaN,NaN,NaN,NaN,NaN,NaN,NaN,NaN,NaN,NaN,NaN
549,4,0,587,695,649,613,754,485,690,439,NaN,NaN,NaN,NaN,NaN,NaN,NaN,NaN,NaN,NaN,NaN,NaN
550,4,0,595,695,651,617,756,486,691,440,NaN,NaN,NaN,NaN,NaN,NaN,NaN,NaN,NaN,NaN,NaN,NaN
551,4,0,603,695,653,620,757,488,692,441,NaN,NaN,NaN,NaN,NaN,NaN,NaN,NaN,NaN,NaN,NaN,NaN
552,4,0,609,695,655,623,759,489,693,442,NaN,NaN,NaN,NaN,NaN,NaN,NaN,NaN,NaN,NaN,NaN,NaN
553,4,0,614,695,656,625,759,489,692,442,NaN,NaN,NaN,NaN,NaN,NaN,NaN,NaN,NaN,NaN,NaN,NaN
554,4,0,618,695,656,627,759,489,692,441,NaN,NaN,NaN,NaN,NaN,NaN,NaN,NaN,NaN,NaN,NaN,NaN
555,4,0,621,695,656,628,758,488,690,440,NaN,NaN,NaN,NaN,NaN,NaN,NaN,NaN,NaN,NaN,NaN,NaN
556,4,0,623,695,654,629,756,487,688,439,NaN,NaN,NaN,NaN,NaN,NaN,NaN,NaN,NaN,NaN,NaN,NaN
557,4,0,624,695,653,632,755,488,686,439,NaN,NaN,NaN,NaN,NaN,NaN,NaN,NaN,NaN,NaN,NaN,NaN
558,4,0,627,695,652,635,753,489,684,440,NaN,NaN,NaN,NaN,NaN,NaN,NaN,NaN,NaN,NaN,NaN,NaN
559,4,0,629,695,651,638,752,490,683,441,NaN,NaN,NaN,NaN,NaN,NaN,NaN,NaN,NaN,NaN,NaN,NaN
560,4,0,631,695,651,642,751,492,682,442,NaN,NaN,NaN,NaN,NaN,NaN,NaN,NaN,NaN,NaN,NaN,NaN
561,4,0,633,695,650,646,750,494,681,444,NaN,NaN,NaN,NaN,NaN,NaN,NaN,NaN,NaN,NaN,NaN,NaN
562,4,0,635,695,649,651,749,496,679,445,NaN,NaN,NaN,NaN,NaN,NaN,NaN,NaN,NaN,NaN,NaN,NaN
563,4,0,636,695,649,655,749,498,678,447,NaN,NaN,NaN,NaN,NaN,NaN,NaN,NaN,NaN,NaN,NaN,NaN
564,4,0,637,695,648,660,747,500,676,449,NaN,NaN,NaN,NaN,NaN,NaN,NaN,NaN,NaN,NaN,NaN,NaN
565,4,0,637,695,646,665,746,503,674,451,NaN,NaN,NaN,NaN,NaN,NaN,NaN,NaN,NaN,NaN,NaN,NaN
566,4,0,637,695,644,671,744,505,672,453,NaN,NaN,NaN,NaN,NaN,NaN,NaN,NaN,NaN,NaN,NaN,NaN
567,4,0,636,695,643,677,743,508,670,456,NaN,NaN,NaN,NaN,NaN,NaN,NaN,NaN,NaN,NaN,NaN,NaN
568,4,0,635,695,641,682,741,511,668,458,NaN,NaN,NaN,NaN,NaN,NaN,NaN,NaN,NaN,NaN,NaN,NaN
569,3,1,635,695,741,511,668,458,NaN,NaN,NaN,NaN,NaN,NaN,NaN,NaN,NaN,NaN,NaN,NaN,NaN,NaN
570,3,0,640,695,740,514,666,460,NaN,NaN,NaN,NaN,NaN,NaN,NaN,NaN,NaN,NaN,NaN,NaN,NaN,NaN
571,3,0,645,695,738,514,664,462,NaN,NaN,NaN,NaN,NaN,NaN,NaN,NaN,NaN,NaN,NaN,NaN,NaN,NaN
572,3,0,648,695,737,519,661,465,NaN,NaN,NaN,NaN,NaN,NaN,NaN,NaN,NaN,NaN,NaN,NaN,NaN,NaN
573,3,0,652,695,736,523,659,469,NaN,NaN,NaN,NaN,NaN,NaN,NaN,NaN,NaN,NaN,NaN,NaN,NaN,NaN
574,3,0,653,695,732,524,655,472,NaN,NaN,NaN,NaN,NaN,NaN,NaN,NaN,NaN,NaN,NaN,NaN,NaN,NaN
575,3,0,652,695,730,525,650,473,NaN,NaN,NaN,NaN,NaN,NaN,NaN,NaN,NaN,NaN,NaN,NaN,NaN,NaN
576,3,0,650,695,724,526,647,474,NaN,NaN,NaN,NaN,NaN,NaN,NaN,NaN,NaN,NaN,NaN,NaN,NaN,NaN
577,3,0,648,695,721,526,642,474,NaN,NaN,NaN,NaN,NaN,NaN,NaN,NaN,NaN,NaN,NaN,NaN,NaN,NaN
578,3,1,648,695,721,526,642,474,NaN,NaN,NaN,NaN,NaN,NaN,NaN,NaN,NaN,NaN,NaN,NaN,NaN,NaN
579,3,0,650,695,720,526,641,474,NaN,NaN,NaN,NaN,NaN,NaN,NaN,NaN,NaN,NaN,NaN,NaN,NaN,NaN
580,3,0,652,695,719,525,639,472,NaN,NaN,NaN,NaN,NaN,NaN,NaN,NaN,NaN,NaN,NaN,NaN,NaN,NaN
581,3,0,653,695,719,523,637,471,NaN,NaN,NaN,NaN,NaN,NaN,NaN,NaN,NaN,NaN,NaN,NaN,NaN,NaN
582,3,0,655,695,717,523,636,470,NaN,NaN,NaN,NaN,NaN,NaN,NaN,NaN,NaN,NaN,NaN,NaN,NaN,NaN
583,3,0,657,695,716,523,634,470,NaN,NaN,NaN,NaN,NaN,NaN,NaN,NaN,NaN,NaN,NaN,NaN,NaN,NaN
584,3,0,659,695,716,523,633,470,NaN,NaN,NaN,NaN,NaN,NaN,NaN,NaN,NaN,NaN,NaN,NaN,NaN,NaN
585,3,0,661,695,716,523,632,469,NaN,NaN,NaN,NaN,NaN,NaN,NaN,NaN,NaN,NaN,NaN,NaN,NaN,NaN
586,3,0,663,695,715,523,630,469,NaN,NaN,NaN,NaN,NaN,NaN,NaN,NaN,NaN,NaN,NaN,NaN,NaN,NaN
587,3,0,665,695,715,523,629,469,NaN,NaN,NaN,NaN,NaN,NaN,NaN,NaN,NaN,NaN,NaN,NaN,NaN,NaN
588,3,0,666,695,714,523,626,469,NaN,NaN,NaN,NaN,NaN,NaN,NaN,NaN,NaN,NaN,NaN,NaN,NaN,NaN
589,3,0,668,695,713,523,625,468,NaN,NaN,NaN,NaN,NaN,NaN,NaN,NaN,NaN,NaN,NaN,NaN,NaN,NaN
590,3,0,670,695,712,524,623,469,NaN,NaN,NaN,NaN,NaN,NaN,NaN,NaN,NaN,NaN,NaN,NaN,NaN,NaN
591,3,0,671,695,712,525,621,469,NaN,NaN,NaN,NaN,NaN,NaN,NaN,NaN,NaN,NaN,NaN,NaN,NaN,NaN
592,3,0,673,695,711,526,619,470,NaN,NaN,NaN,NaN,NaN,NaN,NaN,NaN,NaN,NaN,NaN,NaN,NaN,NaN
593,3,0,674,695,709,528,617,472,NaN,NaN,NaN,NaN,NaN,NaN,NaN,NaN,NaN,NaN,NaN,NaN,NaN,NaN
594,3,0,675,695,708,530,615,474,NaN,NaN,NaN,NaN,NaN,NaN,NaN,NaN,NaN,NaN,NaN,NaN,NaN,NaN
595,3,0,676,695,708,532,613,476,NaN,NaN,NaN,NaN,NaN,NaN,NaN,NaN,NaN,NaN,NaN,NaN,NaN,NaN
596,3,0,678,695,708,534,612,478,NaN,NaN,NaN,NaN,NaN,NaN,NaN,NaN,NaN,NaN,NaN,NaN,NaN,NaN
597,3,0,678,695,706,536,610,479,NaN,NaN,NaN,NaN,NaN,NaN,NaN,NaN,NaN,NaN,NaN,NaN,NaN,NaN
598,3,0,678,695,706,536,610,479,NaN,NaN,NaN,NaN,NaN,NaN,NaN,NaN,NaN,NaN,NaN,NaN,NaN,NaN
599,3,0,675,695,702,536,605,479,NaN,NaN,NaN,NaN,NaN,NaN,NaN,NaN,NaN,NaN,NaN,NaN,NaN,NaN
600,3,0,673,695,697,536,600,478,NaN,NaN,NaN,NaN,NaN,NaN,NaN,NaN,NaN,NaN,NaN,NaN,NaN,NaN
601,3,0,671,695,694,536,596,479,NaN,NaN,NaN,NaN,NaN,NaN,NaN,NaN,NaN,NaN,NaN,NaN,NaN,NaN
602,3,0,670,695,692,537,594,479,NaN,NaN,NaN,NaN,NaN,NaN,NaN,NaN,NaN,NaN,NaN,NaN,NaN,NaN
603,3,0,670,695,691,538,592,480,NaN,NaN,NaN,NaN,NaN,NaN,NaN,NaN,NaN,NaN,NaN,NaN,NaN,NaN
604,3,0,670,695,689,539,590,480,NaN,NaN,NaN,NaN,NaN,NaN,NaN,NaN,NaN,NaN,NaN,NaN,NaN,NaN
605,3,0,669,695,688,540,588,481,NaN,NaN,NaN,NaN,NaN,NaN,NaN,NaN,NaN,NaN,NaN,NaN,NaN,NaN
606,3,0,668,695,687,541,586,482,NaN,NaN,NaN,NaN,NaN,NaN,NaN,NaN,NaN,NaN,NaN,NaN,NaN,NaN
607,3,0,667,695,685,542,584,482,NaN,NaN,NaN,NaN,NaN,NaN,NaN,NaN,NaN,NaN,NaN,NaN,NaN,NaN
608,3,0,666,695,684,543,582,483,NaN,NaN,NaN,NaN,NaN,NaN,NaN,NaN,NaN,NaN,NaN,NaN,NaN,NaN
609,3,0,665,695,682,544,580,484,NaN,NaN,NaN,NaN,NaN,NaN,NaN,NaN,NaN,NaN,NaN,NaN,NaN,NaN
610,3,0,664,695,681,545,578,484,NaN,NaN,NaN,NaN,NaN,NaN,NaN,NaN,NaN,NaN,NaN,NaN,NaN,NaN
611,3,0,663,695,679,547,576,485,NaN,NaN,NaN,NaN,NaN,NaN,NaN,NaN,NaN,NaN,NaN,NaN,NaN,NaN
612,3,0,661,695,677,548,574,486,NaN,NaN,NaN,NaN,NaN,NaN,NaN,NaN,NaN,NaN,NaN,NaN,NaN,NaN
613,3,0,660,695,676,550,572,487,NaN,NaN,NaN,NaN,NaN,NaN,NaN,NaN,NaN,NaN,NaN,NaN,NaN,NaN
614,3,0,659,695,674,552,570,488,NaN,NaN,NaN,NaN,NaN,NaN,NaN,NaN,NaN,NaN,NaN,NaN,NaN,NaN
615,3,0,658,695,673,554,568,489,NaN,NaN,NaN,NaN,NaN,NaN,NaN,NaN,NaN,NaN,NaN,NaN,NaN,NaN
616,3,0,657,695,672,555,566,490,NaN,NaN,NaN,NaN,NaN,NaN,NaN,NaN,NaN,NaN,NaN,NaN,NaN,NaN
617,3,0,657,695,671,557,566,491,NaN,NaN,NaN,NaN,NaN,NaN,NaN,NaN,NaN,NaN,NaN,NaN,NaN,NaN
618,3,0,657,695,671,558,565,492,NaN,NaN,NaN,NaN,NaN,NaN,NaN,NaN,NaN,NaN,NaN,NaN,NaN,NaN
619,4,0,658,695,671,541,552,502,366,509,NaN,NaN,NaN,NaN,NaN,NaN,NaN,NaN,NaN,NaN,NaN,NaN
620,4,0,657,695,670,541,550,502,364,510,NaN,NaN,NaN,NaN,NaN,NaN,NaN,NaN,NaN,NaN,NaN,NaN
621,4,0,656,695,669,541,548,503,362,510,NaN,NaN,NaN,NaN,NaN,NaN,NaN,NaN,NaN,NaN,NaN,NaN
622,4,0,654,695,667,540,546,502,359,510,NaN,NaN,NaN,NaN,NaN,NaN,NaN,NaN,NaN,NaN,NaN,NaN
623,4,0,652,695,665,539,544,502,356,509,NaN,NaN,NaN,NaN,NaN,NaN,NaN,NaN,NaN,NaN,NaN,NaN
624,4,0,650,695,663,539,541,502,353,509,NaN,NaN,NaN,NaN,NaN,NaN,NaN,NaN,NaN,NaN,NaN,NaN
625,4,0,649,695,662,539,539,502,350,509,NaN,NaN,NaN,NaN,NaN,NaN,NaN,NaN,NaN,NaN,NaN,NaN
626,4,0,648,695,661,539,537,503,348,509,NaN,NaN,NaN,NaN,NaN,NaN,NaN,NaN,NaN,NaN,NaN,NaN
627,4,0,647,695,660,539,535,503,346,510,NaN,NaN,NaN,NaN,NaN,NaN,NaN,NaN,NaN,NaN,NaN,NaN
628,4,0,647,695,659,540,534,505,344,511,NaN,NaN,NaN,NaN,NaN,NaN,NaN,NaN,NaN,NaN,NaN,NaN
629,4,0,646,695,659,541,532,506,342,512,NaN,NaN,NaN,NaN,NaN,NaN,NaN,NaN,NaN,NaN,NaN,NaN
630,4,0,645,695,658,543,531,508,340,514,NaN,NaN,NaN,NaN,NaN,NaN,NaN,NaN,NaN,NaN,NaN,NaN
631,4,0,645,695,657,544,529,510,338,515,NaN,NaN,NaN,NaN,NaN,NaN,NaN,NaN,NaN,NaN,NaN,NaN
632,4,0,646,695,658,546,529,511,338,516,NaN,NaN,NaN,NaN,NaN,NaN,NaN,NaN,NaN,NaN,NaN,NaN
633,4,0,648,695,660,547,529,513,337,517,NaN,NaN,NaN,NaN,NaN,NaN,NaN,NaN,NaN,NaN,NaN,NaN
634,4,0,651,695,662,549,530,515,338,519,NaN,NaN,NaN,NaN,NaN,NaN,NaN,NaN,NaN,NaN,NaN,NaN
635,4,0,653,695,664,552,531,518,338,521,NaN,NaN,NaN,NaN,NaN,NaN,NaN,NaN,NaN,NaN,NaN,NaN
636,4,1,653,695,664,551,531,518,338,521,NaN,NaN,NaN,NaN,NaN,NaN,NaN,NaN,NaN,NaN,NaN,NaN
637,5,0,656,695,665,554,531,519,337,523,267,504,NaN,NaN,NaN,NaN,NaN,NaN,NaN,NaN,NaN,NaN
638,5,0,659,695,665,557,531,522,335,526,263,510,NaN,NaN,NaN,NaN,NaN,NaN,NaN,NaN,NaN,NaN
639,5,0,661,695,666,560,531,522,334,528,259,513,NaN,NaN,NaN,NaN,NaN,NaN,NaN,NaN,NaN,NaN
640,5,0,664,695,667,559,531,522,333,528,256,512,NaN,NaN,NaN,NaN,NaN,NaN,NaN,NaN,NaN,NaN
641,5,0,668,695,668,560,532,521,332,528,254,512,NaN,NaN,NaN,NaN,NaN,NaN,NaN,NaN,NaN,NaN
642,5,0,670,695,668,560,532,520,332,528,250,512,NaN,NaN,NaN,NaN,NaN,NaN,NaN,NaN,NaN,NaN
643,5,0,672,695,670,561,532,521,332,529,246,513,NaN,NaN,NaN,NaN,NaN,NaN,NaN,NaN,NaN,NaN
644,5,0,674,695,670,563,532,521,330,529,242,517,NaN,NaN,NaN,NaN,NaN,NaN,NaN,NaN,NaN,NaN
645,5,0,676,695,670,564,532,522,330,531,238,521,NaN,NaN,NaN,NaN,NaN,NaN,NaN,NaN,NaN,NaN
646,5,0,677,695,670,566,532,524,328,532,234,525,NaN,NaN,NaN,NaN,NaN,NaN,NaN,NaN,NaN,NaN
647,5,0,677,695,669,568,531,525,327,534,231,530,NaN,NaN,NaN,NaN,NaN,NaN,NaN,NaN,NaN,NaN
648,5,0,679,695,669,570,530,526,326,536,228,539,NaN,NaN,NaN,NaN,NaN,NaN,NaN,NaN,NaN,NaN
649,5,0,680,695,668,572,529,527,324,537,222,544,NaN,NaN,NaN,NaN,NaN,NaN,NaN,NaN,NaN,NaN
650,5,0,680,695,667,573,528,528,322,538,218,549,NaN,NaN,NaN,NaN,NaN,NaN,NaN,NaN,NaN,NaN
651,5,0,680,695,666,574,526,529,320,539,213,553,NaN,NaN,NaN,NaN,NaN,NaN,NaN,NaN,NaN,NaN
652,5,0,681,695,665,575,525,529,318,539,208,557,NaN,NaN,NaN,NaN,NaN,NaN,NaN,NaN,NaN,NaN
653,5,0,681,695,664,576,524,529,317,540,204,562,NaN,NaN,NaN,NaN,NaN,NaN,NaN,NaN,NaN,NaN
654,5,0,683,695,665,577,524,530,317,541,199,565,NaN,NaN,NaN,NaN,NaN,NaN,NaN,NaN,NaN,NaN
655,5,0,685,695,665,578,524,530,317,541,195,570,NaN,NaN,NaN,NaN,NaN,NaN,NaN,NaN,NaN,NaN
656,5,0,687,695,666,579,525,531,317,542,190,575,NaN,NaN,NaN,NaN,NaN,NaN,NaN,NaN,NaN,NaN
657,5,0,689,695,666,580,524,532,316,543,184,579,NaN,NaN,NaN,NaN,NaN,NaN,NaN,NaN,NaN,NaN
658,5,0,690,695,666,582,523,533,314,544,177,587,NaN,NaN,NaN,NaN,NaN,NaN,NaN,NaN,NaN,NaN
659,5,0,690,695,664,583,521,535,312,545,165,592,NaN,NaN,NaN,NaN,NaN,NaN,NaN,NaN,NaN,NaN
660,5,0,689,695,663,585,518,536,309,546,155,597,NaN,NaN,NaN,NaN,NaN,NaN,NaN,NaN,NaN,NaN
661,5,0,689,695,660,586,515,537,306,547,144,603,NaN,NaN,NaN,NaN,NaN,NaN,NaN,NaN,NaN,NaN
662,5,0,688,695,658,588,511,539,302,549,130,608,NaN,NaN,NaN,NaN,NaN,NaN,NaN,NaN,NaN,NaN
663,5,0,688,695,657,590,509,541,299,550,121,614,NaN,NaN,NaN,NaN,NaN,NaN,NaN,NaN,NaN,NaN
664,5,0,690,695,658,591,508,542,299,551,112,622,NaN,NaN,NaN,NaN,NaN,NaN,NaN,NaN,NaN,NaN
665,5,0,693,695,659,592,509,544,300,552,115,621,NaN,NaN,NaN,NaN,NaN,NaN,NaN,NaN,NaN,NaN
666,5,0,697,695,661,593,509,544,302,552,118,621,NaN,NaN,NaN,NaN,NaN,NaN,NaN,NaN,NaN,NaN
667,5,0,699,695,662,594,509,545,302,552,119,621,NaN,NaN,NaN,NaN,NaN,NaN,NaN,NaN,NaN,NaN
668,5,0,701,695,662,595,509,546,302,553,120,621,NaN,NaN,NaN,NaN,NaN,NaN,NaN,NaN,NaN,NaN
669,5,0,703,695,661,597,507,548,301,554,120,621,NaN,NaN,NaN,NaN,NaN,NaN,NaN,NaN,NaN,NaN
670,5,0,704,695,661,599,506,550,300,555,119,622,NaN,NaN,NaN,NaN,NaN,NaN,NaN,NaN,NaN,NaN
671,5,0,704,695,659,600,504,551,298,557,118,623,NaN,NaN,NaN,NaN,NaN,NaN,NaN,NaN,NaN,NaN
672,5,0,705,695,658,602,502,553,295,558,117,625,NaN,NaN,NaN,NaN,NaN,NaN,NaN,NaN,NaN,NaN
673,5,0,705,695,657,604,500,554,293,560,116,626,NaN,NaN,NaN,NaN,NaN,NaN,NaN,NaN,NaN,NaN
674,5,0,706,695,656,607,499,556,291,562,114,627,NaN,NaN,NaN,NaN,NaN,NaN,NaN,NaN,NaN,NaN
675,5,0,707,695,655,609,497,558,289,564,113,629,NaN,NaN,NaN,NaN,NaN,NaN,NaN,NaN,NaN,NaN
676,5,0,708,695,655,611,496,560,287,566,112,631,NaN,NaN,NaN,NaN,NaN,NaN,NaN,NaN,NaN,NaN
677,5,1,708,695,653,611,494,560,286,567,112,631,NaN,NaN,NaN,NaN,NaN,NaN,NaN,NaN,NaN,NaN
678,5,0,705,695,654,614,495,562,285,569,111,633,NaN,NaN,NaN,NaN,NaN,NaN,NaN,NaN,NaN,NaN
679,5,0,703,695,655,617,495,564,285,570,110,635,NaN,NaN,NaN,NaN,NaN,NaN,NaN,NaN,NaN,NaN
680,5,0,701,695,656,620,496,565,283,572,108,637,NaN,NaN,NaN,NaN,NaN,NaN,NaN,NaN,NaN,NaN
681,5,0,699,695,656,623,497,567,282,575,105,641,NaN,NaN,NaN,NaN,NaN,NaN,NaN,NaN,NaN,NaN
682,5,0,697,695,657,626,498,570,280,576,103,643,NaN,NaN,NaN,NaN,NaN,NaN,NaN,NaN,NaN,NaN
683,5,0,696,695,659,628,498,571,280,578,101,645,NaN,NaN,NaN,NaN,NaN,NaN,NaN,NaN,NaN,NaN
684,5,0,695,695,661,631,500,573,279,579,99,647,NaN,NaN,NaN,NaN,NaN,NaN,NaN,NaN,NaN,NaN
685,5,0,695,695,662,633,502,574,279,581,98,649,NaN,NaN,NaN,NaN,NaN,NaN,NaN,NaN,NaN,NaN
686,5,0,695,695,664,636,503,576,278,582,97,651,NaN,NaN,NaN,NaN,NaN,NaN,NaN,NaN,NaN,NaN
687,5,0,695,695,666,638,504,577,278,584,96,653,NaN,NaN,NaN,NaN,NaN,NaN,NaN,NaN,NaN,NaN
688,5,0,695,695,668,640,506,579,277,585,94,655,NaN,NaN,NaN,NaN,NaN,NaN,NaN,NaN,NaN,NaN
689,5,0,696,695,670,642,507,580,277,586,93,657,NaN,NaN,NaN,NaN,NaN,NaN,NaN,NaN,NaN,NaN
690,5,0,696,695,671,644,509,581,275,587,91,659,NaN,NaN,NaN,NaN,NaN,NaN,NaN,NaN,NaN,NaN
691,5,0,696,695,673,646,509,582,274,588,89,661,NaN,NaN,NaN,NaN,NaN,NaN,NaN,NaN,NaN,NaN
692,5,0,696,695,674,647,510,583,272,589,86,663,NaN,NaN,NaN,NaN,NaN,NaN,NaN,NaN,NaN,NaN
693,5,0,696,695,675,649,510,583,271,590,84,664,NaN,NaN,NaN,NaN,NaN,NaN,NaN,NaN,NaN,NaN
694,5,0,696,695,675,650,511,584,270,591,82,666,NaN,NaN,NaN,NaN,NaN,NaN,NaN,NaN,NaN,NaN
695,5,0,696,695,676,652,512,585,269,592,81,668,NaN,NaN,NaN,NaN,NaN,NaN,NaN,NaN,NaN,NaN
696,5,0,696,695,677,654,513,586,268,594,79,670,NaN,NaN,NaN,NaN,NaN,NaN,NaN,NaN,NaN,NaN
697,5,0,696,695,678,656,514,587,267,595,78,672,NaN,NaN,NaN,NaN,NaN,NaN,NaN,NaN,NaN,NaN
698,5,0,697,695,680,657,516,588,267,595,77,673,NaN,NaN,NaN,NaN,NaN,NaN,NaN,NaN,NaN,NaN
699,5,0,698,695,681,658,517,588,267,596,76,675,NaN,NaN,NaN,NaN,NaN,NaN,NaN,NaN,NaN,NaN
700,5,0,698,695,682,661,518,590,266,598,74,677,NaN,NaN,NaN,NaN,NaN,NaN,NaN,NaN,NaN,NaN
701,5,0,698,695,683,664,518,592,264,600,72,680,NaN,NaN,NaN,NaN,NaN,NaN,NaN,NaN,NaN,NaN
702,5,0,699,695,683,666,519,594,263,602,70,683,NaN,NaN,NaN,NaN,NaN,NaN,NaN,NaN,NaN,NaN
703,5,0,699,695,684,670,519,596,261,605,67,687,NaN,NaN,NaN,NaN,NaN,NaN,NaN,NaN,NaN,NaN
704,4,1,699,695,520,596,261,605,67,687,NaN,NaN,NaN,NaN,NaN,NaN,NaN,NaN,NaN,NaN,NaN,NaN
705,4,1,699,695,520,596,261,605,67,687,NaN,NaN,NaN,NaN,NaN,NaN,NaN,NaN,NaN,NaN,NaN,NaN
706,4,1,699,695,520,596,261,605,67,687,NaN,NaN,NaN,NaN,NaN,NaN,NaN,NaN,NaN,NaN,NaN,NaN
707,3,1,699,695,482,614,145,652,NaN,NaN,NaN,NaN,NaN,NaN,NaN,NaN,NaN,NaN,NaN,NaN,NaN,NaN
708,3,0,687,695,478,619,143,656,NaN,NaN,NaN,NaN,NaN,NaN,NaN,NaN,NaN,NaN,NaN,NaN,NaN,NaN
709,3,0,681,695,475,622,143,658,NaN,NaN,NaN,NaN,NaN,NaN,NaN,NaN,NaN,NaN,NaN,NaN,NaN,NaN
710,3,0,676,695,472,626,145,659,NaN,NaN,NaN,NaN,NaN,NaN,NaN,NaN,NaN,NaN,NaN,NaN,NaN,NaN
711,3,0,673,695,467,629,144,661,NaN,NaN,NaN,NaN,NaN,NaN,NaN,NaN,NaN,NaN,NaN,NaN,NaN,NaN
712,3,0,668,695,462,633,142,663,NaN,NaN,NaN,NaN,NaN,NaN,NaN,NaN,NaN,NaN,NaN,NaN,NaN,NaN
713,3,0,663,695,455,637,138,666,NaN,NaN,NaN,NaN,NaN,NaN,NaN,NaN,NaN,NaN,NaN,NaN,NaN,NaN
714,3,0,658,695,448,641,132,669,NaN,NaN,NaN,NaN,NaN,NaN,NaN,NaN,NaN,NaN,NaN,NaN,NaN,NaN
715,3,0,653,695,437,645,124,672,NaN,NaN,NaN,NaN,NaN,NaN,NaN,NaN,NaN,NaN,NaN,NaN,NaN,NaN
716,3,0,650,695,427,649,118,674,NaN,NaN,NaN,NaN,NaN,NaN,NaN,NaN,NaN,NaN,NaN,NaN,NaN,NaN
717,3,0,647,695,418,653,113,677,NaN,NaN,NaN,NaN,NaN,NaN,NaN,NaN,NaN,NaN,NaN,NaN,NaN,NaN
718,3,1,650,700,415,655,115,677,NaN,NaN,NaN,NaN,NaN,NaN,NaN,NaN,NaN,NaN,NaN,NaN,NaN,NaN
719,3,0,603,695,411,658,109,680,NaN,NaN,NaN,NaN,NaN,NaN,NaN,NaN,NaN,NaN,NaN,NaN,NaN,NaN
720,3,0,587,695,407,661,104,684,NaN,NaN,NaN,NaN,NaN,NaN,NaN,NaN,NaN,NaN,NaN,NaN,NaN,NaN
721,3,0,578,695,403,664,98,688,NaN,NaN,NaN,NaN,NaN,NaN,NaN,NaN,NaN,NaN,NaN,NaN,NaN,NaN
722,3,1,578,695,403,664,98,688,NaN,NaN,NaN,NaN,NaN,NaN,NaN,NaN,NaN,NaN,NaN,NaN,NaN,NaN
723,3,1,578,695,403,664,98,688,NaN,NaN,NaN,NaN,NaN,NaN,NaN,NaN,NaN,NaN,NaN,NaN,NaN,NaN
724,0,0,NaN,NaN,NaN,NaN,NaN,NaN,NaN,NaN,NaN,NaN,NaN,NaN,NaN,NaN,NaN,NaN,NaN,NaN,NaN,NaN
725,0,0,NaN,NaN,NaN,NaN,NaN,NaN,NaN,NaN,NaN,NaN,NaN,NaN,NaN,NaN,NaN,NaN,NaN,NaN,NaN,NaN
726,0,0,NaN,NaN,NaN,NaN,NaN,NaN,NaN,NaN,NaN,NaN,NaN,NaN,NaN,NaN,NaN,NaN,NaN,NaN,NaN,NaN
727,0,0,NaN,NaN,NaN,NaN,NaN,NaN,NaN,NaN,NaN,NaN,NaN,NaN,NaN,NaN,NaN,NaN,NaN,NaN,NaN,NaN
728,0,0,NaN,NaN,NaN,NaN,NaN,NaN,NaN,NaN,NaN,NaN,NaN,NaN,NaN,NaN,NaN,NaN,NaN,NaN,NaN,NaN
729,0,0,NaN,NaN,NaN,NaN,NaN,NaN,NaN,NaN,NaN,NaN,NaN,NaN,NaN,NaN,NaN,NaN,NaN,NaN,NaN,NaN
730,0,0,NaN,NaN,NaN,NaN,NaN,NaN,NaN,NaN,NaN,NaN,NaN,NaN,NaN,NaN,NaN,NaN,NaN,NaN,NaN,NaN
731,0,0,NaN,NaN,NaN,NaN,NaN,NaN,NaN,NaN,NaN,NaN,NaN,NaN,NaN,NaN,NaN,NaN,NaN,NaN,NaN,NaN
732,0,0,NaN,NaN,NaN,NaN,NaN,NaN,NaN,NaN,NaN,NaN,NaN,NaN,NaN,NaN,NaN,NaN,NaN,NaN,NaN,NaN
733,0,0,NaN,NaN,NaN,NaN,NaN,NaN,NaN,NaN,NaN,NaN,NaN,NaN,NaN,NaN,NaN,NaN,NaN,NaN,NaN,NaN
734,0,0,NaN,NaN,NaN,NaN,NaN,NaN,NaN,NaN,NaN,NaN,NaN,NaN,NaN,NaN,NaN,NaN,NaN,NaN,NaN,NaN
735,0,0,NaN,NaN,NaN,NaN,NaN,NaN,NaN,NaN,NaN,NaN,NaN,NaN,NaN,NaN,NaN,NaN,NaN,NaN,NaN,NaN
736,0,0,NaN,NaN,NaN,NaN,NaN,NaN,NaN,NaN,NaN,NaN,NaN,NaN,NaN,NaN,NaN,NaN,NaN,NaN,NaN,NaN
737,0,0,NaN,NaN,NaN,NaN,NaN,NaN,NaN,NaN,NaN,NaN,NaN,NaN,NaN,NaN,NaN,NaN,NaN,NaN,NaN,NaN
738,0,0,NaN,NaN,NaN,NaN,NaN,NaN,NaN,NaN,NaN,NaN,NaN,NaN,NaN,NaN,NaN,NaN,NaN,NaN,NaN,NaN
739,0,0,NaN,NaN,NaN,NaN,NaN,NaN,NaN,NaN,NaN,NaN,NaN,NaN,NaN,NaN,NaN,NaN,NaN,NaN,NaN,NaN
740,0,0,NaN,NaN,NaN,NaN,NaN,NaN,NaN,NaN,NaN,NaN,NaN,NaN,NaN,NaN,NaN,NaN,NaN,NaN,NaN,NaN
741,0,0,NaN,NaN,NaN,NaN,NaN,NaN,NaN,NaN,NaN,NaN,NaN,NaN,NaN,NaN,NaN,NaN,NaN,NaN,NaN,NaN
742,0,0,NaN,NaN,NaN,NaN,NaN,NaN,NaN,NaN,NaN,NaN,NaN,NaN,NaN,NaN,NaN,NaN,NaN,NaN,NaN,NaN
743,0,0,NaN,NaN,NaN,NaN,NaN,NaN,NaN,NaN,NaN,NaN,NaN,NaN,NaN,NaN,NaN,NaN,NaN,NaN,NaN,NaN
744,0,0,NaN,NaN,NaN,NaN,NaN,NaN,NaN,NaN,NaN,NaN,NaN,NaN,NaN,NaN,NaN,NaN,NaN,NaN,NaN,NaN
745,0,0,NaN,NaN,NaN,NaN,NaN,NaN,NaN,NaN,NaN,NaN,NaN,NaN,NaN,NaN,NaN,NaN,NaN,NaN,NaN,NaN
746,0,0,NaN,NaN,NaN,NaN,NaN,NaN,NaN,NaN,NaN,NaN,NaN,NaN,NaN,NaN,NaN,NaN,NaN,NaN,NaN,NaN
747,0,0,NaN,NaN,NaN,NaN,NaN,NaN,NaN,NaN,NaN,NaN,NaN,NaN,NaN,NaN,NaN,NaN,NaN,NaN,NaN,NaN
748,0,0,NaN,NaN,NaN,NaN,NaN,NaN,NaN,NaN,NaN,NaN,NaN,NaN,NaN,NaN,NaN,NaN,NaN,NaN,NaN,NaN
749,0,0,NaN,NaN,NaN,NaN,NaN,NaN,NaN,NaN,NaN,NaN,NaN,NaN,NaN,NaN,NaN,NaN,NaN,NaN,NaN,NaN
750,0,0,NaN,NaN,NaN,NaN,NaN,NaN,NaN,NaN,NaN,NaN,NaN,NaN,NaN,NaN,NaN,NaN,NaN,NaN,NaN,NaN
751,0,0,NaN,NaN,NaN,NaN,NaN,NaN,NaN,NaN,NaN,NaN,NaN,NaN,NaN,NaN,NaN,NaN,NaN,NaN,NaN,NaN
752,0,0,NaN,NaN,NaN,NaN,NaN,NaN,NaN,NaN,NaN,NaN,NaN,NaN,NaN,NaN,NaN,NaN,NaN,NaN,NaN,NaN
753,0,0,NaN,NaN,NaN,NaN,NaN,NaN,NaN,NaN,NaN,NaN,NaN,NaN,NaN,NaN,NaN,NaN,NaN,NaN,NaN,NaN
754,0,0,NaN,NaN,NaN,NaN,NaN,NaN,NaN,NaN,NaN,NaN,NaN,NaN,NaN,NaN,NaN,NaN,NaN,NaN,NaN,NaN
755,0,0,NaN,NaN,NaN,NaN,NaN,NaN,NaN,NaN,NaN,NaN,NaN,NaN,NaN,NaN,NaN,NaN,NaN,NaN,NaN,NaN
756,0,0,NaN,NaN,NaN,NaN,NaN,NaN,NaN,NaN,NaN,NaN,NaN,NaN,NaN,NaN,NaN,NaN,NaN,NaN,NaN,NaN
757,0,0,NaN,NaN,NaN,NaN,NaN,NaN,NaN,NaN,NaN,NaN,NaN,NaN,NaN,NaN,NaN,NaN,NaN,NaN,NaN,NaN
758,0,0,NaN,NaN,NaN,NaN,NaN,NaN,NaN,NaN,NaN,NaN,NaN,NaN,NaN,NaN,NaN,NaN,NaN,NaN,NaN,NaN
759,0,0,NaN,NaN,NaN,NaN,NaN,NaN,NaN,NaN,NaN,NaN,NaN,NaN,NaN,NaN,NaN,NaN,NaN,NaN,NaN,NaN
760,0,0,NaN,NaN,NaN,NaN,NaN,NaN,NaN,NaN,NaN,NaN,NaN,NaN,NaN,NaN,NaN,NaN,NaN,NaN,NaN,NaN
761,0,0,NaN,NaN,NaN,NaN,NaN,NaN,NaN,NaN,NaN,NaN,NaN,NaN,NaN,NaN,NaN,NaN,NaN,NaN,NaN,NaN
762,0,0,NaN,NaN,NaN,NaN,NaN,NaN,NaN,NaN,NaN,NaN,NaN,NaN,NaN,NaN,NaN,NaN,NaN,NaN,NaN,NaN
763,0,0,NaN,NaN,NaN,NaN,NaN,NaN,NaN,NaN,NaN,NaN,NaN,NaN,NaN,NaN,NaN,NaN,NaN,NaN,NaN,NaN
764,0,0,NaN,NaN,NaN,NaN,NaN,NaN,NaN,NaN,NaN,NaN,NaN,NaN,NaN,NaN,NaN,NaN,NaN,NaN,NaN,NaN
765,0,0,NaN,NaN,NaN,NaN,NaN,NaN,NaN,NaN,NaN,NaN,NaN,NaN,NaN,NaN,NaN,NaN,NaN,NaN,NaN,NaN
766,0,0,NaN,NaN,NaN,NaN,NaN,NaN,NaN,NaN,NaN,NaN,NaN,NaN,NaN,NaN,NaN,NaN,NaN,NaN,NaN,NaN
767,0,0,NaN,NaN,NaN,NaN,NaN,NaN,NaN,NaN,NaN,NaN,NaN,NaN,NaN,NaN,NaN,NaN,NaN,NaN,NaN,NaN
768,0,0,NaN,NaN,NaN,NaN,NaN,NaN,NaN,NaN,NaN,NaN,NaN,NaN,NaN,NaN,NaN,NaN,NaN,NaN,NaN,NaN
769,0,0,NaN,NaN,NaN,NaN,NaN,NaN,NaN,NaN,NaN,NaN,NaN,NaN,NaN,NaN,NaN,NaN,NaN,NaN,NaN,NaN
770,0,0,NaN,NaN,NaN,NaN,NaN,NaN,NaN,NaN,NaN,NaN,NaN,NaN,NaN,NaN,NaN,NaN,NaN,NaN,NaN,NaN
771,0,0,NaN,NaN,NaN,NaN,NaN,NaN,NaN,NaN,NaN,NaN,NaN,NaN,NaN,NaN,NaN,NaN,NaN,NaN,NaN,NaN
772,0,0,NaN,NaN,NaN,NaN,NaN,NaN,NaN,NaN,NaN,NaN,NaN,NaN,NaN,NaN,NaN,NaN,NaN,NaN,NaN,NaN
773,0,0,NaN,NaN,NaN,NaN,NaN,NaN,NaN,NaN,NaN,NaN,NaN,NaN,NaN,NaN,NaN,NaN,NaN,NaN,NaN,NaN
774,0,0,NaN,NaN,NaN,NaN,NaN,NaN,NaN,NaN,NaN,NaN,NaN,NaN,NaN,NaN,NaN,NaN,NaN,NaN,NaN,NaN
775,0,0,NaN,NaN,NaN,NaN,NaN,NaN,NaN,NaN,NaN,NaN,NaN,NaN,NaN,NaN,NaN,NaN,NaN,NaN,NaN,NaN
776,0,0,NaN,NaN,NaN,NaN,NaN,NaN,NaN,NaN,NaN,NaN,NaN,NaN,NaN,NaN,NaN,NaN,NaN,NaN,NaN,NaN
777,0,0,NaN,NaN,NaN,NaN,NaN,NaN,NaN,NaN,NaN,NaN,NaN,NaN,NaN,NaN,NaN,NaN,NaN,NaN,NaN,NaN
778,0,0,NaN,NaN,NaN,NaN,NaN,NaN,NaN,NaN,NaN,NaN,NaN,NaN,NaN,NaN,NaN,NaN,NaN,NaN,NaN,NaN
779,0,0,NaN,NaN,NaN,NaN,NaN,NaN,NaN,NaN,NaN,NaN,NaN,NaN,NaN,NaN,NaN,NaN,NaN,NaN,NaN,NaN
780,0,0,NaN,NaN,NaN,NaN,NaN,NaN,NaN,NaN,NaN,NaN,NaN,NaN,NaN,NaN,NaN,NaN,NaN,NaN,NaN,NaN
781,0,0,NaN,NaN,NaN,NaN,NaN,NaN,NaN,NaN,NaN,NaN,NaN,NaN,NaN,NaN,NaN,NaN,NaN,NaN,NaN,NaN
782,0,0,NaN,NaN,NaN,NaN,NaN,NaN,NaN,NaN,NaN,NaN,NaN,NaN,NaN,NaN,NaN,NaN,NaN,NaN,NaN,NaN
783,0,0,NaN,NaN,NaN,NaN,NaN,NaN,NaN,NaN,NaN,NaN,NaN,NaN,NaN,NaN,NaN,NaN,NaN,NaN,NaN,NaN
784,0,0,NaN,NaN,NaN,NaN,NaN,NaN,NaN,NaN,NaN,NaN,NaN,NaN,NaN,NaN,NaN,NaN,NaN,NaN,NaN,NaN
785,0,0,NaN,NaN,NaN,NaN,NaN,NaN,NaN,NaN,NaN,NaN,NaN,NaN,NaN,NaN,NaN,NaN,NaN,NaN,NaN,NaN
786,0,0,NaN,NaN,NaN,NaN,NaN,NaN,NaN,NaN,NaN,NaN,NaN,NaN,NaN,NaN,NaN,NaN,NaN,NaN,NaN,NaN
787,0,0,NaN,NaN,NaN,NaN,NaN,NaN,NaN,NaN,NaN,NaN,NaN,NaN,NaN,NaN,NaN,NaN,NaN,NaN,NaN,NaN
788,0,0,NaN,NaN,NaN,NaN,NaN,NaN,NaN,NaN,NaN,NaN,NaN,NaN,NaN,NaN,NaN,NaN,NaN,NaN,NaN,NaN
789,0,0,NaN,NaN,NaN,NaN,NaN,NaN,NaN,NaN,NaN,NaN,NaN,NaN,NaN,NaN,NaN,NaN,NaN,NaN,NaN,NaN
790,0,0,NaN,NaN,NaN,NaN,NaN,NaN,NaN,NaN,NaN,NaN,NaN,NaN,NaN,NaN,NaN,NaN,NaN,NaN,NaN,NaN
791,0,0,NaN,NaN,NaN,NaN,NaN,NaN,NaN,NaN,NaN,NaN,NaN,NaN,NaN,NaN,NaN,NaN,NaN,NaN,NaN,NaN
792,0,0,NaN,NaN,NaN,NaN,NaN,NaN,NaN,NaN,NaN,NaN,NaN,NaN,NaN,NaN,NaN,NaN,NaN,NaN,NaN,NaN
793,0,0,NaN,NaN,NaN,NaN,NaN,NaN,NaN,NaN,NaN,NaN,NaN,NaN,NaN,NaN,NaN,NaN,NaN,NaN,NaN,NaN
794,0,0,NaN,NaN,NaN,NaN,NaN,NaN,NaN,NaN,NaN,NaN,NaN,NaN,NaN,NaN,NaN,NaN,NaN,NaN,NaN,NaN
795,0,0,NaN,NaN,NaN,NaN,NaN,NaN,NaN,NaN,NaN,NaN,NaN,NaN,NaN,NaN,NaN,NaN,NaN,NaN,NaN,NaN
796,0,0,NaN,NaN,NaN,NaN,NaN,NaN,NaN,NaN,NaN,NaN,NaN,NaN,NaN,NaN,NaN,NaN,NaN,NaN,NaN,NaN
797,0,0,NaN,NaN,NaN,NaN,NaN,NaN,NaN,NaN,NaN,NaN,NaN,NaN,NaN,NaN,NaN,NaN,NaN,NaN,NaN,NaN
798,0,0,NaN,NaN,NaN,NaN,NaN,NaN,NaN,NaN,NaN,NaN,NaN,NaN,NaN,NaN,NaN,NaN,NaN,NaN,NaN,NaN
799,0,0,NaN,NaN,NaN,NaN,NaN,NaN,NaN,NaN,NaN,NaN,NaN,NaN,NaN,NaN,NaN,NaN,NaN,NaN,NaN,NaN
800,0,0,NaN,NaN,NaN,NaN,NaN,NaN,NaN,NaN,NaN,NaN,NaN,NaN,NaN,NaN,NaN,NaN,NaN,NaN,NaN,NaN
801,0,0,NaN,NaN,NaN,NaN,NaN,NaN,NaN,NaN,NaN,NaN,NaN,NaN,NaN,NaN,NaN,NaN,NaN,NaN,NaN,NaN
802,0,0,NaN,NaN,NaN,NaN,NaN,NaN,NaN,NaN,NaN,NaN,NaN,NaN,NaN,NaN,NaN,NaN,NaN,NaN,NaN,NaN
803,0,0,NaN,NaN,NaN,NaN,NaN,NaN,NaN,NaN,NaN,NaN,NaN,NaN,NaN,NaN,NaN,NaN,NaN,NaN,NaN,NaN
804,0,0,NaN,NaN,NaN,NaN,NaN,NaN,NaN,NaN,NaN,NaN,NaN,NaN,NaN,NaN,NaN,NaN,NaN,NaN,NaN,NaN
805,0,0,NaN,NaN,NaN,NaN,NaN,NaN,NaN,NaN,NaN,NaN,NaN,NaN,NaN,NaN,NaN,NaN,NaN,NaN,NaN,NaN
806,0,0,NaN,NaN,NaN,NaN,NaN,NaN,NaN,NaN,NaN,NaN,NaN,NaN,NaN,NaN,NaN,NaN,NaN,NaN,NaN,NaN
807,0,0,NaN,NaN,NaN,NaN,NaN,NaN,NaN,NaN,NaN,NaN,NaN,NaN,NaN,NaN,NaN,NaN,NaN,NaN,NaN,NaN
808,0,0,NaN,NaN,NaN,NaN,NaN,NaN,NaN,NaN,NaN,NaN,NaN,NaN,NaN,NaN,NaN,NaN,NaN,NaN,NaN,NaN
809,0,0,NaN,NaN,NaN,NaN,NaN,NaN,NaN,NaN,NaN,NaN,NaN,NaN,NaN,NaN,NaN,NaN,NaN,NaN,NaN,NaN
810,0,0,NaN,NaN,NaN,NaN,NaN,NaN,NaN,NaN,NaN,NaN,NaN,NaN,NaN,NaN,NaN,NaN,NaN,NaN,NaN,NaN
811,0,0,NaN,NaN,NaN,NaN,NaN,NaN,NaN,NaN,NaN,NaN,NaN,NaN,NaN,NaN,NaN,NaN,NaN,NaN,NaN,NaN
812,0,0,NaN,NaN,NaN,NaN,NaN,NaN,NaN,NaN,NaN,NaN,NaN,NaN,NaN,NaN,NaN,NaN,NaN,NaN,NaN,NaN
813,0,0,NaN,NaN,NaN,NaN,NaN,NaN,NaN,NaN,NaN,NaN,NaN,NaN,NaN,NaN,NaN,NaN,NaN,NaN,NaN,NaN
814,0,0,NaN,NaN,NaN,NaN,NaN,NaN,NaN,NaN,NaN,NaN,NaN,NaN,NaN,NaN,NaN,NaN,NaN,NaN,NaN,NaN
815,0,0,NaN,NaN,NaN,NaN,NaN,NaN,NaN,NaN,NaN,NaN,NaN,NaN,NaN,NaN,NaN,NaN,NaN,NaN,NaN,NaN
816,0,0,NaN,NaN,NaN,NaN,NaN,NaN,NaN,NaN,NaN,NaN,NaN,NaN,NaN,NaN,NaN,NaN,NaN,NaN,NaN,NaN
817,0,0,NaN,NaN,NaN,NaN,NaN,NaN,NaN,NaN,NaN,NaN,NaN,NaN,NaN,NaN,NaN,NaN,NaN,NaN,NaN,NaN
818,0,0,NaN,NaN,NaN,NaN,NaN,NaN,NaN,NaN,NaN,NaN,NaN,NaN,NaN,NaN,NaN,NaN,NaN,NaN,NaN,NaN
819,0,0,NaN,NaN,NaN,NaN,NaN,NaN,NaN,NaN,NaN,NaN,NaN,NaN,NaN,NaN,NaN,NaN,NaN,NaN,NaN,NaN
820,3,0,487,699,172,674,20,682,NaN,NaN,NaN,NaN,NaN,NaN,NaN,NaN,NaN,NaN,NaN,NaN,NaN,NaN
821,3,0,506,696,198,664,36,674,NaN,NaN,NaN,NaN,NaN,NaN,NaN,NaN,NaN,NaN,NaN,NaN,NaN,NaN
822,3,0,525,694,223,655,66,661,NaN,NaN,NaN,NaN,NaN,NaN,NaN,NaN,NaN,NaN,NaN,NaN,NaN,NaN
823,3,0,543,692,247,646,95,648,NaN,NaN,NaN,NaN,NaN,NaN,NaN,NaN,NaN,NaN,NaN,NaN,NaN,NaN
824,3,0,561,690,248,644,122,637,NaN,NaN,NaN,NaN,NaN,NaN,NaN,NaN,NaN,NaN,NaN,NaN,NaN,NaN
825,3,1,561,690,248,644,122,637,NaN,NaN,NaN,NaN,NaN,NaN,NaN,NaN,NaN,NaN,NaN,NaN,NaN,NaN
826,3,0,578,688,238,657,145,627,NaN,NaN,NaN,NaN,NaN,NaN,NaN,NaN,NaN,NaN,NaN,NaN,NaN,NaN
827,3,0,594,687,236,665,166,618,NaN,NaN,NaN,NaN,NaN,NaN,NaN,NaN,NaN,NaN,NaN,NaN,NaN,NaN
828,3,0,610,686,258,656,186,609,NaN,NaN,NaN,NaN,NaN,NaN,NaN,NaN,NaN,NaN,NaN,NaN,NaN,NaN
829,3,0,626,685,282,647,206,602,NaN,NaN,NaN,NaN,NaN,NaN,NaN,NaN,NaN,NaN,NaN,NaN,NaN,NaN
830,3,0,641,684,303,639,224,594,NaN,NaN,NaN,NaN,NaN,NaN,NaN,NaN,NaN,NaN,NaN,NaN,NaN,NaN
831,3,0,656,684,323,632,242,588,NaN,NaN,NaN,NaN,NaN,NaN,NaN,NaN,NaN,NaN,NaN,NaN,NaN,NaN
832,3,0,669,684,342,626,259,582,NaN,NaN,NaN,NaN,NaN,NaN,NaN,NaN,NaN,NaN,NaN,NaN,NaN,NaN
833,3,0,683,684,361,619,275,576,NaN,NaN,NaN,NaN,NaN,NaN,NaN,NaN,NaN,NaN,NaN,NaN,NaN,NaN
834,3,0,696,684,379,614,289,571,NaN,NaN,NaN,NaN,NaN,NaN,NaN,NaN,NaN,NaN,NaN,NaN,NaN,NaN
835,3,0,708,684,395,609,302,566,NaN,NaN,NaN,NaN,NaN,NaN,NaN,NaN,NaN,NaN,NaN,NaN,NaN,NaN
836,3,0,720,684,411,604,315,562,NaN,NaN,NaN,NaN,NaN,NaN,NaN,NaN,NaN,NaN,NaN,NaN,NaN,NaN
837,3,0,731,685,426,600,327,557,NaN,NaN,NaN,NaN,NaN,NaN,NaN,NaN,NaN,NaN,NaN,NaN,NaN,NaN
838,3,0,742,685,440,596,338,553,NaN,NaN,NaN,NaN,NaN,NaN,NaN,NaN,NaN,NaN,NaN,NaN,NaN,NaN
839,3,0,752,685,454,592,348,549,NaN,NaN,NaN,NaN,NaN,NaN,NaN,NaN,NaN,NaN,NaN,NaN,NaN,NaN
840,3,0,762,685,467,588,357,546,NaN,NaN,NaN,NaN,NaN,NaN,NaN,NaN,NaN,NaN,NaN,NaN,NaN,NaN
841,3,0,771,685,479,585,366,542,NaN,NaN,NaN,NaN,NaN,NaN,NaN,NaN,NaN,NaN,NaN,NaN,NaN,NaN
842,3,0,780,685,490,582,374,539,NaN,NaN,NaN,NaN,NaN,NaN,NaN,NaN,NaN,NaN,NaN,NaN,NaN,NaN
843,3,0,789,686,502,579,382,536,NaN,NaN,NaN,NaN,NaN,NaN,NaN,NaN,NaN,NaN,NaN,NaN,NaN,NaN
844,3,1,789,686,504,578,380,536,NaN,NaN,NaN,NaN,NaN,NaN,NaN,NaN,NaN,NaN,NaN,NaN,NaN,NaN
845,-445416990,0,NaN,NaN,NaN,NaN,NaN,NaN,NaN,NaN,NaN,NaN,NaN,NaN,NaN,NaN,NaN,NaN,NaN,NaN,NaN,NaN
