Frame,#ofPoints,ManualInput,X1,Y1,X2,Y2,X3,Y3,X4,Y4,X5,Y5,X6,Y6,X7,Y7,X8,Y8,X9,Y9,X10,Y10
0,4,1,724,675,628,329,627,270,716,234,NaN,NaN,NaN,NaN,NaN,NaN,NaN,NaN,NaN,NaN,NaN,NaN
1,4,0,724,688,630,333,629,274,718,237,NaN,NaN,NaN,NaN,NaN,NaN,NaN,NaN,NaN,NaN,NaN,NaN
2,4,0,722,688,630,331,631,274,719,237,NaN,NaN,NaN,NaN,NaN,NaN,NaN,NaN,NaN,NaN,NaN,NaN
3,4,0,720,695,629,334,632,276,721,239,NaN,NaN,NaN,NaN,NaN,NaN,NaN,NaN,NaN,NaN,NaN,NaN
4,4,0,717,695,629,336,633,277,723,242,NaN,NaN,NaN,NaN,NaN,NaN,NaN,NaN,NaN,NaN,NaN,NaN
5,4,0,714,695,630,337,634,279,724,243,NaN,NaN,NaN,NaN,NaN,NaN,NaN,NaN,NaN,NaN,NaN,NaN
6,4,0,711,695,630,338,636,280,725,245,NaN,NaN,NaN,NaN,NaN,NaN,NaN,NaN,NaN,NaN,NaN,NaN
7,4,0,709,695,631,340,637,282,726,246,NaN,NaN,NaN,NaN,NaN,NaN,NaN,NaN,NaN,NaN,NaN,NaN
8,4,0,706,695,630,340,637,283,727,247,NaN,NaN,NaN,NaN,NaN,NaN,NaN,NaN,NaN,NaN,NaN,NaN
9,4,0,703,695,630,341,639,284,728,248,NaN,NaN,NaN,NaN,NaN,NaN,NaN,NaN,NaN,NaN,NaN,NaN
10,4,0,700,695,630,341,639,284,728,248,NaN,NaN,NaN,NaN,NaN,NaN,NaN,NaN,NaN,NaN,NaN,NaN
11,4,0,698,695,628,339,638,283,729,248,NaN,NaN,NaN,NaN,NaN,NaN,NaN,NaN,NaN,NaN,NaN,NaN
12,4,0,695,695,627,338,638,281,730,246,NaN,NaN,NaN,NaN,NaN,NaN,NaN,NaN,NaN,NaN,NaN,NaN
13,4,0,693,695,627,336,640,279,730,244,NaN,NaN,NaN,NaN,NaN,NaN,NaN,NaN,NaN,NaN,NaN,NaN
14,4,0,692,695,626,332,640,276,731,241,NaN,NaN,NaN,NaN,NaN,NaN,NaN,NaN,NaN,NaN,NaN,NaN
15,4,0,690,695,627,330,640,274,732,240,NaN,NaN,NaN,NaN,NaN,NaN,NaN,NaN,NaN,NaN,NaN,NaN
16,4,0,690,695,627,329,641,273,733,238,NaN,NaN,NaN,NaN,NaN,NaN,NaN,NaN,NaN,NaN,NaN,NaN
17,4,0,689,695,627,328,643,272,734,238,NaN,NaN,NaN,NaN,NaN,NaN,NaN,NaN,NaN,NaN,NaN,NaN
18,4,0,687,695,627,329,643,272,736,238,NaN,NaN,NaN,NaN,NaN,NaN,NaN,NaN,NaN,NaN,NaN,NaN
19,4,0,687,695,628,329,645,273,738,239,NaN,NaN,NaN,NaN,NaN,NaN,NaN,NaN,NaN,NaN,NaN,NaN
20,4,0,687,695,630,332,647,274,741,241,NaN,NaN,NaN,NaN,NaN,NaN,NaN,NaN,NaN,NaN,NaN,NaN
21,4,0,687,695,632,334,650,277,744,244,NaN,NaN,NaN,NaN,NaN,NaN,NaN,NaN,NaN,NaN,NaN,NaN
22,4,0,686,695,631,339,650,281,744,249,NaN,NaN,NaN,NaN,NaN,NaN,NaN,NaN,NaN,NaN,NaN,NaN
23,4,0,683,695,629,343,650,286,743,252,NaN,NaN,NaN,NaN,NaN,NaN,NaN,NaN,NaN,NaN,NaN,NaN
24,4,0,681,695,628,344,651,286,744,254,NaN,NaN,NaN,NaN,NaN,NaN,NaN,NaN,NaN,NaN,NaN,NaN
25,4,0,680,695,630,343,653,284,746,252,NaN,NaN,NaN,NaN,NaN,NaN,NaN,NaN,NaN,NaN,NaN,NaN
26,4,0,680,695,631,343,655,284,747,252,NaN,NaN,NaN,NaN,NaN,NaN,NaN,NaN,NaN,NaN,NaN,NaN
27,4,0,680,695,631,346,656,286,749,255,NaN,NaN,NaN,NaN,NaN,NaN,NaN,NaN,NaN,NaN,NaN,NaN
28,4,0,680,695,633,349,658,289,752,257,NaN,NaN,NaN,NaN,NaN,NaN,NaN,NaN,NaN,NaN,NaN,NaN
29,4,0,681,695,634,352,661,291,755,260,NaN,NaN,NaN,NaN,NaN,NaN,NaN,NaN,NaN,NaN,NaN,NaN
30,4,0,680,695,635,353,663,292,756,261,NaN,NaN,NaN,NaN,NaN,NaN,NaN,NaN,NaN,NaN,NaN,NaN
31,4,0,679,695,635,353,663,293,758,261,NaN,NaN,NaN,NaN,NaN,NaN,NaN,NaN,NaN,NaN,NaN,NaN
32,4,0,677,695,634,354,663,293,757,262,NaN,NaN,NaN,NaN,NaN,NaN,NaN,NaN,NaN,NaN,NaN,NaN
33,4,0,675,695,633,354,663,293,758,262,NaN,NaN,NaN,NaN,NaN,NaN,NaN,NaN,NaN,NaN,NaN,NaN
34,4,0,674,695,632,354,664,293,759,262,NaN,NaN,NaN,NaN,NaN,NaN,NaN,NaN,NaN,NaN,NaN,NaN
35,4,0,672,695,632,354,664,293,760,262,NaN,NaN,NaN,NaN,NaN,NaN,NaN,NaN,NaN,NaN,NaN,NaN
36,4,0,670,695,630,354,664,293,760,262,NaN,NaN,NaN,NaN,NaN,NaN,NaN,NaN,NaN,NaN,NaN,NaN
37,4,0,668,695,629,354,663,293,761,262,NaN,NaN,NaN,NaN,NaN,NaN,NaN,NaN,NaN,NaN,NaN,NaN
38,4,0,666,695,629,355,664,293,761,263,NaN,NaN,NaN,NaN,NaN,NaN,NaN,NaN,NaN,NaN,NaN,NaN
39,4,0,664,695,628,356,664,295,763,264,NaN,NaN,NaN,NaN,NaN,NaN,NaN,NaN,NaN,NaN,NaN,NaN
40,4,0,662,695,628,357,665,296,764,265,NaN,NaN,NaN,NaN,NaN,NaN,NaN,NaN,NaN,NaN,NaN,NaN
41,4,0,661,695,627,358,666,297,765,266,NaN,NaN,NaN,NaN,NaN,NaN,NaN,NaN,NaN,NaN,NaN,NaN
42,4,0,660,695,627,358,667,296,767,266,NaN,NaN,NaN,NaN,NaN,NaN,NaN,NaN,NaN,NaN,NaN,NaN
43,4,0,660,695,628,358,668,296,770,265,NaN,NaN,NaN,NaN,NaN,NaN,NaN,NaN,NaN,NaN,NaN,NaN
44,4,0,658,695,627,358,669,296,770,264,NaN,NaN,NaN,NaN,NaN,NaN,NaN,NaN,NaN,NaN,NaN,NaN
45,4,0,656,695,626,357,669,295,772,263,NaN,NaN,NaN,NaN,NaN,NaN,NaN,NaN,NaN,NaN,NaN,NaN
46,4,0,654,695,624,356,669,293,772,261,NaN,NaN,NaN,NaN,NaN,NaN,NaN,NaN,NaN,NaN,NaN,NaN
47,4,0,651,695,623,356,669,293,773,260,NaN,NaN,NaN,NaN,NaN,NaN,NaN,NaN,NaN,NaN,NaN,NaN
48,4,0,648,695,622,357,668,293,773,261,NaN,NaN,NaN,NaN,NaN,NaN,NaN,NaN,NaN,NaN,NaN,NaN
49,4,0,644,695,618,358,666,294,771,261,NaN,NaN,NaN,NaN,NaN,NaN,NaN,NaN,NaN,NaN,NaN,NaN
50,4,0,640,695,615,360,663,295,769,262,NaN,NaN,NaN,NaN,NaN,NaN,NaN,NaN,NaN,NaN,NaN,NaN
51,4,0,635,695,611,363,661,298,768,265,NaN,NaN,NaN,NaN,NaN,NaN,NaN,NaN,NaN,NaN,NaN,NaN
52,4,0,633,695,609,367,660,301,767,268,NaN,NaN,NaN,NaN,NaN,NaN,NaN,NaN,NaN,NaN,NaN,NaN
53,4,0,631,695,608,369,659,304,767,270,NaN,NaN,NaN,NaN,NaN,NaN,NaN,NaN,NaN,NaN,NaN,NaN
54,4,0,630,695,608,370,659,304,768,270,NaN,NaN,NaN,NaN,NaN,NaN,NaN,NaN,NaN,NaN,NaN,NaN
55,4,0,632,695,608,370,662,303,770,269,NaN,NaN,NaN,NaN,NaN,NaN,NaN,NaN,NaN,NaN,NaN,NaN
56,4,0,633,695,610,368,664,302,773,267,NaN,NaN,NaN,NaN,NaN,NaN,NaN,NaN,NaN,NaN,NaN,NaN
57,4,0,635,695,612,368,667,300,776,266,NaN,NaN,NaN,NaN,NaN,NaN,NaN,NaN,NaN,NaN,NaN,NaN
58,4,0,636,695,613,367,669,300,778,265,NaN,NaN,NaN,NaN,NaN,NaN,NaN,NaN,NaN,NaN,NaN,NaN
59,4,0,637,695,614,367,670,300,780,265,NaN,NaN,NaN,NaN,NaN,NaN,NaN,NaN,NaN,NaN,NaN,NaN
60,4,0,638,695,614,368,671,300,781,265,NaN,NaN,NaN,NaN,NaN,NaN,NaN,NaN,NaN,NaN,NaN,NaN
61,4,0,639,695,615,368,672,300,783,265,NaN,NaN,NaN,NaN,NaN,NaN,NaN,NaN,NaN,NaN,NaN,NaN
62,4,0,640,695,616,369,673,301,785,265,NaN,NaN,NaN,NaN,NaN,NaN,NaN,NaN,NaN,NaN,NaN,NaN
63,4,0,642,695,617,370,675,301,787,266,NaN,NaN,NaN,NaN,NaN,NaN,NaN,NaN,NaN,NaN,NaN,NaN
64,4,0,645,695,618,372,677,303,788,267,NaN,NaN,NaN,NaN,NaN,NaN,NaN,NaN,NaN,NaN,NaN,NaN
65,4,0,647,695,620,375,679,306,791,269,NaN,NaN,NaN,NaN,NaN,NaN,NaN,NaN,NaN,NaN,NaN,NaN
66,4,0,651,695,623,379,682,309,794,273,NaN,NaN,NaN,NaN,NaN,NaN,NaN,NaN,NaN,NaN,NaN,NaN
67,4,0,656,695,626,384,685,313,798,277,NaN,NaN,NaN,NaN,NaN,NaN,NaN,NaN,NaN,NaN,NaN,NaN
68,4,0,659,695,628,389,688,317,800,280,NaN,NaN,NaN,NaN,NaN,NaN,NaN,NaN,NaN,NaN,NaN,NaN
69,4,0,662,695,630,394,689,323,802,285,NaN,NaN,NaN,NaN,NaN,NaN,NaN,NaN,NaN,NaN,NaN,NaN
70,4,0,665,695,629,402,689,328,800,291,NaN,NaN,NaN,NaN,NaN,NaN,NaN,NaN,NaN,NaN,NaN,NaN
71,4,0,665,695,628,407,688,332,798,294,NaN,NaN,NaN,NaN,NaN,NaN,NaN,NaN,NaN,NaN,NaN,NaN
72,4,0,664,695,626,410,686,333,796,295,NaN,NaN,NaN,NaN,NaN,NaN,NaN,NaN,NaN,NaN,NaN,NaN
73,4,0,665,695,625,412,685,335,795,295,NaN,NaN,NaN,NaN,NaN,NaN,NaN,NaN,NaN,NaN,NaN,NaN
74,4,0,665,695,625,414,684,336,794,296,NaN,NaN,NaN,NaN,NaN,NaN,NaN,NaN,NaN,NaN,NaN,NaN
75,4,0,666,695,624,416,684,337,794,297,NaN,NaN,NaN,NaN,NaN,NaN,NaN,NaN,NaN,NaN,NaN,NaN
76,4,0,666,695,623,419,683,339,793,298,NaN,NaN,NaN,NaN,NaN,NaN,NaN,NaN,NaN,NaN,NaN,NaN
77,4,0,666,695,623,419,683,339,794,298,NaN,NaN,NaN,NaN,NaN,NaN,NaN,NaN,NaN,NaN,NaN,NaN
78,4,0,665,695,622,423,681,342,791,301,NaN,NaN,NaN,NaN,NaN,NaN,NaN,NaN,NaN,NaN,NaN,NaN
79,4,0,665,695,619,428,679,345,790,303,NaN,NaN,NaN,NaN,NaN,NaN,NaN,NaN,NaN,NaN,NaN,NaN
80,4,0,664,695,616,432,677,349,788,307,NaN,NaN,NaN,NaN,NaN,NaN,NaN,NaN,NaN,NaN,NaN,NaN
81,4,0,664,695,615,438,676,353,786,310,NaN,NaN,NaN,NaN,NaN,NaN,NaN,NaN,NaN,NaN,NaN,NaN
82,4,0,664,695,614,443,674,357,786,314,NaN,NaN,NaN,NaN,NaN,NaN,NaN,NaN,NaN,NaN,NaN,NaN
83,4,0,665,695,612,448,673,361,785,317,NaN,NaN,NaN,NaN,NaN,NaN,NaN,NaN,NaN,NaN,NaN,NaN
84,4,0,665,695,611,452,673,364,784,320,NaN,NaN,NaN,NaN,NaN,NaN,NaN,NaN,NaN,NaN,NaN,NaN
85,4,0,667,695,610,456,671,367,783,323,NaN,NaN,NaN,NaN,NaN,NaN,NaN,NaN,NaN,NaN,NaN,NaN
86,4,0,668,695,609,460,671,370,783,325,NaN,NaN,NaN,NaN,NaN,NaN,NaN,NaN,NaN,NaN,NaN,NaN
87,4,0,669,695,609,464,671,373,782,327,NaN,NaN,NaN,NaN,NaN,NaN,NaN,NaN,NaN,NaN,NaN,NaN
88,4,0,672,695,609,467,672,375,783,328,NaN,NaN,NaN,NaN,NaN,NaN,NaN,NaN,NaN,NaN,NaN,NaN
89,4,0,674,695,609,470,672,377,783,329,NaN,NaN,NaN,NaN,NaN,NaN,NaN,NaN,NaN,NaN,NaN,NaN
90,4,0,676,695,608,473,671,378,783,330,NaN,NaN,NaN,NaN,NaN,NaN,NaN,NaN,NaN,NaN,NaN,NaN
91,4,1,676,695,608,472,671,378,783,330,NaN,NaN,NaN,NaN,NaN,NaN,NaN,NaN,NaN,NaN,NaN,NaN
92,4,0,674,695,606,475,669,380,781,331,NaN,NaN,NaN,NaN,NaN,NaN,NaN,NaN,NaN,NaN,NaN,NaN
93,4,0,671,695,604,480,666,382,778,332,NaN,NaN,NaN,NaN,NaN,NaN,NaN,NaN,NaN,NaN,NaN,NaN
94,4,0,668,695,601,484,663,386,776,334,NaN,NaN,NaN,NaN,NaN,NaN,NaN,NaN,NaN,NaN,NaN,NaN
95,4,0,664,695,598,491,661,390,774,338,NaN,NaN,NaN,NaN,NaN,NaN,NaN,NaN,NaN,NaN,NaN,NaN
96,4,0,660,695,596,498,659,396,772,342,NaN,NaN,NaN,NaN,NaN,NaN,NaN,NaN,NaN,NaN,NaN,NaN
97,4,0,655,695,593,508,656,403,769,350,NaN,NaN,NaN,NaN,NaN,NaN,NaN,NaN,NaN,NaN,NaN,NaN
98,4,0,649,695,591,517,654,410,767,356,NaN,NaN,NaN,NaN,NaN,NaN,NaN,NaN,NaN,NaN,NaN,NaN
99,4,1,645,695,589,525,652,418,765,361,NaN,NaN,NaN,NaN,NaN,NaN,NaN,NaN,NaN,NaN,NaN,NaN
100,4,0,639,695,588,533,650,423,763,365,NaN,NaN,NaN,NaN,NaN,NaN,NaN,NaN,NaN,NaN,NaN,NaN
101,4,0,634,695,586,539,649,428,761,369,NaN,NaN,NaN,NaN,NaN,NaN,NaN,NaN,NaN,NaN,NaN,NaN
102,4,0,629,695,585,545,647,432,759,372,NaN,NaN,NaN,NaN,NaN,NaN,NaN,NaN,NaN,NaN,NaN,NaN
103,4,0,625,695,584,550,646,435,758,374,NaN,NaN,NaN,NaN,NaN,NaN,NaN,NaN,NaN,NaN,NaN,NaN
104,4,0,621,695,582,555,643,439,756,377,NaN,NaN,NaN,NaN,NaN,NaN,NaN,NaN,NaN,NaN,NaN,NaN
105,4,0,616,695,581,559,642,442,754,379,NaN,NaN,NaN,NaN,NaN,NaN,NaN,NaN,NaN,NaN,NaN,NaN
106,4,0,612,695,579,564,639,444,752,381,NaN,NaN,NaN,NaN,NaN,NaN,NaN,NaN,NaN,NaN,NaN,NaN
107,4,0,606,695,576,568,637,447,750,382,NaN,NaN,NaN,NaN,NaN,NaN,NaN,NaN,NaN,NaN,NaN,NaN
108,4,0,601,695,574,573,634,450,747,384,NaN,NaN,NaN,NaN,NaN,NaN,NaN,NaN,NaN,NaN,NaN,NaN
109,4,0,596,695,572,578,632,453,745,386,NaN,NaN,NaN,NaN,NaN,NaN,NaN,NaN,NaN,NaN,NaN,NaN
110,4,0,592,695,570,583,630,456,743,388,NaN,NaN,NaN,NaN,NaN,NaN,NaN,NaN,NaN,NaN,NaN,NaN
111,4,0,588,695,568,589,628,460,741,390,NaN,NaN,NaN,NaN,NaN,NaN,NaN,NaN,NaN,NaN,NaN,NaN
112,4,0,585,695,567,595,626,463,740,392,NaN,NaN,NaN,NaN,NaN,NaN,NaN,NaN,NaN,NaN,NaN,NaN
113,4,0,581,695,565,601,624,467,737,394,NaN,NaN,NaN,NaN,NaN,NaN,NaN,NaN,NaN,NaN,NaN,NaN
114,4,0,578,695,563,607,622,470,736,396,NaN,NaN,NaN,NaN,NaN,NaN,NaN,NaN,NaN,NaN,NaN,NaN
115,4,0,576,695,563,614,621,474,734,399,NaN,NaN,NaN,NaN,NaN,NaN,NaN,NaN,NaN,NaN,NaN,NaN
116,4,0,574,695,563,621,621,479,734,402,NaN,NaN,NaN,NaN,NaN,NaN,NaN,NaN,NaN,NaN,NaN,NaN
117,4,0,573,695,563,629,620,484,734,405,NaN,NaN,NaN,NaN,NaN,NaN,NaN,NaN,NaN,NaN,NaN,NaN
118,4,0,572,695,564,637,620,489,734,409,NaN,NaN,NaN,NaN,NaN,NaN,NaN,NaN,NaN,NaN,NaN,NaN
119,4,0,571,695,565,645,620,494,734,412,NaN,NaN,NaN,NaN,NaN,NaN,NaN,NaN,NaN,NaN,NaN,NaN
120,4,0,570,695,565,652,620,499,733,416,NaN,NaN,NaN,NaN,NaN,NaN,NaN,NaN,NaN,NaN,NaN,NaN
121,4,0,570,695,565,660,620,504,733,419,NaN,NaN,NaN,NaN,NaN,NaN,NaN,NaN,NaN,NaN,NaN,NaN
122,4,0,570,695,565,667,619,508,733,422,NaN,NaN,NaN,NaN,NaN,NaN,NaN,NaN,NaN,NaN,NaN,NaN
123,4,0,568,695,565,674,618,513,731,425,NaN,NaN,NaN,NaN,NaN,NaN,NaN,NaN,NaN,NaN,NaN,NaN
124,3,1,568,695,618,513,731,425,NaN,NaN,NaN,NaN,NaN,NaN,NaN,NaN,NaN,NaN,NaN,NaN,NaN,NaN
125,4,0,569,695,618,515,733,424,1035,286,NaN,NaN,NaN,NaN,NaN,NaN,NaN,NaN,NaN,NaN,NaN,NaN
126,4,0,571,695,617,516,735,423,1033,287,NaN,NaN,NaN,NaN,NaN,NaN,NaN,NaN,NaN,NaN,NaN,NaN
127,4,0,573,695,618,517,738,422,1034,288,NaN,NaN,NaN,NaN,NaN,NaN,NaN,NaN,NaN,NaN,NaN,NaN
128,4,0,575,695,618,518,741,420,1035,288,NaN,NaN,NaN,NaN,NaN,NaN,NaN,NaN,NaN,NaN,NaN,NaN
129,4,0,576,695,619,519,745,418,1037,289,NaN,NaN,NaN,NaN,NaN,NaN,NaN,NaN,NaN,NaN,NaN,NaN
130,4,0,578,695,620,518,750,416,1036,288,NaN,NaN,NaN,NaN,NaN,NaN,NaN,NaN,NaN,NaN,NaN,NaN
131,4,0,580,695,622,517,754,413,1035,286,NaN,NaN,NaN,NaN,NaN,NaN,NaN,NaN,NaN,NaN,NaN,NaN
132,4,0,583,695,624,516,760,409,1035,285,NaN,NaN,NaN,NaN,NaN,NaN,NaN,NaN,NaN,NaN,NaN,NaN
133,4,0,586,695,627,516,766,406,1036,284,NaN,NaN,NaN,NaN,NaN,NaN,NaN,NaN,NaN,NaN,NaN,NaN
134,4,0,589,695,630,517,773,404,1036,283,NaN,NaN,NaN,NaN,NaN,NaN,NaN,NaN,NaN,NaN,NaN,NaN
135,4,0,591,695,632,518,779,403,1037,284,NaN,NaN,NaN,NaN,NaN,NaN,NaN,NaN,NaN,NaN,NaN,NaN
136,4,0,593,695,635,520,784,402,1037,285,NaN,NaN,NaN,NaN,NaN,NaN,NaN,NaN,NaN,NaN,NaN,NaN
137,4,0,594,695,636,523,789,401,1037,286,NaN,NaN,NaN,NaN,NaN,NaN,NaN,NaN,NaN,NaN,NaN,NaN
138,4,0,594,695,637,525,794,401,1035,286,NaN,NaN,NaN,NaN,NaN,NaN,NaN,NaN,NaN,NaN,NaN,NaN
139,4,0,594,695,638,528,798,400,1034,287,NaN,NaN,NaN,NaN,NaN,NaN,NaN,NaN,NaN,NaN,NaN,NaN
140,4,0,594,695,639,530,802,399,1033,288,NaN,NaN,NaN,NaN,NaN,NaN,NaN,NaN,NaN,NaN,NaN,NaN
141,4,0,594,695,641,532,808,398,1034,288,NaN,NaN,NaN,NaN,NaN,NaN,NaN,NaN,NaN,NaN,NaN,NaN
142,4,0,593,695,641,533,811,396,1032,288,NaN,NaN,NaN,NaN,NaN,NaN,NaN,NaN,NaN,NaN,NaN,NaN
143,4,0,591,695,641,534,814,393,1029,287,NaN,NaN,NaN,NaN,NaN,NaN,NaN,NaN,NaN,NaN,NaN,NaN
144,4,0,587,695,639,534,815,392,1025,287,NaN,NaN,NaN,NaN,NaN,NaN,NaN,NaN,NaN,NaN,NaN,NaN
145,4,0,581,695,634,535,815,390,1018,288,NaN,NaN,NaN,NaN,NaN,NaN,NaN,NaN,NaN,NaN,NaN,NaN
146,5,1,581,695,636,532,819,386,1018,288,959,264,NaN,NaN,NaN,NaN,NaN,NaN,NaN,NaN,NaN,NaN
147,5,0,580,695,634,534,819,387,1012,289,954,265,NaN,NaN,NaN,NaN,NaN,NaN,NaN,NaN,NaN,NaN
148,5,0,580,695,635,536,819,388,1008,289,950,265,NaN,NaN,NaN,NaN,NaN,NaN,NaN,NaN,NaN,NaN
149,5,0,581,695,636,538,822,388,1005,290,947,266,NaN,NaN,NaN,NaN,NaN,NaN,NaN,NaN,NaN,NaN
150,5,0,582,695,638,539,824,389,1003,290,944,266,NaN,NaN,NaN,NaN,NaN,NaN,NaN,NaN,NaN,NaN
151,5,0,583,695,639,541,826,390,1001,290,942,266,NaN,NaN,NaN,NaN,NaN,NaN,NaN,NaN,NaN,NaN
152,5,0,585,695,642,542,830,390,999,291,940,267,NaN,NaN,NaN,NaN,NaN,NaN,NaN,NaN,NaN,NaN
153,5,0,586,695,644,542,833,390,998,291,939,267,NaN,NaN,NaN,NaN,NaN,NaN,NaN,NaN,NaN,NaN
154,5,0,588,695,648,542,836,388,996,290,937,267,NaN,NaN,NaN,NaN,NaN,NaN,NaN,NaN,NaN,NaN
155,5,0,590,695,652,541,840,386,995,289,937,265,NaN,NaN,NaN,NaN,NaN,NaN,NaN,NaN,NaN,NaN
156,5,0,591,695,654,538,844,383,994,286,935,262,NaN,NaN,NaN,NaN,NaN,NaN,NaN,NaN,NaN,NaN
157,5,0,594,695,659,536,849,381,993,285,934,260,NaN,NaN,NaN,NaN,NaN,NaN,NaN,NaN,NaN,NaN
158,5,0,596,695,663,535,853,379,992,284,933,259,NaN,NaN,NaN,NaN,NaN,NaN,NaN,NaN,NaN,NaN
159,5,0,598,695,667,535,856,378,990,284,930,259,NaN,NaN,NaN,NaN,NaN,NaN,NaN,NaN,NaN,NaN
160,5,0,601,695,671,536,859,377,988,284,928,259,NaN,NaN,NaN,NaN,NaN,NaN,NaN,NaN,NaN,NaN
161,5,0,604,695,676,536,863,377,986,285,925,260,NaN,NaN,NaN,NaN,NaN,NaN,NaN,NaN,NaN,NaN
162,5,0,606,695,680,538,868,377,984,286,923,261,NaN,NaN,NaN,NaN,NaN,NaN,NaN,NaN,NaN,NaN
163,5,0,611,695,686,539,873,377,982,287,922,262,NaN,NaN,NaN,NaN,NaN,NaN,NaN,NaN,NaN,NaN
164,5,0,614,695,692,541,877,377,982,287,921,263,NaN,NaN,NaN,NaN,NaN,NaN,NaN,NaN,NaN,NaN
165,5,0,618,695,698,541,883,376,982,286,921,263,NaN,NaN,NaN,NaN,NaN,NaN,NaN,NaN,NaN,NaN
166,5,0,622,695,705,539,890,373,983,283,921,259,NaN,NaN,NaN,NaN,NaN,NaN,NaN,NaN,NaN,NaN
167,5,0,626,695,713,535,896,368,973,279,922,256,NaN,NaN,NaN,NaN,NaN,NaN,NaN,NaN,NaN,NaN
168,5,0,629,695,718,534,900,366,971,278,920,254,NaN,NaN,NaN,NaN,NaN,NaN,NaN,NaN,NaN,NaN
169,5,0,631,695,723,534,902,366,968,279,917,254,NaN,NaN,NaN,NaN,NaN,NaN,NaN,NaN,NaN,NaN
170,5,0,631,695,726,536,904,366,963,280,912,255,NaN,NaN,NaN,NaN,NaN,NaN,NaN,NaN,NaN,NaN
171,5,0,632,695,730,538,906,367,959,281,908,257,NaN,NaN,NaN,NaN,NaN,NaN,NaN,NaN,NaN,NaN
172,5,0,631,695,732,538,906,366,954,281,904,257,NaN,NaN,NaN,NaN,NaN,NaN,NaN,NaN,NaN,NaN
173,5,0,632,695,737,537,908,364,951,281,902,256,NaN,NaN,NaN,NaN,NaN,NaN,NaN,NaN,NaN,NaN
174,5,0,634,695,742,536,912,362,949,280,901,255,NaN,NaN,NaN,NaN,NaN,NaN,NaN,NaN,NaN,NaN
175,5,0,638,695,750,535,919,360,951,278,903,254,NaN,NaN,NaN,NaN,NaN,NaN,NaN,NaN,NaN,NaN
176,5,0,642,695,757,534,924,358,952,277,904,253,NaN,NaN,NaN,NaN,NaN,NaN,NaN,NaN,NaN,NaN
177,5,0,645,695,764,532,929,356,952,276,904,252,NaN,NaN,NaN,NaN,NaN,NaN,NaN,NaN,NaN,NaN
178,5,0,647,695,770,531,932,354,951,276,904,251,NaN,NaN,NaN,NaN,NaN,NaN,NaN,NaN,NaN,NaN
179,5,0,648,695,775,530,936,352,949,276,903,251,NaN,NaN,NaN,NaN,NaN,NaN,NaN,NaN,NaN,NaN
180,5,0,649,695,780,530,938,351,947,276,901,251,NaN,NaN,NaN,NaN,NaN,NaN,NaN,NaN,NaN,NaN
181,5,0,649,695,784,530,940,349,945,276,899,251,NaN,NaN,NaN,NaN,NaN,NaN,NaN,NaN,NaN,NaN
182,5,0,649,695,788,530,942,348,942,277,897,252,NaN,NaN,NaN,NaN,NaN,NaN,NaN,NaN,NaN,NaN
183,5,0,648,695,792,531,942,347,938,277,894,252,NaN,NaN,NaN,NaN,NaN,NaN,NaN,NaN,NaN,NaN
184,5,1,648,695,796,527,945,345,938,277,894,252,NaN,NaN,NaN,NaN,NaN,NaN,NaN,NaN,NaN,NaN
185,5,0,660,695,794,533,942,347,933,279,889,253,NaN,NaN,NaN,NaN,NaN,NaN,NaN,NaN,NaN,NaN
186,5,0,671,695,792,539,938,350,927,280,884,255,NaN,NaN,NaN,NaN,NaN,NaN,NaN,NaN,NaN,NaN
187,5,0,680,695,790,546,935,352,923,281,879,255,NaN,NaN,NaN,NaN,NaN,NaN,NaN,NaN,NaN,NaN
188,5,0,690,695,789,552,933,354,919,282,875,256,NaN,NaN,NaN,NaN,NaN,NaN,NaN,NaN,NaN,NaN
189,5,0,699,695,788,558,931,356,916,282,872,256,NaN,NaN,NaN,NaN,NaN,NaN,NaN,NaN,NaN,NaN
190,5,0,707,695,787,564,929,358,913,282,869,256,NaN,NaN,NaN,NaN,NaN,NaN,NaN,NaN,NaN,NaN
191,5,0,714,695,785,569,925,358,909,281,865,255,NaN,NaN,NaN,NaN,NaN,NaN,NaN,NaN,NaN,NaN
192,5,0,718,695,783,573,921,359,904,280,860,254,NaN,NaN,NaN,NaN,NaN,NaN,NaN,NaN,NaN,NaN
193,5,0,722,695,780,578,917,359,898,280,854,253,NaN,NaN,NaN,NaN,NaN,NaN,NaN,NaN,NaN,NaN
194,5,0,725,695,776,582,911,359,891,279,847,253,NaN,NaN,NaN,NaN,NaN,NaN,NaN,NaN,NaN,NaN
195,5,0,727,695,773,586,905,360,884,279,840,252,NaN,NaN,NaN,NaN,NaN,NaN,NaN,NaN,NaN,NaN
196,5,0,729,695,769,591,900,361,877,279,833,252,NaN,NaN,NaN,NaN,NaN,NaN,NaN,NaN,NaN,NaN
197,5,0,732,695,766,596,895,362,872,279,827,252,NaN,NaN,NaN,NaN,NaN,NaN,NaN,NaN,NaN,NaN
198,5,0,735,695,765,601,891,363,866,279,822,252,NaN,NaN,NaN,NaN,NaN,NaN,NaN,NaN,NaN,NaN
199,5,0,737,695,764,606,888,364,861,279,817,252,NaN,NaN,NaN,NaN,NaN,NaN,NaN,NaN,NaN,NaN
200,5,0,740,695,764,610,885,365,857,279,812,252,NaN,NaN,NaN,NaN,NaN,NaN,NaN,NaN,NaN,NaN
201,5,0,743,695,764,615,882,366,853,280,808,252,NaN,NaN,NaN,NaN,NaN,NaN,NaN,NaN,NaN,NaN
202,5,0,746,695,764,619,880,367,849,280,804,253,NaN,NaN,NaN,NaN,NaN,NaN,NaN,NaN,NaN,NaN
203,5,0,749,695,764,624,877,367,844,280,799,253,NaN,NaN,NaN,NaN,NaN,NaN,NaN,NaN,NaN,NaN
204,5,0,751,695,764,629,873,368,840,280,794,253,NaN,NaN,NaN,NaN,NaN,NaN,NaN,NaN,NaN,NaN
205,5,0,752,695,764,635,870,370,834,281,788,254,NaN,NaN,NaN,NaN,NaN,NaN,NaN,NaN,NaN,NaN
206,5,0,753,695,763,642,865,371,827,282,781,255,NaN,NaN,NaN,NaN,NaN,NaN,NaN,NaN,NaN,NaN
207,5,0,755,695,763,650,861,373,822,283,774,257,NaN,NaN,NaN,NaN,NaN,NaN,NaN,NaN,NaN,NaN
208,5,0,757,695,764,658,857,376,816,284,768,258,NaN,NaN,NaN,NaN,NaN,NaN,NaN,NaN,NaN,NaN
209,5,0,759,695,766,667,856,378,811,285,764,258,NaN,NaN,NaN,NaN,NaN,NaN,NaN,NaN,NaN,NaN
210,4,1,759,695,856,378,811,285,764,258,NaN,NaN,NaN,NaN,NaN,NaN,NaN,NaN,NaN,NaN,NaN,NaN
211,4,0,764,695,853,379,806,286,758,258,NaN,NaN,NaN,NaN,NaN,NaN,NaN,NaN,NaN,NaN,NaN,NaN
212,4,0,768,695,848,380,800,285,753,258,NaN,NaN,NaN,NaN,NaN,NaN,NaN,NaN,NaN,NaN,NaN,NaN
213,4,0,771,695,843,380,794,285,747,258,NaN,NaN,NaN,NaN,NaN,NaN,NaN,NaN,NaN,NaN,NaN,NaN
214,4,0,774,695,839,381,789,284,741,258,NaN,NaN,NaN,NaN,NaN,NaN,NaN,NaN,NaN,NaN,NaN,NaN
215,4,0,777,695,835,382,784,284,737,258,NaN,NaN,NaN,NaN,NaN,NaN,NaN,NaN,NaN,NaN,NaN,NaN
216,4,0,779,695,832,384,780,285,732,260,NaN,NaN,NaN,NaN,NaN,NaN,NaN,NaN,NaN,NaN,NaN,NaN
217,4,0,781,695,828,385,776,286,728,261,NaN,NaN,NaN,NaN,NaN,NaN,NaN,NaN,NaN,NaN,NaN,NaN
218,4,0,782,695,824,385,772,286,724,262,NaN,NaN,NaN,NaN,NaN,NaN,NaN,NaN,NaN,NaN,NaN,NaN
219,4,0,781,695,819,385,767,285,717,261,NaN,NaN,NaN,NaN,NaN,NaN,NaN,NaN,NaN,NaN,NaN,NaN
220,4,0,780,695,813,384,761,284,712,261,NaN,NaN,NaN,NaN,NaN,NaN,NaN,NaN,NaN,NaN,NaN,NaN
221,4,0,779,695,807,384,755,283,707,260,NaN,NaN,NaN,NaN,NaN,NaN,NaN,NaN,NaN,NaN,NaN,NaN
222,4,0,778,695,802,383,749,282,701,260,NaN,NaN,NaN,NaN,NaN,NaN,NaN,NaN,NaN,NaN,NaN,NaN
223,4,0,777,695,797,383,745,282,696,260,NaN,NaN,NaN,NaN,NaN,NaN,NaN,NaN,NaN,NaN,NaN,NaN
224,4,0,777,695,793,383,740,282,691,261,NaN,NaN,NaN,NaN,NaN,NaN,NaN,NaN,NaN,NaN,NaN,NaN
225,4,0,776,695,788,383,736,283,686,261,NaN,NaN,NaN,NaN,NaN,NaN,NaN,NaN,NaN,NaN,NaN,NaN
226,4,0,775,695,783,384,731,283,681,262,NaN,NaN,NaN,NaN,NaN,NaN,NaN,NaN,NaN,NaN,NaN,NaN
227,4,0,774,695,777,385,726,285,677,264,NaN,NaN,NaN,NaN,NaN,NaN,NaN,NaN,NaN,NaN,NaN,NaN
228,4,0,774,695,773,387,722,286,672,266,NaN,NaN,NaN,NaN,NaN,NaN,NaN,NaN,NaN,NaN,NaN,NaN
229,4,0,774,695,769,389,718,287,669,268,NaN,NaN,NaN,NaN,NaN,NaN,NaN,NaN,NaN,NaN,NaN,NaN
230,4,0,773,695,766,390,715,288,666,269,NaN,NaN,NaN,NaN,NaN,NaN,NaN,NaN,NaN,NaN,NaN,NaN
231,4,0,773,695,763,391,712,289,663,270,NaN,NaN,NaN,NaN,NaN,NaN,NaN,NaN,NaN,NaN,NaN,NaN
232,4,0,773,695,759,391,709,289,660,270,NaN,NaN,NaN,NaN,NaN,NaN,NaN,NaN,NaN,NaN,NaN,NaN
233,4,0,772,695,755,392,706,289,656,271,NaN,NaN,NaN,NaN,NaN,NaN,NaN,NaN,NaN,NaN,NaN,NaN
234,4,0,771,695,750,393,702,290,652,272,NaN,NaN,NaN,NaN,NaN,NaN,NaN,NaN,NaN,NaN,NaN,NaN
235,4,0,768,695,744,394,697,291,647,273,NaN,NaN,NaN,NaN,NaN,NaN,NaN,NaN,NaN,NaN,NaN,NaN
236,4,0,765,695,738,396,693,292,641,275,NaN,NaN,NaN,NaN,NaN,NaN,NaN,NaN,NaN,NaN,NaN,NaN
237,4,1,765,695,737,395,693,292,641,275,NaN,NaN,NaN,NaN,NaN,NaN,NaN,NaN,NaN,NaN,NaN,NaN
238,4,0,760,695,733,398,688,294,636,277,NaN,NaN,NaN,NaN,NaN,NaN,NaN,NaN,NaN,NaN,NaN,NaN
239,4,0,758,695,729,400,682,295,632,278,NaN,NaN,NaN,NaN,NaN,NaN,NaN,NaN,NaN,NaN,NaN,NaN
240,4,0,756,695,726,400,677,294,629,277,NaN,NaN,NaN,NaN,NaN,NaN,NaN,NaN,NaN,NaN,NaN,NaN
241,4,0,753,695,723,398,674,292,626,276,NaN,NaN,NaN,NaN,NaN,NaN,NaN,NaN,NaN,NaN,NaN,NaN
242,4,1,753,695,723,398,674,292,626,276,NaN,NaN,NaN,NaN,NaN,NaN,NaN,NaN,NaN,NaN,NaN,NaN
243,4,0,749,695,719,398,671,290,621,273,NaN,NaN,NaN,NaN,NaN,NaN,NaN,NaN,NaN,NaN,NaN,NaN
244,4,0,742,695,714,399,666,290,615,273,NaN,NaN,NaN,NaN,NaN,NaN,NaN,NaN,NaN,NaN,NaN,NaN
245,4,0,737,695,709,401,660,292,609,274,NaN,NaN,NaN,NaN,NaN,NaN,NaN,NaN,NaN,NaN,NaN,NaN
246,4,0,730,695,704,404,655,294,603,276,NaN,NaN,NaN,NaN,NaN,NaN,NaN,NaN,NaN,NaN,NaN,NaN
247,4,0,725,695,697,407,650,296,595,278,NaN,NaN,NaN,NaN,NaN,NaN,NaN,NaN,NaN,NaN,NaN,NaN
248,4,0,719,695,692,409,645,296,588,279,NaN,NaN,NaN,NaN,NaN,NaN,NaN,NaN,NaN,NaN,NaN,NaN
249,4,0,713,695,687,410,639,297,582,280,NaN,NaN,NaN,NaN,NaN,NaN,NaN,NaN,NaN,NaN,NaN,NaN
250,4,0,710,695,683,412,634,298,577,280,NaN,NaN,NaN,NaN,NaN,NaN,NaN,NaN,NaN,NaN,NaN,NaN
251,4,0,707,695,680,413,632,298,573,280,NaN,NaN,NaN,NaN,NaN,NaN,NaN,NaN,NaN,NaN,NaN,NaN
252,4,0,705,695,678,413,629,298,570,280,NaN,NaN,NaN,NaN,NaN,NaN,NaN,NaN,NaN,NaN,NaN,NaN
253,4,0,704,695,675,413,627,298,566,280,NaN,NaN,NaN,NaN,NaN,NaN,NaN,NaN,NaN,NaN,NaN,NaN
254,4,0,702,695,674,413,624,298,563,280,NaN,NaN,NaN,NaN,NaN,NaN,NaN,NaN,NaN,NaN,NaN,NaN
255,4,0,702,695,672,413,623,297,560,279,NaN,NaN,NaN,NaN,NaN,NaN,NaN,NaN,NaN,NaN,NaN,NaN
256,4,0,701,695,670,412,621,296,557,278,NaN,NaN,NaN,NaN,NaN,NaN,NaN,NaN,NaN,NaN,NaN,NaN
257,4,0,701,695,669,412,619,296,553,278,NaN,NaN,NaN,NaN,NaN,NaN,NaN,NaN,NaN,NaN,NaN,NaN
258,4,0,700,695,667,412,616,295,549,277,NaN,NaN,NaN,NaN,NaN,NaN,NaN,NaN,NaN,NaN,NaN,NaN
259,4,0,700,695,665,413,614,295,546,277,NaN,NaN,NaN,NaN,NaN,NaN,NaN,NaN,NaN,NaN,NaN,NaN
260,4,0,701,695,664,413,612,295,543,277,NaN,NaN,NaN,NaN,NaN,NaN,NaN,NaN,NaN,NaN,NaN,NaN
261,4,0,701,695,663,415,611,296,540,278,NaN,NaN,NaN,NaN,NaN,NaN,NaN,NaN,NaN,NaN,NaN,NaN
262,4,0,702,695,662,418,609,298,537,279,NaN,NaN,NaN,NaN,NaN,NaN,NaN,NaN,NaN,NaN,NaN,NaN
263,4,0,702,695,660,420,606,299,533,281,NaN,NaN,NaN,NaN,NaN,NaN,NaN,NaN,NaN,NaN,NaN,NaN
264,4,0,703,695,660,421,606,299,531,281,NaN,NaN,NaN,NaN,NaN,NaN,NaN,NaN,NaN,NaN,NaN,NaN
265,4,0,705,695,660,422,605,300,529,281,NaN,NaN,NaN,NaN,NaN,NaN,NaN,NaN,NaN,NaN,NaN,NaN
266,4,0,707,695,660,424,604,300,528,282,NaN,NaN,NaN,NaN,NaN,NaN,NaN,NaN,NaN,NaN,NaN,NaN
267,4,0,709,695,661,426,604,302,526,283,NaN,NaN,NaN,NaN,NaN,NaN,NaN,NaN,NaN,NaN,NaN,NaN
268,4,0,710,695,660,430,603,304,523,285,NaN,NaN,NaN,NaN,NaN,NaN,NaN,NaN,NaN,NaN,NaN,NaN
269,4,0,711,695,659,433,600,307,520,288,NaN,NaN,NaN,NaN,NaN,NaN,NaN,NaN,NaN,NaN,NaN,NaN
270,4,0,712,695,659,435,599,308,518,290,NaN,NaN,NaN,NaN,NaN,NaN,NaN,NaN,NaN,NaN,NaN,NaN
271,4,0,713,695,659,437,598,310,516,292,NaN,NaN,NaN,NaN,NaN,NaN,NaN,NaN,NaN,NaN,NaN,NaN
272,4,0,714,695,659,437,596,309,516,292,NaN,NaN,NaN,NaN,NaN,NaN,NaN,NaN,NaN,NaN,NaN,NaN
273,4,0,714,695,658,435,593,307,514,290,NaN,NaN,NaN,NaN,NaN,NaN,NaN,NaN,NaN,NaN,NaN,NaN
274,4,0,713,695,656,434,591,304,510,287,NaN,NaN,NaN,NaN,NaN,NaN,NaN,NaN,NaN,NaN,NaN,NaN
275,4,0,711,695,654,432,589,302,507,285,NaN,NaN,NaN,NaN,NaN,NaN,NaN,NaN,NaN,NaN,NaN,NaN
276,4,0,709,695,652,432,587,300,504,284,NaN,NaN,NaN,NaN,NaN,NaN,NaN,NaN,NaN,NaN,NaN,NaN
277,4,0,707,695,650,431,585,300,501,283,NaN,NaN,NaN,NaN,NaN,NaN,NaN,NaN,NaN,NaN,NaN,NaN
278,4,0,705,695,649,431,583,299,498,282,NaN,NaN,NaN,NaN,NaN,NaN,NaN,NaN,NaN,NaN,NaN,NaN
279,4,0,704,695,647,431,582,298,495,281,NaN,NaN,NaN,NaN,NaN,NaN,NaN,NaN,NaN,NaN,NaN,NaN
280,4,0,702,695,645,430,581,297,493,280,NaN,NaN,NaN,NaN,NaN,NaN,NaN,NaN,NaN,NaN,NaN,NaN
281,4,0,699,695,643,429,579,295,489,279,NaN,NaN,NaN,NaN,NaN,NaN,NaN,NaN,NaN,NaN,NaN,NaN
282,4,0,697,695,641,427,577,293,486,276,NaN,NaN,NaN,NaN,NaN,NaN,NaN,NaN,NaN,NaN,NaN,NaN
283,4,0,695,695,640,425,575,290,483,274,NaN,NaN,NaN,NaN,NaN,NaN,NaN,NaN,NaN,NaN,NaN,NaN
284,4,0,694,695,639,423,575,287,483,271,NaN,NaN,NaN,NaN,NaN,NaN,NaN,NaN,NaN,NaN,NaN,NaN
285,4,0,694,695,639,422,575,286,481,270,NaN,NaN,NaN,NaN,NaN,NaN,NaN,NaN,NaN,NaN,NaN,NaN
286,4,0,691,695,637,422,574,285,479,269,NaN,NaN,NaN,NaN,NaN,NaN,NaN,NaN,NaN,NaN,NaN,NaN
287,4,0,689,695,635,424,573,286,476,269,NaN,NaN,NaN,NaN,NaN,NaN,NaN,NaN,NaN,NaN,NaN,NaN
288,4,0,686,695,632,427,571,290,472,273,NaN,NaN,NaN,NaN,NaN,NaN,NaN,NaN,NaN,NaN,NaN,NaN
289,4,0,683,695,630,432,569,293,469,276,NaN,NaN,NaN,NaN,NaN,NaN,NaN,NaN,NaN,NaN,NaN,NaN
290,4,1,683,695,630,432,569,293,468,276,NaN,NaN,NaN,NaN,NaN,NaN,NaN,NaN,NaN,NaN,NaN,NaN
291,4,0,679,695,629,434,569,295,468,278,NaN,NaN,NaN,NaN,NaN,NaN,NaN,NaN,NaN,NaN,NaN,NaN
292,4,0,676,695,628,436,569,297,467,280,NaN,NaN,NaN,NaN,NaN,NaN,NaN,NaN,NaN,NaN,NaN,NaN
293,4,0,673,695,628,438,568,298,467,281,NaN,NaN,NaN,NaN,NaN,NaN,NaN,NaN,NaN,NaN,NaN,NaN
294,4,0,671,695,629,439,568,299,466,282,NaN,NaN,NaN,NaN,NaN,NaN,NaN,NaN,NaN,NaN,NaN,NaN
295,4,0,670,695,629,439,569,299,467,282,NaN,NaN,NaN,NaN,NaN,NaN,NaN,NaN,NaN,NaN,NaN,NaN
296,4,0,668,695,628,439,570,299,467,282,NaN,NaN,NaN,NaN,NaN,NaN,NaN,NaN,NaN,NaN,NaN,NaN
297,4,0,668,695,629,439,570,298,467,281,NaN,NaN,NaN,NaN,NaN,NaN,NaN,NaN,NaN,NaN,NaN,NaN
298,4,0,667,695,629,438,570,296,468,280,NaN,NaN,NaN,NaN,NaN,NaN,NaN,NaN,NaN,NaN,NaN,NaN
299,4,0,667,695,630,436,571,294,468,278,NaN,NaN,NaN,NaN,NaN,NaN,NaN,NaN,NaN,NaN,NaN,NaN
300,4,0,666,695,629,434,571,292,468,276,NaN,NaN,NaN,NaN,NaN,NaN,NaN,NaN,NaN,NaN,NaN,NaN
301,4,0,665,695,629,433,571,291,467,275,NaN,NaN,NaN,NaN,NaN,NaN,NaN,NaN,NaN,NaN,NaN,NaN
302,4,0,664,695,629,432,570,290,467,274,NaN,NaN,NaN,NaN,NaN,NaN,NaN,NaN,NaN,NaN,NaN,NaN
303,4,0,662,695,628,431,570,290,465,274,NaN,NaN,NaN,NaN,NaN,NaN,NaN,NaN,NaN,NaN,NaN,NaN
304,4,0,661,695,628,432,570,290,465,274,NaN,NaN,NaN,NaN,NaN,NaN,NaN,NaN,NaN,NaN,NaN,NaN
305,4,0,660,695,628,433,570,291,465,274,NaN,NaN,NaN,NaN,NaN,NaN,NaN,NaN,NaN,NaN,NaN,NaN
306,4,0,659,695,628,434,570,292,464,274,NaN,NaN,NaN,NaN,NaN,NaN,NaN,NaN,NaN,NaN,NaN,NaN
307,4,0,657,695,627,436,569,293,464,275,NaN,NaN,NaN,NaN,NaN,NaN,NaN,NaN,NaN,NaN,NaN,NaN
308,4,0,657,695,628,438,570,295,463,276,NaN,NaN,NaN,NaN,NaN,NaN,NaN,NaN,NaN,NaN,NaN,NaN
309,4,0,656,695,628,440,570,296,464,277,NaN,NaN,NaN,NaN,NaN,NaN,NaN,NaN,NaN,NaN,NaN,NaN
310,4,0,656,695,628,442,571,297,463,278,NaN,NaN,NaN,NaN,NaN,NaN,NaN,NaN,NaN,NaN,NaN,NaN
311,4,0,656,695,629,445,571,298,463,279,NaN,NaN,NaN,NaN,NaN,NaN,NaN,NaN,NaN,NaN,NaN,NaN
312,4,0,657,695,631,448,574,301,465,282,NaN,NaN,NaN,NaN,NaN,NaN,NaN,NaN,NaN,NaN,NaN,NaN
313,4,0,658,695,632,452,574,303,465,283,NaN,NaN,NaN,NaN,NaN,NaN,NaN,NaN,NaN,NaN,NaN,NaN
314,4,0,659,695,634,455,575,304,466,285,NaN,NaN,NaN,NaN,NaN,NaN,NaN,NaN,NaN,NaN,NaN,NaN
315,4,0,659,695,635,457,577,305,466,285,NaN,NaN,NaN,NaN,NaN,NaN,NaN,NaN,NaN,NaN,NaN,NaN
316,4,0,660,695,635,460,577,306,467,286,NaN,NaN,NaN,NaN,NaN,NaN,NaN,NaN,NaN,NaN,NaN,NaN
317,4,0,659,695,638,462,578,307,467,286,NaN,NaN,NaN,NaN,NaN,NaN,NaN,NaN,NaN,NaN,NaN,NaN
318,4,0,660,695,640,461,580,306,469,285,NaN,NaN,NaN,NaN,NaN,NaN,NaN,NaN,NaN,NaN,NaN,NaN
319,4,0,660,695,640,461,582,304,469,283,NaN,NaN,NaN,NaN,NaN,NaN,NaN,NaN,NaN,NaN,NaN,NaN
320,4,0,661,695,642,463,582,304,471,283,NaN,NaN,NaN,NaN,NaN,NaN,NaN,NaN,NaN,NaN,NaN,NaN
321,4,0,662,695,643,465,584,304,472,282,NaN,NaN,NaN,NaN,NaN,NaN,NaN,NaN,NaN,NaN,NaN,NaN
322,4,0,661,695,644,465,585,304,473,282,NaN,NaN,NaN,NaN,NaN,NaN,NaN,NaN,NaN,NaN,NaN,NaN
323,4,0,661,695,644,465,586,304,473,282,NaN,NaN,NaN,NaN,NaN,NaN,NaN,NaN,NaN,NaN,NaN,NaN
324,4,0,661,695,645,464,587,303,473,280,NaN,NaN,NaN,NaN,NaN,NaN,NaN,NaN,NaN,NaN,NaN,NaN
325,4,0,660,695,644,464,586,302,473,279,NaN,NaN,NaN,NaN,NaN,NaN,NaN,NaN,NaN,NaN,NaN,NaN
326,4,0,660,695,645,463,587,302,473,278,NaN,NaN,NaN,NaN,NaN,NaN,NaN,NaN,NaN,NaN,NaN,NaN
327,4,0,659,695,645,464,587,301,473,278,NaN,NaN,NaN,NaN,NaN,NaN,NaN,NaN,NaN,NaN,NaN,NaN
328,4,0,658,695,645,464,587,301,473,278,NaN,NaN,NaN,NaN,NaN,NaN,NaN,NaN,NaN,NaN,NaN,NaN
329,4,0,657,695,643,464,586,301,472,278,NaN,NaN,NaN,NaN,NaN,NaN,NaN,NaN,NaN,NaN,NaN,NaN
330,4,0,655,695,642,464,586,301,471,277,NaN,NaN,NaN,NaN,NaN,NaN,NaN,NaN,NaN,NaN,NaN,NaN
331,4,0,651,695,640,465,584,303,469,278,NaN,NaN,NaN,NaN,NaN,NaN,NaN,NaN,NaN,NaN,NaN,NaN
332,4,0,648,695,638,466,583,304,468,279,NaN,NaN,NaN,NaN,NaN,NaN,NaN,NaN,NaN,NaN,NaN,NaN
333,4,0,646,695,637,467,582,305,467,280,NaN,NaN,NaN,NaN,NaN,NaN,NaN,NaN,NaN,NaN,NaN,NaN
334,4,0,644,695,637,469,582,306,468,281,NaN,NaN,NaN,NaN,NaN,NaN,NaN,NaN,NaN,NaN,NaN,NaN
335,4,0,643,695,638,471,585,308,469,282,NaN,NaN,NaN,NaN,NaN,NaN,NaN,NaN,NaN,NaN,NaN,NaN
336,4,0,643,695,639,473,587,310,471,284,NaN,NaN,NaN,NaN,NaN,NaN,NaN,NaN,NaN,NaN,NaN,NaN
337,4,0,643,695,640,475,590,313,473,286,NaN,NaN,NaN,NaN,NaN,NaN,NaN,NaN,NaN,NaN,NaN,NaN
338,4,0,642,695,640,477,591,314,475,288,NaN,NaN,NaN,NaN,NaN,NaN,NaN,NaN,NaN,NaN,NaN,NaN
339,4,0,641,695,641,478,591,315,475,289,NaN,NaN,NaN,NaN,NaN,NaN,NaN,NaN,NaN,NaN,NaN,NaN
340,4,0,640,695,640,477,592,314,475,288,NaN,NaN,NaN,NaN,NaN,NaN,NaN,NaN,NaN,NaN,NaN,NaN
341,4,0,634,695,638,475,592,311,474,286,NaN,NaN,NaN,NaN,NaN,NaN,NaN,NaN,NaN,NaN,NaN,NaN
342,4,0,627,695,632,472,588,310,469,284,NaN,NaN,NaN,NaN,NaN,NaN,NaN,NaN,NaN,NaN,NaN,NaN
343,4,0,623,695,629,471,585,308,466,282,NaN,NaN,NaN,NaN,NaN,NaN,NaN,NaN,NaN,NaN,NaN,NaN
344,4,0,621,695,628,470,586,306,466,280,NaN,NaN,NaN,NaN,NaN,NaN,NaN,NaN,NaN,NaN,NaN,NaN
345,4,0,622,695,629,469,588,305,467,279,NaN,NaN,NaN,NaN,NaN,NaN,NaN,NaN,NaN,NaN,NaN,NaN
346,4,0,623,695,631,470,590,306,469,279,NaN,NaN,NaN,NaN,NaN,NaN,NaN,NaN,NaN,NaN,NaN,NaN
347,4,0,623,695,633,469,592,306,471,278,NaN,NaN,NaN,NaN,NaN,NaN,NaN,NaN,NaN,NaN,NaN,NaN
348,4,0,624,695,634,469,593,306,472,278,NaN,NaN,NaN,NaN,NaN,NaN,NaN,NaN,NaN,NaN,NaN,NaN
349,4,0,624,695,635,468,595,305,473,277,NaN,NaN,NaN,NaN,NaN,NaN,NaN,NaN,NaN,NaN,NaN,NaN
350,4,0,625,695,636,468,596,304,474,277,NaN,NaN,NaN,NaN,NaN,NaN,NaN,NaN,NaN,NaN,NaN,NaN
351,4,0,625,695,636,468,596,304,474,277,NaN,NaN,NaN,NaN,NaN,NaN,NaN,NaN,NaN,NaN,NaN,NaN
352,4,0,625,695,636,468,596,305,473,278,NaN,NaN,NaN,NaN,NaN,NaN,NaN,NaN,NaN,NaN,NaN,NaN
353,4,0,624,695,636,469,595,306,473,278,NaN,NaN,NaN,NaN,NaN,NaN,NaN,NaN,NaN,NaN,NaN,NaN
354,4,0,623,695,635,469,594,307,471,279,NaN,NaN,NaN,NaN,NaN,NaN,NaN,NaN,NaN,NaN,NaN,NaN
355,4,0,623,695,634,469,593,308,470,279,NaN,NaN,NaN,NaN,NaN,NaN,NaN,NaN,NaN,NaN,NaN,NaN
356,4,0,623,695,634,469,593,308,469,280,NaN,NaN,NaN,NaN,NaN,NaN,NaN,NaN,NaN,NaN,NaN,NaN
357,4,0,623,695,635,468,593,307,469,279,NaN,NaN,NaN,NaN,NaN,NaN,NaN,NaN,NaN,NaN,NaN,NaN
358,4,0,624,695,635,467,593,306,469,278,NaN,NaN,NaN,NaN,NaN,NaN,NaN,NaN,NaN,NaN,NaN,NaN
359,4,0,624,695,636,466,593,306,469,277,NaN,NaN,NaN,NaN,NaN,NaN,NaN,NaN,NaN,NaN,NaN,NaN
360,4,0,625,695,636,465,594,305,469,277,NaN,NaN,NaN,NaN,NaN,NaN,NaN,NaN,NaN,NaN,NaN,NaN
361,4,0,625,695,637,465,594,306,468,277,NaN,NaN,NaN,NaN,NaN,NaN,NaN,NaN,NaN,NaN,NaN,NaN
362,4,0,626,695,637,466,594,306,468,278,NaN,NaN,NaN,NaN,NaN,NaN,NaN,NaN,NaN,NaN,NaN,NaN
363,4,0,628,695,639,467,595,308,469,279,NaN,NaN,NaN,NaN,NaN,NaN,NaN,NaN,NaN,NaN,NaN,NaN
364,4,0,632,695,642,467,598,308,472,280,NaN,NaN,NaN,NaN,NaN,NaN,NaN,NaN,NaN,NaN,NaN,NaN
365,4,0,635,695,646,468,601,310,475,281,NaN,NaN,NaN,NaN,NaN,NaN,NaN,NaN,NaN,NaN,NaN,NaN
366,4,0,638,695,648,468,604,310,477,282,NaN,NaN,NaN,NaN,NaN,NaN,NaN,NaN,NaN,NaN,NaN,NaN
367,4,0,640,695,650,466,606,310,479,281,NaN,NaN,NaN,NaN,NaN,NaN,NaN,NaN,NaN,NaN,NaN,NaN
368,4,0,642,694,652,463,607,307,481,278,NaN,NaN,NaN,NaN,NaN,NaN,NaN,NaN,NaN,NaN,NaN,NaN
369,4,0,643,691,653,458,608,303,481,274,NaN,NaN,NaN,NaN,NaN,NaN,NaN,NaN,NaN,NaN,NaN,NaN
370,4,0,643,688,654,453,608,298,481,269,NaN,NaN,NaN,NaN,NaN,NaN,NaN,NaN,NaN,NaN,NaN,NaN
371,4,0,643,686,654,448,609,295,481,265,NaN,NaN,NaN,NaN,NaN,NaN,NaN,NaN,NaN,NaN,NaN,NaN
372,4,0,643,685,655,445,609,292,481,263,NaN,NaN,NaN,NaN,NaN,NaN,NaN,NaN,NaN,NaN,NaN,NaN
373,4,0,644,687,656,444,610,291,482,262,NaN,NaN,NaN,NaN,NaN,NaN,NaN,NaN,NaN,NaN,NaN,NaN
374,4,0,644,689,657,444,611,291,483,262,NaN,NaN,NaN,NaN,NaN,NaN,NaN,NaN,NaN,NaN,NaN,NaN
375,4,0,644,692,657,444,612,292,483,263,NaN,NaN,NaN,NaN,NaN,NaN,NaN,NaN,NaN,NaN,NaN,NaN
376,4,0,644,695,658,444,613,293,484,264,NaN,NaN,NaN,NaN,NaN,NaN,NaN,NaN,NaN,NaN,NaN,NaN
377,4,0,644,695,658,446,613,295,484,266,NaN,NaN,NaN,NaN,NaN,NaN,NaN,NaN,NaN,NaN,NaN,NaN
378,4,0,643,695,658,446,613,296,484,267,NaN,NaN,NaN,NaN,NaN,NaN,NaN,NaN,NaN,NaN,NaN,NaN
379,4,0,642,695,658,445,613,296,484,266,NaN,NaN,NaN,NaN,NaN,NaN,NaN,NaN,NaN,NaN,NaN,NaN
380,4,0,642,695,658,444,613,295,484,266,NaN,NaN,NaN,NaN,NaN,NaN,NaN,NaN,NaN,NaN,NaN,NaN
381,4,0,640,695,657,443,613,295,483,266,NaN,NaN,NaN,NaN,NaN,NaN,NaN,NaN,NaN,NaN,NaN,NaN
382,4,0,637,695,655,444,612,296,481,267,NaN,NaN,NaN,NaN,NaN,NaN,NaN,NaN,NaN,NaN,NaN,NaN
383,4,0,636,695,654,445,611,298,480,268,NaN,NaN,NaN,NaN,NaN,NaN,NaN,NaN,NaN,NaN,NaN,NaN
384,4,0,635,695,654,446,611,299,480,270,NaN,NaN,NaN,NaN,NaN,NaN,NaN,NaN,NaN,NaN,NaN,NaN
385,4,0,634,695,654,446,611,300,481,271,NaN,NaN,NaN,NaN,NaN,NaN,NaN,NaN,NaN,NaN,NaN,NaN
386,4,0,635,695,655,446,612,300,482,271,NaN,NaN,NaN,NaN,NaN,NaN,NaN,NaN,NaN,NaN,NaN,NaN
387,4,0,636,695,656,443,613,299,483,269,NaN,NaN,NaN,NaN,NaN,NaN,NaN,NaN,NaN,NaN,NaN,NaN
388,4,0,636,695,658,441,615,297,484,267,NaN,NaN,NaN,NaN,NaN,NaN,NaN,NaN,NaN,NaN,NaN,NaN
389,4,0,637,695,659,440,616,296,485,267,NaN,NaN,NaN,NaN,NaN,NaN,NaN,NaN,NaN,NaN,NaN,NaN
390,4,0,637,695,660,438,617,295,485,266,NaN,NaN,NaN,NaN,NaN,NaN,NaN,NaN,NaN,NaN,NaN,NaN
391,4,0,637,695,659,437,616,295,485,266,NaN,NaN,NaN,NaN,NaN,NaN,NaN,NaN,NaN,NaN,NaN,NaN
392,4,0,635,695,658,436,615,295,482,266,NaN,NaN,NaN,NaN,NaN,NaN,NaN,NaN,NaN,NaN,NaN,NaN
393,4,0,632,695,656,437,613,297,480,267,NaN,NaN,NaN,NaN,NaN,NaN,NaN,NaN,NaN,NaN,NaN,NaN
394,4,0,631,695,654,438,611,298,478,268,NaN,NaN,NaN,NaN,NaN,NaN,NaN,NaN,NaN,NaN,NaN,NaN
395,4,0,630,695,654,438,611,299,477,269,NaN,NaN,NaN,NaN,NaN,NaN,NaN,NaN,NaN,NaN,NaN,NaN
396,4,0,630,695,654,439,610,300,476,270,NaN,NaN,NaN,NaN,NaN,NaN,NaN,NaN,NaN,NaN,NaN,NaN
397,4,0,630,695,654,438,610,301,476,271,NaN,NaN,NaN,NaN,NaN,NaN,NaN,NaN,NaN,NaN,NaN,NaN
398,4,0,631,695,655,438,611,301,476,271,NaN,NaN,NaN,NaN,NaN,NaN,NaN,NaN,NaN,NaN,NaN,NaN
399,4,0,632,695,656,438,611,302,477,272,NaN,NaN,NaN,NaN,NaN,NaN,NaN,NaN,NaN,NaN,NaN,NaN
400,4,0,634,695,657,438,612,303,477,273,NaN,NaN,NaN,NaN,NaN,NaN,NaN,NaN,NaN,NaN,NaN,NaN
401,4,0,637,695,659,439,614,304,478,274,NaN,NaN,NaN,NaN,NaN,NaN,NaN,NaN,NaN,NaN,NaN,NaN
402,4,0,639,695,661,439,614,305,478,275,NaN,NaN,NaN,NaN,NaN,NaN,NaN,NaN,NaN,NaN,NaN,NaN
403,4,0,642,695,662,440,616,306,479,276,NaN,NaN,NaN,NaN,NaN,NaN,NaN,NaN,NaN,NaN,NaN,NaN
404,4,0,644,695,664,440,616,307,479,276,NaN,NaN,NaN,NaN,NaN,NaN,NaN,NaN,NaN,NaN,NaN,NaN
405,4,0,646,695,665,440,617,307,479,277,NaN,NaN,NaN,NaN,NaN,NaN,NaN,NaN,NaN,NaN,NaN,NaN
406,4,0,649,695,666,441,618,309,480,278,NaN,NaN,NaN,NaN,NaN,NaN,NaN,NaN,NaN,NaN,NaN,NaN
407,4,0,652,695,668,442,619,311,480,280,NaN,NaN,NaN,NaN,NaN,NaN,NaN,NaN,NaN,NaN,NaN,NaN
408,4,0,655,695,670,443,620,312,481,281,NaN,NaN,NaN,NaN,NaN,NaN,NaN,NaN,NaN,NaN,NaN,NaN
409,4,0,659,695,673,443,622,312,482,282,NaN,NaN,NaN,NaN,NaN,NaN,NaN,NaN,NaN,NaN,NaN,NaN
410,4,0,663,695,676,442,624,313,484,282,NaN,NaN,NaN,NaN,NaN,NaN,NaN,NaN,NaN,NaN,NaN,NaN
411,4,0,667,695,679,440,626,311,486,280,NaN,NaN,NaN,NaN,NaN,NaN,NaN,NaN,NaN,NaN,NaN,NaN
412,4,1,667,694,679,438,626,311,486,280,NaN,NaN,NaN,NaN,NaN,NaN,NaN,NaN,NaN,NaN,NaN,NaN
413,4,0,670,695,680,437,627,309,487,278,NaN,NaN,NaN,NaN,NaN,NaN,NaN,NaN,NaN,NaN,NaN,NaN
414,4,0,672,695,681,437,628,309,487,278,NaN,NaN,NaN,NaN,NaN,NaN,NaN,NaN,NaN,NaN,NaN,NaN
415,4,0,676,695,684,438,629,309,489,278,NaN,NaN,NaN,NaN,NaN,NaN,NaN,NaN,NaN,NaN,NaN,NaN
416,4,0,679,695,687,439,632,310,492,279,NaN,NaN,NaN,NaN,NaN,NaN,NaN,NaN,NaN,NaN,NaN,NaN
417,4,0,683,695,690,441,635,311,493,280,NaN,NaN,NaN,NaN,NaN,NaN,NaN,NaN,NaN,NaN,NaN,NaN
418,4,0,686,695,693,442,637,312,495,281,NaN,NaN,NaN,NaN,NaN,NaN,NaN,NaN,NaN,NaN,NaN,NaN
419,4,0,688,695,694,444,637,313,496,282,NaN,NaN,NaN,NaN,NaN,NaN,NaN,NaN,NaN,NaN,NaN,NaN
420,4,0,689,695,694,445,637,314,496,283,NaN,NaN,NaN,NaN,NaN,NaN,NaN,NaN,NaN,NaN,NaN,NaN
421,4,0,689,695,694,447,637,315,496,284,NaN,NaN,NaN,NaN,NaN,NaN,NaN,NaN,NaN,NaN,NaN,NaN
422,4,0,689,695,694,448,637,316,495,285,NaN,NaN,NaN,NaN,NaN,NaN,NaN,NaN,NaN,NaN,NaN,NaN
423,4,0,688,695,692,449,634,317,493,285,NaN,NaN,NaN,NaN,NaN,NaN,NaN,NaN,NaN,NaN,NaN,NaN
424,4,0,686,695,690,449,632,316,490,285,NaN,NaN,NaN,NaN,NaN,NaN,NaN,NaN,NaN,NaN,NaN,NaN
425,4,0,684,695,689,449,630,316,489,284,NaN,NaN,NaN,NaN,NaN,NaN,NaN,NaN,NaN,NaN,NaN,NaN
426,4,0,685,695,690,450,631,316,488,284,NaN,NaN,NaN,NaN,NaN,NaN,NaN,NaN,NaN,NaN,NaN,NaN
427,4,0,687,695,692,452,632,317,490,284,NaN,NaN,NaN,NaN,NaN,NaN,NaN,NaN,NaN,NaN,NaN,NaN
428,4,0,689,695,694,454,635,318,493,286,NaN,NaN,NaN,NaN,NaN,NaN,NaN,NaN,NaN,NaN,NaN,NaN
429,4,0,691,695,697,457,638,320,496,288,NaN,NaN,NaN,NaN,NaN,NaN,NaN,NaN,NaN,NaN,NaN,NaN
430,4,0,693,695,699,460,640,322,498,290,NaN,NaN,NaN,NaN,NaN,NaN,NaN,NaN,NaN,NaN,NaN,NaN
431,4,0,694,695,700,463,639,324,498,292,NaN,NaN,NaN,NaN,NaN,NaN,NaN,NaN,NaN,NaN,NaN,NaN
432,4,0,693,695,699,465,638,325,496,294,NaN,NaN,NaN,NaN,NaN,NaN,NaN,NaN,NaN,NaN,NaN,NaN
433,4,0,690,695,696,465,636,325,493,293,NaN,NaN,NaN,NaN,NaN,NaN,NaN,NaN,NaN,NaN,NaN,NaN
434,4,0,688,695,693,465,632,324,489,291,NaN,NaN,NaN,NaN,NaN,NaN,NaN,NaN,NaN,NaN,NaN,NaN
435,4,0,686,695,690,466,628,323,485,291,NaN,NaN,NaN,NaN,NaN,NaN,NaN,NaN,NaN,NaN,NaN,NaN
436,4,0,684,695,688,467,626,323,482,290,NaN,NaN,NaN,NaN,NaN,NaN,NaN,NaN,NaN,NaN,NaN,NaN
437,4,0,685,695,689,468,625,324,481,291,NaN,NaN,NaN,NaN,NaN,NaN,NaN,NaN,NaN,NaN,NaN,NaN
438,4,0,687,695,690,469,625,324,481,291,NaN,NaN,NaN,NaN,NaN,NaN,NaN,NaN,NaN,NaN,NaN,NaN
439,4,0,689,695,690,471,625,325,480,293,NaN,NaN,NaN,NaN,NaN,NaN,NaN,NaN,NaN,NaN,NaN,NaN
440,4,0,690,695,690,474,624,328,479,295,NaN,NaN,NaN,NaN,NaN,NaN,NaN,NaN,NaN,NaN,NaN,NaN
441,4,0,690,695,690,478,622,331,477,298,NaN,NaN,NaN,NaN,NaN,NaN,NaN,NaN,NaN,NaN,NaN,NaN
442,4,0,691,695,690,482,621,334,476,301,NaN,NaN,NaN,NaN,NaN,NaN,NaN,NaN,NaN,NaN,NaN,NaN
443,4,0,693,695,690,485,621,337,475,304,NaN,NaN,NaN,NaN,NaN,NaN,NaN,NaN,NaN,NaN,NaN,NaN
444,4,0,694,695,690,489,619,340,473,306,NaN,NaN,NaN,NaN,NaN,NaN,NaN,NaN,NaN,NaN,NaN,NaN
445,4,0,695,695,691,492,619,342,471,308,NaN,NaN,NaN,NaN,NaN,NaN,NaN,NaN,NaN,NaN,NaN,NaN
446,4,0,696,695,692,494,619,343,470,310,NaN,NaN,NaN,NaN,NaN,NaN,NaN,NaN,NaN,NaN,NaN,NaN
447,4,0,698,695,693,496,618,344,470,310,NaN,NaN,NaN,NaN,NaN,NaN,NaN,NaN,NaN,NaN,NaN,NaN
448,4,0,700,695,694,499,618,345,470,311,NaN,NaN,NaN,NaN,NaN,NaN,NaN,NaN,NaN,NaN,NaN,NaN
449,4,0,702,695,696,500,619,345,470,311,NaN,NaN,NaN,NaN,NaN,NaN,NaN,NaN,NaN,NaN,NaN,NaN
450,4,0,706,695,699,500,621,344,473,310,NaN,NaN,NaN,NaN,NaN,NaN,NaN,NaN,NaN,NaN,NaN,NaN
451,4,0,710,695,703,500,624,342,475,308,NaN,NaN,NaN,NaN,NaN,NaN,NaN,NaN,NaN,NaN,NaN,NaN
452,4,0,714,695,706,500,626,341,476,307,NaN,NaN,NaN,NaN,NaN,NaN,NaN,NaN,NaN,NaN,NaN,NaN
453,4,0,715,695,706,501,626,341,477,307,NaN,NaN,NaN,NaN,NaN,NaN,NaN,NaN,NaN,NaN,NaN,NaN
454,4,0,714,695,705,504,624,342,474,309,NaN,NaN,NaN,NaN,NaN,NaN,NaN,NaN,NaN,NaN,NaN,NaN
455,4,0,712,695,704,507,622,345,471,311,NaN,NaN,NaN,NaN,NaN,NaN,NaN,NaN,NaN,NaN,NaN,NaN
456,4,0,710,695,701,510,619,346,468,312,NaN,NaN,NaN,NaN,NaN,NaN,NaN,NaN,NaN,NaN,NaN,NaN
457,4,0,709,695,700,512,617,347,466,313,NaN,NaN,NaN,NaN,NaN,NaN,NaN,NaN,NaN,NaN,NaN,NaN
458,4,0,708,695,699,513,615,348,464,314,NaN,NaN,NaN,NaN,NaN,NaN,NaN,NaN,NaN,NaN,NaN,NaN
459,4,0,708,695,699,515,614,349,463,314,NaN,NaN,NaN,NaN,NaN,NaN,NaN,NaN,NaN,NaN,NaN,NaN
460,4,0,707,695,699,516,613,350,462,315,NaN,NaN,NaN,NaN,NaN,NaN,NaN,NaN,NaN,NaN,NaN,NaN
461,4,0,707,695,698,517,613,350,461,316,NaN,NaN,NaN,NaN,NaN,NaN,NaN,NaN,NaN,NaN,NaN,NaN
462,4,0,706,695,698,519,611,351,460,316,NaN,NaN,NaN,NaN,NaN,NaN,NaN,NaN,NaN,NaN,NaN,NaN
463,4,0,705,695,697,520,611,351,459,317,NaN,NaN,NaN,NaN,NaN,NaN,NaN,NaN,NaN,NaN,NaN,NaN
464,4,0,704,695,697,522,610,352,458,317,NaN,NaN,NaN,NaN,NaN,NaN,NaN,NaN,NaN,NaN,NaN,NaN
465,4,0,704,695,697,523,610,352,458,317,NaN,NaN,NaN,NaN,NaN,NaN,NaN,NaN,NaN,NaN,NaN,NaN
466,4,0,704,695,697,524,609,353,458,318,NaN,NaN,NaN,NaN,NaN,NaN,NaN,NaN,NaN,NaN,NaN,NaN
467,4,0,703,695,697,525,609,353,457,318,NaN,NaN,NaN,NaN,NaN,NaN,NaN,NaN,NaN,NaN,NaN,NaN
468,4,0,702,695,696,527,608,354,457,319,NaN,NaN,NaN,NaN,NaN,NaN,NaN,NaN,NaN,NaN,NaN,NaN
469,4,0,701,695,695,528,607,355,456,320,NaN,NaN,NaN,NaN,NaN,NaN,NaN,NaN,NaN,NaN,NaN,NaN
470,4,0,699,695,694,531,605,356,454,321,NaN,NaN,NaN,NaN,NaN,NaN,NaN,NaN,NaN,NaN,NaN,NaN
471,4,0,697,695,692,533,603,358,451,323,NaN,NaN,NaN,NaN,NaN,NaN,NaN,NaN,NaN,NaN,NaN,NaN
472,4,0,695,695,690,535,601,359,448,325,NaN,NaN,NaN,NaN,NaN,NaN,NaN,NaN,NaN,NaN,NaN,NaN
473,4,0,694,695,688,539,599,361,446,327,NaN,NaN,NaN,NaN,NaN,NaN,NaN,NaN,NaN,NaN,NaN,NaN
474,4,0,694,695,688,542,599,363,446,329,NaN,NaN,NaN,NaN,NaN,NaN,NaN,NaN,NaN,NaN,NaN,NaN
475,4,0,694,695,689,544,599,365,446,330,NaN,NaN,NaN,NaN,NaN,NaN,NaN,NaN,NaN,NaN,NaN,NaN
476,4,0,695,695,689,545,598,364,445,330,NaN,NaN,NaN,NaN,NaN,NaN,NaN,NaN,NaN,NaN,NaN,NaN
477,4,0,696,695,690,545,598,363,444,329,NaN,NaN,NaN,NaN,NaN,NaN,NaN,NaN,NaN,NaN,NaN,NaN
478,4,0,696,695,690,545,598,362,443,327,NaN,NaN,NaN,NaN,NaN,NaN,NaN,NaN,NaN,NaN,NaN,NaN
479,4,0,697,695,691,546,597,362,443,326,NaN,NaN,NaN,NaN,NaN,NaN,NaN,NaN,NaN,NaN,NaN,NaN
480,4,0,698,695,692,546,597,361,442,326,NaN,NaN,NaN,NaN,NaN,NaN,NaN,NaN,NaN,NaN,NaN,NaN
481,4,0,699,695,693,547,596,361,441,325,NaN,NaN,NaN,NaN,NaN,NaN,NaN,NaN,NaN,NaN,NaN,NaN
482,4,0,700,695,693,547,596,361,440,325,NaN,NaN,NaN,NaN,NaN,NaN,NaN,NaN,NaN,NaN,NaN,NaN
483,4,0,700,695,693,549,594,361,438,326,NaN,NaN,NaN,NaN,NaN,NaN,NaN,NaN,NaN,NaN,NaN,NaN
484,4,0,699,695,692,552,592,363,435,327,NaN,NaN,NaN,NaN,NaN,NaN,NaN,NaN,NaN,NaN,NaN,NaN
485,4,0,699,695,692,555,590,364,432,329,NaN,NaN,NaN,NaN,NaN,NaN,NaN,NaN,NaN,NaN,NaN,NaN
486,4,0,699,695,692,558,588,366,430,330,NaN,NaN,NaN,NaN,NaN,NaN,NaN,NaN,NaN,NaN,NaN,NaN
487,4,0,700,695,693,562,587,368,427,333,NaN,NaN,NaN,NaN,NaN,NaN,NaN,NaN,NaN,NaN,NaN,NaN
488,4,0,702,695,694,568,586,372,426,337,NaN,NaN,NaN,NaN,NaN,NaN,NaN,NaN,NaN,NaN,NaN,NaN
489,4,0,703,695,696,573,585,376,424,341,NaN,NaN,NaN,NaN,NaN,NaN,NaN,NaN,NaN,NaN,NaN,NaN
490,4,0,705,695,698,579,587,379,425,343,NaN,NaN,NaN,NaN,NaN,NaN,NaN,NaN,NaN,NaN,NaN,NaN
491,4,0,710,695,702,581,589,379,425,344,NaN,NaN,NaN,NaN,NaN,NaN,NaN,NaN,NaN,NaN,NaN,NaN
492,4,0,714,695,706,583,590,379,428,343,NaN,NaN,NaN,NaN,NaN,NaN,NaN,NaN,NaN,NaN,NaN,NaN
493,4,0,716,695,708,584,591,378,428,342,NaN,NaN,NaN,NaN,NaN,NaN,NaN,NaN,NaN,NaN,NaN,NaN
494,4,0,717,695,709,585,590,377,426,341,NaN,NaN,NaN,NaN,NaN,NaN,NaN,NaN,NaN,NaN,NaN,NaN
495,4,0,715,695,708,586,588,376,423,339,NaN,NaN,NaN,NaN,NaN,NaN,NaN,NaN,NaN,NaN,NaN,NaN
496,4,0,714,695,707,586,585,374,420,337,NaN,NaN,NaN,NaN,NaN,NaN,NaN,NaN,NaN,NaN,NaN,NaN
497,4,0,714,695,707,588,583,373,417,335,NaN,NaN,NaN,NaN,NaN,NaN,NaN,NaN,NaN,NaN,NaN,NaN
498,4,0,714,695,708,591,583,374,416,336,NaN,NaN,NaN,NaN,NaN,NaN,NaN,NaN,NaN,NaN,NaN,NaN
499,4,0,716,695,709,595,583,376,416,338,NaN,NaN,NaN,NaN,NaN,NaN,NaN,NaN,NaN,NaN,NaN,NaN
500,4,0,716,695,710,599,584,377,416,339,NaN,NaN,NaN,NaN,NaN,NaN,NaN,NaN,NaN,NaN,NaN,NaN
501,4,0,717,695,711,602,584,379,416,341,NaN,NaN,NaN,NaN,NaN,NaN,NaN,NaN,NaN,NaN,NaN,NaN
502,4,0,718,695,712,606,584,381,416,342,NaN,NaN,NaN,NaN,NaN,NaN,NaN,NaN,NaN,NaN,NaN,NaN
503,4,0,717,695,712,609,583,382,415,344,NaN,NaN,NaN,NaN,NaN,NaN,NaN,NaN,NaN,NaN,NaN,NaN
504,4,0,716,695,711,613,581,384,413,346,NaN,NaN,NaN,NaN,NaN,NaN,NaN,NaN,NaN,NaN,NaN,NaN
505,4,0,715,695,710,615,579,385,411,346,NaN,NaN,NaN,NaN,NaN,NaN,NaN,NaN,NaN,NaN,NaN,NaN
506,4,0,713,695,708,615,577,384,408,345,NaN,NaN,NaN,NaN,NaN,NaN,NaN,NaN,NaN,NaN,NaN,NaN
507,4,0,710,695,705,615,574,384,405,344,NaN,NaN,NaN,NaN,NaN,NaN,NaN,NaN,NaN,NaN,NaN,NaN
508,4,0,706,695,702,615,571,383,401,343,NaN,NaN,NaN,NaN,NaN,NaN,NaN,NaN,NaN,NaN,NaN,NaN
509,4,0,703,695,699,616,568,382,397,343,NaN,NaN,NaN,NaN,NaN,NaN,NaN,NaN,NaN,NaN,NaN,NaN
510,4,0,702,695,697,618,566,383,395,343,NaN,NaN,NaN,NaN,NaN,NaN,NaN,NaN,NaN,NaN,NaN,NaN
511,4,0,701,695,697,620,565,384,394,344,NaN,NaN,NaN,NaN,NaN,NaN,NaN,NaN,NaN,NaN,NaN,NaN
512,4,0,701,695,697,620,565,383,395,344,NaN,NaN,NaN,NaN,NaN,NaN,NaN,NaN,NaN,NaN,NaN,NaN
513,4,0,702,695,698,620,566,382,396,342,NaN,NaN,NaN,NaN,NaN,NaN,NaN,NaN,NaN,NaN,NaN,NaN
514,4,0,703,695,699,619,567,381,396,340,NaN,NaN,NaN,NaN,NaN,NaN,NaN,NaN,NaN,NaN,NaN,NaN
515,4,0,704,695,700,620,567,380,397,339,NaN,NaN,NaN,NaN,NaN,NaN,NaN,NaN,NaN,NaN,NaN,NaN
516,4,0,704,695,700,620,567,378,396,337,NaN,NaN,NaN,NaN,NaN,NaN,NaN,NaN,NaN,NaN,NaN,NaN
517,4,0,703,695,699,621,566,377,395,336,NaN,NaN,NaN,NaN,NaN,NaN,NaN,NaN,NaN,NaN,NaN,NaN
518,4,0,702,695,699,623,565,376,393,335,NaN,NaN,NaN,NaN,NaN,NaN,NaN,NaN,NaN,NaN,NaN,NaN
519,4,0,701,695,698,626,563,377,390,336,NaN,NaN,NaN,NaN,NaN,NaN,NaN,NaN,NaN,NaN,NaN,NaN
520,4,0,699,695,696,631,560,380,387,337,NaN,NaN,NaN,NaN,NaN,NaN,NaN,NaN,NaN,NaN,NaN,NaN
521,4,0,697,695,694,636,557,383,384,339,NaN,NaN,NaN,NaN,NaN,NaN,NaN,NaN,NaN,NaN,NaN,NaN
522,4,0,694,695,691,643,553,386,380,343,NaN,NaN,NaN,NaN,NaN,NaN,NaN,NaN,NaN,NaN,NaN,NaN
523,4,0,692,695,690,651,550,392,376,347,NaN,NaN,NaN,NaN,NaN,NaN,NaN,NaN,NaN,NaN,NaN,NaN
524,4,0,691,695,689,658,549,397,374,352,NaN,NaN,NaN,NaN,NaN,NaN,NaN,NaN,NaN,NaN,NaN,NaN
525,4,0,691,695,688,665,547,400,372,356,NaN,NaN,NaN,NaN,NaN,NaN,NaN,NaN,NaN,NaN,NaN,NaN
526,4,0,691,695,688,671,546,404,371,359,NaN,NaN,NaN,NaN,NaN,NaN,NaN,NaN,NaN,NaN,NaN,NaN
527,4,0,692,695,689,676,545,407,369,362,NaN,NaN,NaN,NaN,NaN,NaN,NaN,NaN,NaN,NaN,NaN,NaN
528,3,1,692,695,545,407,369,362,NaN,NaN,NaN,NaN,NaN,NaN,NaN,NaN,NaN,NaN,NaN,NaN,NaN,NaN
529,5,0,690,695,544,409,368,363,299,351,294,300,NaN,NaN,NaN,NaN,NaN,NaN,NaN,NaN,NaN,NaN
530,5,0,688,695,544,410,367,364,298,352,293,301,NaN,NaN,NaN,NaN,NaN,NaN,NaN,NaN,NaN,NaN
531,5,0,688,695,544,411,367,365,297,353,293,302,NaN,NaN,NaN,NaN,NaN,NaN,NaN,NaN,NaN,NaN
532,5,0,687,695,544,413,365,366,296,354,292,302,NaN,NaN,NaN,NaN,NaN,NaN,NaN,NaN,NaN,NaN
533,5,0,685,695,544,414,363,368,295,355,291,303,NaN,NaN,NaN,NaN,NaN,NaN,NaN,NaN,NaN,NaN
534,5,0,684,695,545,416,363,368,294,356,289,304,NaN,NaN,NaN,NaN,NaN,NaN,NaN,NaN,NaN,NaN
535,5,0,683,695,545,417,362,369,293,357,288,305,NaN,NaN,NaN,NaN,NaN,NaN,NaN,NaN,NaN,NaN
536,5,0,682,695,545,419,361,370,292,358,287,306,NaN,NaN,NaN,NaN,NaN,NaN,NaN,NaN,NaN,NaN
537,5,0,681,695,546,420,362,371,291,359,287,306,NaN,NaN,NaN,NaN,NaN,NaN,NaN,NaN,NaN,NaN
538,5,0,681,695,546,421,361,371,291,359,287,307,NaN,NaN,NaN,NaN,NaN,NaN,NaN,NaN,NaN,NaN
539,5,0,680,695,547,422,361,372,291,360,286,307,NaN,NaN,NaN,NaN,NaN,NaN,NaN,NaN,NaN,NaN
540,5,0,679,695,547,423,360,373,290,360,286,307,NaN,NaN,NaN,NaN,NaN,NaN,NaN,NaN,NaN,NaN
541,5,0,678,695,546,422,359,372,289,359,284,306,NaN,NaN,NaN,NaN,NaN,NaN,NaN,NaN,NaN,NaN
542,5,0,677,695,546,422,358,372,289,358,284,304,NaN,NaN,NaN,NaN,NaN,NaN,NaN,NaN,NaN,NaN
543,5,0,675,695,545,422,356,372,287,358,283,304,NaN,NaN,NaN,NaN,NaN,NaN,NaN,NaN,NaN,NaN
544,5,0,672,695,544,423,355,372,285,358,281,304,NaN,NaN,NaN,NaN,NaN,NaN,NaN,NaN,NaN,NaN
545,5,0,671,695,544,424,354,373,284,359,280,304,NaN,NaN,NaN,NaN,NaN,NaN,NaN,NaN,NaN,NaN
546,5,0,670,695,545,425,354,373,285,359,281,305,NaN,NaN,NaN,NaN,NaN,NaN,NaN,NaN,NaN,NaN
547,5,0,670,695,547,426,356,374,287,360,284,305,NaN,NaN,NaN,NaN,NaN,NaN,NaN,NaN,NaN,NaN
548,5,0,671,695,551,427,359,374,291,360,287,306,NaN,NaN,NaN,NaN,NaN,NaN,NaN,NaN,NaN,NaN
549,5,0,673,695,554,427,362,374,293,360,291,306,NaN,NaN,NaN,NaN,NaN,NaN,NaN,NaN,NaN,NaN
550,5,0,673,695,556,427,364,374,296,360,293,306,NaN,NaN,NaN,NaN,NaN,NaN,NaN,NaN,NaN,NaN
551,5,0,672,695,557,428,365,374,296,360,294,306,NaN,NaN,NaN,NaN,NaN,NaN,NaN,NaN,NaN,NaN
552,5,0,669,695,556,429,365,375,295,361,294,307,NaN,NaN,NaN,NaN,NaN,NaN,NaN,NaN,NaN,NaN
553,5,0,666,695,555,430,364,376,294,362,293,307,NaN,NaN,NaN,NaN,NaN,NaN,NaN,NaN,NaN,NaN
554,5,0,663,695,554,431,363,376,293,362,292,308,NaN,NaN,NaN,NaN,NaN,NaN,NaN,NaN,NaN,NaN
555,5,0,659,695,553,432,361,377,291,362,290,308,NaN,NaN,NaN,NaN,NaN,NaN,NaN,NaN,NaN,NaN
556,5,0,656,695,552,432,360,377,289,362,289,308,NaN,NaN,NaN,NaN,NaN,NaN,NaN,NaN,NaN,NaN
557,5,0,652,695,549,433,358,378,287,363,287,309,NaN,NaN,NaN,NaN,NaN,NaN,NaN,NaN,NaN,NaN
558,5,0,647,695,547,436,356,380,284,365,285,310,NaN,NaN,NaN,NaN,NaN,NaN,NaN,NaN,NaN,NaN
559,5,0,643,695,546,438,354,381,282,367,283,312,NaN,NaN,NaN,NaN,NaN,NaN,NaN,NaN,NaN,NaN
560,5,0,637,695,544,439,352,382,279,368,280,313,NaN,NaN,NaN,NaN,NaN,NaN,NaN,NaN,NaN,NaN
561,5,0,633,695,542,439,350,382,277,368,280,312,NaN,NaN,NaN,NaN,NaN,NaN,NaN,NaN,NaN,NaN
562,5,0,628,695,541,439,349,382,275,367,280,311,NaN,NaN,NaN,NaN,NaN,NaN,NaN,NaN,NaN,NaN
563,5,0,625,695,540,439,348,382,273,367,279,311,NaN,NaN,NaN,NaN,NaN,NaN,NaN,NaN,NaN,NaN
564,5,0,621,695,539,440,347,382,271,366,278,311,NaN,NaN,NaN,NaN,NaN,NaN,NaN,NaN,NaN,NaN
565,5,0,617,695,537,440,345,381,269,366,277,310,NaN,NaN,NaN,NaN,NaN,NaN,NaN,NaN,NaN,NaN
566,5,0,615,695,536,439,344,380,267,365,276,309,NaN,NaN,NaN,NaN,NaN,NaN,NaN,NaN,NaN,NaN
567,5,0,612,695,535,437,344,378,266,362,276,306,NaN,NaN,NaN,NaN,NaN,NaN,NaN,NaN,NaN,NaN
568,5,0,609,695,534,435,343,375,264,359,275,304,NaN,NaN,NaN,NaN,NaN,NaN,NaN,NaN,NaN,NaN
569,5,0,608,695,533,433,341,373,263,357,275,301,NaN,NaN,NaN,NaN,NaN,NaN,NaN,NaN,NaN,NaN
570,5,0,606,695,533,431,341,371,262,354,274,298,NaN,NaN,NaN,NaN,NaN,NaN,NaN,NaN,NaN,NaN
571,5,0,605,695,533,430,340,369,260,353,273,296,NaN,NaN,NaN,NaN,NaN,NaN,NaN,NaN,NaN,NaN
572,5,0,604,695,533,430,340,368,260,351,273,295,NaN,NaN,NaN,NaN,NaN,NaN,NaN,NaN,NaN,NaN
573,5,0,603,695,534,430,340,367,259,350,273,294,NaN,NaN,NaN,NaN,NaN,NaN,NaN,NaN,NaN,NaN
574,5,0,603,695,534,429,339,366,258,349,272,293,NaN,NaN,NaN,NaN,NaN,NaN,NaN,NaN,NaN,NaN
575,5,0,603,695,534,428,339,365,257,348,272,291,NaN,NaN,NaN,NaN,NaN,NaN,NaN,NaN,NaN,NaN
576,5,0,603,695,534,427,338,364,256,346,272,290,NaN,NaN,NaN,NaN,NaN,NaN,NaN,NaN,NaN,NaN
577,5,0,603,695,534,427,337,363,255,346,271,290,NaN,NaN,NaN,NaN,NaN,NaN,NaN,NaN,NaN,NaN
578,5,0,602,695,533,427,335,363,253,346,269,289,NaN,NaN,NaN,NaN,NaN,NaN,NaN,NaN,NaN,NaN
579,5,0,600,695,532,427,332,363,249,345,267,288,NaN,NaN,NaN,NaN,NaN,NaN,NaN,NaN,NaN,NaN
580,5,0,599,695,531,427,330,362,247,344,264,287,NaN,NaN,NaN,NaN,NaN,NaN,NaN,NaN,NaN,NaN
581,5,0,599,695,531,427,328,362,244,344,262,286,NaN,NaN,NaN,NaN,NaN,NaN,NaN,NaN,NaN,NaN
582,5,0,600,695,531,428,327,362,243,344,262,287,NaN,NaN,NaN,NaN,NaN,NaN,NaN,NaN,NaN,NaN
583,5,0,603,695,533,430,329,365,244,347,264,290,NaN,NaN,NaN,NaN,NaN,NaN,NaN,NaN,NaN,NaN
584,5,0,605,695,535,436,332,368,244,348,262,295,NaN,NaN,NaN,NaN,NaN,NaN,NaN,NaN,NaN,NaN
585,5,0,604,695,535,440,330,368,242,342,260,293,NaN,NaN,NaN,NaN,NaN,NaN,NaN,NaN,NaN,NaN
586,5,0,603,694,537,435,328,367,245,333,257,290,NaN,NaN,NaN,NaN,NaN,NaN,NaN,NaN,NaN,NaN
587,5,0,603,695,535,432,328,361,243,327,255,282,NaN,NaN,NaN,NaN,NaN,NaN,NaN,NaN,NaN,NaN
588,5,0,604,695,536,429,328,356,243,323,255,278,NaN,NaN,NaN,NaN,NaN,NaN,NaN,NaN,NaN,NaN
589,4,0,606,695,538,427,329,352,243,319,NaN,NaN,NaN,NaN,NaN,NaN,NaN,NaN,NaN,NaN,NaN,NaN
590,4,0,607,695,539,425,329,350,243,317,NaN,NaN,NaN,NaN,NaN,NaN,NaN,NaN,NaN,NaN,NaN,NaN
591,4,0,608,695,540,423,330,348,243,315,NaN,NaN,NaN,NaN,NaN,NaN,NaN,NaN,NaN,NaN,NaN,NaN
592,4,0,609,695,542,424,331,346,243,314,NaN,NaN,NaN,NaN,NaN,NaN,NaN,NaN,NaN,NaN,NaN,NaN
593,4,0,611,695,544,425,332,346,242,313,NaN,NaN,NaN,NaN,NaN,NaN,NaN,NaN,NaN,NaN,NaN,NaN
594,4,0,613,695,546,427,334,347,246,315,NaN,NaN,NaN,NaN,NaN,NaN,NaN,NaN,NaN,NaN,NaN,NaN
595,4,0,617,695,550,429,338,348,251,316,NaN,NaN,NaN,NaN,NaN,NaN,NaN,NaN,NaN,NaN,NaN,NaN
596,4,0,621,695,555,432,343,351,254,318,NaN,NaN,NaN,NaN,NaN,NaN,NaN,NaN,NaN,NaN,NaN,NaN
597,4,0,624,695,558,435,345,353,257,320,NaN,NaN,NaN,NaN,NaN,NaN,NaN,NaN,NaN,NaN,NaN,NaN
598,4,0,625,695,559,438,346,354,257,321,NaN,NaN,NaN,NaN,NaN,NaN,NaN,NaN,NaN,NaN,NaN,NaN
599,4,0,625,695,560,440,346,355,257,322,NaN,NaN,NaN,NaN,NaN,NaN,NaN,NaN,NaN,NaN,NaN,NaN
600,5,0,624,695,560,442,346,356,257,322,272,275,NaN,NaN,NaN,NaN,NaN,NaN,NaN,NaN,NaN,NaN
601,5,0,623,695,560,444,345,357,256,323,271,275,NaN,NaN,NaN,NaN,NaN,NaN,NaN,NaN,NaN,NaN
602,5,0,622,695,560,446,344,358,255,324,270,276,NaN,NaN,NaN,NaN,NaN,NaN,NaN,NaN,NaN,NaN
603,5,0,621,695,559,449,344,359,254,325,270,277,NaN,NaN,NaN,NaN,NaN,NaN,NaN,NaN,NaN,NaN
604,5,0,620,695,559,452,343,361,253,326,269,278,NaN,NaN,NaN,NaN,NaN,NaN,NaN,NaN,NaN,NaN
605,5,0,618,695,558,454,341,362,252,327,268,278,NaN,NaN,NaN,NaN,NaN,NaN,NaN,NaN,NaN,NaN
606,5,0,616,695,557,457,340,363,251,328,268,279,NaN,NaN,NaN,NaN,NaN,NaN,NaN,NaN,NaN,NaN
607,5,0,615,695,556,460,339,364,251,328,268,279,NaN,NaN,NaN,NaN,NaN,NaN,NaN,NaN,NaN,NaN
608,5,0,614,695,556,463,339,366,251,330,268,280,NaN,NaN,NaN,NaN,NaN,NaN,NaN,NaN,NaN,NaN
609,5,0,614,695,556,467,339,368,251,331,268,280,NaN,NaN,NaN,NaN,NaN,NaN,NaN,NaN,NaN,NaN
610,5,0,613,695,557,470,339,369,251,332,269,281,NaN,NaN,NaN,NaN,NaN,NaN,NaN,NaN,NaN,NaN
611,5,0,613,695,556,473,339,371,251,333,269,282,NaN,NaN,NaN,NaN,NaN,NaN,NaN,NaN,NaN,NaN
612,5,0,613,695,556,475,338,372,251,333,269,283,NaN,NaN,NaN,NaN,NaN,NaN,NaN,NaN,NaN,NaN
613,5,0,613,695,557,478,338,373,251,334,270,283,NaN,NaN,NaN,NaN,NaN,NaN,NaN,NaN,NaN,NaN
614,5,1,613,695,557,478,338,373,251,334,270,283,NaN,NaN,NaN,NaN,NaN,NaN,NaN,NaN,NaN,NaN
615,5,0,611,695,558,480,339,374,252,334,271,283,NaN,NaN,NaN,NaN,NaN,NaN,NaN,NaN,NaN,NaN
616,5,0,610,695,559,481,339,373,253,333,272,282,NaN,NaN,NaN,NaN,NaN,NaN,NaN,NaN,NaN,NaN
617,5,0,608,695,560,482,339,373,253,332,272,281,NaN,NaN,NaN,NaN,NaN,NaN,NaN,NaN,NaN,NaN
618,5,0,606,695,560,483,338,371,252,331,272,280,NaN,NaN,NaN,NaN,NaN,NaN,NaN,NaN,NaN,NaN
619,5,0,603,695,559,484,336,371,250,330,271,279,NaN,NaN,NaN,NaN,NaN,NaN,NaN,NaN,NaN,NaN
620,5,0,599,695,558,486,334,370,247,329,268,278,NaN,NaN,NaN,NaN,NaN,NaN,NaN,NaN,NaN,NaN
621,5,0,596,695,556,488,331,370,245,329,267,278,NaN,NaN,NaN,NaN,NaN,NaN,NaN,NaN,NaN,NaN
622,5,0,594,695,556,491,330,372,244,330,266,279,NaN,NaN,NaN,NaN,NaN,NaN,NaN,NaN,NaN,NaN
623,5,0,593,695,557,496,330,374,245,332,266,281,NaN,NaN,NaN,NaN,NaN,NaN,NaN,NaN,NaN,NaN
624,5,0,593,695,559,503,331,378,246,336,268,285,NaN,NaN,NaN,NaN,NaN,NaN,NaN,NaN,NaN,NaN
625,5,0,593,695,561,512,331,384,247,341,270,291,NaN,NaN,NaN,NaN,NaN,NaN,NaN,NaN,NaN,NaN
626,5,0,593,695,562,521,331,390,247,346,270,296,NaN,NaN,NaN,NaN,NaN,NaN,NaN,NaN,NaN,NaN
627,5,0,593,695,563,528,331,395,247,351,271,298,NaN,NaN,NaN,NaN,NaN,NaN,NaN,NaN,NaN,NaN
628,5,0,594,695,565,532,331,397,247,351,271,298,NaN,NaN,NaN,NaN,NaN,NaN,NaN,NaN,NaN,NaN
629,5,0,595,695,566,536,331,397,247,351,272,296,NaN,NaN,NaN,NaN,NaN,NaN,NaN,NaN,NaN,NaN
630,5,1,595,695,566,536,331,397,247,351,272,296,NaN,NaN,NaN,NaN,NaN,NaN,NaN,NaN,NaN,NaN
631,5,0,594,695,562,538,328,399,247,351,272,295,NaN,NaN,NaN,NaN,NaN,NaN,NaN,NaN,NaN,NaN
632,5,0,594,695,559,538,326,399,248,350,273,294,NaN,NaN,NaN,NaN,NaN,NaN,NaN,NaN,NaN,NaN
633,5,0,595,695,557,539,325,398,250,349,275,292,NaN,NaN,NaN,NaN,NaN,NaN,NaN,NaN,NaN,NaN
634,5,0,595,695,555,538,325,397,252,348,278,290,NaN,NaN,NaN,NaN,NaN,NaN,NaN,NaN,NaN,NaN
635,5,0,596,695,553,537,325,397,255,346,282,289,NaN,NaN,NaN,NaN,NaN,NaN,NaN,NaN,NaN,NaN
636,5,0,598,695,552,538,327,398,259,347,286,288,NaN,NaN,NaN,NaN,NaN,NaN,NaN,NaN,NaN,NaN
637,5,0,600,695,552,540,329,399,264,347,292,288,NaN,NaN,NaN,NaN,NaN,NaN,NaN,NaN,NaN,NaN
638,5,0,602,695,551,540,330,400,268,348,297,288,NaN,NaN,NaN,NaN,NaN,NaN,NaN,NaN,NaN,NaN
639,5,0,604,695,549,541,331,401,272,348,301,288,NaN,NaN,NaN,NaN,NaN,NaN,NaN,NaN,NaN,NaN
640,5,0,605,695,548,541,332,402,276,349,306,288,NaN,NaN,NaN,NaN,NaN,NaN,NaN,NaN,NaN,NaN
641,5,0,606,695,546,541,332,403,279,350,310,288,NaN,NaN,NaN,NaN,NaN,NaN,NaN,NaN,NaN,NaN
642,5,0,606,695,543,541,332,404,282,349,314,288,NaN,NaN,NaN,NaN,NaN,NaN,NaN,NaN,NaN,NaN
643,5,0,607,695,541,541,333,404,286,350,318,287,NaN,NaN,NaN,NaN,NaN,NaN,NaN,NaN,NaN,NaN
644,5,0,608,695,540,542,334,405,291,351,324,287,NaN,NaN,NaN,NaN,NaN,NaN,NaN,NaN,NaN,NaN
645,5,0,610,695,538,542,335,405,295,351,329,287,NaN,NaN,NaN,NaN,NaN,NaN,NaN,NaN,NaN,NaN
646,5,0,610,695,536,542,336,406,299,351,334,286,NaN,NaN,NaN,NaN,NaN,NaN,NaN,NaN,NaN,NaN
647,5,0,610,695,533,541,336,406,302,351,338,285,NaN,NaN,NaN,NaN,NaN,NaN,NaN,NaN,NaN,NaN
648,5,0,609,695,529,540,335,406,305,350,341,284,NaN,NaN,NaN,NaN,NaN,NaN,NaN,NaN,NaN,NaN
649,5,0,609,695,526,540,334,406,308,350,345,284,NaN,NaN,NaN,NaN,NaN,NaN,NaN,NaN,NaN,NaN
650,5,0,609,695,522,539,334,406,311,349,348,283,NaN,NaN,NaN,NaN,NaN,NaN,NaN,NaN,NaN,NaN
651,5,0,609,695,519,540,334,407,314,350,353,282,NaN,NaN,NaN,NaN,NaN,NaN,NaN,NaN,NaN,NaN
652,5,0,611,695,517,539,335,407,319,350,358,282,NaN,NaN,NaN,NaN,NaN,NaN,NaN,NaN,NaN,NaN
653,5,0,612,695,515,539,337,408,323,350,363,282,NaN,NaN,NaN,NaN,NaN,NaN,NaN,NaN,NaN,NaN
654,5,0,614,695,514,538,339,408,327,350,368,281,NaN,NaN,NaN,NaN,NaN,NaN,NaN,NaN,NaN,NaN
655,5,0,615,695,512,537,340,408,331,350,374,280,NaN,NaN,NaN,NaN,NaN,NaN,NaN,NaN,NaN,NaN
656,5,0,617,695,510,535,342,408,336,350,379,279,NaN,NaN,NaN,NaN,NaN,NaN,NaN,NaN,NaN,NaN
657,5,0,618,695,508,534,342,409,340,350,383,279,NaN,NaN,NaN,NaN,NaN,NaN,NaN,NaN,NaN,NaN
658,5,0,621,695,507,533,343,409,344,349,388,278,NaN,NaN,NaN,NaN,NaN,NaN,NaN,NaN,NaN,NaN
659,5,0,623,695,505,531,344,409,347,349,393,277,NaN,NaN,NaN,NaN,NaN,NaN,NaN,NaN,NaN,NaN
660,5,0,625,695,503,530,345,409,351,349,398,276,NaN,NaN,NaN,NaN,NaN,NaN,NaN,NaN,NaN,NaN
661,5,0,627,695,501,528,346,409,355,349,403,275,NaN,NaN,NaN,NaN,NaN,NaN,NaN,NaN,NaN,NaN
662,5,0,629,695,499,526,347,409,359,349,408,275,NaN,NaN,NaN,NaN,NaN,NaN,NaN,NaN,NaN,NaN
663,5,0,631,695,497,525,348,409,363,349,412,274,NaN,NaN,NaN,NaN,NaN,NaN,NaN,NaN,NaN,NaN
664,5,0,632,695,495,522,348,409,366,348,417,273,NaN,NaN,NaN,NaN,NaN,NaN,NaN,NaN,NaN,NaN
665,5,0,634,695,493,519,348,409,369,348,421,272,NaN,NaN,NaN,NaN,NaN,NaN,NaN,NaN,NaN,NaN
666,5,0,636,695,490,517,348,408,372,348,425,271,NaN,NaN,NaN,NaN,NaN,NaN,NaN,NaN,NaN,NaN
667,5,0,638,695,488,515,348,408,375,347,429,271,NaN,NaN,NaN,NaN,NaN,NaN,NaN,NaN,NaN,NaN
668,5,0,641,695,487,512,350,408,380,347,435,270,NaN,NaN,NaN,NaN,NaN,NaN,NaN,NaN,NaN,NaN
669,5,1,641,695,483,508,348,408,380,347,436,269,NaN,NaN,NaN,NaN,NaN,NaN,NaN,NaN,NaN,NaN
670,5,0,631,695,487,512,353,410,387,349,440,270,NaN,NaN,NaN,NaN,NaN,NaN,NaN,NaN,NaN,NaN
671,5,0,623,695,492,516,358,413,394,350,446,274,NaN,NaN,NaN,NaN,NaN,NaN,NaN,NaN,NaN,NaN
672,5,0,613,695,495,521,364,415,400,352,450,277,NaN,NaN,NaN,NaN,NaN,NaN,NaN,NaN,NaN,NaN
673,5,0,606,695,499,525,368,418,407,353,455,278,NaN,NaN,NaN,NaN,NaN,NaN,NaN,NaN,NaN,NaN
674,5,0,602,695,503,530,373,419,413,353,458,280,NaN,NaN,NaN,NaN,NaN,NaN,NaN,NaN,NaN,NaN
675,5,0,597,695,507,533,377,421,418,354,462,281,NaN,NaN,NaN,NaN,NaN,NaN,NaN,NaN,NaN,NaN
676,5,0,593,695,511,536,381,421,424,354,466,283,NaN,NaN,NaN,NaN,NaN,NaN,NaN,NaN,NaN,NaN
677,5,0,591,695,515,537,385,421,429,352,470,282,NaN,NaN,NaN,NaN,NaN,NaN,NaN,NaN,NaN,NaN
678,5,0,590,695,519,537,391,419,435,350,475,280,NaN,NaN,NaN,NaN,NaN,NaN,NaN,NaN,NaN,NaN
679,5,0,591,695,523,537,397,416,442,346,480,277,NaN,NaN,NaN,NaN,NaN,NaN,NaN,NaN,NaN,NaN
680,5,0,591,695,527,537,401,414,448,344,485,276,NaN,NaN,NaN,NaN,NaN,NaN,NaN,NaN,NaN,NaN
681,5,0,590,695,530,539,406,414,452,343,489,275,NaN,NaN,NaN,NaN,NaN,NaN,NaN,NaN,NaN,NaN
682,5,0,592,695,535,541,411,414,459,342,495,275,NaN,NaN,NaN,NaN,NaN,NaN,NaN,NaN,NaN,NaN
683,5,0,592,695,538,543,415,415,465,343,500,275,NaN,NaN,NaN,NaN,NaN,NaN,NaN,NaN,NaN,NaN
684,5,0,591,695,541,545,419,415,469,343,504,275,NaN,NaN,NaN,NaN,NaN,NaN,NaN,NaN,NaN,NaN
685,5,0,591,695,543,548,423,416,474,343,508,276,NaN,NaN,NaN,NaN,NaN,NaN,NaN,NaN,NaN,NaN
686,5,0,590,695,544,551,425,417,477,344,512,277,NaN,NaN,NaN,NaN,NaN,NaN,NaN,NaN,NaN,NaN
687,5,0,590,695,546,554,428,419,481,345,515,278,NaN,NaN,NaN,NaN,NaN,NaN,NaN,NaN,NaN,NaN
688,5,0,590,695,547,557,431,420,484,345,519,278,NaN,NaN,NaN,NaN,NaN,NaN,NaN,NaN,NaN,NaN
689,5,0,590,695,549,560,433,421,488,346,523,279,NaN,NaN,NaN,NaN,NaN,NaN,NaN,NaN,NaN,NaN
690,6,1,590,695,549,560,433,421,488,346,523,279,583,235,NaN,NaN,NaN,NaN,NaN,NaN,NaN,NaN
691,6,0,588,695,550,563,435,422,491,347,526,279,586,236,NaN,NaN,NaN,NaN,NaN,NaN,NaN,NaN
692,6,0,585,695,551,566,437,423,493,348,530,280,589,236,NaN,NaN,NaN,NaN,NaN,NaN,NaN,NaN
693,6,0,583,695,552,569,439,424,496,348,532,281,593,237,NaN,NaN,NaN,NaN,NaN,NaN,NaN,NaN
694,6,0,581,695,553,572,440,426,500,349,536,281,596,238,NaN,NaN,NaN,NaN,NaN,NaN,NaN,NaN
695,6,0,581,695,555,575,443,427,503,350,540,282,600,238,NaN,NaN,NaN,NaN,NaN,NaN,NaN,NaN
696,6,0,580,695,556,579,446,429,507,352,544,283,604,240,NaN,NaN,NaN,NaN,NaN,NaN,NaN,NaN
697,6,0,580,695,558,582,449,430,510,353,547,284,608,241,NaN,NaN,NaN,NaN,NaN,NaN,NaN,NaN
698,6,0,580,695,560,585,452,431,513,354,551,285,612,242,NaN,NaN,NaN,NaN,NaN,NaN,NaN,NaN
699,6,0,580,695,563,588,455,432,516,355,554,286,616,242,NaN,NaN,NaN,NaN,NaN,NaN,NaN,NaN
700,6,0,581,695,565,591,457,433,520,356,558,287,619,243,NaN,NaN,NaN,NaN,NaN,NaN,NaN,NaN
701,6,0,582,695,567,594,460,435,523,357,561,288,623,244,NaN,NaN,NaN,NaN,NaN,NaN,NaN,NaN
702,6,0,582,695,569,597,462,436,527,358,565,289,626,245,NaN,NaN,NaN,NaN,NaN,NaN,NaN,NaN
703,6,0,583,695,571,599,465,437,530,359,568,290,629,246,NaN,NaN,NaN,NaN,NaN,NaN,NaN,NaN
704,6,0,584,695,573,603,467,438,532,360,571,291,632,247,NaN,NaN,NaN,NaN,NaN,NaN,NaN,NaN
705,6,0,584,695,574,607,468,440,534,362,573,292,634,249,NaN,NaN,NaN,NaN,NaN,NaN,NaN,NaN
706,6,0,584,695,574,610,469,441,535,363,575,293,637,249,NaN,NaN,NaN,NaN,NaN,NaN,NaN,NaN
707,6,0,584,695,575,613,469,442,537,364,576,293,638,250,NaN,NaN,NaN,NaN,NaN,NaN,NaN,NaN
708,6,0,584,695,576,616,470,443,538,364,577,294,640,250,NaN,NaN,NaN,NaN,NaN,NaN,NaN,NaN
709,6,0,584,695,577,620,471,444,539,365,579,295,642,251,NaN,NaN,NaN,NaN,NaN,NaN,NaN,NaN
710,6,0,585,695,578,624,472,446,541,366,581,295,644,252,NaN,NaN,NaN,NaN,NaN,NaN,NaN,NaN
711,6,0,587,695,581,628,475,447,544,368,585,297,647,253,NaN,NaN,NaN,NaN,NaN,NaN,NaN,NaN
712,6,0,591,695,586,634,478,450,548,370,589,299,652,255,NaN,NaN,NaN,NaN,NaN,NaN,NaN,NaN
713,6,0,596,695,589,643,482,454,553,373,593,301,658,259,NaN,NaN,NaN,NaN,NaN,NaN,NaN,NaN
714,6,0,600,695,596,650,487,459,557,377,598,305,662,261,NaN,NaN,NaN,NaN,NaN,NaN,NaN,NaN
715,6,0,605,695,601,656,491,461,562,379,603,307,667,262,NaN,NaN,NaN,NaN,NaN,NaN,NaN,NaN
716,6,0,611,695,606,662,496,463,566,380,609,308,673,263,NaN,NaN,NaN,NaN,NaN,NaN,NaN,NaN
717,6,0,615,695,610,668,501,465,571,382,613,309,678,263,NaN,NaN,NaN,NaN,NaN,NaN,NaN,NaN
718,6,0,619,695,614,673,505,467,576,383,618,310,683,264,NaN,NaN,NaN,NaN,NaN,NaN,NaN,NaN
719,5,1,619,695,505,467,576,383,618,310,683,264,NaN,NaN,NaN,NaN,NaN,NaN,NaN,NaN,NaN,NaN
720,5,1,621,695,508,468,580,383,622,310,687,264,NaN,NaN,NaN,NaN,NaN,NaN,NaN,NaN,NaN,NaN
721,5,0,623,695,512,468,583,383,626,309,691,263,NaN,NaN,NaN,NaN,NaN,NaN,NaN,NaN,NaN,NaN
722,5,0,624,695,514,468,586,383,629,309,694,262,NaN,NaN,NaN,NaN,NaN,NaN,NaN,NaN,NaN,NaN
723,5,0,624,695,516,469,589,383,631,308,697,262,NaN,NaN,NaN,NaN,NaN,NaN,NaN,NaN,NaN,NaN
724,5,0,624,695,517,469,590,383,633,308,699,262,NaN,NaN,NaN,NaN,NaN,NaN,NaN,NaN,NaN,NaN
725,5,0,623,695,518,469,591,382,635,307,700,261,NaN,NaN,NaN,NaN,NaN,NaN,NaN,NaN,NaN,NaN
726,5,0,622,695,518,470,592,383,637,307,702,261,NaN,NaN,NaN,NaN,NaN,NaN,NaN,NaN,NaN,NaN
727,5,0,621,695,519,471,594,383,638,308,704,262,NaN,NaN,NaN,NaN,NaN,NaN,NaN,NaN,NaN,NaN
728,5,0,620,695,521,472,596,384,641,309,707,262,NaN,NaN,NaN,NaN,NaN,NaN,NaN,NaN,NaN,NaN
729,5,0,619,695,523,474,599,386,644,310,711,264,NaN,NaN,NaN,NaN,NaN,NaN,NaN,NaN,NaN,NaN
730,5,0,619,695,526,476,602,387,648,311,714,265,NaN,NaN,NaN,NaN,NaN,NaN,NaN,NaN,NaN,NaN
731,5,0,619,695,528,477,605,388,651,312,718,265,NaN,NaN,NaN,NaN,NaN,NaN,NaN,NaN,NaN,NaN
732,5,0,618,695,530,479,607,389,654,312,721,266,NaN,NaN,NaN,NaN,NaN,NaN,NaN,NaN,NaN,NaN
733,5,0,616,695,531,480,610,390,656,313,724,266,NaN,NaN,NaN,NaN,NaN,NaN,NaN,NaN,NaN,NaN
734,5,0,614,695,532,482,612,391,659,313,726,267,NaN,NaN,NaN,NaN,NaN,NaN,NaN,NaN,NaN,NaN
735,5,0,612,695,532,483,613,392,661,314,728,267,NaN,NaN,NaN,NaN,NaN,NaN,NaN,NaN,NaN,NaN
736,5,0,608,695,532,486,613,393,661,315,729,268,NaN,NaN,NaN,NaN,NaN,NaN,NaN,NaN,NaN,NaN
737,5,0,603,695,530,489,613,396,661,317,730,270,NaN,NaN,NaN,NaN,NaN,NaN,NaN,NaN,NaN,NaN
738,5,0,598,695,529,493,613,399,662,320,731,273,NaN,NaN,NaN,NaN,NaN,NaN,NaN,NaN,NaN,NaN
739,5,0,594,695,528,497,613,402,662,322,731,275,NaN,NaN,NaN,NaN,NaN,NaN,NaN,NaN,NaN,NaN
740,5,0,590,695,528,500,614,404,663,325,733,277,NaN,NaN,NaN,NaN,NaN,NaN,NaN,NaN,NaN,NaN
741,5,0,588,695,528,503,615,407,665,327,735,279,NaN,NaN,NaN,NaN,NaN,NaN,NaN,NaN,NaN,NaN
742,5,0,586,695,529,506,617,409,668,329,737,281,NaN,NaN,NaN,NaN,NaN,NaN,NaN,NaN,NaN,NaN
743,5,0,585,695,530,508,619,411,670,330,740,282,NaN,NaN,NaN,NaN,NaN,NaN,NaN,NaN,NaN,NaN
744,5,0,585,695,532,510,621,411,672,330,743,282,NaN,NaN,NaN,NaN,NaN,NaN,NaN,NaN,NaN,NaN
745,5,0,586,695,534,510,624,411,676,329,747,281,NaN,NaN,NaN,NaN,NaN,NaN,NaN,NaN,NaN,NaN
746,5,0,587,695,537,509,628,410,680,328,751,280,NaN,NaN,NaN,NaN,NaN,NaN,NaN,NaN,NaN,NaN
747,5,0,588,695,539,509,631,409,684,327,755,279,NaN,NaN,NaN,NaN,NaN,NaN,NaN,NaN,NaN,NaN
748,5,0,588,695,541,511,634,410,687,327,758,279,NaN,NaN,NaN,NaN,NaN,NaN,NaN,NaN,NaN,NaN
749,5,0,588,695,543,513,636,411,689,328,761,280,NaN,NaN,NaN,NaN,NaN,NaN,NaN,NaN,NaN,NaN
750,5,1,587,695,544,515,638,413,692,329,764,281,NaN,NaN,NaN,NaN,NaN,NaN,NaN,NaN,NaN,NaN
751,5,0,585,695,545,517,640,414,694,331,766,283,NaN,NaN,NaN,NaN,NaN,NaN,NaN,NaN,NaN,NaN
752,5,0,584,695,547,519,641,416,696,332,769,283,NaN,NaN,NaN,NaN,NaN,NaN,NaN,NaN,NaN,NaN
753,5,0,583,695,549,522,643,418,700,333,772,285,NaN,NaN,NaN,NaN,NaN,NaN,NaN,NaN,NaN,NaN
754,5,0,580,695,550,524,645,420,702,335,774,286,NaN,NaN,NaN,NaN,NaN,NaN,NaN,NaN,NaN,NaN
755,5,0,580,695,552,526,646,421,705,337,776,288,NaN,NaN,NaN,NaN,NaN,NaN,NaN,NaN,NaN,NaN
756,5,0,579,695,555,528,649,422,708,338,780,289,NaN,NaN,NaN,NaN,NaN,NaN,NaN,NaN,NaN,NaN
757,5,0,578,695,556,531,651,425,710,339,782,290,NaN,NaN,NaN,NaN,NaN,NaN,NaN,NaN,NaN,NaN
758,5,0,575,695,557,534,651,426,712,342,784,292,NaN,NaN,NaN,NaN,NaN,NaN,NaN,NaN,NaN,NaN
759,5,0,573,695,558,537,653,428,714,343,787,292,NaN,NaN,NaN,NaN,NaN,NaN,NaN,NaN,NaN,NaN
760,5,0,571,695,560,540,654,430,717,344,789,294,NaN,NaN,NaN,NaN,NaN,NaN,NaN,NaN,NaN,NaN
761,5,0,569,695,561,543,655,432,719,346,791,295,NaN,NaN,NaN,NaN,NaN,NaN,NaN,NaN,NaN,NaN
762,5,0,568,695,562,545,656,433,721,346,794,295,NaN,NaN,NaN,NaN,NaN,NaN,NaN,NaN,NaN,NaN
763,5,0,567,695,564,546,657,433,724,346,796,295,NaN,NaN,NaN,NaN,NaN,NaN,NaN,NaN,NaN,NaN
764,5,0,567,695,567,546,660,433,727,346,799,294,NaN,NaN,NaN,NaN,NaN,NaN,NaN,NaN,NaN,NaN
765,5,0,568,695,570,545,663,432,730,344,804,292,NaN,NaN,NaN,NaN,NaN,NaN,NaN,NaN,NaN,NaN
766,5,0,570,695,574,545,667,431,735,343,808,292,NaN,NaN,NaN,NaN,NaN,NaN,NaN,NaN,NaN,NaN
767,5,0,572,695,579,544,671,430,741,343,813,290,NaN,NaN,NaN,NaN,NaN,NaN,NaN,NaN,NaN,NaN
768,5,0,574,695,583,544,676,428,746,341,820,288,NaN,NaN,NaN,NaN,NaN,NaN,NaN,NaN,NaN,NaN
769,5,0,576,695,588,543,679,427,751,340,825,287,NaN,NaN,NaN,NaN,NaN,NaN,NaN,NaN,NaN,NaN
770,5,0,577,695,591,543,682,427,755,340,828,286,NaN,NaN,NaN,NaN,NaN,NaN,NaN,NaN,NaN,NaN
771,5,0,577,695,594,545,686,428,758,341,832,288,NaN,NaN,NaN,NaN,NaN,NaN,NaN,NaN,NaN,NaN
772,5,0,578,695,596,547,688,430,762,342,837,289,NaN,NaN,NaN,NaN,NaN,NaN,NaN,NaN,NaN,NaN
773,5,0,578,695,598,549,691,432,766,344,840,290,NaN,NaN,NaN,NaN,NaN,NaN,NaN,NaN,NaN,NaN
774,5,0,577,695,600,550,693,432,770,345,843,291,NaN,NaN,NaN,NaN,NaN,NaN,NaN,NaN,NaN,NaN
775,5,0,576,695,602,551,695,433,772,346,847,292,NaN,NaN,NaN,NaN,NaN,NaN,NaN,NaN,NaN,NaN
776,5,0,576,695,604,552,697,433,776,347,850,293,NaN,NaN,NaN,NaN,NaN,NaN,NaN,NaN,NaN,NaN
777,5,0,575,695,606,554,699,435,779,347,852,293,NaN,NaN,NaN,NaN,NaN,NaN,NaN,NaN,NaN,NaN
778,5,0,576,695,609,555,701,436,783,349,856,295,NaN,NaN,NaN,NaN,NaN,NaN,NaN,NaN,NaN,NaN
779,5,0,575,695,611,556,703,437,786,350,859,295,NaN,NaN,NaN,NaN,NaN,NaN,NaN,NaN,NaN,NaN
780,5,0,575,695,614,557,706,436,789,349,863,294,NaN,NaN,NaN,NaN,NaN,NaN,NaN,NaN,NaN,NaN
781,5,0,576,695,617,557,709,436,793,348,867,294,NaN,NaN,NaN,NaN,NaN,NaN,NaN,NaN,NaN,NaN
782,5,0,576,695,619,557,711,435,797,348,871,293,NaN,NaN,NaN,NaN,NaN,NaN,NaN,NaN,NaN,NaN
783,5,0,576,695,621,557,713,435,800,347,874,292,NaN,NaN,NaN,NaN,NaN,NaN,NaN,NaN,NaN,NaN
784,5,0,575,695,623,558,714,435,802,347,877,292,NaN,NaN,NaN,NaN,NaN,NaN,NaN,NaN,NaN,NaN
785,5,0,574,695,625,560,716,436,805,348,879,292,NaN,NaN,NaN,NaN,NaN,NaN,NaN,NaN,NaN,NaN
786,5,0,574,695,627,561,717,436,807,349,882,292,NaN,NaN,NaN,NaN,NaN,NaN,NaN,NaN,NaN,NaN
787,5,0,574,695,629,562,719,437,810,349,884,293,NaN,NaN,NaN,NaN,NaN,NaN,NaN,NaN,NaN,NaN
788,5,0,574,695,631,564,720,437,812,349,887,293,NaN,NaN,NaN,NaN,NaN,NaN,NaN,NaN,NaN,NaN
789,5,0,574,695,633,564,721,437,814,350,889,293,NaN,NaN,NaN,NaN,NaN,NaN,NaN,NaN,NaN,NaN
790,5,0,574,695,636,565,723,437,816,349,892,292,NaN,NaN,NaN,NaN,NaN,NaN,NaN,NaN,NaN,NaN
791,5,0,574,695,638,565,725,437,819,349,894,292,NaN,NaN,NaN,NaN,NaN,NaN,NaN,NaN,NaN,NaN
792,5,0,576,695,641,565,727,436,822,349,897,291,NaN,NaN,NaN,NaN,NaN,NaN,NaN,NaN,NaN,NaN
793,5,0,577,695,645,564,729,435,825,348,901,291,NaN,NaN,NaN,NaN,NaN,NaN,NaN,NaN,NaN,NaN
794,5,0,579,695,648,564,732,435,829,348,904,290,NaN,NaN,NaN,NaN,NaN,NaN,NaN,NaN,NaN,NaN
795,5,0,580,695,652,564,734,434,832,347,908,289,NaN,NaN,NaN,NaN,NaN,NaN,NaN,NaN,NaN,NaN
796,5,0,582,695,656,563,737,433,835,346,911,288,NaN,NaN,NaN,NaN,NaN,NaN,NaN,NaN,NaN,NaN
797,5,0,583,695,659,564,739,433,838,346,914,288,NaN,NaN,NaN,NaN,NaN,NaN,NaN,NaN,NaN,NaN
798,5,0,586,695,664,565,742,433,842,347,918,288,NaN,NaN,NaN,NaN,NaN,NaN,NaN,NaN,NaN,NaN
799,5,0,587,695,668,566,744,434,845,347,922,289,NaN,NaN,NaN,NaN,NaN,NaN,NaN,NaN,NaN,NaN
800,5,0,590,695,671,567,747,434,848,348,925,289,NaN,NaN,NaN,NaN,NaN,NaN,NaN,NaN,NaN,NaN
801,5,0,592,695,675,569,750,435,852,349,929,289,NaN,NaN,NaN,NaN,NaN,NaN,NaN,NaN,NaN,NaN
802,5,0,592,695,679,570,751,435,854,349,931,290,NaN,NaN,NaN,NaN,NaN,NaN,NaN,NaN,NaN,NaN
803,5,0,593,695,682,570,753,434,856,349,934,289,NaN,NaN,NaN,NaN,NaN,NaN,NaN,NaN,NaN,NaN
804,5,0,594,695,684,570,754,434,858,348,935,289,NaN,NaN,NaN,NaN,NaN,NaN,NaN,NaN,NaN,NaN
805,5,0,594,695,686,569,754,433,859,347,937,287,NaN,NaN,NaN,NaN,NaN,NaN,NaN,NaN,NaN,NaN
806,5,0,594,694,689,566,755,430,861,344,939,284,NaN,NaN,NaN,NaN,NaN,NaN,NaN,NaN,NaN,NaN
807,5,0,595,693,692,561,757,425,864,340,942,279,NaN,NaN,NaN,NaN,NaN,NaN,NaN,NaN,NaN,NaN
808,5,0,597,692,696,558,760,421,867,336,947,274,NaN,NaN,NaN,NaN,NaN,NaN,NaN,NaN,NaN,NaN
809,5,1,597,693,698,556,760,420,868,336,947,274,NaN,NaN,NaN,NaN,NaN,NaN,NaN,NaN,NaN,NaN
810,5,0,601,695,700,556,762,419,870,334,950,272,NaN,NaN,NaN,NaN,NaN,NaN,NaN,NaN,NaN,NaN
811,5,0,604,695,701,557,764,419,872,334,952,271,NaN,NaN,NaN,NaN,NaN,NaN,NaN,NaN,NaN,NaN
812,5,0,609,695,702,559,766,419,873,334,953,271,NaN,NaN,NaN,NaN,NaN,NaN,NaN,NaN,NaN,NaN
813,5,0,613,695,703,560,767,420,874,334,954,271,NaN,NaN,NaN,NaN,NaN,NaN,NaN,NaN,NaN,NaN
814,5,0,617,695,702,564,767,422,873,336,954,273,NaN,NaN,NaN,NaN,NaN,NaN,NaN,NaN,NaN,NaN
815,5,0,622,695,702,567,767,424,873,338,954,275,NaN,NaN,NaN,NaN,NaN,NaN,NaN,NaN,NaN,NaN
816,5,0,626,695,702,571,767,426,874,340,955,276,NaN,NaN,NaN,NaN,NaN,NaN,NaN,NaN,NaN,NaN
817,5,0,629,695,702,574,769,428,874,341,956,277,NaN,NaN,NaN,NaN,NaN,NaN,NaN,NaN,NaN,NaN
818,5,0,633,695,703,575,770,429,876,341,958,278,NaN,NaN,NaN,NaN,NaN,NaN,NaN,NaN,NaN,NaN
819,5,0,637,695,705,577,772,429,879,341,960,278,NaN,NaN,NaN,NaN,NaN,NaN,NaN,NaN,NaN,NaN
820,5,0,641,695,707,578,775,429,880,341,963,277,NaN,NaN,NaN,NaN,NaN,NaN,NaN,NaN,NaN,NaN
821,5,0,645,695,709,579,777,429,882,341,965,277,NaN,NaN,NaN,NaN,NaN,NaN,NaN,NaN,NaN,NaN
822,5,0,648,695,710,580,780,430,884,341,968,276,NaN,NaN,NaN,NaN,NaN,NaN,NaN,NaN,NaN,NaN
823,5,0,651,695,711,582,781,430,886,341,970,276,NaN,NaN,NaN,NaN,NaN,NaN,NaN,NaN,NaN,NaN
824,5,0,653,695,710,584,782,430,886,341,970,276,NaN,NaN,NaN,NaN,NaN,NaN,NaN,NaN,NaN,NaN
825,5,0,654,695,710,586,783,431,887,340,971,275,NaN,NaN,NaN,NaN,NaN,NaN,NaN,NaN,NaN,NaN
826,5,0,656,695,710,588,783,431,887,340,972,275,NaN,NaN,NaN,NaN,NaN,NaN,NaN,NaN,NaN,NaN
827,5,0,658,695,709,590,782,432,887,341,971,275,NaN,NaN,NaN,NaN,NaN,NaN,NaN,NaN,NaN,NaN
828,5,0,659,695,708,593,783,433,886,341,971,275,NaN,NaN,NaN,NaN,NaN,NaN,NaN,NaN,NaN,NaN
829,5,0,660,695,707,595,782,435,885,342,970,276,NaN,NaN,NaN,NaN,NaN,NaN,NaN,NaN,NaN,NaN
830,5,0,662,695,706,598,783,436,885,342,970,276,NaN,NaN,NaN,NaN,NaN,NaN,NaN,NaN,NaN,NaN
831,5,0,663,695,705,600,782,436,885,342,969,276,NaN,NaN,NaN,NaN,NaN,NaN,NaN,NaN,NaN,NaN
832,5,0,664,695,704,601,782,437,884,342,969,276,NaN,NaN,NaN,NaN,NaN,NaN,NaN,NaN,NaN,NaN
833,5,0,665,695,703,603,781,437,883,342,968,276,NaN,NaN,NaN,NaN,NaN,NaN,NaN,NaN,NaN,NaN
834,5,0,665,695,702,604,781,437,882,342,967,275,NaN,NaN,NaN,NaN,NaN,NaN,NaN,NaN,NaN,NaN
835,5,0,665,695,701,605,780,438,881,342,966,275,NaN,NaN,NaN,NaN,NaN,NaN,NaN,NaN,NaN,NaN
836,5,0,666,695,700,607,780,438,881,342,966,274,NaN,NaN,NaN,NaN,NaN,NaN,NaN,NaN,NaN,NaN
837,5,0,666,695,699,607,779,437,880,341,965,273,NaN,NaN,NaN,NaN,NaN,NaN,NaN,NaN,NaN,NaN
838,5,0,667,695,698,608,779,437,879,340,964,272,NaN,NaN,NaN,NaN,NaN,NaN,NaN,NaN,NaN,NaN
839,5,0,667,695,697,609,778,436,877,339,962,271,NaN,NaN,NaN,NaN,NaN,NaN,NaN,NaN,NaN,NaN
840,5,0,666,695,695,611,777,436,875,339,960,270,NaN,NaN,NaN,NaN,NaN,NaN,NaN,NaN,NaN,NaN
841,5,0,666,695,693,612,775,437,873,339,958,270,NaN,NaN,NaN,NaN,NaN,NaN,NaN,NaN,NaN,NaN
842,5,0,666,695,691,614,774,437,871,338,955,270,NaN,NaN,NaN,NaN,NaN,NaN,NaN,NaN,NaN,NaN
843,5,0,666,695,690,616,773,437,869,338,953,269,NaN,NaN,NaN,NaN,NaN,NaN,NaN,NaN,NaN,NaN
844,5,0,666,695,689,618,772,438,867,338,951,269,NaN,NaN,NaN,NaN,NaN,NaN,NaN,NaN,NaN,NaN
845,5,0,667,695,689,620,771,438,865,338,949,268,NaN,NaN,NaN,NaN,NaN,NaN,NaN,NaN,NaN,NaN
846,5,0,668,695,689,622,771,438,864,338,949,268,NaN,NaN,NaN,NaN,NaN,NaN,NaN,NaN,NaN,NaN
847,5,0,669,695,689,624,771,439,863,338,948,268,NaN,NaN,NaN,NaN,NaN,NaN,NaN,NaN,NaN,NaN
848,5,0,671,695,689,627,771,439,863,338,947,267,NaN,NaN,NaN,NaN,NaN,NaN,NaN,NaN,NaN,NaN
849,5,0,672,695,689,630,771,440,862,338,946,267,NaN,NaN,NaN,NaN,NaN,NaN,NaN,NaN,NaN,NaN
850,5,0,674,695,690,633,771,441,861,338,945,267,NaN,NaN,NaN,NaN,NaN,NaN,NaN,NaN,NaN,NaN
851,5,0,676,695,690,636,771,441,861,338,945,267,NaN,NaN,NaN,NaN,NaN,NaN,NaN,NaN,NaN,NaN
852,5,0,679,695,692,640,773,443,862,338,945,267,NaN,NaN,NaN,NaN,NaN,NaN,NaN,NaN,NaN,NaN
853,5,0,682,695,695,644,774,444,862,339,946,267,NaN,NaN,NaN,NaN,NaN,NaN,NaN,NaN,NaN,NaN
854,5,0,683,695,695,648,775,445,861,339,945,267,NaN,NaN,NaN,NaN,NaN,NaN,NaN,NaN,NaN,NaN
855,5,0,683,695,693,652,773,447,858,340,942,268,NaN,NaN,NaN,NaN,NaN,NaN,NaN,NaN,NaN,NaN
856,5,0,681,695,692,655,770,448,854,341,937,268,NaN,NaN,NaN,NaN,NaN,NaN,NaN,NaN,NaN,NaN
857,5,0,678,695,689,658,767,448,850,341,932,268,NaN,NaN,NaN,NaN,NaN,NaN,NaN,NaN,NaN,NaN
858,5,0,677,695,687,661,765,449,848,341,929,268,NaN,NaN,NaN,NaN,NaN,NaN,NaN,NaN,NaN,NaN
859,5,0,675,695,685,664,763,449,845,341,927,268,NaN,NaN,NaN,NaN,NaN,NaN,NaN,NaN,NaN,NaN
860,5,0,675,695,685,667,763,450,844,341,925,268,NaN,NaN,NaN,NaN,NaN,NaN,NaN,NaN,NaN,NaN
861,5,0,676,695,686,669,763,451,844,341,924,267,NaN,NaN,NaN,NaN,NaN,NaN,NaN,NaN,NaN,NaN
862,5,0,678,695,687,671,764,451,843,341,925,266,NaN,NaN,NaN,NaN,NaN,NaN,NaN,NaN,NaN,NaN
863,5,0,678,695,688,673,765,450,843,340,925,265,NaN,NaN,NaN,NaN,NaN,NaN,NaN,NaN,NaN,NaN
864,5,0,678,695,688,674,764,450,842,339,923,264,NaN,NaN,NaN,NaN,NaN,NaN,NaN,NaN,NaN,NaN
865,4,1,678,695,765,450,842,339,923,264,NaN,NaN,NaN,NaN,NaN,NaN,NaN,NaN,NaN,NaN,NaN,NaN
866,4,0,678,695,761,450,839,338,918,263,NaN,NaN,NaN,NaN,NaN,NaN,NaN,NaN,NaN,NaN,NaN,NaN
867,4,0,679,695,757,450,834,338,914,262,NaN,NaN,NaN,NaN,NaN,NaN,NaN,NaN,NaN,NaN,NaN,NaN
868,4,0,677,695,754,450,831,337,910,261,NaN,NaN,NaN,NaN,NaN,NaN,NaN,NaN,NaN,NaN,NaN,NaN
869,4,0,678,695,752,449,828,336,907,261,NaN,NaN,NaN,NaN,NaN,NaN,NaN,NaN,NaN,NaN,NaN,NaN
870,4,0,680,695,750,449,826,335,905,260,NaN,NaN,NaN,NaN,NaN,NaN,NaN,NaN,NaN,NaN,NaN,NaN
871,4,0,681,695,749,449,825,334,904,258,NaN,NaN,NaN,NaN,NaN,NaN,NaN,NaN,NaN,NaN,NaN,NaN
872,4,0,684,695,749,450,824,335,903,258,NaN,NaN,NaN,NaN,NaN,NaN,NaN,NaN,NaN,NaN,NaN,NaN
873,4,0,687,695,748,451,823,335,902,259,NaN,NaN,NaN,NaN,NaN,NaN,NaN,NaN,NaN,NaN,NaN,NaN
874,4,0,688,695,747,452,822,336,901,259,NaN,NaN,NaN,NaN,NaN,NaN,NaN,NaN,NaN,NaN,NaN,NaN
875,4,0,690,695,746,455,820,337,900,260,NaN,NaN,NaN,NaN,NaN,NaN,NaN,NaN,NaN,NaN,NaN,NaN
876,4,0,690,695,743,459,817,340,896,262,NaN,NaN,NaN,NaN,NaN,NaN,NaN,NaN,NaN,NaN,NaN,NaN
877,4,0,688,695,739,463,813,344,891,265,NaN,NaN,NaN,NaN,NaN,NaN,NaN,NaN,NaN,NaN,NaN,NaN
878,4,0,687,695,734,467,808,347,886,268,NaN,NaN,NaN,NaN,NaN,NaN,NaN,NaN,NaN,NaN,NaN,NaN
879,4,0,686,695,731,470,804,349,881,271,NaN,NaN,NaN,NaN,NaN,NaN,NaN,NaN,NaN,NaN,NaN,NaN
880,4,0,685,695,728,472,801,350,877,272,NaN,NaN,NaN,NaN,NaN,NaN,NaN,NaN,NaN,NaN,NaN,NaN
881,4,0,683,695,725,474,798,351,873,272,NaN,NaN,NaN,NaN,NaN,NaN,NaN,NaN,NaN,NaN,NaN,NaN
882,4,0,683,695,722,476,795,352,870,273,NaN,NaN,NaN,NaN,NaN,NaN,NaN,NaN,NaN,NaN,NaN,NaN
883,4,0,683,695,720,477,793,353,868,273,NaN,NaN,NaN,NaN,NaN,NaN,NaN,NaN,NaN,NaN,NaN,NaN
884,4,0,682,695,718,478,790,353,866,273,NaN,NaN,NaN,NaN,NaN,NaN,NaN,NaN,NaN,NaN,NaN,NaN
885,4,0,681,695,716,479,788,354,863,273,NaN,NaN,NaN,NaN,NaN,NaN,NaN,NaN,NaN,NaN,NaN,NaN
886,4,0,679,695,714,480,785,354,860,273,NaN,NaN,NaN,NaN,NaN,NaN,NaN,NaN,NaN,NaN,NaN,NaN
887,4,0,678,695,711,481,782,354,856,273,NaN,NaN,NaN,NaN,NaN,NaN,NaN,NaN,NaN,NaN,NaN,NaN
888,4,0,676,695,708,482,779,354,853,273,NaN,NaN,NaN,NaN,NaN,NaN,NaN,NaN,NaN,NaN,NaN,NaN
889,4,0,673,695,705,482,776,354,850,272,NaN,NaN,NaN,NaN,NaN,NaN,NaN,NaN,NaN,NaN,NaN,NaN
890,4,0,672,695,702,483,773,354,846,272,NaN,NaN,NaN,NaN,NaN,NaN,NaN,NaN,NaN,NaN,NaN,NaN
891,4,0,670,695,699,483,770,354,843,271,NaN,NaN,NaN,NaN,NaN,NaN,NaN,NaN,NaN,NaN,NaN,NaN
892,4,0,667,695,696,483,766,354,839,271,NaN,NaN,NaN,NaN,NaN,NaN,NaN,NaN,NaN,NaN,NaN,NaN
893,4,0,666,695,694,483,764,354,836,271,NaN,NaN,NaN,NaN,NaN,NaN,NaN,NaN,NaN,NaN,NaN,NaN
894,4,0,665,695,692,484,761,353,834,270,NaN,NaN,NaN,NaN,NaN,NaN,NaN,NaN,NaN,NaN,NaN,NaN
895,4,0,664,695,690,484,759,353,831,270,NaN,NaN,NaN,NaN,NaN,NaN,NaN,NaN,NaN,NaN,NaN,NaN
896,4,0,663,695,689,483,757,352,829,269,NaN,NaN,NaN,NaN,NaN,NaN,NaN,NaN,NaN,NaN,NaN,NaN
897,4,0,661,695,686,483,754,351,826,267,NaN,NaN,NaN,NaN,NaN,NaN,NaN,NaN,NaN,NaN,NaN,NaN
898,4,0,659,695,683,482,751,350,822,266,NaN,NaN,NaN,NaN,NaN,NaN,NaN,NaN,NaN,NaN,NaN,NaN
899,4,0,659,695,682,482,749,350,820,266,NaN,NaN,NaN,NaN,NaN,NaN,NaN,NaN,NaN,NaN,NaN,NaN
900,4,0,658,695,680,483,747,349,818,265,NaN,NaN,NaN,NaN,NaN,NaN,NaN,NaN,NaN,NaN,NaN,NaN
901,4,0,658,695,680,484,747,350,817,265,NaN,NaN,NaN,NaN,NaN,NaN,NaN,NaN,NaN,NaN,NaN,NaN
902,4,0,660,695,680,485,746,350,816,265,NaN,NaN,NaN,NaN,NaN,NaN,NaN,NaN,NaN,NaN,NaN,NaN
903,4,0,661,695,680,486,746,350,815,265,NaN,NaN,NaN,NaN,NaN,NaN,NaN,NaN,NaN,NaN,NaN,NaN
904,4,0,664,695,681,487,746,351,815,265,NaN,NaN,NaN,NaN,NaN,NaN,NaN,NaN,NaN,NaN,NaN,NaN
905,4,0,666,695,682,489,746,351,815,266,NaN,NaN,NaN,NaN,NaN,NaN,NaN,NaN,NaN,NaN,NaN,NaN
906,4,0,669,695,684,491,747,352,815,266,NaN,NaN,NaN,NaN,NaN,NaN,NaN,NaN,NaN,NaN,NaN,NaN
907,4,0,672,695,685,493,747,353,815,266,NaN,NaN,NaN,NaN,NaN,NaN,NaN,NaN,NaN,NaN,NaN,NaN
908,4,0,674,695,686,494,747,353,815,266,NaN,NaN,NaN,NaN,NaN,NaN,NaN,NaN,NaN,NaN,NaN,NaN
909,4,0,677,695,686,495,748,353,815,266,NaN,NaN,NaN,NaN,NaN,NaN,NaN,NaN,NaN,NaN,NaN,NaN
910,4,0,679,695,688,496,748,353,815,266,NaN,NaN,NaN,NaN,NaN,NaN,NaN,NaN,NaN,NaN,NaN,NaN
911,4,0,681,695,688,498,747,354,814,266,NaN,NaN,NaN,NaN,NaN,NaN,NaN,NaN,NaN,NaN,NaN,NaN
912,4,0,682,695,688,499,746,354,812,266,NaN,NaN,NaN,NaN,NaN,NaN,NaN,NaN,NaN,NaN,NaN,NaN
913,4,0,682,695,687,499,745,354,810,265,NaN,NaN,NaN,NaN,NaN,NaN,NaN,NaN,NaN,NaN,NaN,NaN
914,4,0,681,695,685,499,743,353,808,264,NaN,NaN,NaN,NaN,NaN,NaN,NaN,NaN,NaN,NaN,NaN,NaN
915,5,1,681,695,685,499,743,353,808,264,856,163,NaN,NaN,NaN,NaN,NaN,NaN,NaN,NaN,NaN,NaN
916,5,0,680,695,684,499,741,353,806,263,854,162,NaN,NaN,NaN,NaN,NaN,NaN,NaN,NaN,NaN,NaN
917,5,0,680,695,683,500,740,352,805,263,852,162,NaN,NaN,NaN,NaN,NaN,NaN,NaN,NaN,NaN,NaN
918,5,0,680,695,682,500,739,353,804,263,850,162,NaN,NaN,NaN,NaN,NaN,NaN,NaN,NaN,NaN,NaN
919,5,0,681,695,682,502,739,354,803,264,850,162,NaN,NaN,NaN,NaN,NaN,NaN,NaN,NaN,NaN,NaN
920,5,0,682,695,683,505,739,356,803,265,849,164,NaN,NaN,NaN,NaN,NaN,NaN,NaN,NaN,NaN,NaN
921,5,0,683,695,683,508,739,358,803,268,849,166,NaN,NaN,NaN,NaN,NaN,NaN,NaN,NaN,NaN,NaN
922,5,0,685,695,684,512,740,361,804,270,850,168,NaN,NaN,NaN,NaN,NaN,NaN,NaN,NaN,NaN,NaN
923,5,0,687,695,685,515,741,363,805,272,850,170,NaN,NaN,NaN,NaN,NaN,NaN,NaN,NaN,NaN,NaN
924,5,0,688,695,686,518,742,365,805,274,850,172,NaN,NaN,NaN,NaN,NaN,NaN,NaN,NaN,NaN,NaN
925,5,0,689,695,687,521,742,367,806,275,851,173,NaN,NaN,NaN,NaN,NaN,NaN,NaN,NaN,NaN,NaN
926,5,0,690,695,688,523,743,369,806,277,851,174,NaN,NaN,NaN,NaN,NaN,NaN,NaN,NaN,NaN,NaN
927,5,0,691,695,688,525,743,370,806,277,851,175,NaN,NaN,NaN,NaN,NaN,NaN,NaN,NaN,NaN,NaN
928,5,0,692,695,688,527,743,371,806,278,850,175,NaN,NaN,NaN,NaN,NaN,NaN,NaN,NaN,NaN,NaN
929,5,0,692,695,688,529,742,372,806,279,850,175,NaN,NaN,NaN,NaN,NaN,NaN,NaN,NaN,NaN,NaN
930,5,0,691,695,687,530,742,373,805,279,849,176,NaN,NaN,NaN,NaN,NaN,NaN,NaN,NaN,NaN,NaN
931,5,0,690,695,686,533,741,374,804,280,848,177,NaN,NaN,NaN,NaN,NaN,NaN,NaN,NaN,NaN,NaN
932,5,0,689,695,685,535,740,376,803,281,847,178,NaN,NaN,NaN,NaN,NaN,NaN,NaN,NaN,NaN,NaN
933,5,0,688,695,684,537,739,377,802,282,846,178,NaN,NaN,NaN,NaN,NaN,NaN,NaN,NaN,NaN,NaN
934,5,0,687,695,684,539,738,378,801,283,845,179,NaN,NaN,NaN,NaN,NaN,NaN,NaN,NaN,NaN,NaN
935,5,0,687,695,683,541,738,379,801,284,844,179,NaN,NaN,NaN,NaN,NaN,NaN,NaN,NaN,NaN,NaN
936,5,0,688,695,683,543,738,380,801,285,845,180,NaN,NaN,NaN,NaN,NaN,NaN,NaN,NaN,NaN,NaN
937,5,0,688,695,684,546,738,382,801,286,844,181,NaN,NaN,NaN,NaN,NaN,NaN,NaN,NaN,NaN,NaN
938,5,0,688,695,684,548,738,383,801,287,844,181,NaN,NaN,NaN,NaN,NaN,NaN,NaN,NaN,NaN,NaN
939,5,0,688,695,683,551,737,384,800,288,843,183,NaN,NaN,NaN,NaN,NaN,NaN,NaN,NaN,NaN,NaN
940,5,0,688,695,682,554,736,387,799,290,842,184,NaN,NaN,NaN,NaN,NaN,NaN,NaN,NaN,NaN,NaN
941,5,0,688,695,682,556,735,388,798,291,840,185,NaN,NaN,NaN,NaN,NaN,NaN,NaN,NaN,NaN,NaN
942,5,0,688,695,681,559,735,389,797,292,839,186,NaN,NaN,NaN,NaN,NaN,NaN,NaN,NaN,NaN,NaN
943,5,0,688,695,681,560,734,390,796,292,838,186,NaN,NaN,NaN,NaN,NaN,NaN,NaN,NaN,NaN,NaN
944,5,0,689,695,682,560,734,390,796,292,838,186,NaN,NaN,NaN,NaN,NaN,NaN,NaN,NaN,NaN,NaN
945,5,0,690,695,683,560,735,389,797,292,838,185,NaN,NaN,NaN,NaN,NaN,NaN,NaN,NaN,NaN,NaN
946,5,0,692,695,684,561,736,389,797,291,838,185,NaN,NaN,NaN,NaN,NaN,NaN,NaN,NaN,NaN,NaN
947,5,0,694,695,685,562,737,389,798,291,838,184,NaN,NaN,NaN,NaN,NaN,NaN,NaN,NaN,NaN,NaN
948,5,1,696,695,687,562,738,389,799,291,839,184,NaN,NaN,NaN,NaN,NaN,NaN,NaN,NaN,NaN,NaN
949,229911227,219,-547473626,5,269044259,0,991697312,862045184,686,686,861892832,-32,686,-1,13,2534,-253701952,2564,-666962582,2444,2772,2233
