Frame,#ofPoints,ManualInput,X1,Y1,X2,Y2,X3,Y3,X4,Y4,X5,Y5,X6,Y6,X7,Y7,X8,Y8,X9,Y9,X10,Y10
0,4,1,564,694,638,295,597,240,608,221,NaN,NaN,NaN,NaN,NaN,NaN,NaN,NaN,NaN,NaN,NaN,NaN
1,4,0,564,694,638,295,597,240,608,221,NaN,NaN,NaN,NaN,NaN,NaN,NaN,NaN,NaN,NaN,NaN,NaN
2,4,0,562,695,635,297,594,242,605,224,NaN,NaN,NaN,NaN,NaN,NaN,NaN,NaN,NaN,NaN,NaN,NaN
3,4,0,560,695,632,299,591,244,602,226,NaN,NaN,NaN,NaN,NaN,NaN,NaN,NaN,NaN,NaN,NaN,NaN
4,4,0,559,695,630,300,588,245,599,227,NaN,NaN,NaN,NaN,NaN,NaN,NaN,NaN,NaN,NaN,NaN,NaN
5,4,0,557,695,629,301,586,246,597,228,NaN,NaN,NaN,NaN,NaN,NaN,NaN,NaN,NaN,NaN,NaN,NaN
6,4,0,556,695,626,302,584,247,595,229,NaN,NaN,NaN,NaN,NaN,NaN,NaN,NaN,NaN,NaN,NaN,NaN
7,4,0,553,695,624,303,582,248,593,230,NaN,NaN,NaN,NaN,NaN,NaN,NaN,NaN,NaN,NaN,NaN,NaN
8,4,0,552,695,623,304,581,250,592,231,NaN,NaN,NaN,NaN,NaN,NaN,NaN,NaN,NaN,NaN,NaN,NaN
9,4,0,551,695,622,306,580,251,591,233,NaN,NaN,NaN,NaN,NaN,NaN,NaN,NaN,NaN,NaN,NaN,NaN
10,4,0,551,688,622,308,580,253,591,234,NaN,NaN,NaN,NaN,NaN,NaN,NaN,NaN,NaN,NaN,NaN,NaN
11,4,0,550,695,622,310,580,255,591,236,NaN,NaN,NaN,NaN,NaN,NaN,NaN,NaN,NaN,NaN,NaN,NaN
12,4,0,550,695,620,312,578,256,591,237,NaN,NaN,NaN,NaN,NaN,NaN,NaN,NaN,NaN,NaN,NaN,NaN
13,4,0,551,695,620,313,577,257,590,238,NaN,NaN,NaN,NaN,NaN,NaN,NaN,NaN,NaN,NaN,NaN,NaN
14,4,0,550,695,618,313,576,257,589,238,NaN,NaN,NaN,NaN,NaN,NaN,NaN,NaN,NaN,NaN,NaN,NaN
15,4,0,547,695,616,312,573,255,586,236,NaN,NaN,NaN,NaN,NaN,NaN,NaN,NaN,NaN,NaN,NaN,NaN
16,4,0,545,695,613,310,570,252,583,234,NaN,NaN,NaN,NaN,NaN,NaN,NaN,NaN,NaN,NaN,NaN,NaN
17,4,0,542,695,610,307,569,251,579,233,NaN,NaN,NaN,NaN,NaN,NaN,NaN,NaN,NaN,NaN,NaN,NaN
18,4,0,541,695,608,305,566,250,577,232,NaN,NaN,NaN,NaN,NaN,NaN,NaN,NaN,NaN,NaN,NaN,NaN
19,4,0,541,695,607,306,563,251,576,232,NaN,NaN,NaN,NaN,NaN,NaN,NaN,NaN,NaN,NaN,NaN,NaN
20,4,0,541,695,605,308,561,254,575,235,NaN,NaN,NaN,NaN,NaN,NaN,NaN,NaN,NaN,NaN,NaN,NaN
21,4,0,543,695,604,311,560,257,573,237,NaN,NaN,NaN,NaN,NaN,NaN,NaN,NaN,NaN,NaN,NaN,NaN
22,4,0,544,695,604,314,560,259,572,239,NaN,NaN,NaN,NaN,NaN,NaN,NaN,NaN,NaN,NaN,NaN,NaN
23,4,0,546,695,603,317,558,261,571,242,NaN,NaN,NaN,NaN,NaN,NaN,NaN,NaN,NaN,NaN,NaN,NaN
24,4,0,547,695,603,319,558,264,570,244,NaN,NaN,NaN,NaN,NaN,NaN,NaN,NaN,NaN,NaN,NaN,NaN
25,4,0,549,695,603,321,558,266,570,246,NaN,NaN,NaN,NaN,NaN,NaN,NaN,NaN,NaN,NaN,NaN,NaN
26,4,0,551,695,603,323,557,267,569,247,NaN,NaN,NaN,NaN,NaN,NaN,NaN,NaN,NaN,NaN,NaN,NaN
27,4,0,551,695,602,324,556,268,568,248,NaN,NaN,NaN,NaN,NaN,NaN,NaN,NaN,NaN,NaN,NaN,NaN
28,4,0,551,695,600,325,554,269,566,249,NaN,NaN,NaN,NaN,NaN,NaN,NaN,NaN,NaN,NaN,NaN,NaN
29,4,0,551,695,598,326,553,269,564,249,NaN,NaN,NaN,NaN,NaN,NaN,NaN,NaN,NaN,NaN,NaN,NaN
30,4,0,550,695,597,327,551,270,562,250,NaN,NaN,NaN,NaN,NaN,NaN,NaN,NaN,NaN,NaN,NaN,NaN
31,4,0,550,695,596,328,550,270,561,250,NaN,NaN,NaN,NaN,NaN,NaN,NaN,NaN,NaN,NaN,NaN,NaN
32,4,0,550,695,595,328,549,270,560,250,NaN,NaN,NaN,NaN,NaN,NaN,NaN,NaN,NaN,NaN,NaN,NaN
33,4,0,549,695,593,327,547,270,558,250,NaN,NaN,NaN,NaN,NaN,NaN,NaN,NaN,NaN,NaN,NaN,NaN
34,4,0,547,695,591,326,545,270,556,249,NaN,NaN,NaN,NaN,NaN,NaN,NaN,NaN,NaN,NaN,NaN,NaN
35,4,0,546,695,590,326,543,269,554,249,NaN,NaN,NaN,NaN,NaN,NaN,NaN,NaN,NaN,NaN,NaN,NaN
36,4,0,545,695,588,325,540,269,552,248,NaN,NaN,NaN,NaN,NaN,NaN,NaN,NaN,NaN,NaN,NaN,NaN
37,4,0,544,695,587,324,539,268,550,248,NaN,NaN,NaN,NaN,NaN,NaN,NaN,NaN,NaN,NaN,NaN,NaN
38,4,0,544,695,586,323,538,268,549,247,NaN,NaN,NaN,NaN,NaN,NaN,NaN,NaN,NaN,NaN,NaN,NaN
39,4,0,543,695,585,322,537,267,548,247,NaN,NaN,NaN,NaN,NaN,NaN,NaN,NaN,NaN,NaN,NaN,NaN
40,4,0,543,695,585,322,537,267,547,247,NaN,NaN,NaN,NaN,NaN,NaN,NaN,NaN,NaN,NaN,NaN,NaN
41,4,0,543,695,584,321,536,267,547,247,NaN,NaN,NaN,NaN,NaN,NaN,NaN,NaN,NaN,NaN,NaN,NaN
42,4,0,543,695,584,321,536,267,547,247,NaN,NaN,NaN,NaN,NaN,NaN,NaN,NaN,NaN,NaN,NaN,NaN
43,4,0,544,695,584,322,536,267,546,247,NaN,NaN,NaN,NaN,NaN,NaN,NaN,NaN,NaN,NaN,NaN,NaN
44,4,0,544,695,584,322,536,267,546,247,NaN,NaN,NaN,NaN,NaN,NaN,NaN,NaN,NaN,NaN,NaN,NaN
45,4,0,545,695,584,323,536,267,546,248,NaN,NaN,NaN,NaN,NaN,NaN,NaN,NaN,NaN,NaN,NaN,NaN
46,4,0,547,695,584,324,535,268,546,248,NaN,NaN,NaN,NaN,NaN,NaN,NaN,NaN,NaN,NaN,NaN,NaN
47,4,0,548,695,584,325,535,269,546,248,NaN,NaN,NaN,NaN,NaN,NaN,NaN,NaN,NaN,NaN,NaN,NaN
48,4,0,549,695,585,326,535,269,546,249,NaN,NaN,NaN,NaN,NaN,NaN,NaN,NaN,NaN,NaN,NaN,NaN
49,4,0,550,695,585,326,535,269,546,248,NaN,NaN,NaN,NaN,NaN,NaN,NaN,NaN,NaN,NaN,NaN,NaN
50,4,0,551,695,585,326,535,269,545,248,NaN,NaN,NaN,NaN,NaN,NaN,NaN,NaN,NaN,NaN,NaN,NaN
51,4,0,552,695,585,326,535,269,545,248,NaN,NaN,NaN,NaN,NaN,NaN,NaN,NaN,NaN,NaN,NaN,NaN
52,4,0,553,695,585,326,535,268,545,248,NaN,NaN,NaN,NaN,NaN,NaN,NaN,NaN,NaN,NaN,NaN,NaN
53,4,0,555,695,585,325,535,268,545,247,NaN,NaN,NaN,NaN,NaN,NaN,NaN,NaN,NaN,NaN,NaN,NaN
54,4,0,556,695,585,324,535,267,545,246,NaN,NaN,NaN,NaN,NaN,NaN,NaN,NaN,NaN,NaN,NaN,NaN
55,4,0,558,695,585,323,534,266,544,246,NaN,NaN,NaN,NaN,NaN,NaN,NaN,NaN,NaN,NaN,NaN,NaN
56,4,0,560,695,586,322,535,265,545,245,NaN,NaN,NaN,NaN,NaN,NaN,NaN,NaN,NaN,NaN,NaN,NaN
57,4,0,562,695,586,321,534,265,544,244,NaN,NaN,NaN,NaN,NaN,NaN,NaN,NaN,NaN,NaN,NaN,NaN
58,4,0,564,695,586,320,534,265,544,244,NaN,NaN,NaN,NaN,NaN,NaN,NaN,NaN,NaN,NaN,NaN,NaN
59,4,0,566,695,587,320,535,265,544,244,NaN,NaN,NaN,NaN,NaN,NaN,NaN,NaN,NaN,NaN,NaN,NaN
60,4,0,568,695,587,320,535,265,544,243,NaN,NaN,NaN,NaN,NaN,NaN,NaN,NaN,NaN,NaN,NaN,NaN
61,4,0,569,695,587,320,534,264,543,243,NaN,NaN,NaN,NaN,NaN,NaN,NaN,NaN,NaN,NaN,NaN,NaN
62,4,0,571,695,587,320,534,264,543,243,NaN,NaN,NaN,NaN,NaN,NaN,NaN,NaN,NaN,NaN,NaN,NaN
63,4,0,573,695,588,321,534,264,543,243,NaN,NaN,NaN,NaN,NaN,NaN,NaN,NaN,NaN,NaN,NaN,NaN
64,4,0,575,695,588,321,535,264,543,243,NaN,NaN,NaN,NaN,NaN,NaN,NaN,NaN,NaN,NaN,NaN,NaN
65,4,0,576,695,589,320,535,263,543,242,NaN,NaN,NaN,NaN,NaN,NaN,NaN,NaN,NaN,NaN,NaN,NaN
66,4,0,577,695,589,319,535,262,544,241,NaN,NaN,NaN,NaN,NaN,NaN,NaN,NaN,NaN,NaN,NaN,NaN
67,4,0,577,695,589,317,534,260,543,239,NaN,NaN,NaN,NaN,NaN,NaN,NaN,NaN,NaN,NaN,NaN,NaN
68,4,0,577,695,588,315,534,258,542,236,NaN,NaN,NaN,NaN,NaN,NaN,NaN,NaN,NaN,NaN,NaN,NaN
69,4,0,578,695,588,313,533,256,541,234,NaN,NaN,NaN,NaN,NaN,NaN,NaN,NaN,NaN,NaN,NaN,NaN
70,4,0,578,695,588,312,533,255,541,233,NaN,NaN,NaN,NaN,NaN,NaN,NaN,NaN,NaN,NaN,NaN,NaN
71,4,0,578,695,588,310,533,254,541,232,NaN,NaN,NaN,NaN,NaN,NaN,NaN,NaN,NaN,NaN,NaN,NaN
72,4,0,578,695,588,309,533,253,541,231,NaN,NaN,NaN,NaN,NaN,NaN,NaN,NaN,NaN,NaN,NaN,NaN
73,4,0,578,695,587,308,532,252,541,230,NaN,NaN,NaN,NaN,NaN,NaN,NaN,NaN,NaN,NaN,NaN,NaN
74,4,0,578,695,587,308,532,251,541,229,NaN,NaN,NaN,NaN,NaN,NaN,NaN,NaN,NaN,NaN,NaN,NaN
75,4,0,578,695,587,307,532,251,541,229,NaN,NaN,NaN,NaN,NaN,NaN,NaN,NaN,NaN,NaN,NaN,NaN
76,4,0,578,695,587,307,532,251,541,229,NaN,NaN,NaN,NaN,NaN,NaN,NaN,NaN,NaN,NaN,NaN,NaN
77,4,0,578,695,587,307,533,251,541,229,NaN,NaN,NaN,NaN,NaN,NaN,NaN,NaN,NaN,NaN,NaN,NaN
78,4,0,579,695,588,307,534,250,542,228,NaN,NaN,NaN,NaN,NaN,NaN,NaN,NaN,NaN,NaN,NaN,NaN
79,4,0,580,695,589,308,535,251,543,228,NaN,NaN,NaN,NaN,NaN,NaN,NaN,NaN,NaN,NaN,NaN,NaN
80,4,0,582,695,591,309,536,252,544,228,NaN,NaN,NaN,NaN,NaN,NaN,NaN,NaN,NaN,NaN,NaN,NaN
81,4,0,584,695,593,311,538,252,546,228,NaN,NaN,NaN,NaN,NaN,NaN,NaN,NaN,NaN,NaN,NaN,NaN
82,4,0,586,695,595,311,539,252,547,228,NaN,NaN,NaN,NaN,NaN,NaN,NaN,NaN,NaN,NaN,NaN,NaN
83,4,0,587,695,596,312,541,252,548,228,NaN,NaN,NaN,NaN,NaN,NaN,NaN,NaN,NaN,NaN,NaN,NaN
84,4,0,588,695,596,312,541,252,548,228,NaN,NaN,NaN,NaN,NaN,NaN,NaN,NaN,NaN,NaN,NaN,NaN
85,4,0,588,695,596,312,541,252,548,228,NaN,NaN,NaN,NaN,NaN,NaN,NaN,NaN,NaN,NaN,NaN,NaN
86,4,0,588,695,595,311,541,251,548,228,NaN,NaN,NaN,NaN,NaN,NaN,NaN,NaN,NaN,NaN,NaN,NaN
87,4,0,588,695,595,310,540,251,547,227,NaN,NaN,NaN,NaN,NaN,NaN,NaN,NaN,NaN,NaN,NaN,NaN
88,4,0,588,695,594,310,539,250,547,227,NaN,NaN,NaN,NaN,NaN,NaN,NaN,NaN,NaN,NaN,NaN,NaN
89,4,0,588,695,594,310,539,251,547,227,NaN,NaN,NaN,NaN,NaN,NaN,NaN,NaN,NaN,NaN,NaN,NaN
90,4,0,589,695,594,310,539,252,546,228,NaN,NaN,NaN,NaN,NaN,NaN,NaN,NaN,NaN,NaN,NaN,NaN
91,4,0,590,695,594,311,539,252,546,228,NaN,NaN,NaN,NaN,NaN,NaN,NaN,NaN,NaN,NaN,NaN,NaN
92,4,0,590,695,594,310,538,252,545,228,NaN,NaN,NaN,NaN,NaN,NaN,NaN,NaN,NaN,NaN,NaN,NaN
93,4,0,591,695,594,311,538,252,545,228,NaN,NaN,NaN,NaN,NaN,NaN,NaN,NaN,NaN,NaN,NaN,NaN
94,4,0,593,695,595,311,538,252,545,228,NaN,NaN,NaN,NaN,NaN,NaN,NaN,NaN,NaN,NaN,NaN,NaN
95,4,0,594,695,595,312,539,252,545,229,NaN,NaN,NaN,NaN,NaN,NaN,NaN,NaN,NaN,NaN,NaN,NaN
96,4,0,596,695,596,313,539,253,546,229,NaN,NaN,NaN,NaN,NaN,NaN,NaN,NaN,NaN,NaN,NaN,NaN
97,4,0,596,695,596,314,539,253,545,229,NaN,NaN,NaN,NaN,NaN,NaN,NaN,NaN,NaN,NaN,NaN,NaN
98,4,0,597,695,596,314,539,253,545,229,NaN,NaN,NaN,NaN,NaN,NaN,NaN,NaN,NaN,NaN,NaN,NaN
99,4,0,596,695,596,315,538,253,545,228,NaN,NaN,NaN,NaN,NaN,NaN,NaN,NaN,NaN,NaN,NaN,NaN
100,4,0,596,695,595,315,537,253,544,227,NaN,NaN,NaN,NaN,NaN,NaN,NaN,NaN,NaN,NaN,NaN,NaN
101,4,0,595,695,594,314,537,252,543,226,NaN,NaN,NaN,NaN,NaN,NaN,NaN,NaN,NaN,NaN,NaN,NaN
102,4,0,594,695,593,314,535,251,542,225,NaN,NaN,NaN,NaN,NaN,NaN,NaN,NaN,NaN,NaN,NaN,NaN
103,4,0,593,695,592,312,534,250,541,224,NaN,NaN,NaN,NaN,NaN,NaN,NaN,NaN,NaN,NaN,NaN,NaN
104,4,0,592,695,591,312,534,249,540,223,NaN,NaN,NaN,NaN,NaN,NaN,NaN,NaN,NaN,NaN,NaN,NaN
105,4,0,592,695,592,311,534,248,540,222,NaN,NaN,NaN,NaN,NaN,NaN,NaN,NaN,NaN,NaN,NaN,NaN
106,4,0,592,695,592,310,534,247,540,221,NaN,NaN,NaN,NaN,NaN,NaN,NaN,NaN,NaN,NaN,NaN,NaN
107,4,0,591,695,591,310,534,247,540,221,NaN,NaN,NaN,NaN,NaN,NaN,NaN,NaN,NaN,NaN,NaN,NaN
108,4,0,589,695,590,310,534,247,540,221,NaN,NaN,NaN,NaN,NaN,NaN,NaN,NaN,NaN,NaN,NaN,NaN
109,4,0,587,695,589,310,533,247,539,221,NaN,NaN,NaN,NaN,NaN,NaN,NaN,NaN,NaN,NaN,NaN,NaN
110,4,0,584,695,588,312,532,248,538,222,NaN,NaN,NaN,NaN,NaN,NaN,NaN,NaN,NaN,NaN,NaN,NaN
111,4,0,581,695,586,314,530,249,537,223,NaN,NaN,NaN,NaN,NaN,NaN,NaN,NaN,NaN,NaN,NaN,NaN
112,4,0,578,695,584,315,529,250,535,224,NaN,NaN,NaN,NaN,NaN,NaN,NaN,NaN,NaN,NaN,NaN,NaN
113,4,0,576,695,582,316,528,251,534,224,NaN,NaN,NaN,NaN,NaN,NaN,NaN,NaN,NaN,NaN,NaN,NaN
114,4,0,575,695,582,317,528,252,535,225,NaN,NaN,NaN,NaN,NaN,NaN,NaN,NaN,NaN,NaN,NaN,NaN
115,4,0,574,695,582,319,528,253,535,225,NaN,NaN,NaN,NaN,NaN,NaN,NaN,NaN,NaN,NaN,NaN,NaN
116,4,0,574,695,583,321,529,253,536,225,NaN,NaN,NaN,NaN,NaN,NaN,NaN,NaN,NaN,NaN,NaN,NaN
117,4,0,574,695,583,322,529,254,537,226,NaN,NaN,NaN,NaN,NaN,NaN,NaN,NaN,NaN,NaN,NaN,NaN
118,4,0,573,695,583,324,530,255,537,227,NaN,NaN,NaN,NaN,NaN,NaN,NaN,NaN,NaN,NaN,NaN,NaN
119,4,0,573,695,583,325,530,256,537,227,NaN,NaN,NaN,NaN,NaN,NaN,NaN,NaN,NaN,NaN,NaN,NaN
120,4,0,572,695,583,326,530,257,537,228,NaN,NaN,NaN,NaN,NaN,NaN,NaN,NaN,NaN,NaN,NaN,NaN
121,4,0,572,695,583,326,530,257,537,228,NaN,NaN,NaN,NaN,NaN,NaN,NaN,NaN,NaN,NaN,NaN,NaN
122,4,0,571,695,582,326,530,257,537,228,NaN,NaN,NaN,NaN,NaN,NaN,NaN,NaN,NaN,NaN,NaN,NaN
123,4,0,570,695,582,326,530,257,537,228,NaN,NaN,NaN,NaN,NaN,NaN,NaN,NaN,NaN,NaN,NaN,NaN
124,4,0,570,695,581,326,529,257,537,228,NaN,NaN,NaN,NaN,NaN,NaN,NaN,NaN,NaN,NaN,NaN,NaN
125,4,0,570,695,581,328,529,259,537,229,NaN,NaN,NaN,NaN,NaN,NaN,NaN,NaN,NaN,NaN,NaN,NaN
126,4,0,569,695,580,329,529,260,536,231,NaN,NaN,NaN,NaN,NaN,NaN,NaN,NaN,NaN,NaN,NaN,NaN
127,4,0,569,695,580,330,529,261,536,231,NaN,NaN,NaN,NaN,NaN,NaN,NaN,NaN,NaN,NaN,NaN,NaN
128,4,0,570,695,580,331,528,261,536,231,NaN,NaN,NaN,NaN,NaN,NaN,NaN,NaN,NaN,NaN,NaN,NaN
129,4,0,570,695,581,332,529,262,536,232,NaN,NaN,NaN,NaN,NaN,NaN,NaN,NaN,NaN,NaN,NaN,NaN
130,4,0,571,695,581,333,529,262,536,232,NaN,NaN,NaN,NaN,NaN,NaN,NaN,NaN,NaN,NaN,NaN,NaN
131,4,0,571,695,581,334,529,263,536,232,NaN,NaN,NaN,NaN,NaN,NaN,NaN,NaN,NaN,NaN,NaN,NaN
132,4,0,571,695,581,335,529,264,536,233,NaN,NaN,NaN,NaN,NaN,NaN,NaN,NaN,NaN,NaN,NaN,NaN
133,4,0,571,695,581,337,529,264,536,233,NaN,NaN,NaN,NaN,NaN,NaN,NaN,NaN,NaN,NaN,NaN,NaN
134,4,0,571,695,581,338,529,265,536,234,NaN,NaN,NaN,NaN,NaN,NaN,NaN,NaN,NaN,NaN,NaN,NaN
135,4,0,570,695,580,339,528,265,535,233,NaN,NaN,NaN,NaN,NaN,NaN,NaN,NaN,NaN,NaN,NaN,NaN
136,4,0,569,695,579,339,527,265,534,233,NaN,NaN,NaN,NaN,NaN,NaN,NaN,NaN,NaN,NaN,NaN,NaN
137,4,0,567,695,578,339,526,265,534,233,NaN,NaN,NaN,NaN,NaN,NaN,NaN,NaN,NaN,NaN,NaN,NaN
138,4,0,565,695,576,338,525,264,532,232,NaN,NaN,NaN,NaN,NaN,NaN,NaN,NaN,NaN,NaN,NaN,NaN
139,4,0,564,695,575,338,524,263,532,231,NaN,NaN,NaN,NaN,NaN,NaN,NaN,NaN,NaN,NaN,NaN,NaN
140,4,0,562,695,575,337,524,263,532,231,NaN,NaN,NaN,NaN,NaN,NaN,NaN,NaN,NaN,NaN,NaN,NaN
141,4,0,561,695,575,336,524,262,532,230,NaN,NaN,NaN,NaN,NaN,NaN,NaN,NaN,NaN,NaN,NaN,NaN
142,4,0,560,695,575,335,524,262,532,230,NaN,NaN,NaN,NaN,NaN,NaN,NaN,NaN,NaN,NaN,NaN,NaN
143,4,0,559,695,575,335,525,262,533,230,NaN,NaN,NaN,NaN,NaN,NaN,NaN,NaN,NaN,NaN,NaN,NaN
144,4,0,557,695,575,335,525,261,533,230,NaN,NaN,NaN,NaN,NaN,NaN,NaN,NaN,NaN,NaN,NaN,NaN
145,4,0,555,695,575,335,525,261,534,229,NaN,NaN,NaN,NaN,NaN,NaN,NaN,NaN,NaN,NaN,NaN,NaN
146,4,0,554,695,576,336,526,262,535,231,NaN,NaN,NaN,NaN,NaN,NaN,NaN,NaN,NaN,NaN,NaN,NaN
147,4,0,552,695,575,338,526,263,534,231,NaN,NaN,NaN,NaN,NaN,NaN,NaN,NaN,NaN,NaN,NaN,NaN
148,4,0,549,695,574,339,526,264,534,231,NaN,NaN,NaN,NaN,NaN,NaN,NaN,NaN,NaN,NaN,NaN,NaN
149,4,0,549,695,574,341,526,265,534,232,NaN,NaN,NaN,NaN,NaN,NaN,NaN,NaN,NaN,NaN,NaN,NaN
150,4,1,549,692,574,341,526,265,534,232,NaN,NaN,NaN,NaN,NaN,NaN,NaN,NaN,NaN,NaN,NaN,NaN
151,4,0,550,695,575,343,527,266,536,233,NaN,NaN,NaN,NaN,NaN,NaN,NaN,NaN,NaN,NaN,NaN,NaN
152,4,0,552,695,576,344,529,267,537,233,NaN,NaN,NaN,NaN,NaN,NaN,NaN,NaN,NaN,NaN,NaN,NaN
153,4,0,553,695,577,346,530,268,538,234,NaN,NaN,NaN,NaN,NaN,NaN,NaN,NaN,NaN,NaN,NaN,NaN
154,4,0,555,695,578,347,531,269,539,235,NaN,NaN,NaN,NaN,NaN,NaN,NaN,NaN,NaN,NaN,NaN,NaN
155,4,0,555,695,579,347,532,269,540,235,NaN,NaN,NaN,NaN,NaN,NaN,NaN,NaN,NaN,NaN,NaN,NaN
156,4,0,557,695,580,348,533,269,541,235,NaN,NaN,NaN,NaN,NaN,NaN,NaN,NaN,NaN,NaN,NaN,NaN
157,4,0,557,695,581,348,534,269,542,235,NaN,NaN,NaN,NaN,NaN,NaN,NaN,NaN,NaN,NaN,NaN,NaN
158,4,0,559,695,583,347,536,269,544,235,NaN,NaN,NaN,NaN,NaN,NaN,NaN,NaN,NaN,NaN,NaN,NaN
159,4,0,562,695,585,347,537,270,547,236,NaN,NaN,NaN,NaN,NaN,NaN,NaN,NaN,NaN,NaN,NaN,NaN
160,4,0,565,695,588,348,540,271,549,237,NaN,NaN,NaN,NaN,NaN,NaN,NaN,NaN,NaN,NaN,NaN,NaN
161,4,0,569,695,590,349,542,272,552,238,NaN,NaN,NaN,NaN,NaN,NaN,NaN,NaN,NaN,NaN,NaN,NaN
162,4,0,572,695,593,350,544,272,554,238,NaN,NaN,NaN,NaN,NaN,NaN,NaN,NaN,NaN,NaN,NaN,NaN
163,4,0,575,695,595,350,546,272,556,238,NaN,NaN,NaN,NaN,NaN,NaN,NaN,NaN,NaN,NaN,NaN,NaN
164,4,0,577,695,597,351,548,273,557,238,NaN,NaN,NaN,NaN,NaN,NaN,NaN,NaN,NaN,NaN,NaN,NaN
165,4,0,579,695,598,352,549,274,558,239,NaN,NaN,NaN,NaN,NaN,NaN,NaN,NaN,NaN,NaN,NaN,NaN
166,4,0,581,695,600,355,551,275,559,240,NaN,NaN,NaN,NaN,NaN,NaN,NaN,NaN,NaN,NaN,NaN,NaN
167,4,0,583,695,601,356,552,276,561,241,NaN,NaN,NaN,NaN,NaN,NaN,NaN,NaN,NaN,NaN,NaN,NaN
168,4,0,585,695,602,357,553,276,562,241,NaN,NaN,NaN,NaN,NaN,NaN,NaN,NaN,NaN,NaN,NaN,NaN
169,4,0,586,695,604,358,555,276,563,240,NaN,NaN,NaN,NaN,NaN,NaN,NaN,NaN,NaN,NaN,NaN,NaN
170,4,0,587,695,604,359,555,276,564,240,NaN,NaN,NaN,NaN,NaN,NaN,NaN,NaN,NaN,NaN,NaN,NaN
171,4,0,586,695,604,359,556,276,565,240,NaN,NaN,NaN,NaN,NaN,NaN,NaN,NaN,NaN,NaN,NaN,NaN
172,4,0,587,695,605,359,556,276,565,240,NaN,NaN,NaN,NaN,NaN,NaN,NaN,NaN,NaN,NaN,NaN,NaN
173,4,0,587,695,606,359,557,275,566,240,NaN,NaN,NaN,NaN,NaN,NaN,NaN,NaN,NaN,NaN,NaN,NaN
174,4,0,588,695,606,358,557,275,567,240,NaN,NaN,NaN,NaN,NaN,NaN,NaN,NaN,NaN,NaN,NaN,NaN
175,4,0,589,695,607,358,558,275,568,240,NaN,NaN,NaN,NaN,NaN,NaN,NaN,NaN,NaN,NaN,NaN,NaN
176,4,0,589,695,608,357,560,275,570,240,NaN,NaN,NaN,NaN,NaN,NaN,NaN,NaN,NaN,NaN,NaN,NaN
177,4,0,590,695,609,359,561,276,571,241,NaN,NaN,NaN,NaN,NaN,NaN,NaN,NaN,NaN,NaN,NaN,NaN
178,4,0,591,695,610,359,562,277,572,242,NaN,NaN,NaN,NaN,NaN,NaN,NaN,NaN,NaN,NaN,NaN,NaN
179,4,0,591,695,611,361,563,278,574,243,NaN,NaN,NaN,NaN,NaN,NaN,NaN,NaN,NaN,NaN,NaN,NaN
180,4,0,591,695,612,362,564,280,575,244,NaN,NaN,NaN,NaN,NaN,NaN,NaN,NaN,NaN,NaN,NaN,NaN
181,4,0,591,695,612,365,565,281,575,246,NaN,NaN,NaN,NaN,NaN,NaN,NaN,NaN,NaN,NaN,NaN,NaN
182,4,0,592,695,613,366,566,282,577,246,NaN,NaN,NaN,NaN,NaN,NaN,NaN,NaN,NaN,NaN,NaN,NaN
183,4,0,594,695,615,368,568,283,579,247,NaN,NaN,NaN,NaN,NaN,NaN,NaN,NaN,NaN,NaN,NaN,NaN
184,4,0,596,695,617,370,571,285,582,248,NaN,NaN,NaN,NaN,NaN,NaN,NaN,NaN,NaN,NaN,NaN,NaN
185,4,0,599,695,620,372,574,286,585,249,NaN,NaN,NaN,NaN,NaN,NaN,NaN,NaN,NaN,NaN,NaN,NaN
186,4,0,602,695,623,374,576,287,588,249,NaN,NaN,NaN,NaN,NaN,NaN,NaN,NaN,NaN,NaN,NaN,NaN
187,4,0,604,695,625,376,579,288,591,250,NaN,NaN,NaN,NaN,NaN,NaN,NaN,NaN,NaN,NaN,NaN,NaN
188,4,0,606,695,628,377,581,289,593,251,NaN,NaN,NaN,NaN,NaN,NaN,NaN,NaN,NaN,NaN,NaN,NaN
189,4,0,608,695,629,377,583,289,595,251,NaN,NaN,NaN,NaN,NaN,NaN,NaN,NaN,NaN,NaN,NaN,NaN
190,4,0,610,695,631,377,584,289,597,250,NaN,NaN,NaN,NaN,NaN,NaN,NaN,NaN,NaN,NaN,NaN,NaN
191,4,0,611,695,632,377,586,289,599,250,NaN,NaN,NaN,NaN,NaN,NaN,NaN,NaN,NaN,NaN,NaN,NaN
192,4,0,613,695,633,376,588,288,600,250,NaN,NaN,NaN,NaN,NaN,NaN,NaN,NaN,NaN,NaN,NaN,NaN
193,4,0,615,695,635,376,589,288,602,250,NaN,NaN,NaN,NaN,NaN,NaN,NaN,NaN,NaN,NaN,NaN,NaN
194,4,0,616,695,637,378,592,290,603,251,NaN,NaN,NaN,NaN,NaN,NaN,NaN,NaN,NaN,NaN,NaN,NaN
195,4,0,620,695,639,381,594,293,605,255,NaN,NaN,NaN,NaN,NaN,NaN,NaN,NaN,NaN,NaN,NaN,NaN
196,4,0,623,695,641,385,596,296,607,257,NaN,NaN,NaN,NaN,NaN,NaN,NaN,NaN,NaN,NaN,NaN,NaN
197,4,0,629,695,645,390,599,300,611,261,NaN,NaN,NaN,NaN,NaN,NaN,NaN,NaN,NaN,NaN,NaN,NaN
198,4,0,632,695,647,393,601,302,613,263,NaN,NaN,NaN,NaN,NaN,NaN,NaN,NaN,NaN,NaN,NaN,NaN
199,4,0,634,695,649,395,602,304,614,264,NaN,NaN,NaN,NaN,NaN,NaN,NaN,NaN,NaN,NaN,NaN,NaN
200,4,0,636,695,650,398,604,306,615,265,NaN,NaN,NaN,NaN,NaN,NaN,NaN,NaN,NaN,NaN,NaN,NaN
201,4,0,638,695,653,400,606,307,618,266,NaN,NaN,NaN,NaN,NaN,NaN,NaN,NaN,NaN,NaN,NaN,NaN
202,4,0,641,695,654,403,607,309,619,267,NaN,NaN,NaN,NaN,NaN,NaN,NaN,NaN,NaN,NaN,NaN,NaN
203,4,0,643,695,656,405,609,310,621,268,NaN,NaN,NaN,NaN,NaN,NaN,NaN,NaN,NaN,NaN,NaN,NaN
204,4,0,645,695,658,407,610,311,623,269,NaN,NaN,NaN,NaN,NaN,NaN,NaN,NaN,NaN,NaN,NaN,NaN
205,4,0,647,695,659,409,612,312,624,270,NaN,NaN,NaN,NaN,NaN,NaN,NaN,NaN,NaN,NaN,NaN,NaN
206,4,0,648,695,660,410,613,313,625,270,NaN,NaN,NaN,NaN,NaN,NaN,NaN,NaN,NaN,NaN,NaN,NaN
207,4,0,649,695,660,410,614,313,626,270,NaN,NaN,NaN,NaN,NaN,NaN,NaN,NaN,NaN,NaN,NaN,NaN
208,4,0,650,695,661,410,615,313,627,270,NaN,NaN,NaN,NaN,NaN,NaN,NaN,NaN,NaN,NaN,NaN,NaN
209,4,0,651,695,662,409,616,313,628,270,NaN,NaN,NaN,NaN,NaN,NaN,NaN,NaN,NaN,NaN,NaN,NaN
210,4,0,650,695,662,408,617,312,629,270,NaN,NaN,NaN,NaN,NaN,NaN,NaN,NaN,NaN,NaN,NaN,NaN
211,4,0,649,695,662,407,617,312,629,270,NaN,NaN,NaN,NaN,NaN,NaN,NaN,NaN,NaN,NaN,NaN,NaN
212,4,0,649,695,662,406,617,312,630,269,NaN,NaN,NaN,NaN,NaN,NaN,NaN,NaN,NaN,NaN,NaN,NaN
213,4,0,648,695,662,405,618,312,631,270,NaN,NaN,NaN,NaN,NaN,NaN,NaN,NaN,NaN,NaN,NaN,NaN
214,4,0,647,695,662,405,618,312,631,270,NaN,NaN,NaN,NaN,NaN,NaN,NaN,NaN,NaN,NaN,NaN,NaN
215,4,0,647,695,661,406,617,313,631,271,NaN,NaN,NaN,NaN,NaN,NaN,NaN,NaN,NaN,NaN,NaN,NaN
216,4,0,646,695,660,408,617,315,632,272,NaN,NaN,NaN,NaN,NaN,NaN,NaN,NaN,NaN,NaN,NaN,NaN
217,4,0,647,695,661,412,618,317,632,275,NaN,NaN,NaN,NaN,NaN,NaN,NaN,NaN,NaN,NaN,NaN,NaN
218,4,0,647,695,661,415,618,320,633,277,NaN,NaN,NaN,NaN,NaN,NaN,NaN,NaN,NaN,NaN,NaN,NaN
219,4,0,648,695,661,418,619,322,634,277,NaN,NaN,NaN,NaN,NaN,NaN,NaN,NaN,NaN,NaN,NaN,NaN
220,4,0,649,695,662,421,619,323,634,279,NaN,NaN,NaN,NaN,NaN,NaN,NaN,NaN,NaN,NaN,NaN,NaN
221,4,0,650,695,663,423,620,325,635,280,NaN,NaN,NaN,NaN,NaN,NaN,NaN,NaN,NaN,NaN,NaN,NaN
222,4,0,651,695,663,425,621,326,636,281,NaN,NaN,NaN,NaN,NaN,NaN,NaN,NaN,NaN,NaN,NaN,NaN
223,4,0,652,695,664,427,621,327,636,281,NaN,NaN,NaN,NaN,NaN,NaN,NaN,NaN,NaN,NaN,NaN,NaN
224,4,0,653,695,664,428,622,328,637,282,NaN,NaN,NaN,NaN,NaN,NaN,NaN,NaN,NaN,NaN,NaN,NaN
225,4,0,654,695,664,428,622,329,638,283,NaN,NaN,NaN,NaN,NaN,NaN,NaN,NaN,NaN,NaN,NaN,NaN
226,4,0,656,695,666,427,624,328,639,283,NaN,NaN,NaN,NaN,NaN,NaN,NaN,NaN,NaN,NaN,NaN,NaN
227,4,0,658,695,668,427,625,328,640,283,NaN,NaN,NaN,NaN,NaN,NaN,NaN,NaN,NaN,NaN,NaN,NaN
228,4,0,661,695,670,427,627,329,642,283,NaN,NaN,NaN,NaN,NaN,NaN,NaN,NaN,NaN,NaN,NaN,NaN
229,4,0,663,695,672,427,629,330,644,284,NaN,NaN,NaN,NaN,NaN,NaN,NaN,NaN,NaN,NaN,NaN,NaN
230,4,0,666,695,673,427,630,330,645,285,NaN,NaN,NaN,NaN,NaN,NaN,NaN,NaN,NaN,NaN,NaN,NaN
231,4,0,668,695,674,426,631,330,645,285,NaN,NaN,NaN,NaN,NaN,NaN,NaN,NaN,NaN,NaN,NaN,NaN
232,4,0,668,695,675,426,630,330,645,285,NaN,NaN,NaN,NaN,NaN,NaN,NaN,NaN,NaN,NaN,NaN,NaN
233,4,0,669,695,675,425,630,330,645,285,NaN,NaN,NaN,NaN,NaN,NaN,NaN,NaN,NaN,NaN,NaN,NaN
234,4,0,672,695,676,426,631,331,646,286,NaN,NaN,NaN,NaN,NaN,NaN,NaN,NaN,NaN,NaN,NaN,NaN
235,4,0,674,695,677,427,632,332,646,287,NaN,NaN,NaN,NaN,NaN,NaN,NaN,NaN,NaN,NaN,NaN,NaN
236,4,0,676,695,678,428,632,333,647,288,NaN,NaN,NaN,NaN,NaN,NaN,NaN,NaN,NaN,NaN,NaN,NaN
237,4,0,678,695,679,430,633,334,648,288,NaN,NaN,NaN,NaN,NaN,NaN,NaN,NaN,NaN,NaN,NaN,NaN
238,4,0,679,695,680,431,633,335,648,289,NaN,NaN,NaN,NaN,NaN,NaN,NaN,NaN,NaN,NaN,NaN,NaN
239,4,0,678,695,679,432,632,336,647,290,NaN,NaN,NaN,NaN,NaN,NaN,NaN,NaN,NaN,NaN,NaN,NaN
240,4,0,677,695,677,432,631,336,645,290,NaN,NaN,NaN,NaN,NaN,NaN,NaN,NaN,NaN,NaN,NaN,NaN
241,4,0,676,695,676,433,629,337,643,291,NaN,NaN,NaN,NaN,NaN,NaN,NaN,NaN,NaN,NaN,NaN,NaN
242,4,0,676,695,674,433,627,337,642,291,NaN,NaN,NaN,NaN,NaN,NaN,NaN,NaN,NaN,NaN,NaN,NaN
243,4,0,675,695,673,433,626,337,641,291,NaN,NaN,NaN,NaN,NaN,NaN,NaN,NaN,NaN,NaN,NaN,NaN
244,4,0,674,695,673,433,626,338,640,291,NaN,NaN,NaN,NaN,NaN,NaN,NaN,NaN,NaN,NaN,NaN,NaN
245,4,0,674,695,672,432,625,338,640,291,NaN,NaN,NaN,NaN,NaN,NaN,NaN,NaN,NaN,NaN,NaN,NaN
246,4,0,674,695,672,432,625,338,640,291,NaN,NaN,NaN,NaN,NaN,NaN,NaN,NaN,NaN,NaN,NaN,NaN
247,4,0,674,695,672,431,625,337,640,291,NaN,NaN,NaN,NaN,NaN,NaN,NaN,NaN,NaN,NaN,NaN,NaN
248,4,0,673,695,672,431,624,338,640,292,NaN,NaN,NaN,NaN,NaN,NaN,NaN,NaN,NaN,NaN,NaN,NaN
249,4,0,672,695,671,432,622,339,638,293,NaN,NaN,NaN,NaN,NaN,NaN,NaN,NaN,NaN,NaN,NaN,NaN
250,4,0,670,695,670,433,622,341,638,294,NaN,NaN,NaN,NaN,NaN,NaN,NaN,NaN,NaN,NaN,NaN,NaN
251,4,0,668,695,668,435,621,342,638,296,NaN,NaN,NaN,NaN,NaN,NaN,NaN,NaN,NaN,NaN,NaN,NaN
252,4,0,666,695,667,437,621,344,637,296,NaN,NaN,NaN,NaN,NaN,NaN,NaN,NaN,NaN,NaN,NaN,NaN
253,4,0,665,695,667,438,621,345,637,297,NaN,NaN,NaN,NaN,NaN,NaN,NaN,NaN,NaN,NaN,NaN,NaN
254,4,0,664,695,666,440,621,346,637,298,NaN,NaN,NaN,NaN,NaN,NaN,NaN,NaN,NaN,NaN,NaN,NaN
255,4,0,664,695,667,442,621,348,638,299,NaN,NaN,NaN,NaN,NaN,NaN,NaN,NaN,NaN,NaN,NaN,NaN
256,4,0,664,695,667,444,622,349,639,299,NaN,NaN,NaN,NaN,NaN,NaN,NaN,NaN,NaN,NaN,NaN,NaN
257,4,0,664,695,668,445,623,350,639,300,NaN,NaN,NaN,NaN,NaN,NaN,NaN,NaN,NaN,NaN,NaN,NaN
258,4,0,664,695,668,447,624,350,640,300,NaN,NaN,NaN,NaN,NaN,NaN,NaN,NaN,NaN,NaN,NaN,NaN
259,4,0,664,695,669,447,624,351,640,301,NaN,NaN,NaN,NaN,NaN,NaN,NaN,NaN,NaN,NaN,NaN,NaN
260,4,1,664,698,669,446,624,351,640,301,NaN,NaN,NaN,NaN,NaN,NaN,NaN,NaN,NaN,NaN,NaN,NaN
261,5,0,663,695,669,445,624,351,640,301,620,289,NaN,NaN,NaN,NaN,NaN,NaN,NaN,NaN,NaN,NaN
262,5,0,663,695,668,445,624,351,641,301,620,289,NaN,NaN,NaN,NaN,NaN,NaN,NaN,NaN,NaN,NaN
263,5,0,663,695,668,444,624,349,642,300,621,289,NaN,NaN,NaN,NaN,NaN,NaN,NaN,NaN,NaN,NaN
264,5,0,664,695,669,443,626,349,643,300,623,288,NaN,NaN,NaN,NaN,NaN,NaN,NaN,NaN,NaN,NaN
265,5,0,665,695,670,442,628,348,644,299,624,288,NaN,NaN,NaN,NaN,NaN,NaN,NaN,NaN,NaN,NaN
266,5,0,666,695,671,442,629,348,645,299,625,288,NaN,NaN,NaN,NaN,NaN,NaN,NaN,NaN,NaN,NaN
267,5,0,667,695,671,442,630,348,646,299,625,288,NaN,NaN,NaN,NaN,NaN,NaN,NaN,NaN,NaN,NaN
268,5,0,668,695,672,441,630,347,646,299,626,288,NaN,NaN,NaN,NaN,NaN,NaN,NaN,NaN,NaN,NaN
269,5,0,668,695,671,441,629,347,646,299,626,288,NaN,NaN,NaN,NaN,NaN,NaN,NaN,NaN,NaN,NaN
270,5,0,668,695,671,442,629,348,646,299,626,288,NaN,NaN,NaN,NaN,NaN,NaN,NaN,NaN,NaN,NaN
271,5,0,668,695,671,443,629,348,646,299,625,288,NaN,NaN,NaN,NaN,NaN,NaN,NaN,NaN,NaN,NaN
272,5,0,669,695,671,446,629,349,646,300,626,288,NaN,NaN,NaN,NaN,NaN,NaN,NaN,NaN,NaN,NaN
273,5,0,669,695,670,448,629,350,646,301,626,289,NaN,NaN,NaN,NaN,NaN,NaN,NaN,NaN,NaN,NaN
274,5,0,669,695,670,450,630,351,647,301,626,289,NaN,NaN,NaN,NaN,NaN,NaN,NaN,NaN,NaN,NaN
275,5,0,667,695,669,451,629,351,646,301,625,289,NaN,NaN,NaN,NaN,NaN,NaN,NaN,NaN,NaN,NaN
276,5,0,665,695,667,452,628,352,645,302,624,289,NaN,NaN,NaN,NaN,NaN,NaN,NaN,NaN,NaN,NaN
277,5,0,662,695,665,453,627,351,644,302,623,289,NaN,NaN,NaN,NaN,NaN,NaN,NaN,NaN,NaN,NaN
278,5,0,660,695,663,453,626,351,643,301,623,289,NaN,NaN,NaN,NaN,NaN,NaN,NaN,NaN,NaN,NaN
279,5,0,659,695,662,452,625,351,642,301,622,288,NaN,NaN,NaN,NaN,NaN,NaN,NaN,NaN,NaN,NaN
280,5,0,657,695,661,452,624,350,642,300,622,288,NaN,NaN,NaN,NaN,NaN,NaN,NaN,NaN,NaN,NaN
281,5,0,655,695,659,451,624,350,641,300,622,288,NaN,NaN,NaN,NaN,NaN,NaN,NaN,NaN,NaN,NaN
282,5,0,653,695,657,450,624,349,641,300,621,287,NaN,NaN,NaN,NaN,NaN,NaN,NaN,NaN,NaN,NaN
283,5,0,652,695,657,450,624,348,641,299,621,287,NaN,NaN,NaN,NaN,NaN,NaN,NaN,NaN,NaN,NaN
284,5,0,649,695,655,450,623,349,640,300,621,288,NaN,NaN,NaN,NaN,NaN,NaN,NaN,NaN,NaN,NaN
285,5,0,646,695,653,451,622,350,639,300,620,288,NaN,NaN,NaN,NaN,NaN,NaN,NaN,NaN,NaN,NaN
286,5,0,644,695,651,453,620,351,638,301,619,289,NaN,NaN,NaN,NaN,NaN,NaN,NaN,NaN,NaN,NaN
287,5,0,641,695,648,455,619,352,637,302,618,290,NaN,NaN,NaN,NaN,NaN,NaN,NaN,NaN,NaN,NaN
288,5,0,639,695,646,456,618,352,637,302,618,290,NaN,NaN,NaN,NaN,NaN,NaN,NaN,NaN,NaN,NaN
289,5,0,637,695,645,458,618,353,636,302,617,290,NaN,NaN,NaN,NaN,NaN,NaN,NaN,NaN,NaN,NaN
290,5,0,636,695,644,460,618,353,636,303,618,290,NaN,NaN,NaN,NaN,NaN,NaN,NaN,NaN,NaN,NaN
291,5,0,636,695,644,463,618,355,637,303,618,291,NaN,NaN,NaN,NaN,NaN,NaN,NaN,NaN,NaN,NaN
292,5,0,635,695,643,465,618,356,637,304,619,291,NaN,NaN,NaN,NaN,NaN,NaN,NaN,NaN,NaN,NaN
293,5,0,634,695,643,467,618,356,637,304,619,291,NaN,NaN,NaN,NaN,NaN,NaN,NaN,NaN,NaN,NaN
294,5,0,633,695,642,467,618,356,637,304,619,291,NaN,NaN,NaN,NaN,NaN,NaN,NaN,NaN,NaN,NaN
295,5,0,632,695,640,466,617,355,636,303,619,289,NaN,NaN,NaN,NaN,NaN,NaN,NaN,NaN,NaN,NaN
296,5,0,631,695,638,465,617,353,636,301,618,287,NaN,NaN,NaN,NaN,NaN,NaN,NaN,NaN,NaN,NaN
297,5,0,630,695,638,463,617,351,636,300,618,286,NaN,NaN,NaN,NaN,NaN,NaN,NaN,NaN,NaN,NaN
298,5,0,630,695,637,462,617,351,636,299,618,286,NaN,NaN,NaN,NaN,NaN,NaN,NaN,NaN,NaN,NaN
299,5,0,629,695,637,460,616,350,636,299,618,286,NaN,NaN,NaN,NaN,NaN,NaN,NaN,NaN,NaN,NaN
300,5,0,628,695,636,459,616,349,636,298,618,285,NaN,NaN,NaN,NaN,NaN,NaN,NaN,NaN,NaN,NaN
301,5,0,628,695,635,458,616,348,635,298,617,284,NaN,NaN,NaN,NaN,NaN,NaN,NaN,NaN,NaN,NaN
302,5,0,627,695,634,456,616,347,635,297,617,284,NaN,NaN,NaN,NaN,NaN,NaN,NaN,NaN,NaN,NaN
303,5,0,627,695,634,456,616,347,635,297,617,284,NaN,NaN,NaN,NaN,NaN,NaN,NaN,NaN,NaN,NaN
304,5,0,628,695,634,454,616,346,635,297,617,284,NaN,NaN,NaN,NaN,NaN,NaN,NaN,NaN,NaN,NaN
305,5,0,630,695,635,454,617,345,636,296,618,283,NaN,NaN,NaN,NaN,NaN,NaN,NaN,NaN,NaN,NaN
306,5,0,633,695,636,454,618,344,637,295,619,282,NaN,NaN,NaN,NaN,NaN,NaN,NaN,NaN,NaN,NaN
307,5,0,635,695,637,454,619,345,638,295,620,282,NaN,NaN,NaN,NaN,NaN,NaN,NaN,NaN,NaN,NaN
308,5,0,635,695,636,455,619,345,638,295,620,282,NaN,NaN,NaN,NaN,NaN,NaN,NaN,NaN,NaN,NaN
309,5,0,635,695,635,457,619,345,637,295,620,282,NaN,NaN,NaN,NaN,NaN,NaN,NaN,NaN,NaN,NaN
310,5,0,633,695,634,459,618,346,636,296,619,282,NaN,NaN,NaN,NaN,NaN,NaN,NaN,NaN,NaN,NaN
311,5,0,632,695,632,460,616,347,635,296,617,282,NaN,NaN,NaN,NaN,NaN,NaN,NaN,NaN,NaN,NaN
312,5,0,631,695,630,462,615,347,634,296,616,282,NaN,NaN,NaN,NaN,NaN,NaN,NaN,NaN,NaN,NaN
313,5,0,629,695,628,462,615,347,633,296,615,282,NaN,NaN,NaN,NaN,NaN,NaN,NaN,NaN,NaN,NaN
314,5,0,628,695,626,463,614,347,633,295,614,281,NaN,NaN,NaN,NaN,NaN,NaN,NaN,NaN,NaN,NaN
315,5,0,627,695,625,463,613,346,632,295,613,281,NaN,NaN,NaN,NaN,NaN,NaN,NaN,NaN,NaN,NaN
316,5,0,626,695,624,462,613,346,632,294,613,280,NaN,NaN,NaN,NaN,NaN,NaN,NaN,NaN,NaN,NaN
317,5,0,625,695,623,461,613,345,632,294,613,280,NaN,NaN,NaN,NaN,NaN,NaN,NaN,NaN,NaN,NaN
318,5,0,625,695,623,459,614,344,632,293,614,279,NaN,NaN,NaN,NaN,NaN,NaN,NaN,NaN,NaN,NaN
319,5,0,625,695,623,459,614,344,633,294,615,280,NaN,NaN,NaN,NaN,NaN,NaN,NaN,NaN,NaN,NaN
320,5,0,624,695,622,458,614,344,633,294,615,280,NaN,NaN,NaN,NaN,NaN,NaN,NaN,NaN,NaN,NaN
321,5,0,624,695,622,457,615,344,633,294,615,280,NaN,NaN,NaN,NaN,NaN,NaN,NaN,NaN,NaN,NaN
322,5,0,622,695,621,456,614,343,633,293,616,279,NaN,NaN,NaN,NaN,NaN,NaN,NaN,NaN,NaN,NaN
323,5,0,621,695,620,455,614,342,633,292,616,279,NaN,NaN,NaN,NaN,NaN,NaN,NaN,NaN,NaN,NaN
324,5,0,619,695,618,455,613,342,633,292,615,278,NaN,NaN,NaN,NaN,NaN,NaN,NaN,NaN,NaN,NaN
325,5,0,617,695,617,455,613,341,632,291,616,277,NaN,NaN,NaN,NaN,NaN,NaN,NaN,NaN,NaN,NaN
326,5,0,617,695,617,455,613,341,633,291,617,277,NaN,NaN,NaN,NaN,NaN,NaN,NaN,NaN,NaN,NaN
327,5,0,617,695,617,456,614,341,634,291,618,277,NaN,NaN,NaN,NaN,NaN,NaN,NaN,NaN,NaN,NaN
328,5,0,617,695,617,457,616,342,636,291,620,277,NaN,NaN,NaN,NaN,NaN,NaN,NaN,NaN,NaN,NaN
329,5,0,618,695,618,459,618,342,638,291,622,276,NaN,NaN,NaN,NaN,NaN,NaN,NaN,NaN,NaN,NaN
330,5,0,619,695,620,460,619,342,640,291,624,276,NaN,NaN,NaN,NaN,NaN,NaN,NaN,NaN,NaN,NaN
331,5,0,620,695,620,460,620,342,641,291,626,275,NaN,NaN,NaN,NaN,NaN,NaN,NaN,NaN,NaN,NaN
332,4,0,620,695,621,460,622,341,641,291,NaN,NaN,NaN,NaN,NaN,NaN,NaN,NaN,NaN,NaN,NaN,NaN
333,4,0,621,695,621,459,623,341,641,290,NaN,NaN,NaN,NaN,NaN,NaN,NaN,NaN,NaN,NaN,NaN,NaN
334,4,0,621,695,622,457,624,340,643,289,NaN,NaN,NaN,NaN,NaN,NaN,NaN,NaN,NaN,NaN,NaN,NaN
335,4,0,621,695,622,455,626,339,644,288,NaN,NaN,NaN,NaN,NaN,NaN,NaN,NaN,NaN,NaN,NaN,NaN
336,4,0,622,695,621,453,628,338,645,286,NaN,NaN,NaN,NaN,NaN,NaN,NaN,NaN,NaN,NaN,NaN,NaN
337,4,0,622,695,621,451,631,337,648,285,NaN,NaN,NaN,NaN,NaN,NaN,NaN,NaN,NaN,NaN,NaN,NaN
338,4,0,623,695,621,448,633,335,648,283,NaN,NaN,NaN,NaN,NaN,NaN,NaN,NaN,NaN,NaN,NaN,NaN
339,4,0,624,695,621,445,634,334,650,282,NaN,NaN,NaN,NaN,NaN,NaN,NaN,NaN,NaN,NaN,NaN,NaN
340,4,0,625,695,621,443,636,332,651,281,NaN,NaN,NaN,NaN,NaN,NaN,NaN,NaN,NaN,NaN,NaN,NaN
341,4,0,626,695,623,442,637,331,652,280,NaN,NaN,NaN,NaN,NaN,NaN,NaN,NaN,NaN,NaN,NaN,NaN
342,4,0,629,695,625,441,640,330,654,279,NaN,NaN,NaN,NaN,NaN,NaN,NaN,NaN,NaN,NaN,NaN,NaN
343,4,0,631,695,626,440,641,330,656,279,NaN,NaN,NaN,NaN,NaN,NaN,NaN,NaN,NaN,NaN,NaN,NaN
344,4,0,633,695,628,441,643,330,657,279,NaN,NaN,NaN,NaN,NaN,NaN,NaN,NaN,NaN,NaN,NaN,NaN
345,4,0,635,695,629,440,645,330,659,279,NaN,NaN,NaN,NaN,NaN,NaN,NaN,NaN,NaN,NaN,NaN,NaN
346,4,0,637,695,631,440,647,330,660,279,NaN,NaN,NaN,NaN,NaN,NaN,NaN,NaN,NaN,NaN,NaN,NaN
347,4,0,638,695,631,439,648,330,661,278,NaN,NaN,NaN,NaN,NaN,NaN,NaN,NaN,NaN,NaN,NaN,NaN
348,4,0,639,695,632,438,648,329,662,278,NaN,NaN,NaN,NaN,NaN,NaN,NaN,NaN,NaN,NaN,NaN,NaN
349,4,0,639,695,632,437,648,328,662,277,NaN,NaN,NaN,NaN,NaN,NaN,NaN,NaN,NaN,NaN,NaN,NaN
350,4,0,639,695,632,436,649,327,662,276,NaN,NaN,NaN,NaN,NaN,NaN,NaN,NaN,NaN,NaN,NaN,NaN
351,4,0,640,695,633,434,649,327,663,275,NaN,NaN,NaN,NaN,NaN,NaN,NaN,NaN,NaN,NaN,NaN,NaN
352,4,0,641,695,634,433,650,326,664,274,NaN,NaN,NaN,NaN,NaN,NaN,NaN,NaN,NaN,NaN,NaN,NaN
353,4,0,643,695,635,431,652,325,665,273,NaN,NaN,NaN,NaN,NaN,NaN,NaN,NaN,NaN,NaN,NaN,NaN
354,4,0,644,695,636,428,653,324,666,273,NaN,NaN,NaN,NaN,NaN,NaN,NaN,NaN,NaN,NaN,NaN,NaN
355,4,0,645,695,636,426,654,323,667,272,NaN,NaN,NaN,NaN,NaN,NaN,NaN,NaN,NaN,NaN,NaN,NaN
356,4,0,645,695,637,423,655,322,668,271,NaN,NaN,NaN,NaN,NaN,NaN,NaN,NaN,NaN,NaN,NaN,NaN
357,4,0,646,695,638,421,656,321,669,271,NaN,NaN,NaN,NaN,NaN,NaN,NaN,NaN,NaN,NaN,NaN,NaN
358,4,0,647,695,639,419,658,321,670,271,NaN,NaN,NaN,NaN,NaN,NaN,NaN,NaN,NaN,NaN,NaN,NaN
359,4,0,647,695,639,417,659,321,671,271,NaN,NaN,NaN,NaN,NaN,NaN,NaN,NaN,NaN,NaN,NaN,NaN
360,4,0,647,695,639,416,659,321,672,271,NaN,NaN,NaN,NaN,NaN,NaN,NaN,NaN,NaN,NaN,NaN,NaN
361,4,0,647,695,640,414,661,320,673,270,NaN,NaN,NaN,NaN,NaN,NaN,NaN,NaN,NaN,NaN,NaN,NaN
362,4,0,647,695,640,413,662,320,674,270,NaN,NaN,NaN,NaN,NaN,NaN,NaN,NaN,NaN,NaN,NaN,NaN
363,5,1,647,695,640,410,662,320,674,270,656,255,NaN,NaN,NaN,NaN,NaN,NaN,NaN,NaN,NaN,NaN
364,5,0,645,695,640,412,662,320,674,270,656,255,NaN,NaN,NaN,NaN,NaN,NaN,NaN,NaN,NaN,NaN
365,5,0,644,695,640,413,662,321,675,270,657,255,NaN,NaN,NaN,NaN,NaN,NaN,NaN,NaN,NaN,NaN
366,5,0,644,695,641,415,663,322,676,270,658,255,NaN,NaN,NaN,NaN,NaN,NaN,NaN,NaN,NaN,NaN
367,5,0,644,695,641,417,664,322,677,271,659,255,NaN,NaN,NaN,NaN,NaN,NaN,NaN,NaN,NaN,NaN
368,5,0,644,695,642,419,665,322,678,271,660,255,NaN,NaN,NaN,NaN,NaN,NaN,NaN,NaN,NaN,NaN
369,5,0,645,695,643,420,666,323,679,271,661,255,NaN,NaN,NaN,NaN,NaN,NaN,NaN,NaN,NaN,NaN
370,5,0,646,695,644,423,667,324,680,271,662,255,NaN,NaN,NaN,NaN,NaN,NaN,NaN,NaN,NaN,NaN
371,5,0,647,695,645,423,668,324,681,271,662,255,NaN,NaN,NaN,NaN,NaN,NaN,NaN,NaN,NaN,NaN
372,5,0,649,695,646,424,669,324,683,271,663,254,NaN,NaN,NaN,NaN,NaN,NaN,NaN,NaN,NaN,NaN
373,5,0,651,695,647,424,670,324,684,270,664,254,NaN,NaN,NaN,NaN,NaN,NaN,NaN,NaN,NaN,NaN
374,5,0,652,695,648,423,671,322,685,270,665,253,NaN,NaN,NaN,NaN,NaN,NaN,NaN,NaN,NaN,NaN
375,5,0,654,695,649,422,672,322,685,269,666,252,NaN,NaN,NaN,NaN,NaN,NaN,NaN,NaN,NaN,NaN
376,5,0,656,695,651,421,673,321,686,268,666,252,NaN,NaN,NaN,NaN,NaN,NaN,NaN,NaN,NaN,NaN
377,5,0,657,695,652,420,674,320,687,268,667,251,NaN,NaN,NaN,NaN,NaN,NaN,NaN,NaN,NaN,NaN
378,5,0,660,695,653,420,675,320,687,268,668,252,NaN,NaN,NaN,NaN,NaN,NaN,NaN,NaN,NaN,NaN
379,5,0,663,695,654,420,676,321,688,268,669,252,NaN,NaN,NaN,NaN,NaN,NaN,NaN,NaN,NaN,NaN
380,5,0,665,695,655,420,677,321,689,268,669,252,NaN,NaN,NaN,NaN,NaN,NaN,NaN,NaN,NaN,NaN
381,5,0,667,695,657,421,678,320,690,268,670,252,NaN,NaN,NaN,NaN,NaN,NaN,NaN,NaN,NaN,NaN
382,5,0,669,695,658,421,679,320,691,268,670,251,NaN,NaN,NaN,NaN,NaN,NaN,NaN,NaN,NaN,NaN
383,5,0,671,695,659,422,679,320,691,268,670,251,NaN,NaN,NaN,NaN,NaN,NaN,NaN,NaN,NaN,NaN
384,5,0,672,695,660,424,680,321,691,268,671,251,NaN,NaN,NaN,NaN,NaN,NaN,NaN,NaN,NaN,NaN
385,5,0,673,695,660,425,680,321,692,268,671,251,NaN,NaN,NaN,NaN,NaN,NaN,NaN,NaN,NaN,NaN
386,5,0,673,695,661,426,680,321,692,268,671,251,NaN,NaN,NaN,NaN,NaN,NaN,NaN,NaN,NaN,NaN
387,5,0,674,695,662,427,681,321,693,268,671,251,NaN,NaN,NaN,NaN,NaN,NaN,NaN,NaN,NaN,NaN
388,5,0,675,695,662,428,681,321,693,268,672,250,NaN,NaN,NaN,NaN,NaN,NaN,NaN,NaN,NaN,NaN
389,5,0,676,695,663,429,682,321,694,267,672,250,NaN,NaN,NaN,NaN,NaN,NaN,NaN,NaN,NaN,NaN
390,5,0,677,695,663,429,683,321,695,267,673,249,NaN,NaN,NaN,NaN,NaN,NaN,NaN,NaN,NaN,NaN
391,5,0,677,695,664,428,684,320,696,266,673,248,NaN,NaN,NaN,NaN,NaN,NaN,NaN,NaN,NaN,NaN
392,5,0,678,695,664,427,684,319,696,265,674,247,NaN,NaN,NaN,NaN,NaN,NaN,NaN,NaN,NaN,NaN
393,5,0,678,695,664,426,684,317,696,264,673,247,NaN,NaN,NaN,NaN,NaN,NaN,NaN,NaN,NaN,NaN
394,5,0,677,695,663,425,683,316,695,263,673,245,NaN,NaN,NaN,NaN,NaN,NaN,NaN,NaN,NaN,NaN
395,5,0,676,695,662,423,683,315,695,261,672,244,NaN,NaN,NaN,NaN,NaN,NaN,NaN,NaN,NaN,NaN
396,5,0,675,695,661,422,682,314,694,260,672,243,NaN,NaN,NaN,NaN,NaN,NaN,NaN,NaN,NaN,NaN
397,5,0,674,695,661,422,681,314,694,261,672,243,NaN,NaN,NaN,NaN,NaN,NaN,NaN,NaN,NaN,NaN
398,5,0,672,695,660,422,681,313,694,261,671,244,NaN,NaN,NaN,NaN,NaN,NaN,NaN,NaN,NaN,NaN
399,5,0,670,695,659,423,680,314,693,261,671,244,NaN,NaN,NaN,NaN,NaN,NaN,NaN,NaN,NaN,NaN
400,5,0,660,695,657,425,679,315,692,261,670,244,NaN,NaN,NaN,NaN,NaN,NaN,NaN,NaN,NaN,NaN
401,5,0,658,695,656,426,679,315,692,262,669,244,NaN,NaN,NaN,NaN,NaN,NaN,NaN,NaN,NaN,NaN
402,5,0,656,695,655,428,678,316,692,262,669,245,NaN,NaN,NaN,NaN,NaN,NaN,NaN,NaN,NaN,NaN
403,5,0,654,695,654,430,677,316,692,262,669,244,NaN,NaN,NaN,NaN,NaN,NaN,NaN,NaN,NaN,NaN
404,5,0,652,695,652,431,676,316,691,262,668,244,NaN,NaN,NaN,NaN,NaN,NaN,NaN,NaN,NaN,NaN
405,5,0,651,695,651,432,676,316,691,261,668,243,NaN,NaN,NaN,NaN,NaN,NaN,NaN,NaN,NaN,NaN
406,5,0,650,695,651,433,676,317,691,261,668,243,NaN,NaN,NaN,NaN,NaN,NaN,NaN,NaN,NaN,NaN
407,5,0,650,695,652,434,677,317,693,261,669,243,NaN,NaN,NaN,NaN,NaN,NaN,NaN,NaN,NaN,NaN
408,5,0,652,695,653,435,679,317,694,261,672,242,NaN,NaN,NaN,NaN,NaN,NaN,NaN,NaN,NaN,NaN
409,5,0,653,695,654,436,680,316,696,260,673,242,NaN,NaN,NaN,NaN,NaN,NaN,NaN,NaN,NaN,NaN
410,5,0,653,695,655,435,682,316,697,260,674,241,NaN,NaN,NaN,NaN,NaN,NaN,NaN,NaN,NaN,NaN
411,5,0,653,695,656,434,682,315,697,259,674,240,NaN,NaN,NaN,NaN,NaN,NaN,NaN,NaN,NaN,NaN
412,5,0,653,695,656,432,682,313,697,258,675,239,NaN,NaN,NaN,NaN,NaN,NaN,NaN,NaN,NaN,NaN
413,5,0,653,695,655,430,682,311,697,256,675,238,NaN,NaN,NaN,NaN,NaN,NaN,NaN,NaN,NaN,NaN
414,5,0,653,695,655,428,681,310,697,255,675,237,NaN,NaN,NaN,NaN,NaN,NaN,NaN,NaN,NaN,NaN
415,5,0,652,695,654,427,681,309,697,254,674,236,NaN,NaN,NaN,NaN,NaN,NaN,NaN,NaN,NaN,NaN
416,5,0,652,695,654,426,680,308,697,253,673,235,NaN,NaN,NaN,NaN,NaN,NaN,NaN,NaN,NaN,NaN
417,5,0,651,695,653,426,680,307,696,252,672,234,NaN,NaN,NaN,NaN,NaN,NaN,NaN,NaN,NaN,NaN
418,5,0,651,695,653,426,679,306,696,252,672,234,NaN,NaN,NaN,NaN,NaN,NaN,NaN,NaN,NaN,NaN
419,5,0,651,695,652,428,679,307,695,252,671,234,NaN,NaN,NaN,NaN,NaN,NaN,NaN,NaN,NaN,NaN
420,5,0,651,695,652,429,678,308,695,253,671,234,NaN,NaN,NaN,NaN,NaN,NaN,NaN,NaN,NaN,NaN
421,5,0,651,695,652,431,679,308,695,253,671,235,NaN,NaN,NaN,NaN,NaN,NaN,NaN,NaN,NaN,NaN
422,5,0,651,695,652,434,679,309,696,254,671,235,NaN,NaN,NaN,NaN,NaN,NaN,NaN,NaN,NaN,NaN
423,5,0,650,695,651,436,678,310,695,254,670,235,NaN,NaN,NaN,NaN,NaN,NaN,NaN,NaN,NaN,NaN
424,5,0,648,695,649,437,678,311,694,254,670,235,NaN,NaN,NaN,NaN,NaN,NaN,NaN,NaN,NaN,NaN
425,5,0,646,695,648,439,677,311,693,254,669,235,NaN,NaN,NaN,NaN,NaN,NaN,NaN,NaN,NaN,NaN
426,5,0,645,695,646,439,675,311,692,254,668,235,NaN,NaN,NaN,NaN,NaN,NaN,NaN,NaN,NaN,NaN
427,5,0,643,695,645,439,675,311,692,254,668,234,NaN,NaN,NaN,NaN,NaN,NaN,NaN,NaN,NaN,NaN
428,5,0,642,695,644,440,674,311,691,254,667,234,NaN,NaN,NaN,NaN,NaN,NaN,NaN,NaN,NaN,NaN
429,5,0,640,695,643,439,674,310,691,253,667,234,NaN,NaN,NaN,NaN,NaN,NaN,NaN,NaN,NaN,NaN
430,5,0,638,695,641,438,673,310,691,253,666,233,NaN,NaN,NaN,NaN,NaN,NaN,NaN,NaN,NaN,NaN
431,5,0,637,695,640,437,672,309,690,253,666,233,NaN,NaN,NaN,NaN,NaN,NaN,NaN,NaN,NaN,NaN
432,5,0,635,695,639,437,672,308,690,252,665,233,NaN,NaN,NaN,NaN,NaN,NaN,NaN,NaN,NaN,NaN
433,5,0,633,695,637,436,671,308,689,252,665,233,NaN,NaN,NaN,NaN,NaN,NaN,NaN,NaN,NaN,NaN
434,5,0,630,695,635,436,669,308,688,252,664,233,NaN,NaN,NaN,NaN,NaN,NaN,NaN,NaN,NaN,NaN
435,5,0,626,695,633,437,668,308,687,252,663,233,NaN,NaN,NaN,NaN,NaN,NaN,NaN,NaN,NaN,NaN
436,5,0,622,695,629,439,665,309,685,253,661,233,NaN,NaN,NaN,NaN,NaN,NaN,NaN,NaN,NaN,NaN
437,5,0,618,695,626,441,663,310,684,253,660,233,NaN,NaN,NaN,NaN,NaN,NaN,NaN,NaN,NaN,NaN
438,5,0,615,695,624,443,662,311,683,254,659,234,NaN,NaN,NaN,NaN,NaN,NaN,NaN,NaN,NaN,NaN
439,5,0,613,695,623,446,662,312,683,255,659,234,NaN,NaN,NaN,NaN,NaN,NaN,NaN,NaN,NaN,NaN
440,5,0,612,695,622,449,663,314,683,256,660,235,NaN,NaN,NaN,NaN,NaN,NaN,NaN,NaN,NaN,NaN
441,5,0,610,695,621,451,663,315,683,256,660,235,NaN,NaN,NaN,NaN,NaN,NaN,NaN,NaN,NaN,NaN
442,5,0,609,695,620,453,662,316,684,258,660,236,NaN,NaN,NaN,NaN,NaN,NaN,NaN,NaN,NaN,NaN
443,5,0,607,695,619,455,662,317,684,258,660,237,NaN,NaN,NaN,NaN,NaN,NaN,NaN,NaN,NaN,NaN
444,5,0,606,695,618,456,661,317,683,259,660,237,NaN,NaN,NaN,NaN,NaN,NaN,NaN,NaN,NaN,NaN
445,5,0,604,695,617,457,660,318,683,259,659,237,NaN,NaN,NaN,NaN,NaN,NaN,NaN,NaN,NaN,NaN
446,5,0,602,695,615,457,660,318,682,259,659,237,NaN,NaN,NaN,NaN,NaN,NaN,NaN,NaN,NaN,NaN
447,5,0,600,695,614,456,659,318,682,259,659,237,NaN,NaN,NaN,NaN,NaN,NaN,NaN,NaN,NaN,NaN
448,5,0,598,695,613,455,659,318,682,259,658,237,NaN,NaN,NaN,NaN,NaN,NaN,NaN,NaN,NaN,NaN
449,5,0,597,695,612,454,658,317,682,259,658,237,NaN,NaN,NaN,NaN,NaN,NaN,NaN,NaN,NaN,NaN
450,5,0,596,695,612,453,658,317,682,259,658,237,NaN,NaN,NaN,NaN,NaN,NaN,NaN,NaN,NaN,NaN
451,5,0,594,695,611,453,657,317,681,259,658,238,NaN,NaN,NaN,NaN,NaN,NaN,NaN,NaN,NaN,NaN
452,5,0,593,695,610,453,657,318,681,260,657,239,NaN,NaN,NaN,NaN,NaN,NaN,NaN,NaN,NaN,NaN
453,5,0,591,695,609,455,656,319,680,262,656,241,NaN,NaN,NaN,NaN,NaN,NaN,NaN,NaN,NaN,NaN
454,5,0,589,695,607,457,655,321,679,263,656,241,NaN,NaN,NaN,NaN,NaN,NaN,NaN,NaN,NaN,NaN
455,5,0,587,695,606,458,655,322,679,264,655,242,NaN,NaN,NaN,NaN,NaN,NaN,NaN,NaN,NaN,NaN
456,5,0,586,695,606,460,654,323,679,265,655,243,NaN,NaN,NaN,NaN,NaN,NaN,NaN,NaN,NaN,NaN
457,5,0,585,695,605,462,654,324,679,265,655,243,NaN,NaN,NaN,NaN,NaN,NaN,NaN,NaN,NaN,NaN
458,5,0,584,695,604,464,654,325,679,266,655,244,NaN,NaN,NaN,NaN,NaN,NaN,NaN,NaN,NaN,NaN
459,5,0,582,695,604,466,654,326,679,267,654,245,NaN,NaN,NaN,NaN,NaN,NaN,NaN,NaN,NaN,NaN
460,5,0,581,695,604,466,654,327,679,268,655,245,NaN,NaN,NaN,NaN,NaN,NaN,NaN,NaN,NaN,NaN
461,5,0,580,695,603,467,654,327,680,268,655,245,NaN,NaN,NaN,NaN,NaN,NaN,NaN,NaN,NaN,NaN
462,5,0,579,695,603,467,654,327,680,268,656,245,NaN,NaN,NaN,NaN,NaN,NaN,NaN,NaN,NaN,NaN
463,5,0,579,695,603,467,655,327,681,268,656,245,NaN,NaN,NaN,NaN,NaN,NaN,NaN,NaN,NaN,NaN
464,5,0,578,695,603,467,656,327,682,267,657,244,NaN,NaN,NaN,NaN,NaN,NaN,NaN,NaN,NaN,NaN
465,5,0,577,695,604,466,656,326,682,267,658,244,NaN,NaN,NaN,NaN,NaN,NaN,NaN,NaN,NaN,NaN
466,5,0,575,695,603,465,656,326,682,267,658,244,NaN,NaN,NaN,NaN,NaN,NaN,NaN,NaN,NaN,NaN
467,5,0,574,695,603,463,656,325,682,267,658,244,NaN,NaN,NaN,NaN,NaN,NaN,NaN,NaN,NaN,NaN
468,5,0,572,695,602,462,655,325,682,266,658,243,NaN,NaN,NaN,NaN,NaN,NaN,NaN,NaN,NaN,NaN
469,5,0,570,695,601,460,655,324,682,266,658,243,NaN,NaN,NaN,NaN,NaN,NaN,NaN,NaN,NaN,NaN
470,5,0,567,695,601,458,655,323,683,265,658,243,NaN,NaN,NaN,NaN,NaN,NaN,NaN,NaN,NaN,NaN
471,5,0,565,695,600,457,655,323,683,265,658,243,NaN,NaN,NaN,NaN,NaN,NaN,NaN,NaN,NaN,NaN
472,5,0,563,695,599,456,655,322,682,265,658,242,NaN,NaN,NaN,NaN,NaN,NaN,NaN,NaN,NaN,NaN
473,5,0,560,695,598,455,654,323,682,265,658,243,NaN,NaN,NaN,NaN,NaN,NaN,NaN,NaN,NaN,NaN
474,5,0,557,695,597,455,654,323,683,265,659,243,NaN,NaN,NaN,NaN,NaN,NaN,NaN,NaN,NaN,NaN
475,5,0,554,695,597,455,654,323,683,266,659,243,NaN,NaN,NaN,NaN,NaN,NaN,NaN,NaN,NaN,NaN
476,5,1,554,695,597,453,654,323,683,266,659,243,NaN,NaN,NaN,NaN,NaN,NaN,NaN,NaN,NaN,NaN
477,5,0,554,695,597,454,656,323,684,267,660,244,NaN,NaN,NaN,NaN,NaN,NaN,NaN,NaN,NaN,NaN
478,5,0,553,695,597,457,656,324,684,268,661,244,NaN,NaN,NaN,NaN,NaN,NaN,NaN,NaN,NaN,NaN
479,5,0,553,695,597,458,658,325,684,269,662,245,NaN,NaN,NaN,NaN,NaN,NaN,NaN,NaN,NaN,NaN
480,5,0,553,695,598,459,658,326,684,268,662,245,NaN,NaN,NaN,NaN,NaN,NaN,NaN,NaN,NaN,NaN
481,5,0,552,695,598,459,659,326,685,269,663,245,NaN,NaN,NaN,NaN,NaN,NaN,NaN,NaN,NaN,NaN
482,5,0,552,695,599,460,659,325,684,269,664,245,NaN,NaN,NaN,NaN,NaN,NaN,NaN,NaN,NaN,NaN
483,5,0,552,695,599,459,661,326,684,270,665,246,NaN,NaN,NaN,NaN,NaN,NaN,NaN,NaN,NaN,NaN
484,5,0,552,695,600,458,661,326,685,270,665,246,NaN,NaN,NaN,NaN,NaN,NaN,NaN,NaN,NaN,NaN
485,5,0,553,695,600,458,662,325,684,269,666,246,NaN,NaN,NaN,NaN,NaN,NaN,NaN,NaN,NaN,NaN
486,5,0,553,695,601,456,663,324,685,269,666,246,NaN,NaN,NaN,NaN,NaN,NaN,NaN,NaN,NaN,NaN
487,5,0,554,695,602,454,664,323,684,268,666,245,NaN,NaN,NaN,NaN,NaN,NaN,NaN,NaN,NaN,NaN
488,5,0,554,695,603,452,664,321,684,268,666,244,NaN,NaN,NaN,NaN,NaN,NaN,NaN,NaN,NaN,NaN
489,5,0,554,695,603,450,665,320,683,267,667,244,NaN,NaN,NaN,NaN,NaN,NaN,NaN,NaN,NaN,NaN
490,5,0,554,695,604,447,666,319,684,267,667,243,NaN,NaN,NaN,NaN,NaN,NaN,NaN,NaN,NaN,NaN
491,5,0,555,695,604,444,667,317,684,266,668,243,NaN,NaN,NaN,NaN,NaN,NaN,NaN,NaN,NaN,NaN
492,5,0,555,695,605,442,668,316,683,265,668,242,NaN,NaN,NaN,NaN,NaN,NaN,NaN,NaN,NaN,NaN
493,5,0,555,695,606,441,668,315,683,264,669,242,NaN,NaN,NaN,NaN,NaN,NaN,NaN,NaN,NaN,NaN
494,5,0,557,695,608,440,670,315,683,264,669,242,NaN,NaN,NaN,NaN,NaN,NaN,NaN,NaN,NaN,NaN
495,5,0,558,695,609,440,671,314,684,264,670,242,NaN,NaN,NaN,NaN,NaN,NaN,NaN,NaN,NaN,NaN
496,5,0,560,695,610,440,673,314,684,265,671,242,NaN,NaN,NaN,NaN,NaN,NaN,NaN,NaN,NaN,NaN
497,5,0,561,695,612,440,673,314,685,265,671,242,NaN,NaN,NaN,NaN,NaN,NaN,NaN,NaN,NaN,NaN
498,5,0,562,695,613,440,675,314,685,265,672,242,NaN,NaN,NaN,NaN,NaN,NaN,NaN,NaN,NaN,NaN
499,5,0,563,695,613,440,676,314,685,265,673,242,NaN,NaN,NaN,NaN,NaN,NaN,NaN,NaN,NaN,NaN
500,5,0,563,695,614,439,677,313,685,265,673,242,NaN,NaN,NaN,NaN,NaN,NaN,NaN,NaN,NaN,NaN
501,5,0,563,695,614,438,677,313,684,265,674,242,NaN,NaN,NaN,NaN,NaN,NaN,NaN,NaN,NaN,NaN
502,5,0,563,695,615,437,677,312,684,264,674,242,NaN,NaN,NaN,NaN,NaN,NaN,NaN,NaN,NaN,NaN
503,5,0,562,695,615,435,678,311,683,264,674,242,NaN,NaN,NaN,NaN,NaN,NaN,NaN,NaN,NaN,NaN
504,5,0,562,695,615,433,679,310,683,263,674,241,NaN,NaN,NaN,NaN,NaN,NaN,NaN,NaN,NaN,NaN
505,5,0,561,695,615,431,679,308,683,263,674,241,NaN,NaN,NaN,NaN,NaN,NaN,NaN,NaN,NaN,NaN
506,5,0,560,695,616,429,680,307,682,263,674,241,NaN,NaN,NaN,NaN,NaN,NaN,NaN,NaN,NaN,NaN
507,5,0,559,695,616,427,680,306,682,262,674,240,NaN,NaN,NaN,NaN,NaN,NaN,NaN,NaN,NaN,NaN
508,5,0,558,695,616,425,680,305,681,261,674,240,NaN,NaN,NaN,NaN,NaN,NaN,NaN,NaN,NaN,NaN
509,5,0,557,695,616,422,681,304,681,261,675,240,NaN,NaN,NaN,NaN,NaN,NaN,NaN,NaN,NaN,NaN
510,5,0,556,695,616,420,681,303,680,261,675,240,NaN,NaN,NaN,NaN,NaN,NaN,NaN,NaN,NaN,NaN
511,5,0,555,695,617,418,681,302,680,261,675,240,NaN,NaN,NaN,NaN,NaN,NaN,NaN,NaN,NaN,NaN
512,5,0,553,695,616,417,682,302,679,261,675,240,NaN,NaN,NaN,NaN,NaN,NaN,NaN,NaN,NaN,NaN
513,5,0,552,695,616,416,682,302,679,261,675,240,NaN,NaN,NaN,NaN,NaN,NaN,NaN,NaN,NaN,NaN
514,5,0,550,695,616,416,682,303,678,262,675,241,NaN,NaN,NaN,NaN,NaN,NaN,NaN,NaN,NaN,NaN
515,5,0,550,695,617,417,683,303,678,263,675,242,NaN,NaN,NaN,NaN,NaN,NaN,NaN,NaN,NaN,NaN
516,5,0,549,695,617,418,684,304,677,264,676,243,NaN,NaN,NaN,NaN,NaN,NaN,NaN,NaN,NaN,NaN
517,5,0,549,695,617,419,684,305,677,265,677,243,NaN,NaN,NaN,NaN,NaN,NaN,NaN,NaN,NaN,NaN
518,5,0,549,695,618,419,685,306,677,266,677,245,NaN,NaN,NaN,NaN,NaN,NaN,NaN,NaN,NaN,NaN
519,5,0,548,695,618,419,685,306,676,267,677,246,NaN,NaN,NaN,NaN,NaN,NaN,NaN,NaN,NaN,NaN
520,5,0,547,695,618,419,686,307,676,268,677,247,NaN,NaN,NaN,NaN,NaN,NaN,NaN,NaN,NaN,NaN
521,5,0,546,695,619,419,686,307,676,269,677,247,NaN,NaN,NaN,NaN,NaN,NaN,NaN,NaN,NaN,NaN
522,5,0,545,695,619,417,687,307,675,269,677,248,NaN,NaN,NaN,NaN,NaN,NaN,NaN,NaN,NaN,NaN
523,5,0,545,695,620,416,687,307,675,270,677,248,NaN,NaN,NaN,NaN,NaN,NaN,NaN,NaN,NaN,NaN
524,5,0,545,695,621,415,688,307,674,270,677,249,NaN,NaN,NaN,NaN,NaN,NaN,NaN,NaN,NaN,NaN
525,5,0,545,695,622,413,688,306,674,271,677,249,NaN,NaN,NaN,NaN,NaN,NaN,NaN,NaN,NaN,NaN
526,5,0,544,695,623,411,689,306,673,271,678,249,NaN,NaN,NaN,NaN,NaN,NaN,NaN,NaN,NaN,NaN
527,5,0,544,695,625,408,690,305,674,271,678,250,NaN,NaN,NaN,NaN,NaN,NaN,NaN,NaN,NaN,NaN
528,5,0,544,695,626,406,692,305,673,271,679,250,NaN,NaN,NaN,NaN,NaN,NaN,NaN,NaN,NaN,NaN
529,5,0,544,695,628,404,693,304,674,271,680,251,NaN,NaN,NaN,NaN,NaN,NaN,NaN,NaN,NaN,NaN
530,5,0,545,695,629,402,694,304,673,272,680,252,NaN,NaN,NaN,NaN,NaN,NaN,NaN,NaN,NaN,NaN
531,5,0,544,695,630,401,695,304,673,272,680,252,NaN,NaN,NaN,NaN,NaN,NaN,NaN,NaN,NaN,NaN
532,5,0,544,695,631,399,696,304,673,273,680,253,NaN,NaN,NaN,NaN,NaN,NaN,NaN,NaN,NaN,NaN
533,5,0,544,695,633,398,697,304,673,274,681,254,NaN,NaN,NaN,NaN,NaN,NaN,NaN,NaN,NaN,NaN
534,5,0,544,695,635,397,699,305,673,275,682,255,NaN,NaN,NaN,NaN,NaN,NaN,NaN,NaN,NaN,NaN
535,5,0,544,695,637,397,700,306,674,277,683,256,NaN,NaN,NaN,NaN,NaN,NaN,NaN,NaN,NaN,NaN
536,5,0,544,695,639,396,701,307,674,278,684,258,NaN,NaN,NaN,NaN,NaN,NaN,NaN,NaN,NaN,NaN
537,5,0,543,695,641,396,702,308,674,280,684,259,NaN,NaN,NaN,NaN,NaN,NaN,NaN,NaN,NaN,NaN
538,5,0,543,695,642,396,703,309,674,281,685,261,NaN,NaN,NaN,NaN,NaN,NaN,NaN,NaN,NaN,NaN
539,5,0,543,695,644,396,705,310,674,283,685,263,NaN,NaN,NaN,NaN,NaN,NaN,NaN,NaN,NaN,NaN
540,5,0,542,695,646,395,706,311,675,285,686,265,NaN,NaN,NaN,NaN,NaN,NaN,NaN,NaN,NaN,NaN
541,5,0,541,695,648,394,707,313,674,287,687,266,NaN,NaN,NaN,NaN,NaN,NaN,NaN,NaN,NaN,NaN
542,5,0,540,695,649,393,709,314,675,288,688,268,NaN,NaN,NaN,NaN,NaN,NaN,NaN,NaN,NaN,NaN
543,5,0,538,695,651,391,710,315,675,290,688,270,NaN,NaN,NaN,NaN,NaN,NaN,NaN,NaN,NaN,NaN
544,5,0,536,695,652,389,710,315,674,291,689,271,NaN,NaN,NaN,NaN,NaN,NaN,NaN,NaN,NaN,NaN
545,5,1,536,695,654,385,711,314,674,291,689,271,NaN,NaN,NaN,NaN,NaN,NaN,NaN,NaN,NaN,NaN
546,5,0,537,695,654,388,712,316,674,293,690,273,NaN,NaN,NaN,NaN,NaN,NaN,NaN,NaN,NaN,NaN
547,5,0,539,695,656,391,712,319,675,296,690,276,NaN,NaN,NaN,NaN,NaN,NaN,NaN,NaN,NaN,NaN
548,5,0,540,695,656,393,713,322,676,299,691,279,NaN,NaN,NaN,NaN,NaN,NaN,NaN,NaN,NaN,NaN
549,5,0,542,695,657,395,714,324,676,301,691,281,NaN,NaN,NaN,NaN,NaN,NaN,NaN,NaN,NaN,NaN
550,5,0,544,695,658,398,714,326,677,303,693,283,NaN,NaN,NaN,NaN,NaN,NaN,NaN,NaN,NaN,NaN
551,5,0,546,695,658,401,715,328,677,305,694,284,NaN,NaN,NaN,NaN,NaN,NaN,NaN,NaN,NaN,NaN
552,5,0,546,695,657,402,715,330,677,306,694,286,NaN,NaN,NaN,NaN,NaN,NaN,NaN,NaN,NaN,NaN
553,5,0,547,695,658,405,715,331,677,308,694,287,NaN,NaN,NaN,NaN,NaN,NaN,NaN,NaN,NaN,NaN
554,5,0,549,695,658,407,715,333,678,309,695,289,NaN,NaN,NaN,NaN,NaN,NaN,NaN,NaN,NaN,NaN
555,5,0,551,695,659,409,716,335,678,311,695,290,NaN,NaN,NaN,NaN,NaN,NaN,NaN,NaN,NaN,NaN
556,5,0,555,695,661,414,718,338,681,313,698,292,NaN,NaN,NaN,NaN,NaN,NaN,NaN,NaN,NaN,NaN
557,5,0,558,695,661,417,719,340,682,315,699,293,NaN,NaN,NaN,NaN,NaN,NaN,NaN,NaN,NaN,NaN
558,5,0,559,695,663,419,720,341,682,316,700,294,NaN,NaN,NaN,NaN,NaN,NaN,NaN,NaN,NaN,NaN
559,5,0,561,695,663,419,720,342,683,316,702,295,NaN,NaN,NaN,NaN,NaN,NaN,NaN,NaN,NaN,NaN
560,5,0,563,695,663,420,721,342,683,317,702,295,NaN,NaN,NaN,NaN,NaN,NaN,NaN,NaN,NaN,NaN
561,5,0,563,695,665,420,721,342,684,317,703,295,NaN,NaN,NaN,NaN,NaN,NaN,NaN,NaN,NaN,NaN
562,5,0,564,695,665,419,722,342,685,316,703,295,NaN,NaN,NaN,NaN,NaN,NaN,NaN,NaN,NaN,NaN
563,5,0,565,695,667,418,723,341,686,315,704,294,NaN,NaN,NaN,NaN,NaN,NaN,NaN,NaN,NaN,NaN
564,5,0,566,695,668,417,724,340,687,314,705,293,NaN,NaN,NaN,NaN,NaN,NaN,NaN,NaN,NaN,NaN
565,5,0,567,695,668,416,725,338,687,313,706,292,NaN,NaN,NaN,NaN,NaN,NaN,NaN,NaN,NaN,NaN
566,5,0,567,695,670,414,725,338,688,313,706,292,NaN,NaN,NaN,NaN,NaN,NaN,NaN,NaN,NaN,NaN
567,5,0,568,695,670,414,726,338,688,312,706,291,NaN,NaN,NaN,NaN,NaN,NaN,NaN,NaN,NaN,NaN
568,5,0,570,695,671,415,726,337,688,312,707,291,NaN,NaN,NaN,NaN,NaN,NaN,NaN,NaN,NaN,NaN
569,5,0,572,695,671,415,726,337,688,312,707,291,NaN,NaN,NaN,NaN,NaN,NaN,NaN,NaN,NaN,NaN
570,5,0,574,695,672,416,726,338,688,312,707,291,NaN,NaN,NaN,NaN,NaN,NaN,NaN,NaN,NaN,NaN
571,5,0,577,695,673,417,727,339,688,313,707,291,NaN,NaN,NaN,NaN,NaN,NaN,NaN,NaN,NaN,NaN
572,5,0,579,695,673,418,727,340,689,313,708,292,NaN,NaN,NaN,NaN,NaN,NaN,NaN,NaN,NaN,NaN
573,5,0,582,695,675,421,728,341,690,314,708,292,NaN,NaN,NaN,NaN,NaN,NaN,NaN,NaN,NaN,NaN
574,5,0,584,695,675,423,729,342,690,315,709,293,NaN,NaN,NaN,NaN,NaN,NaN,NaN,NaN,NaN,NaN
575,5,0,587,695,676,425,729,343,691,316,709,293,NaN,NaN,NaN,NaN,NaN,NaN,NaN,NaN,NaN,NaN
576,5,0,591,695,678,427,730,345,691,316,710,294,NaN,NaN,NaN,NaN,NaN,NaN,NaN,NaN,NaN,NaN
577,5,0,592,695,678,427,731,346,692,317,711,294,NaN,NaN,NaN,NaN,NaN,NaN,NaN,NaN,NaN,NaN
578,5,0,593,695,678,429,731,346,691,317,711,294,NaN,NaN,NaN,NaN,NaN,NaN,NaN,NaN,NaN,NaN
579,5,0,593,695,678,430,730,346,690,317,710,294,NaN,NaN,NaN,NaN,NaN,NaN,NaN,NaN,NaN,NaN
580,5,0,594,695,678,429,730,346,690,317,709,294,NaN,NaN,NaN,NaN,NaN,NaN,NaN,NaN,NaN,NaN
581,5,0,593,695,677,429,729,345,689,317,709,294,NaN,NaN,NaN,NaN,NaN,NaN,NaN,NaN,NaN,NaN
582,5,0,593,695,677,429,729,345,688,316,708,294,NaN,NaN,NaN,NaN,NaN,NaN,NaN,NaN,NaN,NaN
583,5,0,593,695,676,428,728,344,687,316,708,293,NaN,NaN,NaN,NaN,NaN,NaN,NaN,NaN,NaN,NaN
584,5,0,592,695,677,427,728,344,687,315,707,293,NaN,NaN,NaN,NaN,NaN,NaN,NaN,NaN,NaN,NaN
585,5,0,592,695,676,426,727,343,686,315,707,292,NaN,NaN,NaN,NaN,NaN,NaN,NaN,NaN,NaN,NaN
586,5,0,592,695,676,425,727,342,686,314,707,291,NaN,NaN,NaN,NaN,NaN,NaN,NaN,NaN,NaN,NaN
587,5,0,592,695,676,425,727,342,685,313,706,291,NaN,NaN,NaN,NaN,NaN,NaN,NaN,NaN,NaN,NaN
588,5,0,591,695,676,424,726,341,684,313,706,291,NaN,NaN,NaN,NaN,NaN,NaN,NaN,NaN,NaN,NaN
589,5,0,591,695,675,425,725,341,683,313,704,290,NaN,NaN,NaN,NaN,NaN,NaN,NaN,NaN,NaN,NaN
590,5,0,590,695,674,425,724,341,683,313,704,290,NaN,NaN,NaN,NaN,NaN,NaN,NaN,NaN,NaN,NaN
591,5,0,590,695,674,426,724,341,682,313,703,290,NaN,NaN,NaN,NaN,NaN,NaN,NaN,NaN,NaN,NaN
592,5,0,591,695,673,427,723,341,681,313,703,290,NaN,NaN,NaN,NaN,NaN,NaN,NaN,NaN,NaN,NaN
593,5,0,591,695,674,428,723,342,681,312,702,289,NaN,NaN,NaN,NaN,NaN,NaN,NaN,NaN,NaN,NaN
594,5,0,591,695,673,428,722,342,680,312,702,289,NaN,NaN,NaN,NaN,NaN,NaN,NaN,NaN,NaN,NaN
595,5,0,591,695,673,429,721,342,679,312,701,289,NaN,NaN,NaN,NaN,NaN,NaN,NaN,NaN,NaN,NaN
596,5,0,591,695,672,430,721,342,678,312,700,289,NaN,NaN,NaN,NaN,NaN,NaN,NaN,NaN,NaN,NaN
597,5,0,592,695,673,430,720,342,677,311,700,288,NaN,NaN,NaN,NaN,NaN,NaN,NaN,NaN,NaN,NaN
598,5,0,593,695,673,430,720,342,677,311,699,288,NaN,NaN,NaN,NaN,NaN,NaN,NaN,NaN,NaN,NaN
599,5,0,595,695,673,430,720,341,677,310,699,287,NaN,NaN,NaN,NaN,NaN,NaN,NaN,NaN,NaN,NaN
600,5,0,596,695,673,429,720,340,676,309,698,286,NaN,NaN,NaN,NaN,NaN,NaN,NaN,NaN,NaN,NaN
601,5,0,597,695,674,428,719,339,676,308,698,285,NaN,NaN,NaN,NaN,NaN,NaN,NaN,NaN,NaN,NaN
602,5,0,597,695,673,427,719,338,675,307,697,284,NaN,NaN,NaN,NaN,NaN,NaN,NaN,NaN,NaN,NaN
603,5,0,597,695,674,425,718,337,674,306,696,283,NaN,NaN,NaN,NaN,NaN,NaN,NaN,NaN,NaN,NaN
604,5,0,598,695,674,424,718,335,673,305,695,282,NaN,NaN,NaN,NaN,NaN,NaN,NaN,NaN,NaN,NaN
605,5,0,599,695,674,423,718,334,672,304,695,281,NaN,NaN,NaN,NaN,NaN,NaN,NaN,NaN,NaN,NaN
606,5,0,600,695,674,422,717,333,672,303,694,280,NaN,NaN,NaN,NaN,NaN,NaN,NaN,NaN,NaN,NaN
607,5,0,601,695,675,421,717,333,671,302,693,279,NaN,NaN,NaN,NaN,NaN,NaN,NaN,NaN,NaN,NaN
608,5,0,602,695,675,420,717,332,670,302,693,279,NaN,NaN,NaN,NaN,NaN,NaN,NaN,NaN,NaN,NaN
609,5,0,603,695,676,421,716,332,669,301,692,278,NaN,NaN,NaN,NaN,NaN,NaN,NaN,NaN,NaN,NaN
610,5,0,605,695,676,421,716,332,669,301,691,278,NaN,NaN,NaN,NaN,NaN,NaN,NaN,NaN,NaN,NaN
611,5,0,605,695,676,422,716,332,668,301,690,278,NaN,NaN,NaN,NaN,NaN,NaN,NaN,NaN,NaN,NaN
612,5,0,606,695,676,423,715,332,667,301,689,278,NaN,NaN,NaN,NaN,NaN,NaN,NaN,NaN,NaN,NaN
613,5,0,605,695,675,423,713,332,665,301,688,277,NaN,NaN,NaN,NaN,NaN,NaN,NaN,NaN,NaN,NaN
614,5,0,605,695,675,424,712,332,664,301,687,277,NaN,NaN,NaN,NaN,NaN,NaN,NaN,NaN,NaN,NaN
615,5,0,605,695,674,424,712,332,663,300,686,277,NaN,NaN,NaN,NaN,NaN,NaN,NaN,NaN,NaN,NaN
616,5,0,605,695,674,424,711,332,662,300,685,276,NaN,NaN,NaN,NaN,NaN,NaN,NaN,NaN,NaN,NaN
617,5,0,604,695,673,423,710,331,660,299,684,275,NaN,NaN,NaN,NaN,NaN,NaN,NaN,NaN,NaN,NaN
618,5,0,604,695,673,422,708,331,659,298,682,275,NaN,NaN,NaN,NaN,NaN,NaN,NaN,NaN,NaN,NaN
619,5,0,603,695,672,422,707,329,658,297,681,274,NaN,NaN,NaN,NaN,NaN,NaN,NaN,NaN,NaN,NaN
620,5,0,602,695,671,420,706,328,657,296,680,273,NaN,NaN,NaN,NaN,NaN,NaN,NaN,NaN,NaN,NaN
621,5,0,601,695,671,419,706,327,656,296,679,272,NaN,NaN,NaN,NaN,NaN,NaN,NaN,NaN,NaN,NaN
622,5,0,601,695,671,417,705,326,655,295,678,271,NaN,NaN,NaN,NaN,NaN,NaN,NaN,NaN,NaN,NaN
623,5,0,601,695,671,416,705,325,655,294,678,270,NaN,NaN,NaN,NaN,NaN,NaN,NaN,NaN,NaN,NaN
624,5,0,601,695,672,415,705,323,654,293,678,269,NaN,NaN,NaN,NaN,NaN,NaN,NaN,NaN,NaN,NaN
625,5,0,601,695,672,414,705,322,654,292,677,269,NaN,NaN,NaN,NaN,NaN,NaN,NaN,NaN,NaN,NaN
626,5,0,601,695,672,416,704,324,654,293,677,270,NaN,NaN,NaN,NaN,NaN,NaN,NaN,NaN,NaN,NaN
627,5,0,601,695,672,417,704,324,653,294,677,270,NaN,NaN,NaN,NaN,NaN,NaN,NaN,NaN,NaN,NaN
628,5,0,600,695,672,419,704,325,652,294,676,271,NaN,NaN,NaN,NaN,NaN,NaN,NaN,NaN,NaN,NaN
629,5,0,600,695,672,419,704,325,652,294,675,271,NaN,NaN,NaN,NaN,NaN,NaN,NaN,NaN,NaN,NaN
630,5,0,601,695,672,420,704,325,652,294,675,270,NaN,NaN,NaN,NaN,NaN,NaN,NaN,NaN,NaN,NaN
631,5,0,602,695,673,421,704,325,652,294,676,270,NaN,NaN,NaN,NaN,NaN,NaN,NaN,NaN,NaN,NaN
632,5,0,602,695,674,422,705,326,652,294,676,270,NaN,NaN,NaN,NaN,NaN,NaN,NaN,NaN,NaN,NaN
633,5,0,603,695,675,423,705,326,652,294,676,270,NaN,NaN,NaN,NaN,NaN,NaN,NaN,NaN,NaN,NaN
634,5,0,604,695,676,423,705,326,652,294,676,270,NaN,NaN,NaN,NaN,NaN,NaN,NaN,NaN,NaN,NaN
635,5,0,605,695,677,423,706,325,652,293,677,269,NaN,NaN,NaN,NaN,NaN,NaN,NaN,NaN,NaN,NaN
636,5,0,606,695,678,422,707,324,653,292,677,268,NaN,NaN,NaN,NaN,NaN,NaN,NaN,NaN,NaN,NaN
637,5,0,607,695,680,422,707,323,653,291,678,267,NaN,NaN,NaN,NaN,NaN,NaN,NaN,NaN,NaN,NaN
638,5,0,608,695,681,420,708,322,654,290,679,266,NaN,NaN,NaN,NaN,NaN,NaN,NaN,NaN,NaN,NaN
639,5,0,609,695,683,419,709,321,654,289,679,266,NaN,NaN,NaN,NaN,NaN,NaN,NaN,NaN,NaN,NaN
640,5,0,610,695,684,418,710,320,655,288,680,265,NaN,NaN,NaN,NaN,NaN,NaN,NaN,NaN,NaN,NaN
641,5,0,612,695,685,417,711,319,655,288,680,264,NaN,NaN,NaN,NaN,NaN,NaN,NaN,NaN,NaN,NaN
642,5,0,613,695,687,416,711,318,655,287,680,264,NaN,NaN,NaN,NaN,NaN,NaN,NaN,NaN,NaN,NaN
643,5,0,614,695,688,415,711,317,655,286,680,263,NaN,NaN,NaN,NaN,NaN,NaN,NaN,NaN,NaN,NaN
644,5,0,615,695,689,415,712,317,655,286,680,263,NaN,NaN,NaN,NaN,NaN,NaN,NaN,NaN,NaN,NaN
645,5,0,617,695,691,415,712,317,655,286,680,263,NaN,NaN,NaN,NaN,NaN,NaN,NaN,NaN,NaN,NaN
646,5,0,618,695,692,416,713,317,655,287,680,263,NaN,NaN,NaN,NaN,NaN,NaN,NaN,NaN,NaN,NaN
647,5,0,620,695,694,417,714,318,655,287,680,263,NaN,NaN,NaN,NaN,NaN,NaN,NaN,NaN,NaN,NaN
648,5,0,622,695,696,418,715,318,656,287,681,263,NaN,NaN,NaN,NaN,NaN,NaN,NaN,NaN,NaN,NaN
649,5,0,624,695,698,419,717,318,657,286,682,262,NaN,NaN,NaN,NaN,NaN,NaN,NaN,NaN,NaN,NaN
650,5,0,625,695,699,419,716,318,657,287,682,262,NaN,NaN,NaN,NaN,NaN,NaN,NaN,NaN,NaN,NaN
651,5,0,625,695,699,420,716,318,656,286,681,262,NaN,NaN,NaN,NaN,NaN,NaN,NaN,NaN,NaN,NaN
652,5,0,625,695,699,421,716,318,655,286,681,262,NaN,NaN,NaN,NaN,NaN,NaN,NaN,NaN,NaN,NaN
653,5,0,624,695,699,422,715,319,655,286,680,262,NaN,NaN,NaN,NaN,NaN,NaN,NaN,NaN,NaN,NaN
654,5,0,624,695,700,422,715,318,654,286,680,262,NaN,NaN,NaN,NaN,NaN,NaN,NaN,NaN,NaN,NaN
655,5,0,624,695,700,422,715,318,654,286,680,262,NaN,NaN,NaN,NaN,NaN,NaN,NaN,NaN,NaN,NaN
656,5,0,624,695,701,422,715,318,654,286,680,262,NaN,NaN,NaN,NaN,NaN,NaN,NaN,NaN,NaN,NaN
657,5,0,625,695,702,422,716,318,654,286,680,262,NaN,NaN,NaN,NaN,NaN,NaN,NaN,NaN,NaN,NaN
658,5,0,625,695,703,422,716,318,654,286,681,262,NaN,NaN,NaN,NaN,NaN,NaN,NaN,NaN,NaN,NaN
659,5,0,625,695,704,422,717,319,655,286,681,262,NaN,NaN,NaN,NaN,NaN,NaN,NaN,NaN,NaN,NaN
660,5,0,624,695,705,423,717,319,655,287,681,262,NaN,NaN,NaN,NaN,NaN,NaN,NaN,NaN,NaN,NaN
661,5,0,623,695,705,425,717,321,655,288,681,263,NaN,NaN,NaN,NaN,NaN,NaN,NaN,NaN,NaN,NaN
662,5,0,622,695,706,428,717,323,655,290,682,265,NaN,NaN,NaN,NaN,NaN,NaN,NaN,NaN,NaN,NaN
663,5,0,621,695,706,431,718,325,655,291,682,267,NaN,NaN,NaN,NaN,NaN,NaN,NaN,NaN,NaN,NaN
664,5,0,621,695,707,434,718,327,655,293,682,268,NaN,NaN,NaN,NaN,NaN,NaN,NaN,NaN,NaN,NaN
665,5,0,620,695,708,437,718,328,655,294,682,269,NaN,NaN,NaN,NaN,NaN,NaN,NaN,NaN,NaN,NaN
666,5,0,620,695,709,439,719,330,655,294,683,269,NaN,NaN,NaN,NaN,NaN,NaN,NaN,NaN,NaN,NaN
667,5,0,619,695,710,442,719,331,656,295,683,270,NaN,NaN,NaN,NaN,NaN,NaN,NaN,NaN,NaN,NaN
668,5,0,620,695,712,445,720,333,656,296,684,271,NaN,NaN,NaN,NaN,NaN,NaN,NaN,NaN,NaN,NaN
669,5,0,620,695,713,447,722,335,657,297,685,271,NaN,NaN,NaN,NaN,NaN,NaN,NaN,NaN,NaN,NaN
670,5,0,621,695,715,449,722,336,658,298,686,272,NaN,NaN,NaN,NaN,NaN,NaN,NaN,NaN,NaN,NaN
671,5,0,621,695,716,451,723,337,658,299,686,273,NaN,NaN,NaN,NaN,NaN,NaN,NaN,NaN,NaN,NaN
672,5,1,621,695,717,450,723,337,658,299,686,273,NaN,NaN,NaN,NaN,NaN,NaN,NaN,NaN,NaN,NaN
673,5,0,624,695,717,451,723,338,660,299,686,273,NaN,NaN,NaN,NaN,NaN,NaN,NaN,NaN,NaN,NaN
674,5,0,626,695,718,451,723,338,659,300,685,274,NaN,NaN,NaN,NaN,NaN,NaN,NaN,NaN,NaN,NaN
675,5,0,629,695,718,451,723,338,659,300,685,274,NaN,NaN,NaN,NaN,NaN,NaN,NaN,NaN,NaN,NaN
676,5,0,631,695,718,453,722,339,658,301,685,275,NaN,NaN,NaN,NaN,NaN,NaN,NaN,NaN,NaN,NaN
677,5,0,634,695,717,455,722,340,657,302,684,276,NaN,NaN,NaN,NaN,NaN,NaN,NaN,NaN,NaN,NaN
678,5,0,633,695,718,457,722,340,656,302,684,277,NaN,NaN,NaN,NaN,NaN,NaN,NaN,NaN,NaN,NaN
679,5,0,629,651,718,460,723,341,657,303,684,278,NaN,NaN,NaN,NaN,NaN,NaN,NaN,NaN,NaN,NaN
680,5,0,633,657,720,463,724,342,656,304,685,279,NaN,NaN,NaN,NaN,NaN,NaN,NaN,NaN,NaN,NaN
681,5,0,635,664,720,466,724,343,657,305,686,280,NaN,NaN,NaN,NaN,NaN,NaN,NaN,NaN,NaN,NaN
682,5,0,637,672,722,470,722,345,656,305,687,280,NaN,NaN,NaN,NaN,NaN,NaN,NaN,NaN,NaN,NaN
683,5,0,639,680,723,474,726,346,653,307,688,281,NaN,NaN,NaN,NaN,NaN,NaN,NaN,NaN,NaN,NaN
684,5,0,641,689,723,478,726,348,655,308,688,282,NaN,NaN,NaN,NaN,NaN,NaN,NaN,NaN,NaN,NaN
685,5,0,644,695,724,482,725,350,653,309,688,283,NaN,NaN,NaN,NaN,NaN,NaN,NaN,NaN,NaN,NaN
686,5,0,647,695,724,485,725,351,653,310,688,284,NaN,NaN,NaN,NaN,NaN,NaN,NaN,NaN,NaN,NaN
687,5,0,645,695,724,489,726,353,653,311,688,284,NaN,NaN,NaN,NaN,NaN,NaN,NaN,NaN,NaN,NaN
688,5,0,647,695,724,492,725,354,651,311,687,285,NaN,NaN,NaN,NaN,NaN,NaN,NaN,NaN,NaN,NaN
689,5,0,650,695,724,494,725,355,650,312,687,286,NaN,NaN,NaN,NaN,NaN,NaN,NaN,NaN,NaN,NaN
690,5,0,652,695,724,496,724,355,650,312,686,286,NaN,NaN,NaN,NaN,NaN,NaN,NaN,NaN,NaN,NaN
691,5,0,654,695,723,498,725,356,650,312,686,286,NaN,NaN,NaN,NaN,NaN,NaN,NaN,NaN,NaN,NaN
692,5,0,655,695,722,499,724,356,649,313,686,287,NaN,NaN,NaN,NaN,NaN,NaN,NaN,NaN,NaN,NaN
693,5,0,657,695,723,500,724,356,649,313,685,287,NaN,NaN,NaN,NaN,NaN,NaN,NaN,NaN,NaN,NaN
694,5,0,661,695,723,500,723,356,650,313,684,287,NaN,NaN,NaN,NaN,NaN,NaN,NaN,NaN,NaN,NaN
695,5,0,662,695,723,501,723,357,652,313,684,287,NaN,NaN,NaN,NaN,NaN,NaN,NaN,NaN,NaN,NaN
696,5,0,663,695,723,502,724,357,652,313,683,287,NaN,NaN,NaN,NaN,NaN,NaN,NaN,NaN,NaN,NaN
697,5,0,664,695,722,503,723,358,651,314,682,288,NaN,NaN,NaN,NaN,NaN,NaN,NaN,NaN,NaN,NaN
698,5,0,665,695,721,506,721,359,650,314,681,288,NaN,NaN,NaN,NaN,NaN,NaN,NaN,NaN,NaN,NaN
699,5,0,665,695,719,509,720,360,647,315,679,288,NaN,NaN,NaN,NaN,NaN,NaN,NaN,NaN,NaN,NaN
700,5,0,666,695,718,512,719,361,645,316,679,289,NaN,NaN,NaN,NaN,NaN,NaN,NaN,NaN,NaN,NaN
701,5,0,668,695,717,517,718,362,642,317,678,290,NaN,NaN,NaN,NaN,NaN,NaN,NaN,NaN,NaN,NaN
702,5,0,671,695,716,522,719,364,642,318,678,291,NaN,NaN,NaN,NaN,NaN,NaN,NaN,NaN,NaN,NaN
703,5,0,675,695,717,526,718,365,641,318,678,291,NaN,NaN,NaN,NaN,NaN,NaN,NaN,NaN,NaN,NaN
704,5,0,678,695,718,530,718,367,641,319,678,292,NaN,NaN,NaN,NaN,NaN,NaN,NaN,NaN,NaN,NaN
705,5,0,680,695,718,533,718,368,641,320,678,292,NaN,NaN,NaN,NaN,NaN,NaN,NaN,NaN,NaN,NaN
706,5,0,682,695,719,536,718,369,641,321,679,293,NaN,NaN,NaN,NaN,NaN,NaN,NaN,NaN,NaN,NaN
707,5,0,684,695,719,539,718,370,641,321,678,293,NaN,NaN,NaN,NaN,NaN,NaN,NaN,NaN,NaN,NaN
708,5,0,686,695,719,540,718,370,641,321,678,293,NaN,NaN,NaN,NaN,NaN,NaN,NaN,NaN,NaN,NaN
709,5,0,688,695,720,541,718,370,640,321,678,293,NaN,NaN,NaN,NaN,NaN,NaN,NaN,NaN,NaN,NaN
710,5,0,691,695,721,542,718,369,640,321,678,293,NaN,NaN,NaN,NaN,NaN,NaN,NaN,NaN,NaN,NaN
711,5,0,693,695,722,542,718,369,640,320,678,292,NaN,NaN,NaN,NaN,NaN,NaN,NaN,NaN,NaN,NaN
712,5,0,695,695,723,542,719,368,639,320,677,292,NaN,NaN,NaN,NaN,NaN,NaN,NaN,NaN,NaN,NaN
713,5,0,697,695,723,542,718,368,639,320,676,292,NaN,NaN,NaN,NaN,NaN,NaN,NaN,NaN,NaN,NaN
714,5,0,700,695,725,543,718,367,638,319,675,292,NaN,NaN,NaN,NaN,NaN,NaN,NaN,NaN,NaN,NaN
715,5,0,703,695,726,545,718,367,638,319,674,292,NaN,NaN,NaN,NaN,NaN,NaN,NaN,NaN,NaN,NaN
716,5,0,706,695,728,547,719,368,638,319,673,292,NaN,NaN,NaN,NaN,NaN,NaN,NaN,NaN,NaN,NaN
717,5,0,710,695,730,551,720,369,638,320,673,292,NaN,NaN,NaN,NaN,NaN,NaN,NaN,NaN,NaN,NaN
718,5,0,714,695,733,555,721,370,638,320,673,292,NaN,NaN,NaN,NaN,NaN,NaN,NaN,NaN,NaN,NaN
719,5,0,717,695,734,559,721,371,637,321,672,293,NaN,NaN,NaN,NaN,NaN,NaN,NaN,NaN,NaN,NaN
720,5,0,719,695,735,563,721,373,637,321,672,293,NaN,NaN,NaN,NaN,NaN,NaN,NaN,NaN,NaN,NaN
721,5,0,720,695,735,567,721,374,636,322,670,294,NaN,NaN,NaN,NaN,NaN,NaN,NaN,NaN,NaN,NaN
722,5,0,721,695,735,571,720,375,635,322,669,294,NaN,NaN,NaN,NaN,NaN,NaN,NaN,NaN,NaN,NaN
723,5,0,722,695,735,575,720,376,634,322,669,294,NaN,NaN,NaN,NaN,NaN,NaN,NaN,NaN,NaN,NaN
724,5,0,723,695,735,578,719,376,633,322,668,294,NaN,NaN,NaN,NaN,NaN,NaN,NaN,NaN,NaN,NaN
725,5,0,723,695,735,580,718,376,632,322,667,293,NaN,NaN,NaN,NaN,NaN,NaN,NaN,NaN,NaN,NaN
726,5,0,724,695,735,581,718,376,631,321,667,292,NaN,NaN,NaN,NaN,NaN,NaN,NaN,NaN,NaN,NaN
727,5,0,724,695,735,582,717,375,630,320,666,291,NaN,NaN,NaN,NaN,NaN,NaN,NaN,NaN,NaN,NaN
728,5,0,724,695,734,582,716,374,630,320,664,291,NaN,NaN,NaN,NaN,NaN,NaN,NaN,NaN,NaN,NaN
729,5,0,723,695,733,583,715,373,627,318,663,290,NaN,NaN,NaN,NaN,NaN,NaN,NaN,NaN,NaN,NaN
730,5,0,722,695,731,584,713,372,626,318,661,289,NaN,NaN,NaN,NaN,NaN,NaN,NaN,NaN,NaN,NaN
731,5,0,721,695,730,585,712,372,624,317,660,289,NaN,NaN,NaN,NaN,NaN,NaN,NaN,NaN,NaN,NaN
732,5,0,720,695,728,587,710,372,623,317,659,288,NaN,NaN,NaN,NaN,NaN,NaN,NaN,NaN,NaN,NaN
733,5,0,718,695,726,592,708,373,621,318,657,289,NaN,NaN,NaN,NaN,NaN,NaN,NaN,NaN,NaN,NaN
734,5,0,716,695,723,597,706,374,619,318,655,289,NaN,NaN,NaN,NaN,NaN,NaN,NaN,NaN,NaN,NaN
735,5,0,715,695,721,601,704,375,618,318,654,289,NaN,NaN,NaN,NaN,NaN,NaN,NaN,NaN,NaN,NaN
736,5,0,714,695,719,608,703,377,617,319,653,289,NaN,NaN,NaN,NaN,NaN,NaN,NaN,NaN,NaN,NaN
737,5,0,714,695,719,615,703,379,616,320,654,290,NaN,NaN,NaN,NaN,NaN,NaN,NaN,NaN,NaN,NaN
738,5,0,714,695,718,623,703,381,616,321,654,290,NaN,NaN,NaN,NaN,NaN,NaN,NaN,NaN,NaN,NaN
739,5,0,714,695,717,630,703,383,615,321,654,291,NaN,NaN,NaN,NaN,NaN,NaN,NaN,NaN,NaN,NaN
740,5,0,714,695,717,637,702,385,615,322,653,292,NaN,NaN,NaN,NaN,NaN,NaN,NaN,NaN,NaN,NaN
741,5,0,714,695,716,642,702,386,614,322,653,292,NaN,NaN,NaN,NaN,NaN,NaN,NaN,NaN,NaN,NaN
742,5,0,713,695,716,647,701,387,614,322,653,292,NaN,NaN,NaN,NaN,NaN,NaN,NaN,NaN,NaN,NaN
743,5,0,714,695,716,652,701,388,613,322,652,292,NaN,NaN,NaN,NaN,NaN,NaN,NaN,NaN,NaN,NaN
744,5,0,714,695,716,655,701,388,613,322,652,291,NaN,NaN,NaN,NaN,NaN,NaN,NaN,NaN,NaN,NaN
745,5,0,714,695,716,658,701,388,613,322,652,291,NaN,NaN,NaN,NaN,NaN,NaN,NaN,NaN,NaN,NaN
746,5,0,714,695,716,660,701,387,612,321,652,291,NaN,NaN,NaN,NaN,NaN,NaN,NaN,NaN,NaN,NaN
747,5,0,715,695,716,662,700,388,612,322,651,291,NaN,NaN,NaN,NaN,NaN,NaN,NaN,NaN,NaN,NaN
748,5,0,714,695,717,667,700,390,611,324,651,292,NaN,NaN,NaN,NaN,NaN,NaN,NaN,NaN,NaN,NaN
749,5,0,715,695,717,673,700,391,611,325,649,294,NaN,NaN,NaN,NaN,NaN,NaN,NaN,NaN,NaN,NaN
750,5,0,715,695,717,679,699,392,609,325,648,294,NaN,NaN,NaN,NaN,NaN,NaN,NaN,NaN,NaN,NaN
751,4,1,715,695,699,392,609,325,648,294,NaN,NaN,NaN,NaN,NaN,NaN,NaN,NaN,NaN,NaN,NaN,NaN
752,5,0,716,695,699,393,609,325,647,294,660,292,NaN,NaN,NaN,NaN,NaN,NaN,NaN,NaN,NaN,NaN
753,5,0,717,695,700,395,607,327,646,295,660,292,NaN,NaN,NaN,NaN,NaN,NaN,NaN,NaN,NaN,NaN
754,5,0,717,695,700,396,606,327,644,295,659,292,NaN,NaN,NaN,NaN,NaN,NaN,NaN,NaN,NaN,NaN
755,5,0,718,695,701,398,605,327,643,296,659,292,NaN,NaN,NaN,NaN,NaN,NaN,NaN,NaN,NaN,NaN
756,5,0,719,695,702,399,605,328,643,296,659,292,NaN,NaN,NaN,NaN,NaN,NaN,NaN,NaN,NaN,NaN
757,5,0,721,695,702,400,604,329,642,297,659,292,NaN,NaN,NaN,NaN,NaN,NaN,NaN,NaN,NaN,NaN
758,5,0,722,695,704,401,603,328,641,297,659,292,NaN,NaN,NaN,NaN,NaN,NaN,NaN,NaN,NaN,NaN
759,5,0,722,695,704,402,603,329,640,297,659,291,NaN,NaN,NaN,NaN,NaN,NaN,NaN,NaN,NaN,NaN
760,5,0,722,695,705,402,602,329,640,297,659,291,NaN,NaN,NaN,NaN,NaN,NaN,NaN,NaN,NaN,NaN
761,5,0,723,695,704,403,602,329,639,297,659,291,NaN,NaN,NaN,NaN,NaN,NaN,NaN,NaN,NaN,NaN
762,5,0,723,695,705,403,600,329,637,297,658,290,NaN,NaN,NaN,NaN,NaN,NaN,NaN,NaN,NaN,NaN
763,5,0,723,695,705,402,599,328,636,297,658,289,NaN,NaN,NaN,NaN,NaN,NaN,NaN,NaN,NaN,NaN
764,5,0,724,695,705,401,598,327,635,297,658,288,NaN,NaN,NaN,NaN,NaN,NaN,NaN,NaN,NaN,NaN
765,5,0,724,695,706,400,598,327,634,296,658,287,NaN,NaN,NaN,NaN,NaN,NaN,NaN,NaN,NaN,NaN
766,5,0,724,695,706,400,597,327,633,295,657,286,NaN,NaN,NaN,NaN,NaN,NaN,NaN,NaN,NaN,NaN
767,5,0,723,695,706,399,596,326,632,295,657,286,NaN,NaN,NaN,NaN,NaN,NaN,NaN,NaN,NaN,NaN
768,5,0,723,695,706,399,595,326,631,294,657,285,NaN,NaN,NaN,NaN,NaN,NaN,NaN,NaN,NaN,NaN
769,5,0,722,695,706,399,594,325,630,295,657,284,NaN,NaN,NaN,NaN,NaN,NaN,NaN,NaN,NaN,NaN
770,5,0,721,695,706,399,593,325,629,294,656,284,NaN,NaN,NaN,NaN,NaN,NaN,NaN,NaN,NaN,NaN
771,5,0,720,695,706,400,593,325,629,294,657,283,NaN,NaN,NaN,NaN,NaN,NaN,NaN,NaN,NaN,NaN
772,5,0,720,695,707,401,592,325,628,294,657,283,NaN,NaN,NaN,NaN,NaN,NaN,NaN,NaN,NaN,NaN
773,5,0,720,695,708,402,592,326,628,295,657,282,NaN,NaN,NaN,NaN,NaN,NaN,NaN,NaN,NaN,NaN
774,5,0,721,695,708,404,592,326,627,294,657,282,NaN,NaN,NaN,NaN,NaN,NaN,NaN,NaN,NaN,NaN
775,5,0,721,695,710,405,591,326,627,295,658,282,NaN,NaN,NaN,NaN,NaN,NaN,NaN,NaN,NaN,NaN
776,5,0,722,695,710,407,591,327,626,295,658,281,NaN,NaN,NaN,NaN,NaN,NaN,NaN,NaN,NaN,NaN
777,5,0,723,695,711,408,590,327,626,295,658,281,NaN,NaN,NaN,NaN,NaN,NaN,NaN,NaN,NaN,NaN
778,5,0,724,695,712,409,590,327,625,295,659,281,NaN,NaN,NaN,NaN,NaN,NaN,NaN,NaN,NaN,NaN
779,5,0,725,695,713,410,590,328,625,296,659,280,NaN,NaN,NaN,NaN,NaN,NaN,NaN,NaN,NaN,NaN
780,5,0,727,695,715,409,590,327,625,295,659,279,NaN,NaN,NaN,NaN,NaN,NaN,NaN,NaN,NaN,NaN
781,5,0,729,695,716,409,590,326,624,295,660,278,NaN,NaN,NaN,NaN,NaN,NaN,NaN,NaN,NaN,NaN
782,5,0,730,695,718,408,590,326,624,294,661,277,NaN,NaN,NaN,NaN,NaN,NaN,NaN,NaN,NaN,NaN
783,5,0,732,695,719,406,589,325,623,293,661,276,NaN,NaN,NaN,NaN,NaN,NaN,NaN,NaN,NaN,NaN
784,4,0,734,695,720,405,589,324,623,292,NaN,NaN,NaN,NaN,NaN,NaN,NaN,NaN,NaN,NaN,NaN,NaN
785,4,0,736,695,721,404,589,323,622,292,NaN,NaN,NaN,NaN,NaN,NaN,NaN,NaN,NaN,NaN,NaN,NaN
786,4,0,738,695,723,403,589,322,621,291,NaN,NaN,NaN,NaN,NaN,NaN,NaN,NaN,NaN,NaN,NaN,NaN
787,4,0,741,695,724,402,588,321,621,290,NaN,NaN,NaN,NaN,NaN,NaN,NaN,NaN,NaN,NaN,NaN,NaN
788,4,0,745,695,727,402,589,321,622,290,NaN,NaN,NaN,NaN,NaN,NaN,NaN,NaN,NaN,NaN,NaN,NaN
789,4,0,749,695,730,404,589,321,622,290,NaN,NaN,NaN,NaN,NaN,NaN,NaN,NaN,NaN,NaN,NaN,NaN
790,4,0,753,695,732,405,589,322,622,290,NaN,NaN,NaN,NaN,NaN,NaN,NaN,NaN,NaN,NaN,NaN,NaN
791,4,0,757,695,734,407,589,322,622,290,NaN,NaN,NaN,NaN,NaN,NaN,NaN,NaN,NaN,NaN,NaN,NaN
792,4,0,760,695,736,408,589,322,621,290,NaN,NaN,NaN,NaN,NaN,NaN,NaN,NaN,NaN,NaN,NaN,NaN
793,4,0,763,695,738,410,589,323,621,291,NaN,NaN,NaN,NaN,NaN,NaN,NaN,NaN,NaN,NaN,NaN,NaN
794,4,0,765,695,739,411,589,323,620,291,NaN,NaN,NaN,NaN,NaN,NaN,NaN,NaN,NaN,NaN,NaN,NaN
795,4,0,767,695,740,412,588,323,620,291,NaN,NaN,NaN,NaN,NaN,NaN,NaN,NaN,NaN,NaN,NaN,NaN
796,5,1,768,699,741,412,588,323,619,291,667,267,NaN,NaN,NaN,NaN,NaN,NaN,NaN,NaN,NaN,NaN
797,5,0,769,695,742,413,588,323,619,290,667,266,NaN,NaN,NaN,NaN,NaN,NaN,NaN,NaN,NaN,NaN
798,5,0,770,695,742,412,587,322,619,289,668,265,NaN,NaN,NaN,NaN,NaN,NaN,NaN,NaN,NaN,NaN
799,5,0,771,695,742,411,587,321,620,288,668,264,NaN,NaN,NaN,NaN,NaN,NaN,NaN,NaN,NaN,NaN
800,5,0,772,695,742,409,587,319,620,287,668,263,NaN,NaN,NaN,NaN,NaN,NaN,NaN,NaN,NaN,NaN
801,5,0,772,695,743,408,586,318,620,285,668,261,NaN,NaN,NaN,NaN,NaN,NaN,NaN,NaN,NaN,NaN
802,5,0,772,695,743,405,586,316,620,284,667,259,NaN,NaN,NaN,NaN,NaN,NaN,NaN,NaN,NaN,NaN
803,5,0,773,695,743,404,586,315,620,282,667,258,NaN,NaN,NaN,NaN,NaN,NaN,NaN,NaN,NaN,NaN
804,5,0,773,695,743,402,585,313,620,281,668,257,NaN,NaN,NaN,NaN,NaN,NaN,NaN,NaN,NaN,NaN
805,5,0,773,695,743,401,585,312,620,280,668,255,NaN,NaN,NaN,NaN,NaN,NaN,NaN,NaN,NaN,NaN
806,5,0,772,695,742,400,585,311,620,279,668,254,NaN,NaN,NaN,NaN,NaN,NaN,NaN,NaN,NaN,NaN
807,5,0,771,695,742,400,583,311,619,278,667,253,NaN,NaN,NaN,NaN,NaN,NaN,NaN,NaN,NaN,NaN
808,5,0,770,695,740,400,582,310,618,277,667,253,NaN,NaN,NaN,NaN,NaN,NaN,NaN,NaN,NaN,NaN
809,5,0,770,695,740,401,581,310,618,277,667,252,NaN,NaN,NaN,NaN,NaN,NaN,NaN,NaN,NaN,NaN
810,5,0,769,695,740,403,580,310,617,276,667,252,NaN,NaN,NaN,NaN,NaN,NaN,NaN,NaN,NaN,NaN
811,5,0,769,695,740,404,580,310,617,276,667,251,NaN,NaN,NaN,NaN,NaN,NaN,NaN,NaN,NaN,NaN
812,5,0,769,695,740,405,579,310,617,276,666,251,NaN,NaN,NaN,NaN,NaN,NaN,NaN,NaN,NaN,NaN
813,5,0,769,695,740,406,579,309,617,275,666,250,NaN,NaN,NaN,NaN,NaN,NaN,NaN,NaN,NaN,NaN
814,5,0,770,695,740,407,578,309,617,275,666,249,NaN,NaN,NaN,NaN,NaN,NaN,NaN,NaN,NaN,NaN
815,5,0,770,695,741,407,578,308,617,274,667,249,NaN,NaN,NaN,NaN,NaN,NaN,NaN,NaN,NaN,NaN
816,5,0,771,695,741,408,577,308,617,273,667,248,NaN,NaN,NaN,NaN,NaN,NaN,NaN,NaN,NaN,NaN
817,5,0,772,695,741,408,577,307,617,272,667,247,NaN,NaN,NaN,NaN,NaN,NaN,NaN,NaN,NaN,NaN
818,5,0,773,695,741,407,576,306,617,272,667,246,NaN,NaN,NaN,NaN,NaN,NaN,NaN,NaN,NaN,NaN
819,5,0,775,695,742,406,576,306,617,271,667,245,NaN,NaN,NaN,NaN,NaN,NaN,NaN,NaN,NaN,NaN
820,5,0,777,695,742,405,576,305,618,270,667,244,NaN,NaN,NaN,NaN,NaN,NaN,NaN,NaN,NaN,NaN
821,5,0,778,695,743,403,575,303,618,269,667,243,NaN,NaN,NaN,NaN,NaN,NaN,NaN,NaN,NaN,NaN
822,5,0,780,695,743,403,575,303,618,268,667,243,NaN,NaN,NaN,NaN,NaN,NaN,NaN,NaN,NaN,NaN
823,5,0,782,695,743,402,574,302,618,267,667,242,NaN,NaN,NaN,NaN,NaN,NaN,NaN,NaN,NaN,NaN
824,5,0,784,695,744,402,574,302,618,267,667,242,NaN,NaN,NaN,NaN,NaN,NaN,NaN,NaN,NaN,NaN
825,5,0,787,695,746,402,574,302,618,267,668,241,NaN,NaN,NaN,NaN,NaN,NaN,NaN,NaN,NaN,NaN
826,5,0,789,695,747,404,574,302,619,267,668,241,NaN,NaN,NaN,NaN,NaN,NaN,NaN,NaN,NaN,NaN
827,5,0,792,695,748,405,574,302,619,267,669,241,NaN,NaN,NaN,NaN,NaN,NaN,NaN,NaN,NaN,NaN
828,5,0,794,695,749,408,573,303,619,267,669,241,NaN,NaN,NaN,NaN,NaN,NaN,NaN,NaN,NaN,NaN
829,5,0,795,695,749,410,573,304,619,268,669,242,NaN,NaN,NaN,NaN,NaN,NaN,NaN,NaN,NaN,NaN
830,5,0,795,695,749,413,572,304,619,268,669,242,NaN,NaN,NaN,NaN,NaN,NaN,NaN,NaN,NaN,NaN
831,5,0,796,695,749,414,572,305,619,268,669,242,NaN,NaN,NaN,NaN,NaN,NaN,NaN,NaN,NaN,NaN
832,5,0,796,695,749,416,571,305,619,269,669,242,NaN,NaN,NaN,NaN,NaN,NaN,NaN,NaN,NaN,NaN
833,5,0,796,695,748,417,570,305,619,269,669,242,NaN,NaN,NaN,NaN,NaN,NaN,NaN,NaN,NaN,NaN
834,5,0,797,695,748,417,569,305,618,268,669,242,NaN,NaN,NaN,NaN,NaN,NaN,NaN,NaN,NaN,NaN
835,5,0,797,695,747,417,568,305,618,268,668,241,NaN,NaN,NaN,NaN,NaN,NaN,NaN,NaN,NaN,NaN
836,5,0,797,695,746,416,567,304,617,267,668,241,NaN,NaN,NaN,NaN,NaN,NaN,NaN,NaN,NaN,NaN
837,5,0,797,695,746,415,566,303,616,266,667,240,NaN,NaN,NaN,NaN,NaN,NaN,NaN,NaN,NaN,NaN
838,5,0,797,695,745,414,565,302,616,265,667,239,NaN,NaN,NaN,NaN,NaN,NaN,NaN,NaN,NaN,NaN
839,5,0,797,695,744,413,564,302,616,265,667,239,NaN,NaN,NaN,NaN,NaN,NaN,NaN,NaN,NaN,NaN
840,5,0,797,695,744,414,564,302,616,265,667,239,NaN,NaN,NaN,NaN,NaN,NaN,NaN,NaN,NaN,NaN
841,5,0,797,695,743,415,563,303,617,266,667,240,NaN,NaN,NaN,NaN,NaN,NaN,NaN,NaN,NaN,NaN
842,5,0,795,695,741,418,561,306,615,268,666,241,NaN,NaN,NaN,NaN,NaN,NaN,NaN,NaN,NaN,NaN
843,5,0,793,695,738,421,559,308,613,271,666,244,NaN,NaN,NaN,NaN,NaN,NaN,NaN,NaN,NaN,NaN
844,5,0,791,695,735,424,556,309,611,272,665,245,NaN,NaN,NaN,NaN,NaN,NaN,NaN,NaN,NaN,NaN
845,5,1,791,691,735,423,556,309,611,272,665,245,NaN,NaN,NaN,NaN,NaN,NaN,NaN,NaN,NaN,NaN
846,5,0,786,695,733,426,555,310,610,273,665,245,NaN,NaN,NaN,NaN,NaN,NaN,NaN,NaN,NaN,NaN
847,5,0,783,695,733,430,555,311,611,274,665,246,NaN,NaN,NaN,NaN,NaN,NaN,NaN,NaN,NaN,NaN
848,5,0,780,695,734,434,555,312,612,274,666,247,NaN,NaN,NaN,NaN,NaN,NaN,NaN,NaN,NaN,NaN
849,5,0,777,695,734,438,556,313,613,275,667,247,NaN,NaN,NaN,NaN,NaN,NaN,NaN,NaN,NaN,NaN
850,5,0,775,695,734,442,556,314,613,275,668,248,NaN,NaN,NaN,NaN,NaN,NaN,NaN,NaN,NaN,NaN
851,5,0,773,695,735,444,556,314,614,276,669,248,NaN,NaN,NaN,NaN,NaN,NaN,NaN,NaN,NaN,NaN
852,5,0,772,695,735,446,556,315,614,276,669,248,NaN,NaN,NaN,NaN,NaN,NaN,NaN,NaN,NaN,NaN
853,5,0,770,695,734,448,556,315,614,276,669,247,NaN,NaN,NaN,NaN,NaN,NaN,NaN,NaN,NaN,NaN
854,5,0,769,695,734,448,556,314,614,275,670,247,NaN,NaN,NaN,NaN,NaN,NaN,NaN,NaN,NaN,NaN
855,5,0,767,695,734,449,556,314,614,275,669,246,NaN,NaN,NaN,NaN,NaN,NaN,NaN,NaN,NaN,NaN
856,5,0,766,695,733,448,555,313,614,274,669,246,NaN,NaN,NaN,NaN,NaN,NaN,NaN,NaN,NaN,NaN
857,5,0,765,695,733,448,555,312,613,273,669,245,NaN,NaN,NaN,NaN,NaN,NaN,NaN,NaN,NaN,NaN
858,5,0,766,695,733,447,554,311,613,272,669,244,NaN,NaN,NaN,NaN,NaN,NaN,NaN,NaN,NaN,NaN
859,5,0,766,695,734,447,554,311,614,272,670,244,NaN,NaN,NaN,NaN,NaN,NaN,NaN,NaN,NaN,NaN
860,5,0,767,695,735,448,555,310,614,271,670,244,NaN,NaN,NaN,NaN,NaN,NaN,NaN,NaN,NaN,NaN
861,5,0,769,695,737,449,555,310,615,271,671,243,NaN,NaN,NaN,NaN,NaN,NaN,NaN,NaN,NaN,NaN
862,5,0,769,695,739,451,556,310,616,271,672,243,NaN,NaN,NaN,NaN,NaN,NaN,NaN,NaN,NaN,NaN
863,5,0,770,695,740,454,556,311,616,272,673,244,NaN,NaN,NaN,NaN,NaN,NaN,NaN,NaN,NaN,NaN
864,5,0,769,695,741,458,556,312,616,272,674,244,NaN,NaN,NaN,NaN,NaN,NaN,NaN,NaN,NaN,NaN
865,5,0,769,695,742,462,556,312,617,273,674,245,NaN,NaN,NaN,NaN,NaN,NaN,NaN,NaN,NaN,NaN
866,5,0,768,695,742,467,556,314,617,274,674,245,NaN,NaN,NaN,NaN,NaN,NaN,NaN,NaN,NaN,NaN
867,5,0,768,695,743,471,556,315,617,274,675,246,NaN,NaN,NaN,NaN,NaN,NaN,NaN,NaN,NaN,NaN
868,5,0,767,695,744,476,556,315,617,275,675,246,NaN,NaN,NaN,NaN,NaN,NaN,NaN,NaN,NaN,NaN
869,5,0,765,695,744,479,556,316,618,275,676,246,NaN,NaN,NaN,NaN,NaN,NaN,NaN,NaN,NaN,NaN
870,5,0,764,695,744,483,556,317,618,275,676,247,NaN,NaN,NaN,NaN,NaN,NaN,NaN,NaN,NaN,NaN
871,5,0,763,695,745,485,556,317,618,275,676,246,NaN,NaN,NaN,NaN,NaN,NaN,NaN,NaN,NaN,NaN
872,5,0,763,695,745,487,556,317,618,275,676,246,NaN,NaN,NaN,NaN,NaN,NaN,NaN,NaN,NaN,NaN
873,5,0,763,695,745,489,555,316,618,274,677,246,NaN,NaN,NaN,NaN,NaN,NaN,NaN,NaN,NaN,NaN
874,5,0,762,695,745,490,555,316,618,274,677,245,NaN,NaN,NaN,NaN,NaN,NaN,NaN,NaN,NaN,NaN
875,5,0,761,695,745,490,554,315,618,273,677,245,NaN,NaN,NaN,NaN,NaN,NaN,NaN,NaN,NaN,NaN
876,5,0,760,695,745,491,554,314,618,272,676,244,NaN,NaN,NaN,NaN,NaN,NaN,NaN,NaN,NaN,NaN
877,5,0,759,695,744,492,553,314,617,272,676,243,NaN,NaN,NaN,NaN,NaN,NaN,NaN,NaN,NaN,NaN
878,5,0,757,695,743,493,552,313,617,271,676,243,NaN,NaN,NaN,NaN,NaN,NaN,NaN,NaN,NaN,NaN
879,5,0,755,695,743,495,552,313,617,271,677,242,NaN,NaN,NaN,NaN,NaN,NaN,NaN,NaN,NaN,NaN
880,5,0,754,695,742,498,552,313,617,271,677,242,NaN,NaN,NaN,NaN,NaN,NaN,NaN,NaN,NaN,NaN
881,5,0,752,695,742,502,551,314,617,272,678,243,NaN,NaN,NaN,NaN,NaN,NaN,NaN,NaN,NaN,NaN
882,5,0,751,695,741,507,551,315,617,272,678,243,NaN,NaN,NaN,NaN,NaN,NaN,NaN,NaN,NaN,NaN
883,5,0,748,695,740,513,550,316,617,273,677,244,NaN,NaN,NaN,NaN,NaN,NaN,NaN,NaN,NaN,NaN
884,5,0,746,695,739,519,549,317,616,273,677,244,NaN,NaN,NaN,NaN,NaN,NaN,NaN,NaN,NaN,NaN
885,5,0,745,695,738,525,549,318,616,274,677,244,NaN,NaN,NaN,NaN,NaN,NaN,NaN,NaN,NaN,NaN
886,5,0,743,695,737,531,549,318,616,274,677,245,NaN,NaN,NaN,NaN,NaN,NaN,NaN,NaN,NaN,NaN
887,5,0,743,695,737,537,549,319,617,275,678,245,NaN,NaN,NaN,NaN,NaN,NaN,NaN,NaN,NaN,NaN
888,5,0,742,695,738,543,549,320,617,275,679,245,NaN,NaN,NaN,NaN,NaN,NaN,NaN,NaN,NaN,NaN
889,5,0,742,695,738,549,549,321,618,275,679,245,NaN,NaN,NaN,NaN,NaN,NaN,NaN,NaN,NaN,NaN
890,5,0,742,695,739,553,549,321,618,275,680,245,NaN,NaN,NaN,NaN,NaN,NaN,NaN,NaN,NaN,NaN
891,5,0,743,695,740,557,549,321,618,275,680,245,NaN,NaN,NaN,NaN,NaN,NaN,NaN,NaN,NaN,NaN
892,5,0,744,695,740,560,549,320,618,275,681,244,NaN,NaN,NaN,NaN,NaN,NaN,NaN,NaN,NaN,NaN
893,5,0,744,695,741,561,549,320,619,274,681,244,NaN,NaN,NaN,NaN,NaN,NaN,NaN,NaN,NaN,NaN
894,5,0,744,695,741,562,549,319,619,273,681,243,NaN,NaN,NaN,NaN,NaN,NaN,NaN,NaN,NaN,NaN
895,5,0,745,695,743,564,549,318,619,272,681,242,NaN,NaN,NaN,NaN,NaN,NaN,NaN,NaN,NaN,NaN
896,5,0,747,695,744,567,550,318,620,273,682,242,NaN,NaN,NaN,NaN,NaN,NaN,NaN,NaN,NaN,NaN
897,5,0,749,695,747,572,551,319,621,273,683,243,NaN,NaN,NaN,NaN,NaN,NaN,NaN,NaN,NaN,NaN
898,5,0,752,695,750,577,551,320,622,274,684,243,NaN,NaN,NaN,NaN,NaN,NaN,NaN,NaN,NaN,NaN
899,5,0,755,695,753,582,551,320,623,274,686,243,NaN,NaN,NaN,NaN,NaN,NaN,NaN,NaN,NaN,NaN
900,5,0,758,695,756,588,552,320,624,274,686,243,NaN,NaN,NaN,NaN,NaN,NaN,NaN,NaN,NaN,NaN
901,5,0,761,695,759,594,552,321,625,274,687,243,NaN,NaN,NaN,NaN,NaN,NaN,NaN,NaN,NaN,NaN
902,5,0,763,695,761,602,553,321,625,274,688,243,NaN,NaN,NaN,NaN,NaN,NaN,NaN,NaN,NaN,NaN
903,5,0,765,695,764,609,553,322,625,274,689,243,NaN,NaN,NaN,NaN,NaN,NaN,NaN,NaN,NaN,NaN
904,5,0,766,695,765,616,553,322,626,274,689,243,NaN,NaN,NaN,NaN,NaN,NaN,NaN,NaN,NaN,NaN
905,5,0,768,695,767,623,553,322,626,274,690,242,NaN,NaN,NaN,NaN,NaN,NaN,NaN,NaN,NaN,NaN
906,5,0,768,695,768,629,553,322,626,273,690,242,NaN,NaN,NaN,NaN,NaN,NaN,NaN,NaN,NaN,NaN
907,5,0,769,695,768,635,553,321,626,273,690,241,NaN,NaN,NaN,NaN,NaN,NaN,NaN,NaN,NaN,NaN
908,5,0,770,695,769,640,553,321,626,272,690,240,NaN,NaN,NaN,NaN,NaN,NaN,NaN,NaN,NaN,NaN
909,5,0,771,695,770,644,553,320,627,271,691,239,NaN,NaN,NaN,NaN,NaN,NaN,NaN,NaN,NaN,NaN
910,5,0,772,695,771,648,553,319,627,269,692,238,NaN,NaN,NaN,NaN,NaN,NaN,NaN,NaN,NaN,NaN
911,5,0,773,695,772,650,553,318,628,268,692,236,NaN,NaN,NaN,NaN,NaN,NaN,NaN,NaN,NaN,NaN
912,5,0,774,695,773,652,553,316,628,267,693,235,NaN,NaN,NaN,NaN,NaN,NaN,NaN,NaN,NaN,NaN
913,5,0,774,695,774,653,553,314,628,265,693,233,NaN,NaN,NaN,NaN,NaN,NaN,NaN,NaN,NaN,NaN
914,5,0,774,695,773,655,553,313,628,263,693,231,NaN,NaN,NaN,NaN,NaN,NaN,NaN,NaN,NaN,NaN
915,5,0,774,695,774,660,552,310,628,261,694,229,NaN,NaN,NaN,NaN,NaN,NaN,NaN,NaN,NaN,NaN
916,5,0,774,695,773,665,552,309,628,259,694,227,NaN,NaN,NaN,NaN,NaN,NaN,NaN,NaN,NaN,NaN
917,5,0,773,695,773,671,551,308,628,258,694,226,NaN,NaN,NaN,NaN,NaN,NaN,NaN,NaN,NaN,NaN
918,4,1,773,695,551,308,628,258,694,226,NaN,NaN,NaN,NaN,NaN,NaN,NaN,NaN,NaN,NaN,NaN,NaN
919,4,0,761,695,551,308,628,257,694,225,NaN,NaN,NaN,NaN,NaN,NaN,NaN,NaN,NaN,NaN,NaN,NaN
920,4,0,751,695,550,307,628,257,695,224,NaN,NaN,NaN,NaN,NaN,NaN,NaN,NaN,NaN,NaN,NaN,NaN
921,4,0,745,695,550,307,628,256,695,224,NaN,NaN,NaN,NaN,NaN,NaN,NaN,NaN,NaN,NaN,NaN,NaN
922,4,0,741,695,550,307,628,256,695,224,NaN,NaN,NaN,NaN,NaN,NaN,NaN,NaN,NaN,NaN,NaN,NaN
923,4,0,733,695,550,307,628,256,695,223,NaN,NaN,NaN,NaN,NaN,NaN,NaN,NaN,NaN,NaN,NaN,NaN
924,4,0,724,695,549,307,628,255,695,223,NaN,NaN,NaN,NaN,NaN,NaN,NaN,NaN,NaN,NaN,NaN,NaN
925,4,0,718,695,549,307,628,255,696,222,NaN,NaN,NaN,NaN,NaN,NaN,NaN,NaN,NaN,NaN,NaN,NaN
926,4,0,712,695,550,307,629,254,696,221,NaN,NaN,NaN,NaN,NaN,NaN,NaN,NaN,NaN,NaN,NaN,NaN
927,4,0,706,695,550,307,630,254,697,221,NaN,NaN,NaN,NaN,NaN,NaN,NaN,NaN,NaN,NaN,NaN,NaN
928,4,0,702,695,550,307,630,253,698,220,NaN,NaN,NaN,NaN,NaN,NaN,NaN,NaN,NaN,NaN,NaN,NaN
929,4,0,699,695,551,306,631,252,698,219,NaN,NaN,NaN,NaN,NaN,NaN,NaN,NaN,NaN,NaN,NaN,NaN
930,4,0,695,695,551,305,631,251,699,217,NaN,NaN,NaN,NaN,NaN,NaN,NaN,NaN,NaN,NaN,NaN,NaN
931,4,0,693,695,551,304,631,249,699,216,NaN,NaN,NaN,NaN,NaN,NaN,NaN,NaN,NaN,NaN,NaN,NaN
932,4,0,691,695,551,303,632,248,699,214,NaN,NaN,NaN,NaN,NaN,NaN,NaN,NaN,NaN,NaN,NaN,NaN
933,4,0,689,695,552,301,632,246,700,213,NaN,NaN,NaN,NaN,NaN,NaN,NaN,NaN,NaN,NaN,NaN,NaN
934,4,0,688,695,553,300,634,245,702,211,NaN,NaN,NaN,NaN,NaN,NaN,NaN,NaN,NaN,NaN,NaN,NaN
935,4,0,686,695,555,299,635,244,703,210,NaN,NaN,NaN,NaN,NaN,NaN,NaN,NaN,NaN,NaN,NaN,NaN
936,4,0,686,695,556,299,637,244,705,209,NaN,NaN,NaN,NaN,NaN,NaN,NaN,NaN,NaN,NaN,NaN,NaN
937,4,0,684,695,557,299,638,243,707,209,NaN,NaN,NaN,NaN,NaN,NaN,NaN,NaN,NaN,NaN,NaN,NaN
938,4,0,682,695,558,300,640,243,709,208,NaN,NaN,NaN,NaN,NaN,NaN,NaN,NaN,NaN,NaN,NaN,NaN
939,4,0,679,695,559,300,641,243,710,208,NaN,NaN,NaN,NaN,NaN,NaN,NaN,NaN,NaN,NaN,NaN,NaN
940,4,0,676,695,559,301,642,243,711,208,NaN,NaN,NaN,NaN,NaN,NaN,NaN,NaN,NaN,NaN,NaN,NaN
941,4,0,672,695,560,302,642,244,712,208,NaN,NaN,NaN,NaN,NaN,NaN,NaN,NaN,NaN,NaN,NaN,NaN
942,4,0,669,695,560,302,643,243,713,207,NaN,NaN,NaN,NaN,NaN,NaN,NaN,NaN,NaN,NaN,NaN,NaN
943,4,0,667,695,561,301,644,241,713,205,NaN,NaN,NaN,NaN,NaN,NaN,NaN,NaN,NaN,NaN,NaN,NaN
944,4,0,664,695,560,300,644,239,714,203,NaN,NaN,NaN,NaN,NaN,NaN,NaN,NaN,NaN,NaN,NaN,NaN
945,4,0,662,695,560,299,645,238,714,201,NaN,NaN,NaN,NaN,NaN,NaN,NaN,NaN,NaN,NaN,NaN,NaN
946,4,0,659,695,561,298,645,237,715,200,NaN,NaN,NaN,NaN,NaN,NaN,NaN,NaN,NaN,NaN,NaN,NaN
947,4,0,657,695,561,297,645,235,715,199,NaN,NaN,NaN,NaN,NaN,NaN,NaN,NaN,NaN,NaN,NaN,NaN
948,4,0,655,695,560,297,645,234,716,197,NaN,NaN,NaN,NaN,NaN,NaN,NaN,NaN,NaN,NaN,NaN,NaN
949,4,0,653,695,560,296,645,233,716,196,NaN,NaN,NaN,NaN,NaN,NaN,NaN,NaN,NaN,NaN,NaN,NaN
950,4,0,651,695,560,295,646,232,716,195,NaN,NaN,NaN,NaN,NaN,NaN,NaN,NaN,NaN,NaN,NaN,NaN
951,4,0,649,695,560,294,646,231,717,194,NaN,NaN,NaN,NaN,NaN,NaN,NaN,NaN,NaN,NaN,NaN,NaN
952,4,0,646,695,560,293,646,230,717,193,NaN,NaN,NaN,NaN,NaN,NaN,NaN,NaN,NaN,NaN,NaN,NaN
953,4,0,644,695,560,293,646,229,718,192,NaN,NaN,NaN,NaN,NaN,NaN,NaN,NaN,NaN,NaN,NaN,NaN
954,4,0,642,695,559,293,646,229,718,191,NaN,NaN,NaN,NaN,NaN,NaN,NaN,NaN,NaN,NaN,NaN,NaN
955,4,0,638,695,559,293,646,229,718,191,NaN,NaN,NaN,NaN,NaN,NaN,NaN,NaN,NaN,NaN,NaN,NaN
956,4,0,634,695,558,294,646,229,718,191,NaN,NaN,NaN,NaN,NaN,NaN,NaN,NaN,NaN,NaN,NaN,NaN
957,4,0,635,695,557,295,645,230,718,192,NaN,NaN,NaN,NaN,NaN,NaN,NaN,NaN,NaN,NaN,NaN,NaN
958,4,0,631,695,557,296,645,230,718,192,NaN,NaN,NaN,NaN,NaN,NaN,NaN,NaN,NaN,NaN,NaN,NaN
959,4,0,628,695,556,298,645,231,718,193,NaN,NaN,NaN,NaN,NaN,NaN,NaN,NaN,NaN,NaN,NaN,NaN
960,4,0,625,695,555,300,644,232,718,193,NaN,NaN,NaN,NaN,NaN,NaN,NaN,NaN,NaN,NaN,NaN,NaN
961,4,0,622,695,555,301,645,233,718,194,NaN,NaN,NaN,NaN,NaN,NaN,NaN,NaN,NaN,NaN,NaN,NaN
962,4,0,620,695,555,302,645,233,719,194,NaN,NaN,NaN,NaN,NaN,NaN,NaN,NaN,NaN,NaN,NaN,NaN
963,4,0,618,695,555,303,645,233,719,194,NaN,NaN,NaN,NaN,NaN,NaN,NaN,NaN,NaN,NaN,NaN,NaN
964,4,0,616,695,555,304,645,234,720,194,NaN,NaN,NaN,NaN,NaN,NaN,NaN,NaN,NaN,NaN,NaN,NaN
965,4,0,614,695,555,305,645,234,720,194,NaN,NaN,NaN,NaN,NaN,NaN,NaN,NaN,NaN,NaN,NaN,NaN
966,4,0,613,695,554,306,645,235,720,194,NaN,NaN,NaN,NaN,NaN,NaN,NaN,NaN,NaN,NaN,NaN,NaN
967,4,0,611,695,554,306,645,235,720,194,NaN,NaN,NaN,NaN,NaN,NaN,NaN,NaN,NaN,NaN,NaN,NaN
968,4,0,610,695,553,306,645,235,720,194,NaN,NaN,NaN,NaN,NaN,NaN,NaN,NaN,NaN,NaN,NaN,NaN
969,4,0,609,695,553,308,645,236,719,195,NaN,NaN,NaN,NaN,NaN,NaN,NaN,NaN,NaN,NaN,NaN,NaN
970,4,0,609,695,553,308,645,236,720,196,NaN,NaN,NaN,NaN,NaN,NaN,NaN,NaN,NaN,NaN,NaN,NaN
971,4,0,608,695,553,309,645,237,720,196,NaN,NaN,NaN,NaN,NaN,NaN,NaN,NaN,NaN,NaN,NaN,NaN
972,4,0,608,695,553,311,646,238,721,197,NaN,NaN,NaN,NaN,NaN,NaN,NaN,NaN,NaN,NaN,NaN,NaN
973,4,0,608,695,553,312,646,239,722,198,NaN,NaN,NaN,NaN,NaN,NaN,NaN,NaN,NaN,NaN,NaN,NaN
974,4,0,607,695,553,314,647,240,722,199,NaN,NaN,NaN,NaN,NaN,NaN,NaN,NaN,NaN,NaN,NaN,NaN
975,4,0,607,695,553,315,647,241,723,200,NaN,NaN,NaN,NaN,NaN,NaN,NaN,NaN,NaN,NaN,NaN,NaN
976,4,0,605,695,553,317,647,242,723,201,NaN,NaN,NaN,NaN,NaN,NaN,NaN,NaN,NaN,NaN,NaN,NaN
977,4,0,604,695,551,319,646,243,722,201,NaN,NaN,NaN,NaN,NaN,NaN,NaN,NaN,NaN,NaN,NaN,NaN
978,4,0,602,695,551,321,646,244,722,202,NaN,NaN,NaN,NaN,NaN,NaN,NaN,NaN,NaN,NaN,NaN,NaN
979,4,0,601,695,550,324,646,246,723,204,NaN,NaN,NaN,NaN,NaN,NaN,NaN,NaN,NaN,NaN,NaN,NaN
980,4,0,600,695,550,326,646,247,723,205,NaN,NaN,NaN,NaN,NaN,NaN,NaN,NaN,NaN,NaN,NaN,NaN
981,4,0,599,695,550,327,646,248,723,206,NaN,NaN,NaN,NaN,NaN,NaN,NaN,NaN,NaN,NaN,NaN,NaN
982,4,0,598,695,549,329,646,250,723,206,NaN,NaN,NaN,NaN,NaN,NaN,NaN,NaN,NaN,NaN,NaN,NaN
983,4,0,596,695,549,331,646,251,723,207,NaN,NaN,NaN,NaN,NaN,NaN,NaN,NaN,NaN,NaN,NaN,NaN
984,4,0,595,695,549,332,645,252,723,208,NaN,NaN,NaN,NaN,NaN,NaN,NaN,NaN,NaN,NaN,NaN,NaN
985,4,0,593,695,547,333,645,252,722,209,NaN,NaN,NaN,NaN,NaN,NaN,NaN,NaN,NaN,NaN,NaN,NaN
986,4,0,590,695,546,334,644,253,722,209,NaN,NaN,NaN,NaN,NaN,NaN,NaN,NaN,NaN,NaN,NaN,NaN
987,4,0,588,695,544,335,643,253,721,209,NaN,NaN,NaN,NaN,NaN,NaN,NaN,NaN,NaN,NaN,NaN,NaN
988,4,0,585,695,542,336,642,254,721,210,NaN,NaN,NaN,NaN,NaN,NaN,NaN,NaN,NaN,NaN,NaN,NaN
989,4,0,582,695,541,336,641,254,720,210,NaN,NaN,NaN,NaN,NaN,NaN,NaN,NaN,NaN,NaN,NaN,NaN
990,4,0,579,695,540,337,641,255,720,210,NaN,NaN,NaN,NaN,NaN,NaN,NaN,NaN,NaN,NaN,NaN,NaN
991,4,0,577,695,539,338,640,255,720,211,NaN,NaN,NaN,NaN,NaN,NaN,NaN,NaN,NaN,NaN,NaN,NaN
992,4,0,574,695,538,340,640,257,719,213,NaN,NaN,NaN,NaN,NaN,NaN,NaN,NaN,NaN,NaN,NaN,NaN
993,4,0,571,695,536,342,639,258,719,214,NaN,NaN,NaN,NaN,NaN,NaN,NaN,NaN,NaN,NaN,NaN,NaN
994,4,0,567,695,534,344,638,260,718,215,NaN,NaN,NaN,NaN,NaN,NaN,NaN,NaN,NaN,NaN,NaN,NaN
995,4,0,564,695,533,347,638,262,718,217,NaN,NaN,NaN,NaN,NaN,NaN,NaN,NaN,NaN,NaN,NaN,NaN
996,4,0,561,695,533,350,638,264,718,218,NaN,NaN,NaN,NaN,NaN,NaN,NaN,NaN,NaN,NaN,NaN,NaN
997,4,0,560,695,533,353,638,266,719,220,NaN,NaN,NaN,NaN,NaN,NaN,NaN,NaN,NaN,NaN,NaN,NaN
998,4,0,558,695,532,357,638,269,719,223,NaN,NaN,NaN,NaN,NaN,NaN,NaN,NaN,NaN,NaN,NaN,NaN
999,4,0,555,695,531,361,638,272,719,225,NaN,NaN,NaN,NaN,NaN,NaN,NaN,NaN,NaN,NaN,NaN,NaN
1000,4,0,553,695,530,363,637,273,719,226,NaN,NaN,NaN,NaN,NaN,NaN,NaN,NaN,NaN,NaN,NaN,NaN
1001,4,0,551,695,529,365,637,274,719,227,NaN,NaN,NaN,NaN,NaN,NaN,NaN,NaN,NaN,NaN,NaN,NaN
1002,4,0,551,695,529,365,637,274,719,227,NaN,NaN,NaN,NaN,NaN,NaN,NaN,NaN,NaN,NaN,NaN,NaN
1003,4,0,549,695,528,367,637,275,719,228,NaN,NaN,NaN,NaN,NaN,NaN,NaN,NaN,NaN,NaN,NaN,NaN
1004,4,0,548,695,528,368,637,276,719,229,NaN,NaN,NaN,NaN,NaN,NaN,NaN,NaN,NaN,NaN,NaN,NaN
1005,0,0,NaN,NaN,NaN,NaN,NaN,NaN,NaN,NaN,NaN,NaN,NaN,NaN,NaN,NaN,NaN,NaN,NaN,NaN,NaN,NaN
1006,0,0,NaN,NaN,NaN,NaN,NaN,NaN,NaN,NaN,NaN,NaN,NaN,NaN,NaN,NaN,NaN,NaN,NaN,NaN,NaN,NaN
1007,917410391,0,-1651486824,5,268705429,0,-535169136,-535318016,346,346,-534126800,-32,346,-1,13,0,-253701952,0,2102352102,0,0,0
