Frame,#ofPoints,ManualInput,X1,Y1,X2,Y2,X3,Y3,X4,Y4,X5,Y5,X6,Y6,X7,Y7,X8,Y8,X9,Y9,X10,Y10
0,3,1,554,689,588,507,682,421,NaN,NaN,NaN,NaN,NaN,NaN,NaN,NaN,NaN,NaN,NaN,NaN,NaN,NaN
1,4,0,554,689,588,507,682,421,748,315,NaN,NaN,NaN,NaN,NaN,NaN,NaN,NaN,NaN,NaN,NaN,NaN
2,4,0,555,688,590,505,683,420,749,315,NaN,NaN,NaN,NaN,NaN,NaN,NaN,NaN,NaN,NaN,NaN,NaN
3,4,0,555,688,590,504,683,420,749,314,NaN,NaN,NaN,NaN,NaN,NaN,NaN,NaN,NaN,NaN,NaN,NaN
4,4,0,556,687,590,503,684,419,750,313,NaN,NaN,NaN,NaN,NaN,NaN,NaN,NaN,NaN,NaN,NaN,NaN
5,4,0,556,686,591,502,684,418,750,312,NaN,NaN,NaN,NaN,NaN,NaN,NaN,NaN,NaN,NaN,NaN,NaN
6,4,0,556,685,592,500,685,417,751,311,NaN,NaN,NaN,NaN,NaN,NaN,NaN,NaN,NaN,NaN,NaN,NaN
7,4,0,557,684,592,499,685,416,752,310,NaN,NaN,NaN,NaN,NaN,NaN,NaN,NaN,NaN,NaN,NaN,NaN
8,4,0,557,682,593,496,686,414,753,309,NaN,NaN,NaN,NaN,NaN,NaN,NaN,NaN,NaN,NaN,NaN,NaN
9,4,0,559,681,594,495,687,413,754,308,NaN,NaN,NaN,NaN,NaN,NaN,NaN,NaN,NaN,NaN,NaN,NaN
10,4,0,559,680,595,493,688,412,754,306,NaN,NaN,NaN,NaN,NaN,NaN,NaN,NaN,NaN,NaN,NaN,NaN
11,4,0,559,678,595,492,688,411,755,305,NaN,NaN,NaN,NaN,NaN,NaN,NaN,NaN,NaN,NaN,NaN,NaN
12,4,0,560,677,597,490,689,410,756,304,NaN,NaN,NaN,NaN,NaN,NaN,NaN,NaN,NaN,NaN,NaN,NaN
13,4,0,561,677,598,489,691,409,758,302,NaN,NaN,NaN,NaN,NaN,NaN,NaN,NaN,NaN,NaN,NaN,NaN
14,4,0,564,676,600,488,693,409,761,301,NaN,NaN,NaN,NaN,NaN,NaN,NaN,NaN,NaN,NaN,NaN,NaN
15,4,0,566,677,603,487,695,409,765,300,NaN,NaN,NaN,NaN,NaN,NaN,NaN,NaN,NaN,NaN,NaN,NaN
16,4,0,570,678,605,487,697,409,767,300,NaN,NaN,NaN,NaN,NaN,NaN,NaN,NaN,NaN,NaN,NaN,NaN
17,4,0,571,678,607,486,699,409,770,299,NaN,NaN,NaN,NaN,NaN,NaN,NaN,NaN,NaN,NaN,NaN,NaN
18,4,0,573,679,609,485,700,408,774,297,NaN,NaN,NaN,NaN,NaN,NaN,NaN,NaN,NaN,NaN,NaN,NaN
19,4,0,574,680,610,484,701,407,776,295,NaN,NaN,NaN,NaN,NaN,NaN,NaN,NaN,NaN,NaN,NaN,NaN
20,4,0,575,681,611,483,702,407,778,294,NaN,NaN,NaN,NaN,NaN,NaN,NaN,NaN,NaN,NaN,NaN,NaN
21,4,0,577,682,612,482,704,406,781,293,NaN,NaN,NaN,NaN,NaN,NaN,NaN,NaN,NaN,NaN,NaN,NaN
22,4,0,579,684,614,482,705,406,785,292,NaN,NaN,NaN,NaN,NaN,NaN,NaN,NaN,NaN,NaN,NaN,NaN
23,4,0,580,687,615,482,705,407,787,290,NaN,NaN,NaN,NaN,NaN,NaN,NaN,NaN,NaN,NaN,NaN,NaN
24,4,0,580,690,615,483,705,408,790,290,NaN,NaN,NaN,NaN,NaN,NaN,NaN,NaN,NaN,NaN,NaN,NaN
25,4,0,580,694,614,484,704,409,791,290,NaN,NaN,NaN,NaN,NaN,NaN,NaN,NaN,NaN,NaN,NaN,NaN
26,4,0,580,695,614,486,703,410,793,290,NaN,NaN,NaN,NaN,NaN,NaN,NaN,NaN,NaN,NaN,NaN,NaN
27,4,0,581,695,614,486,704,411,797,289,NaN,NaN,NaN,NaN,NaN,NaN,NaN,NaN,NaN,NaN,NaN,NaN
28,4,0,585,695,617,487,706,411,804,289,NaN,NaN,NaN,NaN,NaN,NaN,NaN,NaN,NaN,NaN,NaN,NaN
29,4,0,591,695,621,488,710,411,813,289,NaN,NaN,NaN,NaN,NaN,NaN,NaN,NaN,NaN,NaN,NaN,NaN
30,4,0,598,695,627,489,715,412,821,288,NaN,NaN,NaN,NaN,NaN,NaN,NaN,NaN,NaN,NaN,NaN,NaN
31,4,0,604,695,632,491,719,414,826,289,NaN,NaN,NaN,NaN,NaN,NaN,NaN,NaN,NaN,NaN,NaN,NaN
32,4,0,610,695,636,493,723,416,830,289,NaN,NaN,NaN,NaN,NaN,NaN,NaN,NaN,NaN,NaN,NaN,NaN
33,4,0,613,695,638,495,725,417,834,291,NaN,NaN,NaN,NaN,NaN,NaN,NaN,NaN,NaN,NaN,NaN,NaN
34,4,0,616,695,641,497,727,418,838,292,NaN,NaN,NaN,NaN,NaN,NaN,NaN,NaN,NaN,NaN,NaN,NaN
35,4,0,620,695,643,499,728,420,840,293,NaN,NaN,NaN,NaN,NaN,NaN,NaN,NaN,NaN,NaN,NaN,NaN
36,4,0,623,695,646,500,730,421,842,294,NaN,NaN,NaN,NaN,NaN,NaN,NaN,NaN,NaN,NaN,NaN,NaN
37,4,0,627,695,648,501,733,422,844,294,NaN,NaN,NaN,NaN,NaN,NaN,NaN,NaN,NaN,NaN,NaN,NaN
38,4,0,630,695,651,502,735,422,848,293,NaN,NaN,NaN,NaN,NaN,NaN,NaN,NaN,NaN,NaN,NaN,NaN
39,4,0,632,695,654,502,737,422,850,293,NaN,NaN,NaN,NaN,NaN,NaN,NaN,NaN,NaN,NaN,NaN,NaN
40,4,0,635,695,656,502,739,422,852,292,NaN,NaN,NaN,NaN,NaN,NaN,NaN,NaN,NaN,NaN,NaN,NaN
41,4,0,638,695,658,502,741,422,855,291,NaN,NaN,NaN,NaN,NaN,NaN,NaN,NaN,NaN,NaN,NaN,NaN
42,4,0,641,695,661,501,743,421,859,289,NaN,NaN,NaN,NaN,NaN,NaN,NaN,NaN,NaN,NaN,NaN,NaN
43,4,0,644,695,664,500,746,420,862,287,NaN,NaN,NaN,NaN,NaN,NaN,NaN,NaN,NaN,NaN,NaN,NaN
44,4,0,647,695,666,498,749,418,865,285,NaN,NaN,NaN,NaN,NaN,NaN,NaN,NaN,NaN,NaN,NaN,NaN
45,4,0,649,695,668,497,751,417,867,283,NaN,NaN,NaN,NaN,NaN,NaN,NaN,NaN,NaN,NaN,NaN,NaN
46,4,0,651,695,670,496,753,416,869,281,NaN,NaN,NaN,NaN,NaN,NaN,NaN,NaN,NaN,NaN,NaN,NaN
47,4,0,653,695,672,495,754,415,871,279,NaN,NaN,NaN,NaN,NaN,NaN,NaN,NaN,NaN,NaN,NaN,NaN
48,3,0,654,695,673,495,755,415,NaN,NaN,NaN,NaN,NaN,NaN,NaN,NaN,NaN,NaN,NaN,NaN,NaN,NaN
49,3,0,654,695,674,495,756,415,NaN,NaN,NaN,NaN,NaN,NaN,NaN,NaN,NaN,NaN,NaN,NaN,NaN,NaN
50,3,0,655,695,674,496,756,415,NaN,NaN,NaN,NaN,NaN,NaN,NaN,NaN,NaN,NaN,NaN,NaN,NaN,NaN
51,3,0,656,695,675,497,757,416,NaN,NaN,NaN,NaN,NaN,NaN,NaN,NaN,NaN,NaN,NaN,NaN,NaN,NaN
52,3,0,655,695,675,498,757,417,NaN,NaN,NaN,NaN,NaN,NaN,NaN,NaN,NaN,NaN,NaN,NaN,NaN,NaN
53,3,0,655,695,674,500,756,419,NaN,NaN,NaN,NaN,NaN,NaN,NaN,NaN,NaN,NaN,NaN,NaN,NaN,NaN
54,3,0,654,695,673,503,756,421,NaN,NaN,NaN,NaN,NaN,NaN,NaN,NaN,NaN,NaN,NaN,NaN,NaN,NaN
55,4,0,654,695,673,507,755,424,878,276,NaN,NaN,NaN,NaN,NaN,NaN,NaN,NaN,NaN,NaN,NaN,NaN
56,4,0,654,695,674,511,756,428,879,279,NaN,NaN,NaN,NaN,NaN,NaN,NaN,NaN,NaN,NaN,NaN,NaN
57,4,0,654,695,675,515,757,431,879,280,NaN,NaN,NaN,NaN,NaN,NaN,NaN,NaN,NaN,NaN,NaN,NaN
58,4,0,655,695,676,518,758,433,880,281,NaN,NaN,NaN,NaN,NaN,NaN,NaN,NaN,NaN,NaN,NaN,NaN
59,4,0,655,695,677,520,758,435,880,281,NaN,NaN,NaN,NaN,NaN,NaN,NaN,NaN,NaN,NaN,NaN,NaN
60,4,0,655,695,676,520,757,435,880,280,NaN,NaN,NaN,NaN,NaN,NaN,NaN,NaN,NaN,NaN,NaN,NaN
61,4,0,655,695,676,520,757,434,880,279,NaN,NaN,NaN,NaN,NaN,NaN,NaN,NaN,NaN,NaN,NaN,NaN
62,4,0,655,695,675,519,756,433,880,277,NaN,NaN,NaN,NaN,NaN,NaN,NaN,NaN,NaN,NaN,NaN,NaN
63,4,0,655,695,675,519,756,433,880,276,NaN,NaN,NaN,NaN,NaN,NaN,NaN,NaN,NaN,NaN,NaN,NaN
64,3,0,655,695,675,519,756,433,NaN,NaN,NaN,NaN,NaN,NaN,NaN,NaN,NaN,NaN,NaN,NaN,NaN,NaN
65,3,0,655,695,675,520,755,433,NaN,NaN,NaN,NaN,NaN,NaN,NaN,NaN,NaN,NaN,NaN,NaN,NaN,NaN
66,3,0,655,695,674,520,754,434,NaN,NaN,NaN,NaN,NaN,NaN,NaN,NaN,NaN,NaN,NaN,NaN,NaN,NaN
67,3,0,655,695,674,521,754,434,NaN,NaN,NaN,NaN,NaN,NaN,NaN,NaN,NaN,NaN,NaN,NaN,NaN,NaN
68,3,0,655,695,674,522,753,435,NaN,NaN,NaN,NaN,NaN,NaN,NaN,NaN,NaN,NaN,NaN,NaN,NaN,NaN
69,3,0,656,695,674,524,753,436,NaN,NaN,NaN,NaN,NaN,NaN,NaN,NaN,NaN,NaN,NaN,NaN,NaN,NaN
70,3,0,657,695,674,526,752,438,NaN,NaN,NaN,NaN,NaN,NaN,NaN,NaN,NaN,NaN,NaN,NaN,NaN,NaN
71,3,0,658,695,674,529,752,440,NaN,NaN,NaN,NaN,NaN,NaN,NaN,NaN,NaN,NaN,NaN,NaN,NaN,NaN
72,4,1,658,695,674,528,752,440,883,274,NaN,NaN,NaN,NaN,NaN,NaN,NaN,NaN,NaN,NaN,NaN,NaN
73,4,0,661,695,677,531,756,440,885,276,NaN,NaN,NaN,NaN,NaN,NaN,NaN,NaN,NaN,NaN,NaN,NaN
74,4,0,664,695,678,533,760,439,886,276,NaN,NaN,NaN,NaN,NaN,NaN,NaN,NaN,NaN,NaN,NaN,NaN
75,4,0,667,695,681,536,765,439,886,277,NaN,NaN,NaN,NaN,NaN,NaN,NaN,NaN,NaN,NaN,NaN,NaN
76,4,0,670,695,684,538,769,438,886,278,NaN,NaN,NaN,NaN,NaN,NaN,NaN,NaN,NaN,NaN,NaN,NaN
77,4,0,671,695,685,541,772,437,884,279,NaN,NaN,NaN,NaN,NaN,NaN,NaN,NaN,NaN,NaN,NaN,NaN
78,4,0,671,695,686,543,774,437,882,280,NaN,NaN,NaN,NaN,NaN,NaN,NaN,NaN,NaN,NaN,NaN,NaN
79,4,0,670,695,686,545,776,435,879,281,NaN,NaN,NaN,NaN,NaN,NaN,NaN,NaN,NaN,NaN,NaN,NaN
80,4,0,669,695,685,547,778,434,877,281,NaN,NaN,NaN,NaN,NaN,NaN,NaN,NaN,NaN,NaN,NaN,NaN
81,4,0,668,695,686,549,779,433,874,282,NaN,NaN,NaN,NaN,NaN,NaN,NaN,NaN,NaN,NaN,NaN,NaN
82,4,0,667,695,686,550,782,432,872,283,NaN,NaN,NaN,NaN,NaN,NaN,NaN,NaN,NaN,NaN,NaN,NaN
83,4,0,666,695,686,552,784,430,872,283,NaN,NaN,NaN,NaN,NaN,NaN,NaN,NaN,NaN,NaN,NaN,NaN
84,4,0,665,695,687,554,786,428,871,284,NaN,NaN,NaN,NaN,NaN,NaN,NaN,NaN,NaN,NaN,NaN,NaN
85,4,0,665,695,687,555,788,426,871,284,NaN,NaN,NaN,NaN,NaN,NaN,NaN,NaN,NaN,NaN,NaN,NaN
86,4,0,663,695,688,556,791,424,871,285,NaN,NaN,NaN,NaN,NaN,NaN,NaN,NaN,NaN,NaN,NaN,NaN
87,4,0,662,695,688,557,793,422,872,286,NaN,NaN,NaN,NaN,NaN,NaN,NaN,NaN,NaN,NaN,NaN,NaN
88,4,0,660,695,687,559,794,420,871,286,NaN,NaN,NaN,NaN,NaN,NaN,NaN,NaN,NaN,NaN,NaN,NaN
89,5,1,660,695,689,557,798,417,871,286,845,241,NaN,NaN,NaN,NaN,NaN,NaN,NaN,NaN,NaN,NaN
90,5,0,661,695,687,561,797,418,869,287,842,241,NaN,NaN,NaN,NaN,NaN,NaN,NaN,NaN,NaN,NaN
91,5,0,662,695,685,564,796,420,868,287,840,242,NaN,NaN,NaN,NaN,NaN,NaN,NaN,NaN,NaN,NaN
92,5,0,663,695,683,569,795,423,867,287,837,242,NaN,NaN,NaN,NaN,NaN,NaN,NaN,NaN,NaN,NaN
93,5,0,664,695,681,573,793,425,865,288,834,242,NaN,NaN,NaN,NaN,NaN,NaN,NaN,NaN,NaN,NaN
94,5,0,662,695,678,580,791,428,863,289,829,244,NaN,NaN,NaN,NaN,NaN,NaN,NaN,NaN,NaN,NaN
95,5,0,659,695,673,587,787,432,860,293,823,247,NaN,NaN,NaN,NaN,NaN,NaN,NaN,NaN,NaN,NaN
96,5,0,655,695,667,596,782,437,856,297,817,249,NaN,NaN,NaN,NaN,NaN,NaN,NaN,NaN,NaN,NaN
97,5,0,652,695,662,604,778,442,852,301,811,252,NaN,NaN,NaN,NaN,NaN,NaN,NaN,NaN,NaN,NaN
98,5,0,648,695,657,614,775,447,848,306,806,255,NaN,NaN,NaN,NaN,NaN,NaN,NaN,NaN,NaN,NaN
99,5,0,645,695,653,622,771,452,844,309,802,257,NaN,NaN,NaN,NaN,NaN,NaN,NaN,NaN,NaN,NaN
100,5,0,641,695,648,631,767,457,839,313,796,259,NaN,NaN,NaN,NaN,NaN,NaN,NaN,NaN,NaN,NaN
101,5,0,637,695,643,639,764,461,833,316,791,261,NaN,NaN,NaN,NaN,NaN,NaN,NaN,NaN,NaN,NaN
102,5,0,632,695,638,648,759,466,828,319,785,263,NaN,NaN,NaN,NaN,NaN,NaN,NaN,NaN,NaN,NaN
103,5,0,627,695,633,657,755,471,822,322,779,266,NaN,NaN,NaN,NaN,NaN,NaN,NaN,NaN,NaN,NaN
104,5,0,622,695,628,665,752,475,817,325,773,268,NaN,NaN,NaN,NaN,NaN,NaN,NaN,NaN,NaN,NaN
105,5,0,618,695,623,674,748,480,812,328,768,270,NaN,NaN,NaN,NaN,NaN,NaN,NaN,NaN,NaN,NaN
106,4,1,618,695,749,480,812,328,768,270,NaN,NaN,NaN,NaN,NaN,NaN,NaN,NaN,NaN,NaN,NaN,NaN
107,4,0,623,695,748,481,809,330,764,271,NaN,NaN,NaN,NaN,NaN,NaN,NaN,NaN,NaN,NaN,NaN,NaN
108,4,0,627,695,746,482,806,330,762,273,NaN,NaN,NaN,NaN,NaN,NaN,NaN,NaN,NaN,NaN,NaN,NaN
109,4,0,632,695,745,482,802,332,758,274,NaN,NaN,NaN,NaN,NaN,NaN,NaN,NaN,NaN,NaN,NaN,NaN
110,4,0,635,695,744,482,800,332,755,275,NaN,NaN,NaN,NaN,NaN,NaN,NaN,NaN,NaN,NaN,NaN,NaN
111,4,0,640,695,744,483,798,332,753,276,NaN,NaN,NaN,NaN,NaN,NaN,NaN,NaN,NaN,NaN,NaN,NaN
112,4,0,644,695,744,482,796,333,751,277,NaN,NaN,NaN,NaN,NaN,NaN,NaN,NaN,NaN,NaN,NaN,NaN
113,4,0,649,695,744,483,794,335,747,278,NaN,NaN,NaN,NaN,NaN,NaN,NaN,NaN,NaN,NaN,NaN,NaN
114,4,0,654,695,744,484,792,336,746,280,NaN,NaN,NaN,NaN,NaN,NaN,NaN,NaN,NaN,NaN,NaN,NaN
115,4,0,660,695,745,485,791,338,743,283,NaN,NaN,NaN,NaN,NaN,NaN,NaN,NaN,NaN,NaN,NaN,NaN
116,4,0,666,695,745,488,790,340,741,285,NaN,NaN,NaN,NaN,NaN,NaN,NaN,NaN,NaN,NaN,NaN,NaN
117,4,0,673,695,746,491,788,343,739,287,NaN,NaN,NaN,NaN,NaN,NaN,NaN,NaN,NaN,NaN,NaN,NaN
118,4,0,679,695,747,494,786,346,736,291,NaN,NaN,NaN,NaN,NaN,NaN,NaN,NaN,NaN,NaN,NaN,NaN
119,4,0,684,695,748,497,785,349,735,293,NaN,NaN,NaN,NaN,NaN,NaN,NaN,NaN,NaN,NaN,NaN,NaN
120,4,0,689,695,748,500,784,352,732,296,NaN,NaN,NaN,NaN,NaN,NaN,NaN,NaN,NaN,NaN,NaN,NaN
121,4,0,693,695,748,503,781,355,730,299,NaN,NaN,NaN,NaN,NaN,NaN,NaN,NaN,NaN,NaN,NaN,NaN
122,4,0,696,695,747,505,778,357,726,301,NaN,NaN,NaN,NaN,NaN,NaN,NaN,NaN,NaN,NaN,NaN,NaN
123,4,0,696,695,745,507,775,360,722,304,NaN,NaN,NaN,NaN,NaN,NaN,NaN,NaN,NaN,NaN,NaN,NaN
124,4,0,697,695,743,509,771,363,719,306,NaN,NaN,NaN,NaN,NaN,NaN,NaN,NaN,NaN,NaN,NaN,NaN
125,4,0,698,695,741,511,768,365,715,308,NaN,NaN,NaN,NaN,NaN,NaN,NaN,NaN,NaN,NaN,NaN,NaN
126,4,0,699,695,741,512,765,367,713,311,NaN,NaN,NaN,NaN,NaN,NaN,NaN,NaN,NaN,NaN,NaN,NaN
127,4,0,699,695,740,512,763,369,709,313,NaN,NaN,NaN,NaN,NaN,NaN,NaN,NaN,NaN,NaN,NaN,NaN
128,4,0,700,695,739,513,760,370,707,314,NaN,NaN,NaN,NaN,NaN,NaN,NaN,NaN,NaN,NaN,NaN,NaN
129,4,0,701,695,739,513,758,371,705,316,NaN,NaN,NaN,NaN,NaN,NaN,NaN,NaN,NaN,NaN,NaN,NaN
130,4,0,701,695,738,513,756,372,703,317,NaN,NaN,NaN,NaN,NaN,NaN,NaN,NaN,NaN,NaN,NaN,NaN
131,4,0,702,695,738,513,754,373,700,318,NaN,NaN,NaN,NaN,NaN,NaN,NaN,NaN,NaN,NaN,NaN,NaN
132,4,0,702,695,737,512,752,374,698,320,NaN,NaN,NaN,NaN,NaN,NaN,NaN,NaN,NaN,NaN,NaN,NaN
133,4,0,702,695,737,512,749,376,696,321,NaN,NaN,NaN,NaN,NaN,NaN,NaN,NaN,NaN,NaN,NaN,NaN
134,4,0,702,695,736,512,748,376,694,322,NaN,NaN,NaN,NaN,NaN,NaN,NaN,NaN,NaN,NaN,NaN,NaN
135,4,0,702,695,735,513,745,378,692,323,NaN,NaN,NaN,NaN,NaN,NaN,NaN,NaN,NaN,NaN,NaN,NaN
136,4,0,702,695,735,513,743,379,689,325,NaN,NaN,NaN,NaN,NaN,NaN,NaN,NaN,NaN,NaN,NaN,NaN
137,4,0,701,695,734,514,741,381,687,327,NaN,NaN,NaN,NaN,NaN,NaN,NaN,NaN,NaN,NaN,NaN,NaN
138,4,0,700,695,733,516,738,384,684,329,NaN,NaN,NaN,NaN,NaN,NaN,NaN,NaN,NaN,NaN,NaN,NaN
139,4,0,698,695,731,517,735,387,681,332,NaN,NaN,NaN,NaN,NaN,NaN,NaN,NaN,NaN,NaN,NaN,NaN
140,4,0,697,695,729,519,732,390,678,335,NaN,NaN,NaN,NaN,NaN,NaN,NaN,NaN,NaN,NaN,NaN,NaN
141,4,0,695,695,728,521,729,393,675,338,NaN,NaN,NaN,NaN,NaN,NaN,NaN,NaN,NaN,NaN,NaN,NaN
142,4,0,694,695,728,523,727,396,673,341,NaN,NaN,NaN,NaN,NaN,NaN,NaN,NaN,NaN,NaN,NaN,NaN
143,4,0,694,695,728,524,726,399,671,343,NaN,NaN,NaN,NaN,NaN,NaN,NaN,NaN,NaN,NaN,NaN,NaN
144,4,0,693,695,727,525,723,401,670,346,NaN,NaN,NaN,NaN,NaN,NaN,NaN,NaN,NaN,NaN,NaN,NaN
145,4,1,693,695,728,521,723,401,670,346,NaN,NaN,NaN,NaN,NaN,NaN,NaN,NaN,NaN,NaN,NaN,NaN
146,4,0,694,695,726,523,721,402,667,346,NaN,NaN,NaN,NaN,NaN,NaN,NaN,NaN,NaN,NaN,NaN,NaN
147,4,0,695,695,725,525,719,403,664,346,NaN,NaN,NaN,NaN,NaN,NaN,NaN,NaN,NaN,NaN,NaN,NaN
148,4,0,695,695,724,527,718,403,662,347,NaN,NaN,NaN,NaN,NaN,NaN,NaN,NaN,NaN,NaN,NaN,NaN
149,4,0,697,695,724,529,717,404,660,347,NaN,NaN,NaN,NaN,NaN,NaN,NaN,NaN,NaN,NaN,NaN,NaN
150,4,0,698,695,723,531,715,404,658,347,NaN,NaN,NaN,NaN,NaN,NaN,NaN,NaN,NaN,NaN,NaN,NaN
151,4,0,700,695,723,533,714,405,656,347,NaN,NaN,NaN,NaN,NaN,NaN,NaN,NaN,NaN,NaN,NaN,NaN
152,4,0,701,695,723,534,713,405,653,347,NaN,NaN,NaN,NaN,NaN,NaN,NaN,NaN,NaN,NaN,NaN,NaN
153,4,0,703,695,722,536,712,406,651,348,NaN,NaN,NaN,NaN,NaN,NaN,NaN,NaN,NaN,NaN,NaN,NaN
154,4,0,705,695,722,538,711,407,649,348,NaN,NaN,NaN,NaN,NaN,NaN,NaN,NaN,NaN,NaN,NaN,NaN
155,4,0,707,695,723,540,710,408,647,348,NaN,NaN,NaN,NaN,NaN,NaN,NaN,NaN,NaN,NaN,NaN,NaN
156,4,0,710,695,723,544,710,409,645,349,NaN,NaN,NaN,NaN,NaN,NaN,NaN,NaN,NaN,NaN,NaN,NaN
157,4,0,713,695,725,548,710,411,644,351,NaN,NaN,NaN,NaN,NaN,NaN,NaN,NaN,NaN,NaN,NaN,NaN
158,4,0,717,695,727,552,711,414,644,353,NaN,NaN,NaN,NaN,NaN,NaN,NaN,NaN,NaN,NaN,NaN,NaN
159,4,0,720,695,729,556,712,416,643,354,NaN,NaN,NaN,NaN,NaN,NaN,NaN,NaN,NaN,NaN,NaN,NaN
160,4,0,724,695,732,560,713,418,643,355,NaN,NaN,NaN,NaN,NaN,NaN,NaN,NaN,NaN,NaN,NaN,NaN
161,4,0,728,695,735,564,714,420,643,357,NaN,NaN,NaN,NaN,NaN,NaN,NaN,NaN,NaN,NaN,NaN,NaN
162,4,0,731,695,737,569,715,423,642,358,NaN,NaN,NaN,NaN,NaN,NaN,NaN,NaN,NaN,NaN,NaN,NaN
163,4,0,734,695,738,573,716,425,641,360,NaN,NaN,NaN,NaN,NaN,NaN,NaN,NaN,NaN,NaN,NaN,NaN
164,4,0,734,695,738,578,714,428,639,362,NaN,NaN,NaN,NaN,NaN,NaN,NaN,NaN,NaN,NaN,NaN,NaN
165,4,0,734,695,738,583,713,431,637,364,NaN,NaN,NaN,NaN,NaN,NaN,NaN,NaN,NaN,NaN,NaN,NaN
166,4,0,735,695,738,587,712,433,635,365,NaN,NaN,NaN,NaN,NaN,NaN,NaN,NaN,NaN,NaN,NaN,NaN
167,4,0,735,695,738,591,711,435,633,367,NaN,NaN,NaN,NaN,NaN,NaN,NaN,NaN,NaN,NaN,NaN,NaN
168,4,0,735,695,738,595,710,437,631,368,NaN,NaN,NaN,NaN,NaN,NaN,NaN,NaN,NaN,NaN,NaN,NaN
169,4,0,736,695,738,598,710,439,630,369,NaN,NaN,NaN,NaN,NaN,NaN,NaN,NaN,NaN,NaN,NaN,NaN
170,4,0,736,695,738,601,709,440,629,370,NaN,NaN,NaN,NaN,NaN,NaN,NaN,NaN,NaN,NaN,NaN,NaN
171,4,0,736,695,738,603,708,441,627,370,NaN,NaN,NaN,NaN,NaN,NaN,NaN,NaN,NaN,NaN,NaN,NaN
172,4,0,736,695,738,605,708,442,626,370,NaN,NaN,NaN,NaN,NaN,NaN,NaN,NaN,NaN,NaN,NaN,NaN
173,4,0,736,695,738,607,707,442,624,370,NaN,NaN,NaN,NaN,NaN,NaN,NaN,NaN,NaN,NaN,NaN,NaN
174,4,0,736,695,737,610,706,442,622,370,NaN,NaN,NaN,NaN,NaN,NaN,NaN,NaN,NaN,NaN,NaN,NaN
175,4,0,735,695,737,612,704,443,620,370,NaN,NaN,NaN,NaN,NaN,NaN,NaN,NaN,NaN,NaN,NaN,NaN
176,4,0,735,695,736,615,703,443,619,370,NaN,NaN,NaN,NaN,NaN,NaN,NaN,NaN,NaN,NaN,NaN,NaN
177,4,0,734,695,736,619,701,444,616,370,NaN,NaN,NaN,NaN,NaN,NaN,NaN,NaN,NaN,NaN,NaN,NaN
178,4,0,733,695,735,623,700,446,614,371,NaN,NaN,NaN,NaN,NaN,NaN,NaN,NaN,NaN,NaN,NaN,NaN
179,4,0,732,695,734,629,698,448,612,373,NaN,NaN,NaN,NaN,NaN,NaN,NaN,NaN,NaN,NaN,NaN,NaN
180,4,0,730,695,732,636,696,452,609,375,NaN,NaN,NaN,NaN,NaN,NaN,NaN,NaN,NaN,NaN,NaN,NaN
181,4,0,727,695,728,646,692,457,605,380,NaN,NaN,NaN,NaN,NaN,NaN,NaN,NaN,NaN,NaN,NaN,NaN
182,4,0,724,695,725,657,688,463,600,384,NaN,NaN,NaN,NaN,NaN,NaN,NaN,NaN,NaN,NaN,NaN,NaN
183,4,0,721,695,722,667,685,470,596,389,NaN,NaN,NaN,NaN,NaN,NaN,NaN,NaN,NaN,NaN,NaN,NaN
184,3,1,721,695,685,470,596,389,NaN,NaN,NaN,NaN,NaN,NaN,NaN,NaN,NaN,NaN,NaN,NaN,NaN,NaN
185,3,0,718,695,683,473,594,392,NaN,NaN,NaN,NaN,NaN,NaN,NaN,NaN,NaN,NaN,NaN,NaN,NaN,NaN
186,3,0,717,695,682,476,594,393,NaN,NaN,NaN,NaN,NaN,NaN,NaN,NaN,NaN,NaN,NaN,NaN,NaN,NaN
187,3,0,716,695,681,478,594,395,NaN,NaN,NaN,NaN,NaN,NaN,NaN,NaN,NaN,NaN,NaN,NaN,NaN,NaN
188,3,0,715,695,681,480,593,396,NaN,NaN,NaN,NaN,NaN,NaN,NaN,NaN,NaN,NaN,NaN,NaN,NaN,NaN
189,3,0,713,695,680,481,592,397,NaN,NaN,NaN,NaN,NaN,NaN,NaN,NaN,NaN,NaN,NaN,NaN,NaN,NaN
190,3,0,711,695,677,483,590,398,NaN,NaN,NaN,NaN,NaN,NaN,NaN,NaN,NaN,NaN,NaN,NaN,NaN,NaN
191,3,0,708,695,675,485,587,400,NaN,NaN,NaN,NaN,NaN,NaN,NaN,NaN,NaN,NaN,NaN,NaN,NaN,NaN
192,3,0,706,695,672,486,585,401,NaN,NaN,NaN,NaN,NaN,NaN,NaN,NaN,NaN,NaN,NaN,NaN,NaN,NaN
193,3,0,704,695,669,487,582,402,NaN,NaN,NaN,NaN,NaN,NaN,NaN,NaN,NaN,NaN,NaN,NaN,NaN,NaN
194,3,0,702,695,666,488,579,403,NaN,NaN,NaN,NaN,NaN,NaN,NaN,NaN,NaN,NaN,NaN,NaN,NaN,NaN
195,3,0,700,695,664,488,577,403,NaN,NaN,NaN,NaN,NaN,NaN,NaN,NaN,NaN,NaN,NaN,NaN,NaN,NaN
196,3,0,699,695,662,489,574,404,NaN,NaN,NaN,NaN,NaN,NaN,NaN,NaN,NaN,NaN,NaN,NaN,NaN,NaN
197,3,0,699,695,661,490,573,405,NaN,NaN,NaN,NaN,NaN,NaN,NaN,NaN,NaN,NaN,NaN,NaN,NaN,NaN
198,3,0,698,695,659,492,571,407,NaN,NaN,NaN,NaN,NaN,NaN,NaN,NaN,NaN,NaN,NaN,NaN,NaN,NaN
199,3,0,697,695,657,493,569,409,NaN,NaN,NaN,NaN,NaN,NaN,NaN,NaN,NaN,NaN,NaN,NaN,NaN,NaN
200,3,0,697,695,655,495,567,411,NaN,NaN,NaN,NaN,NaN,NaN,NaN,NaN,NaN,NaN,NaN,NaN,NaN,NaN
201,3,0,696,695,654,498,564,414,NaN,NaN,NaN,NaN,NaN,NaN,NaN,NaN,NaN,NaN,NaN,NaN,NaN,NaN
202,3,0,695,695,653,502,562,418,NaN,NaN,NaN,NaN,NaN,NaN,NaN,NaN,NaN,NaN,NaN,NaN,NaN,NaN
203,3,0,695,695,652,505,561,422,NaN,NaN,NaN,NaN,NaN,NaN,NaN,NaN,NaN,NaN,NaN,NaN,NaN,NaN
204,3,0,696,695,652,510,562,425,NaN,NaN,NaN,NaN,NaN,NaN,NaN,NaN,NaN,NaN,NaN,NaN,NaN,NaN
205,3,0,698,695,652,513,562,428,NaN,NaN,NaN,NaN,NaN,NaN,NaN,NaN,NaN,NaN,NaN,NaN,NaN,NaN
206,3,0,699,695,653,516,562,431,NaN,NaN,NaN,NaN,NaN,NaN,NaN,NaN,NaN,NaN,NaN,NaN,NaN,NaN
207,3,0,700,695,653,519,561,434,NaN,NaN,NaN,NaN,NaN,NaN,NaN,NaN,NaN,NaN,NaN,NaN,NaN,NaN
208,3,0,700,695,651,522,560,437,NaN,NaN,NaN,NaN,NaN,NaN,NaN,NaN,NaN,NaN,NaN,NaN,NaN,NaN
209,3,0,700,695,651,524,559,439,NaN,NaN,NaN,NaN,NaN,NaN,NaN,NaN,NaN,NaN,NaN,NaN,NaN,NaN
210,3,0,700,695,650,526,559,441,NaN,NaN,NaN,NaN,NaN,NaN,NaN,NaN,NaN,NaN,NaN,NaN,NaN,NaN
211,3,0,700,695,649,528,558,443,NaN,NaN,NaN,NaN,NaN,NaN,NaN,NaN,NaN,NaN,NaN,NaN,NaN,NaN
212,3,0,701,695,648,530,557,445,NaN,NaN,NaN,NaN,NaN,NaN,NaN,NaN,NaN,NaN,NaN,NaN,NaN,NaN
213,3,0,702,695,647,531,557,447,NaN,NaN,NaN,NaN,NaN,NaN,NaN,NaN,NaN,NaN,NaN,NaN,NaN,NaN
214,3,0,702,695,647,532,557,448,NaN,NaN,NaN,NaN,NaN,NaN,NaN,NaN,NaN,NaN,NaN,NaN,NaN,NaN
215,3,0,704,695,646,533,557,449,NaN,NaN,NaN,NaN,NaN,NaN,NaN,NaN,NaN,NaN,NaN,NaN,NaN,NaN
216,3,0,706,695,646,533,557,450,NaN,NaN,NaN,NaN,NaN,NaN,NaN,NaN,NaN,NaN,NaN,NaN,NaN,NaN
217,3,0,707,695,645,533,556,451,NaN,NaN,NaN,NaN,NaN,NaN,NaN,NaN,NaN,NaN,NaN,NaN,NaN,NaN
218,3,0,708,695,644,534,555,452,NaN,NaN,NaN,NaN,NaN,NaN,NaN,NaN,NaN,NaN,NaN,NaN,NaN,NaN
219,3,0,709,695,643,534,554,453,NaN,NaN,NaN,NaN,NaN,NaN,NaN,NaN,NaN,NaN,NaN,NaN,NaN,NaN
220,3,0,710,695,642,535,553,454,NaN,NaN,NaN,NaN,NaN,NaN,NaN,NaN,NaN,NaN,NaN,NaN,NaN,NaN
221,3,0,711,695,640,536,553,456,NaN,NaN,NaN,NaN,NaN,NaN,NaN,NaN,NaN,NaN,NaN,NaN,NaN,NaN
222,3,1,711,695,639,534,553,456,NaN,NaN,NaN,NaN,NaN,NaN,NaN,NaN,NaN,NaN,NaN,NaN,NaN,NaN
223,3,0,705,695,636,534,550,450,NaN,NaN,NaN,NaN,NaN,NaN,NaN,NaN,NaN,NaN,NaN,NaN,NaN,NaN
224,3,0,697,695,631,536,543,446,NaN,NaN,NaN,NaN,NaN,NaN,NaN,NaN,NaN,NaN,NaN,NaN,NaN,NaN
225,3,0,691,695,627,538,534,446,NaN,NaN,NaN,NaN,NaN,NaN,NaN,NaN,NaN,NaN,NaN,NaN,NaN,NaN
226,3,0,685,695,622,541,528,445,NaN,NaN,NaN,NaN,NaN,NaN,NaN,NaN,NaN,NaN,NaN,NaN,NaN,NaN
227,3,0,679,695,618,545,517,447,NaN,NaN,NaN,NaN,NaN,NaN,NaN,NaN,NaN,NaN,NaN,NaN,NaN,NaN
228,3,0,677,692,614,549,511,446,NaN,NaN,NaN,NaN,NaN,NaN,NaN,NaN,NaN,NaN,NaN,NaN,NaN,NaN
229,3,0,675,695,609,552,504,444,NaN,NaN,NaN,NaN,NaN,NaN,NaN,NaN,NaN,NaN,NaN,NaN,NaN,NaN
230,3,0,674,695,605,555,497,442,NaN,NaN,NaN,NaN,NaN,NaN,NaN,NaN,NaN,NaN,NaN,NaN,NaN,NaN
231,4,1,673,695,600,549,491,435,480,247,NaN,NaN,NaN,NaN,NaN,NaN,NaN,NaN,NaN,NaN,NaN,NaN
232,4,1,673,695,600,549,491,435,480,247,NaN,NaN,NaN,NaN,NaN,NaN,NaN,NaN,NaN,NaN,NaN,NaN
233,4,0,664,695,595,552,487,435,478,246,NaN,NaN,NaN,NaN,NaN,NaN,NaN,NaN,NaN,NaN,NaN,NaN
234,4,0,657,695,592,556,485,436,477,246,NaN,NaN,NaN,NaN,NaN,NaN,NaN,NaN,NaN,NaN,NaN,NaN
235,4,0,652,695,589,559,484,437,477,245,NaN,NaN,NaN,NaN,NaN,NaN,NaN,NaN,NaN,NaN,NaN,NaN
236,4,0,648,695,587,562,483,437,476,244,NaN,NaN,NaN,NaN,NaN,NaN,NaN,NaN,NaN,NaN,NaN,NaN
237,4,0,646,695,585,564,483,437,477,243,NaN,NaN,NaN,NaN,NaN,NaN,NaN,NaN,NaN,NaN,NaN,NaN
238,4,0,645,695,583,565,482,436,478,241,NaN,NaN,NaN,NaN,NaN,NaN,NaN,NaN,NaN,NaN,NaN,NaN
239,4,0,645,695,582,566,483,436,480,240,NaN,NaN,NaN,NaN,NaN,NaN,NaN,NaN,NaN,NaN,NaN,NaN
240,4,0,645,695,581,567,483,435,481,238,NaN,NaN,NaN,NaN,NaN,NaN,NaN,NaN,NaN,NaN,NaN,NaN
241,4,0,646,695,579,568,484,433,483,237,NaN,NaN,NaN,NaN,NaN,NaN,NaN,NaN,NaN,NaN,NaN,NaN
242,4,0,648,695,578,569,484,432,485,236,NaN,NaN,NaN,NaN,NaN,NaN,NaN,NaN,NaN,NaN,NaN,NaN
243,4,0,650,695,578,570,485,433,486,235,NaN,NaN,NaN,NaN,NaN,NaN,NaN,NaN,NaN,NaN,NaN,NaN
244,4,0,652,695,576,574,486,434,489,237,NaN,NaN,NaN,NaN,NaN,NaN,NaN,NaN,NaN,NaN,NaN,NaN
245,4,0,655,695,575,582,486,438,490,238,NaN,NaN,NaN,NaN,NaN,NaN,NaN,NaN,NaN,NaN,NaN,NaN
246,4,0,660,695,573,591,486,441,492,241,NaN,NaN,NaN,NaN,NaN,NaN,NaN,NaN,NaN,NaN,NaN,NaN
247,4,1,661,692,570,588,486,440,492,241,NaN,NaN,NaN,NaN,NaN,NaN,NaN,NaN,NaN,NaN,NaN,NaN
248,4,0,617,695,577,598,494,440,497,241,NaN,NaN,NaN,NaN,NaN,NaN,NaN,NaN,NaN,NaN,NaN,NaN
249,4,1,617,695,577,598,494,440,497,241,NaN,NaN,NaN,NaN,NaN,NaN,NaN,NaN,NaN,NaN,NaN,NaN
250,4,1,617,695,577,598,494,440,497,241,NaN,NaN,NaN,NaN,NaN,NaN,NaN,NaN,NaN,NaN,NaN,NaN
251,5,1,630,690,556,535,482,417,533,254,589,200,NaN,NaN,NaN,NaN,NaN,NaN,NaN,NaN,NaN,NaN
252,5,0,628,695,562,547,488,422,539,258,595,203,NaN,NaN,NaN,NaN,NaN,NaN,NaN,NaN,NaN,NaN
253,5,0,630,695,568,558,491,432,545,262,601,206,NaN,NaN,NaN,NaN,NaN,NaN,NaN,NaN,NaN,NaN
254,5,1,630,695,568,558,491,432,545,262,601,206,NaN,NaN,NaN,NaN,NaN,NaN,NaN,NaN,NaN,NaN
255,5,0,627,695,571,561,500,431,550,263,606,206,NaN,NaN,NaN,NaN,NaN,NaN,NaN,NaN,NaN,NaN
256,5,0,625,695,572,560,503,428,555,263,612,206,NaN,NaN,NaN,NaN,NaN,NaN,NaN,NaN,NaN,NaN
257,5,0,624,695,571,560,505,436,559,262,617,204,NaN,NaN,NaN,NaN,NaN,NaN,NaN,NaN,NaN,NaN
258,5,0,622,695,571,558,507,435,562,260,620,201,NaN,NaN,NaN,NaN,NaN,NaN,NaN,NaN,NaN,NaN
259,5,0,620,695,567,558,508,428,566,258,623,198,NaN,NaN,NaN,NaN,NaN,NaN,NaN,NaN,NaN,NaN
260,5,0,618,695,565,556,510,423,568,256,626,195,NaN,NaN,NaN,NaN,NaN,NaN,NaN,NaN,NaN,NaN
261,5,0,616,695,563,554,513,417,571,254,629,192,NaN,NaN,NaN,NaN,NaN,NaN,NaN,NaN,NaN,NaN
262,5,0,614,695,560,551,515,411,574,252,632,190,NaN,NaN,NaN,NaN,NaN,NaN,NaN,NaN,NaN,NaN
263,5,0,611,695,557,551,517,407,576,252,636,189,NaN,NaN,NaN,NaN,NaN,NaN,NaN,NaN,NaN,NaN
264,5,0,607,695,553,550,519,404,578,252,639,189,NaN,NaN,NaN,NaN,NaN,NaN,NaN,NaN,NaN,NaN
265,5,0,605,695,550,549,521,400,581,253,643,189,NaN,NaN,NaN,NaN,NaN,NaN,NaN,NaN,NaN,NaN
266,5,0,602,695,547,549,523,397,584,254,646,190,NaN,NaN,NaN,NaN,NaN,NaN,NaN,NaN,NaN,NaN
267,5,0,601,695,544,548,525,394,588,255,650,191,NaN,NaN,NaN,NaN,NaN,NaN,NaN,NaN,NaN,NaN
268,5,0,600,695,541,548,528,391,591,258,655,193,NaN,NaN,NaN,NaN,NaN,NaN,NaN,NaN,NaN,NaN
269,5,0,600,695,540,549,533,390,596,261,660,195,NaN,NaN,NaN,NaN,NaN,NaN,NaN,NaN,NaN,NaN
270,5,0,601,695,539,549,538,387,601,263,666,197,NaN,NaN,NaN,NaN,NaN,NaN,NaN,NaN,NaN,NaN
271,5,0,602,695,539,547,543,384,606,266,672,199,NaN,NaN,NaN,NaN,NaN,NaN,NaN,NaN,NaN,NaN
272,5,0,604,695,537,546,547,381,611,268,677,201,NaN,NaN,NaN,NaN,NaN,NaN,NaN,NaN,NaN,NaN
273,5,1,604,695,534,539,548,375,611,268,677,201,NaN,NaN,NaN,NaN,NaN,NaN,NaN,NaN,NaN,NaN
274,5,0,603,695,566,633,536,461,598,279,670,211,NaN,NaN,NaN,NaN,NaN,NaN,NaN,NaN,NaN,NaN
275,5,1,603,695,532,579,542,418,582,288,660,219,NaN,NaN,NaN,NaN,NaN,NaN,NaN,NaN,NaN,NaN
276,5,0,600,695,534,584,545,421,586,290,666,222,NaN,NaN,NaN,NaN,NaN,NaN,NaN,NaN,NaN,NaN
277,5,0,597,695,537,589,550,426,590,292,672,224,NaN,NaN,NaN,NaN,NaN,NaN,NaN,NaN,NaN,NaN
278,5,0,595,695,540,593,553,430,593,295,677,228,NaN,NaN,NaN,NaN,NaN,NaN,NaN,NaN,NaN,NaN
279,5,0,593,695,542,598,556,433,597,297,683,231,NaN,NaN,NaN,NaN,NaN,NaN,NaN,NaN,NaN,NaN
280,5,0,591,695,544,602,559,436,600,299,688,234,NaN,NaN,NaN,NaN,NaN,NaN,NaN,NaN,NaN,NaN
281,5,0,589,695,546,607,562,439,603,300,693,235,NaN,NaN,NaN,NaN,NaN,NaN,NaN,NaN,NaN,NaN
282,5,0,587,695,547,612,564,443,606,302,698,238,NaN,NaN,NaN,NaN,NaN,NaN,NaN,NaN,NaN,NaN
283,5,0,585,695,549,617,567,446,609,305,704,241,NaN,NaN,NaN,NaN,NaN,NaN,NaN,NaN,NaN,NaN
284,5,0,583,695,551,622,569,450,612,307,709,244,NaN,NaN,NaN,NaN,NaN,NaN,NaN,NaN,NaN,NaN
285,5,0,581,695,554,629,572,453,616,309,714,247,NaN,NaN,NaN,NaN,NaN,NaN,NaN,NaN,NaN,NaN
286,5,0,579,695,556,637,575,458,619,312,720,250,NaN,NaN,NaN,NaN,NaN,NaN,NaN,NaN,NaN,NaN
287,5,0,577,695,559,646,578,463,623,315,726,254,NaN,NaN,NaN,NaN,NaN,NaN,NaN,NaN,NaN,NaN
288,5,0,576,695,563,656,582,469,627,319,731,259,NaN,NaN,NaN,NaN,NaN,NaN,NaN,NaN,NaN,NaN
289,5,0,578,686,567,667,586,475,631,323,737,264,NaN,NaN,NaN,NaN,NaN,NaN,NaN,NaN,NaN,NaN
290,4,1,567,678,586,475,631,323,739,265,NaN,NaN,NaN,NaN,NaN,NaN,NaN,NaN,NaN,NaN,NaN,NaN
291,4,0,572,689,592,477,636,325,743,267,NaN,NaN,NaN,NaN,NaN,NaN,NaN,NaN,NaN,NaN,NaN,NaN
292,4,0,579,695,598,479,642,327,750,268,NaN,NaN,NaN,NaN,NaN,NaN,NaN,NaN,NaN,NaN,NaN,NaN
293,4,0,586,695,604,479,649,328,757,268,NaN,NaN,NaN,NaN,NaN,NaN,NaN,NaN,NaN,NaN,NaN,NaN
294,4,0,591,695,611,480,656,329,763,270,NaN,NaN,NaN,NaN,NaN,NaN,NaN,NaN,NaN,NaN,NaN,NaN
295,4,0,597,695,615,483,660,333,769,273,NaN,NaN,NaN,NaN,NaN,NaN,NaN,NaN,NaN,NaN,NaN,NaN
296,4,0,600,695,619,486,664,338,773,277,NaN,NaN,NaN,NaN,NaN,NaN,NaN,NaN,NaN,NaN,NaN,NaN
297,4,0,602,695,621,490,667,343,776,282,NaN,NaN,NaN,NaN,NaN,NaN,NaN,NaN,NaN,NaN,NaN,NaN
298,4,0,603,695,623,495,670,349,779,288,NaN,NaN,NaN,NaN,NaN,NaN,NaN,NaN,NaN,NaN,NaN,NaN
299,4,0,604,695,625,499,671,354,780,293,NaN,NaN,NaN,NaN,NaN,NaN,NaN,NaN,NaN,NaN,NaN,NaN
300,4,0,604,695,626,503,673,359,782,299,NaN,NaN,NaN,NaN,NaN,NaN,NaN,NaN,NaN,NaN,NaN,NaN
301,4,0,605,695,627,507,675,364,784,304,NaN,NaN,NaN,NaN,NaN,NaN,NaN,NaN,NaN,NaN,NaN,NaN
302,4,0,605,695,629,509,676,369,786,309,NaN,NaN,NaN,NaN,NaN,NaN,NaN,NaN,NaN,NaN,NaN,NaN
303,4,0,606,695,630,512,679,372,787,312,NaN,NaN,NaN,NaN,NaN,NaN,NaN,NaN,NaN,NaN,NaN,NaN
304,4,0,606,695,631,512,680,375,789,315,NaN,NaN,NaN,NaN,NaN,NaN,NaN,NaN,NaN,NaN,NaN,NaN
305,4,0,607,695,633,512,683,377,791,318,NaN,NaN,NaN,NaN,NaN,NaN,NaN,NaN,NaN,NaN,NaN,NaN
306,4,0,607,695,635,512,685,379,794,320,NaN,NaN,NaN,NaN,NaN,NaN,NaN,NaN,NaN,NaN,NaN,NaN
307,4,0,608,695,638,512,687,381,797,322,NaN,NaN,NaN,NaN,NaN,NaN,NaN,NaN,NaN,NaN,NaN,NaN
308,4,0,609,695,640,512,691,383,800,325,NaN,NaN,NaN,NaN,NaN,NaN,NaN,NaN,NaN,NaN,NaN,NaN
309,4,0,610,695,642,512,693,385,803,327,NaN,NaN,NaN,NaN,NaN,NaN,NaN,NaN,NaN,NaN,NaN,NaN
310,4,0,611,695,644,512,697,387,806,330,NaN,NaN,NaN,NaN,NaN,NaN,NaN,NaN,NaN,NaN,NaN,NaN
311,4,0,611,695,646,512,699,389,809,332,NaN,NaN,NaN,NaN,NaN,NaN,NaN,NaN,NaN,NaN,NaN,NaN
312,4,0,611,695,647,513,701,392,812,335,NaN,NaN,NaN,NaN,NaN,NaN,NaN,NaN,NaN,NaN,NaN,NaN
313,4,0,610,695,649,513,703,394,814,338,NaN,NaN,NaN,NaN,NaN,NaN,NaN,NaN,NaN,NaN,NaN,NaN
314,4,0,609,695,650,513,705,396,816,340,NaN,NaN,NaN,NaN,NaN,NaN,NaN,NaN,NaN,NaN,NaN,NaN
315,4,0,608,695,651,513,706,398,817,343,NaN,NaN,NaN,NaN,NaN,NaN,NaN,NaN,NaN,NaN,NaN,NaN
316,4,0,607,695,652,512,708,399,819,344,NaN,NaN,NaN,NaN,NaN,NaN,NaN,NaN,NaN,NaN,NaN,NaN
317,4,0,606,695,652,511,709,401,820,346,NaN,NaN,NaN,NaN,NaN,NaN,NaN,NaN,NaN,NaN,NaN,NaN
318,4,0,604,695,653,510,709,402,821,348,NaN,NaN,NaN,NaN,NaN,NaN,NaN,NaN,NaN,NaN,NaN,NaN
319,4,0,603,695,653,508,710,404,821,350,NaN,NaN,NaN,NaN,NaN,NaN,NaN,NaN,NaN,NaN,NaN,NaN
320,4,0,601,695,653,507,710,405,821,351,NaN,NaN,NaN,NaN,NaN,NaN,NaN,NaN,NaN,NaN,NaN,NaN
321,4,0,598,695,653,504,711,406,821,353,NaN,NaN,NaN,NaN,NaN,NaN,NaN,NaN,NaN,NaN,NaN,NaN
322,4,0,596,695,652,502,710,407,821,354,NaN,NaN,NaN,NaN,NaN,NaN,NaN,NaN,NaN,NaN,NaN,NaN
323,4,0,593,695,651,499,710,407,820,355,NaN,NaN,NaN,NaN,NaN,NaN,NaN,NaN,NaN,NaN,NaN,NaN
324,4,1,593,695,653,494,711,406,821,355,NaN,NaN,NaN,NaN,NaN,NaN,NaN,NaN,NaN,NaN,NaN,NaN
325,4,0,592,695,650,491,712,404,820,350,NaN,NaN,NaN,NaN,NaN,NaN,NaN,NaN,NaN,NaN,NaN,NaN
326,4,0,591,695,648,489,713,401,819,344,NaN,NaN,NaN,NaN,NaN,NaN,NaN,NaN,NaN,NaN,NaN,NaN
327,4,0,590,695,646,485,715,399,818,337,NaN,NaN,NaN,NaN,NaN,NaN,NaN,NaN,NaN,NaN,NaN,NaN
328,4,0,590,695,644,481,717,395,818,331,NaN,NaN,NaN,NaN,NaN,NaN,NaN,NaN,NaN,NaN,NaN,NaN
329,4,0,590,695,643,478,719,392,818,324,NaN,NaN,NaN,NaN,NaN,NaN,NaN,NaN,NaN,NaN,NaN,NaN
330,4,0,589,695,642,474,721,389,817,318,NaN,NaN,NaN,NaN,NaN,NaN,NaN,NaN,NaN,NaN,NaN,NaN
331,4,1,589,695,641,469,724,385,817,311,NaN,NaN,NaN,NaN,NaN,NaN,NaN,NaN,NaN,NaN,NaN,NaN
332,4,0,590,695,641,467,725,383,819,308,NaN,NaN,NaN,NaN,NaN,NaN,NaN,NaN,NaN,NaN,NaN,NaN
333,4,0,591,695,642,467,726,381,821,307,NaN,NaN,NaN,NaN,NaN,NaN,NaN,NaN,NaN,NaN,NaN,NaN
334,4,0,593,695,643,465,728,379,822,304,NaN,NaN,NaN,NaN,NaN,NaN,NaN,NaN,NaN,NaN,NaN,NaN
335,4,0,595,695,645,465,728,378,825,303,NaN,NaN,NaN,NaN,NaN,NaN,NaN,NaN,NaN,NaN,NaN,NaN
336,4,0,597,695,647,464,731,376,827,301,NaN,NaN,NaN,NaN,NaN,NaN,NaN,NaN,NaN,NaN,NaN,NaN
337,4,0,601,695,649,464,733,374,830,299,NaN,NaN,NaN,NaN,NaN,NaN,NaN,NaN,NaN,NaN,NaN,NaN
338,4,0,604,695,651,463,736,373,834,297,NaN,NaN,NaN,NaN,NaN,NaN,NaN,NaN,NaN,NaN,NaN,NaN
339,4,0,609,695,654,464,739,371,838,295,NaN,NaN,NaN,NaN,NaN,NaN,NaN,NaN,NaN,NaN,NaN,NaN
340,4,0,614,695,660,464,745,370,844,293,NaN,NaN,NaN,NaN,NaN,NaN,NaN,NaN,NaN,NaN,NaN,NaN
341,4,0,620,695,665,464,750,369,850,291,NaN,NaN,NaN,NaN,NaN,NaN,NaN,NaN,NaN,NaN,NaN,NaN
342,4,0,625,695,669,464,754,368,855,290,NaN,NaN,NaN,NaN,NaN,NaN,NaN,NaN,NaN,NaN,NaN,NaN
343,4,0,629,695,671,464,757,367,859,288,NaN,NaN,NaN,NaN,NaN,NaN,NaN,NaN,NaN,NaN,NaN,NaN
344,4,0,631,695,672,464,758,366,860,286,NaN,NaN,NaN,NaN,NaN,NaN,NaN,NaN,NaN,NaN,NaN,NaN
345,4,0,631,695,671,463,758,364,859,285,NaN,NaN,NaN,NaN,NaN,NaN,NaN,NaN,NaN,NaN,NaN,NaN
346,4,0,630,695,670,461,757,362,858,282,NaN,NaN,NaN,NaN,NaN,NaN,NaN,NaN,NaN,NaN,NaN,NaN
347,4,0,629,695,669,461,756,360,858,280,NaN,NaN,NaN,NaN,NaN,NaN,NaN,NaN,NaN,NaN,NaN,NaN
348,4,0,628,695,669,460,756,358,858,278,NaN,NaN,NaN,NaN,NaN,NaN,NaN,NaN,NaN,NaN,NaN,NaN
349,4,0,627,695,669,459,757,356,859,275,NaN,NaN,NaN,NaN,NaN,NaN,NaN,NaN,NaN,NaN,NaN,NaN
350,4,0,627,695,669,458,758,354,860,273,NaN,NaN,NaN,NaN,NaN,NaN,NaN,NaN,NaN,NaN,NaN,NaN
351,4,0,627,695,669,458,759,352,861,271,NaN,NaN,NaN,NaN,NaN,NaN,NaN,NaN,NaN,NaN,NaN,NaN
352,4,0,626,695,669,458,760,351,862,269,NaN,NaN,NaN,NaN,NaN,NaN,NaN,NaN,NaN,NaN,NaN,NaN
353,4,0,626,695,669,457,761,349,863,267,NaN,NaN,NaN,NaN,NaN,NaN,NaN,NaN,NaN,NaN,NaN,NaN
354,4,0,624,695,668,457,761,347,864,266,NaN,NaN,NaN,NaN,NaN,NaN,NaN,NaN,NaN,NaN,NaN,NaN
355,4,0,623,695,668,457,762,346,865,264,NaN,NaN,NaN,NaN,NaN,NaN,NaN,NaN,NaN,NaN,NaN,NaN
356,4,0,622,695,667,457,763,345,866,262,NaN,NaN,NaN,NaN,NaN,NaN,NaN,NaN,NaN,NaN,NaN,NaN
357,4,0,620,695,666,458,763,344,866,260,NaN,NaN,NaN,NaN,NaN,NaN,NaN,NaN,NaN,NaN,NaN,NaN
358,4,0,617,695,665,458,763,343,866,259,NaN,NaN,NaN,NaN,NaN,NaN,NaN,NaN,NaN,NaN,NaN,NaN
359,4,0,615,695,663,459,763,342,866,257,NaN,NaN,NaN,NaN,NaN,NaN,NaN,NaN,NaN,NaN,NaN,NaN
360,4,0,612,695,661,460,763,341,866,256,NaN,NaN,NaN,NaN,NaN,NaN,NaN,NaN,NaN,NaN,NaN,NaN
361,4,0,609,695,660,461,763,341,865,255,NaN,NaN,NaN,NaN,NaN,NaN,NaN,NaN,NaN,NaN,NaN,NaN
362,4,0,607,695,659,463,763,341,866,254,NaN,NaN,NaN,NaN,NaN,NaN,NaN,NaN,NaN,NaN,NaN,NaN
363,4,0,605,695,659,464,764,340,867,253,NaN,NaN,NaN,NaN,NaN,NaN,NaN,NaN,NaN,NaN,NaN,NaN
364,4,0,603,695,658,465,764,340,867,252,NaN,NaN,NaN,NaN,NaN,NaN,NaN,NaN,NaN,NaN,NaN,NaN
365,4,0,600,695,656,466,764,340,867,251,NaN,NaN,NaN,NaN,NaN,NaN,NaN,NaN,NaN,NaN,NaN,NaN
366,4,0,597,695,655,467,764,339,866,249,NaN,NaN,NaN,NaN,NaN,NaN,NaN,NaN,NaN,NaN,NaN,NaN
367,5,1,597,695,656,464,766,337,868,247,952,207,NaN,NaN,NaN,NaN,NaN,NaN,NaN,NaN,NaN,NaN
368,5,0,599,695,657,466,769,339,869,248,951,210,NaN,NaN,NaN,NaN,NaN,NaN,NaN,NaN,NaN,NaN
369,5,0,600,695,660,469,771,340,871,251,949,211,NaN,NaN,NaN,NaN,NaN,NaN,NaN,NaN,NaN,NaN
370,5,0,602,695,662,472,773,342,873,253,949,214,NaN,NaN,NaN,NaN,NaN,NaN,NaN,NaN,NaN,NaN
371,5,0,602,695,665,476,776,343,874,256,948,217,NaN,NaN,NaN,NaN,NaN,NaN,NaN,NaN,NaN,NaN
372,5,0,602,695,667,478,777,344,876,257,948,219,NaN,NaN,NaN,NaN,NaN,NaN,NaN,NaN,NaN,NaN
373,5,0,600,695,669,480,777,345,877,259,946,221,NaN,NaN,NaN,NaN,NaN,NaN,NaN,NaN,NaN,NaN
374,5,0,598,695,671,483,776,347,878,261,945,223,NaN,NaN,NaN,NaN,NaN,NaN,NaN,NaN,NaN,NaN
375,5,0,597,695,673,485,776,348,878,264,943,226,NaN,NaN,NaN,NaN,NaN,NaN,NaN,NaN,NaN,NaN
376,5,0,594,695,675,489,777,350,879,267,941,229,NaN,NaN,NaN,NaN,NaN,NaN,NaN,NaN,NaN,NaN
377,5,0,591,695,677,494,778,353,879,271,939,233,NaN,NaN,NaN,NaN,NaN,NaN,NaN,NaN,NaN,NaN
378,5,1,591,695,682,493,781,353,883,272,940,235,NaN,NaN,NaN,NaN,NaN,NaN,NaN,NaN,NaN,NaN
379,5,0,629,695,679,502,777,359,879,276,935,238,NaN,NaN,NaN,NaN,NaN,NaN,NaN,NaN,NaN,NaN
380,5,1,663,687,678,504,776,360,878,277,934,239,NaN,NaN,NaN,NaN,NaN,NaN,NaN,NaN,NaN,NaN
381,5,0,664,695,677,509,776,363,877,279,933,240,NaN,NaN,NaN,NaN,NaN,NaN,NaN,NaN,NaN,NaN
382,5,0,666,695,677,513,776,365,877,279,932,240,NaN,NaN,NaN,NaN,NaN,NaN,NaN,NaN,NaN,NaN
383,5,0,669,695,679,518,778,368,877,281,933,241,NaN,NaN,NaN,NaN,NaN,NaN,NaN,NaN,NaN,NaN
384,5,0,672,695,680,523,779,371,878,282,933,242,NaN,NaN,NaN,NaN,NaN,NaN,NaN,NaN,NaN,NaN
385,5,1,672,695,680,523,779,371,878,282,933,242,NaN,NaN,NaN,NaN,NaN,NaN,NaN,NaN,NaN,NaN
386,5,1,674,695,681,528,779,374,878,284,932,243,NaN,NaN,NaN,NaN,NaN,NaN,NaN,NaN,NaN,NaN
387,5,0,676,695,681,534,779,377,877,286,931,245,NaN,NaN,NaN,NaN,NaN,NaN,NaN,NaN,NaN,NaN
388,5,0,678,695,680,540,780,380,877,288,930,246,NaN,NaN,NaN,NaN,NaN,NaN,NaN,NaN,NaN,NaN
389,5,0,679,695,680,545,781,383,876,289,929,247,NaN,NaN,NaN,NaN,NaN,NaN,NaN,NaN,NaN,NaN
390,5,0,680,695,679,550,780,386,875,291,927,248,NaN,NaN,NaN,NaN,NaN,NaN,NaN,NaN,NaN,NaN
391,5,0,679,695,678,555,779,389,873,293,926,249,NaN,NaN,NaN,NaN,NaN,NaN,NaN,NaN,NaN,NaN
392,5,0,679,695,677,560,779,392,872,294,924,250,NaN,NaN,NaN,NaN,NaN,NaN,NaN,NaN,NaN,NaN
393,5,0,679,695,676,564,777,394,871,295,924,250,NaN,NaN,NaN,NaN,NaN,NaN,NaN,NaN,NaN,NaN
394,5,0,680,695,676,568,778,395,871,295,923,250,NaN,NaN,NaN,NaN,NaN,NaN,NaN,NaN,NaN,NaN
395,5,0,681,695,676,571,778,395,870,295,923,250,NaN,NaN,NaN,NaN,NaN,NaN,NaN,NaN,NaN,NaN
396,5,0,682,695,676,572,778,395,871,293,923,248,NaN,NaN,NaN,NaN,NaN,NaN,NaN,NaN,NaN,NaN
397,5,1,683,695,676,573,779,394,871,291,923,245,NaN,NaN,NaN,NaN,NaN,NaN,NaN,NaN,NaN,NaN
398,5,0,685,695,677,574,780,392,872,288,924,243,NaN,NaN,NaN,NaN,NaN,NaN,NaN,NaN,NaN,NaN
399,5,0,687,695,678,575,781,390,874,285,926,240,NaN,NaN,NaN,NaN,NaN,NaN,NaN,NaN,NaN,NaN
400,5,0,689,695,679,577,783,389,875,283,927,237,NaN,NaN,NaN,NaN,NaN,NaN,NaN,NaN,NaN,NaN
401,5,1,690,695,680,581,784,389,876,281,928,235,NaN,NaN,NaN,NaN,NaN,NaN,NaN,NaN,NaN,NaN
402,5,0,688,695,696,547,794,378,894,281,985,241,NaN,NaN,NaN,NaN,NaN,NaN,NaN,NaN,NaN,NaN
403,5,1,685,695,711,507,803,365,910,281,1041,248,NaN,NaN,NaN,NaN,NaN,NaN,NaN,NaN,NaN,NaN
404,5,0,684,695,710,512,802,367,910,282,1042,249,NaN,NaN,NaN,NaN,NaN,NaN,NaN,NaN,NaN,NaN
405,5,0,685,695,709,519,802,370,911,283,1043,249,NaN,NaN,NaN,NaN,NaN,NaN,NaN,NaN,NaN,NaN
406,5,0,686,695,706,527,800,375,910,285,1043,251,NaN,NaN,NaN,NaN,NaN,NaN,NaN,NaN,NaN,NaN
407,5,0,687,695,704,536,800,379,910,288,1043,253,NaN,NaN,NaN,NaN,NaN,NaN,NaN,NaN,NaN,NaN
408,5,1,688,695,703,546,799,384,911,290,1045,255,NaN,NaN,NaN,NaN,NaN,NaN,NaN,NaN,NaN,NaN
409,5,0,691,695,710,534,806,381,922,293,1062,251,NaN,NaN,NaN,NaN,NaN,NaN,NaN,NaN,NaN,NaN
410,5,0,692,695,717,520,814,379,933,295,1083,251,NaN,NaN,NaN,NaN,NaN,NaN,NaN,NaN,NaN,NaN
411,5,0,692,695,727,507,825,376,947,298,1115,252,NaN,NaN,NaN,NaN,NaN,NaN,NaN,NaN,NaN,NaN
412,5,1,692,695,735,483,832,369,958,297,1135,249,NaN,NaN,NaN,NaN,NaN,NaN,NaN,NaN,NaN,NaN
413,5,0,698,695,740,495,834,376,961,303,1140,254,NaN,NaN,NaN,NaN,NaN,NaN,NaN,NaN,NaN,NaN
414,5,1,698,695,740,495,834,376,961,303,1140,254,NaN,NaN,NaN,NaN,NaN,NaN,NaN,NaN,NaN,NaN
415,5,0,702,695,739,507,833,385,960,311,1140,261,NaN,NaN,NaN,NaN,NaN,NaN,NaN,NaN,NaN,NaN
416,5,0,703,695,737,520,831,394,958,319,1138,268,NaN,NaN,NaN,NaN,NaN,NaN,NaN,NaN,NaN,NaN
417,5,1,703,695,737,520,831,394,958,319,1138,268,NaN,NaN,NaN,NaN,NaN,NaN,NaN,NaN,NaN,NaN
418,5,0,703,695,735,534,828,404,955,329,1139,273,NaN,NaN,NaN,NaN,NaN,NaN,NaN,NaN,NaN,NaN
419,5,0,713,695,733,548,825,413,952,338,1139,278,NaN,NaN,NaN,NaN,NaN,NaN,NaN,NaN,NaN,NaN
420,5,0,715,695,730,561,823,421,948,346,1137,282,NaN,NaN,NaN,NaN,NaN,NaN,NaN,NaN,NaN,NaN
421,5,0,714,695,727,570,819,428,945,350,1134,289,NaN,NaN,NaN,NaN,NaN,NaN,NaN,NaN,NaN,NaN
422,5,0,710,695,725,578,817,432,942,354,1137,295,NaN,NaN,NaN,NaN,NaN,NaN,NaN,NaN,NaN,NaN
423,5,0,706,695,723,584,814,434,940,355,1142,300,NaN,NaN,NaN,NaN,NaN,NaN,NaN,NaN,NaN,NaN
424,5,1,706,695,723,584,814,434,940,355,1142,300,NaN,NaN,NaN,NaN,NaN,NaN,NaN,NaN,NaN,NaN
425,5,0,709,695,735,563,828,429,961,357,1167,306,NaN,NaN,NaN,NaN,NaN,NaN,NaN,NaN,NaN,NaN
426,5,0,711,695,747,540,843,424,981,357,1191,309,NaN,NaN,NaN,NaN,NaN,NaN,NaN,NaN,NaN,NaN
427,5,0,713,695,756,520,858,419,1002,358,1210,311,NaN,NaN,NaN,NaN,NaN,NaN,NaN,NaN,NaN,NaN
428,5,1,717,689,768,493,873,413,1023,359,1226,313,NaN,NaN,NaN,NaN,NaN,NaN,NaN,NaN,NaN,NaN
429,5,0,719,695,767,498,873,416,1022,360,1223,311,NaN,NaN,NaN,NaN,NaN,NaN,NaN,NaN,NaN,NaN
430,5,0,724,695,767,503,875,419,1024,363,1223,310,NaN,NaN,NaN,NaN,NaN,NaN,NaN,NaN,NaN,NaN
431,5,0,730,695,768,509,878,425,1027,366,1216,316,NaN,NaN,NaN,NaN,NaN,NaN,NaN,NaN,NaN,NaN
432,5,0,738,695,772,517,883,432,1032,370,1241,323,NaN,NaN,NaN,NaN,NaN,NaN,NaN,NaN,NaN,NaN
433,5,0,745,695,775,526,889,439,1038,376,1260,334,NaN,NaN,NaN,NaN,NaN,NaN,NaN,NaN,NaN,NaN
434,5,1,745,695,775,526,889,439,1038,376,1260,334,NaN,NaN,NaN,NaN,NaN,NaN,NaN,NaN,NaN,NaN
435,5,1,753,695,777,539,891,449,1039,385,1201,357,NaN,NaN,NaN,NaN,NaN,NaN,NaN,NaN,NaN,NaN
436,5,1,753,695,777,539,891,449,1039,385,1201,357,NaN,NaN,NaN,NaN,NaN,NaN,NaN,NaN,NaN,NaN
437,5,0,750,695,784,549,898,457,1040,403,1213,379,NaN,NaN,NaN,NaN,NaN,NaN,NaN,NaN,NaN,NaN
438,5,0,743,695,792,556,902,464,1040,420,1226,390,NaN,NaN,NaN,NaN,NaN,NaN,NaN,NaN,NaN,NaN
439,5,1,741,695,802,553,907,463,1041,430,1235,387,NaN,NaN,NaN,NaN,NaN,NaN,NaN,NaN,NaN,NaN
440,5,0,740,695,799,560,904,469,1039,435,1232,391,NaN,NaN,NaN,NaN,NaN,NaN,NaN,NaN,NaN,NaN
441,5,1,740,695,799,560,904,469,1039,435,1232,391,NaN,NaN,NaN,NaN,NaN,NaN,NaN,NaN,NaN,NaN
442,5,0,745,695,800,563,904,473,1038,439,1230,396,NaN,NaN,NaN,NaN,NaN,NaN,NaN,NaN,NaN,NaN
443,5,0,748,695,802,566,904,477,1038,444,1227,401,NaN,NaN,NaN,NaN,NaN,NaN,NaN,NaN,NaN,NaN
444,5,0,752,695,804,569,904,482,1039,448,1227,408,NaN,NaN,NaN,NaN,NaN,NaN,NaN,NaN,NaN,NaN
445,5,0,755,695,806,571,905,485,1040,452,1225,412,NaN,NaN,NaN,NaN,NaN,NaN,NaN,NaN,NaN,NaN
446,5,0,756,695,808,574,905,489,1041,455,1224,417,NaN,NaN,NaN,NaN,NaN,NaN,NaN,NaN,NaN,NaN
447,5,0,757,695,810,576,906,492,1040,459,1222,421,NaN,NaN,NaN,NaN,NaN,NaN,NaN,NaN,NaN,NaN
448,5,0,757,695,812,577,906,495,1040,461,1219,425,NaN,NaN,NaN,NaN,NaN,NaN,NaN,NaN,NaN,NaN
449,5,0,758,695,814,579,906,498,1040,465,1218,430,NaN,NaN,NaN,NaN,NaN,NaN,NaN,NaN,NaN,NaN
450,5,0,759,695,817,582,908,502,1041,468,1217,435,NaN,NaN,NaN,NaN,NaN,NaN,NaN,NaN,NaN,NaN
451,5,0,760,695,821,583,910,505,1043,471,1218,439,NaN,NaN,NaN,NaN,NaN,NaN,NaN,NaN,NaN,NaN
452,5,0,762,695,826,584,914,507,1047,473,1221,442,NaN,NaN,NaN,NaN,NaN,NaN,NaN,NaN,NaN,NaN
453,5,0,764,695,833,582,920,507,1053,473,1225,445,NaN,NaN,NaN,NaN,NaN,NaN,NaN,NaN,NaN,NaN
454,5,0,766,695,840,579,924,506,1059,472,1231,445,NaN,NaN,NaN,NaN,NaN,NaN,NaN,NaN,NaN,NaN
455,5,0,766,695,844,577,928,506,1062,472,1233,447,NaN,NaN,NaN,NaN,NaN,NaN,NaN,NaN,NaN,NaN
456,5,1,766,695,849,572,931,504,1064,471,1234,448,NaN,NaN,NaN,NaN,NaN,NaN,NaN,NaN,NaN,NaN
457,5,0,771,695,845,576,927,507,1061,473,1230,449,NaN,NaN,NaN,NaN,NaN,NaN,NaN,NaN,NaN,NaN
458,5,0,773,695,839,582,920,512,1054,476,1223,451,NaN,NaN,NaN,NaN,NaN,NaN,NaN,NaN,NaN,NaN
459,5,0,775,695,833,588,913,517,1047,480,1214,454,NaN,NaN,NaN,NaN,NaN,NaN,NaN,NaN,NaN,NaN
460,5,0,777,695,827,594,906,522,1040,484,1207,457,NaN,NaN,NaN,NaN,NaN,NaN,NaN,NaN,NaN,NaN
461,5,0,778,695,821,601,901,528,1035,488,1201,461,NaN,NaN,NaN,NaN,NaN,NaN,NaN,NaN,NaN,NaN
462,5,0,780,695,818,609,895,535,1030,493,1196,465,NaN,NaN,NaN,NaN,NaN,NaN,NaN,NaN,NaN,NaN
463,5,0,782,695,815,616,892,541,1026,498,1193,469,NaN,NaN,NaN,NaN,NaN,NaN,NaN,NaN,NaN,NaN
464,5,0,784,695,813,624,889,546,1023,502,1189,472,NaN,NaN,NaN,NaN,NaN,NaN,NaN,NaN,NaN,NaN
465,5,0,784,695,809,630,885,552,1019,506,1185,475,NaN,NaN,NaN,NaN,NaN,NaN,NaN,NaN,NaN,NaN
466,5,0,782,695,804,637,881,557,1014,510,1178,478,NaN,NaN,NaN,NaN,NaN,NaN,NaN,NaN,NaN,NaN
467,5,0,777,695,798,644,876,561,1007,513,1170,479,NaN,NaN,NaN,NaN,NaN,NaN,NaN,NaN,NaN,NaN
468,5,0,772,695,790,651,869,566,998,517,1160,481,NaN,NaN,NaN,NaN,NaN,NaN,NaN,NaN,NaN,NaN
469,5,0,766,695,783,658,861,571,989,521,1152,483,NaN,NaN,NaN,NaN,NaN,NaN,NaN,NaN,NaN,NaN
470,5,0,760,695,777,665,854,576,982,524,1144,486,NaN,NaN,NaN,NaN,NaN,NaN,NaN,NaN,NaN,NaN
471,4,1,760,695,854,576,982,524,1144,486,NaN,NaN,NaN,NaN,NaN,NaN,NaN,NaN,NaN,NaN,NaN,NaN
472,4,0,764,695,856,580,988,526,1145,486,NaN,NaN,NaN,NaN,NaN,NaN,NaN,NaN,NaN,NaN,NaN,NaN
473,4,0,770,695,860,584,996,526,1149,486,NaN,NaN,NaN,NaN,NaN,NaN,NaN,NaN,NaN,NaN,NaN,NaN
474,4,0,774,695,864,587,1003,527,1153,486,NaN,NaN,NaN,NaN,NaN,NaN,NaN,NaN,NaN,NaN,NaN,NaN
475,4,0,779,695,869,589,1011,528,1157,484,NaN,NaN,NaN,NaN,NaN,NaN,NaN,NaN,NaN,NaN,NaN,NaN
476,4,0,782,695,874,591,1019,528,1160,483,NaN,NaN,NaN,NaN,NaN,NaN,NaN,NaN,NaN,NaN,NaN,NaN
477,4,0,784,695,878,593,1025,528,1164,480,NaN,NaN,NaN,NaN,NaN,NaN,NaN,NaN,NaN,NaN,NaN,NaN
478,4,0,785,695,882,595,1031,527,1167,477,NaN,NaN,NaN,NaN,NaN,NaN,NaN,NaN,NaN,NaN,NaN,NaN
479,4,0,785,695,885,596,1035,526,1170,472,NaN,NaN,NaN,NaN,NaN,NaN,NaN,NaN,NaN,NaN,NaN,NaN
480,4,0,784,695,888,597,1040,525,1173,467,NaN,NaN,NaN,NaN,NaN,NaN,NaN,NaN,NaN,NaN,NaN,NaN
481,4,0,782,695,890,597,1043,524,1177,460,NaN,NaN,NaN,NaN,NaN,NaN,NaN,NaN,NaN,NaN,NaN,NaN
482,4,0,779,695,890,597,1044,522,1179,453,NaN,NaN,NaN,NaN,NaN,NaN,NaN,NaN,NaN,NaN,NaN,NaN
483,4,0,774,695,890,597,1046,521,1183,444,NaN,NaN,NaN,NaN,NaN,NaN,NaN,NaN,NaN,NaN,NaN,NaN
484,4,0,769,695,890,597,1046,520,1181,439,NaN,NaN,NaN,NaN,NaN,NaN,NaN,NaN,NaN,NaN,NaN,NaN
485,4,0,763,695,889,597,1046,518,1192,473,NaN,NaN,NaN,NaN,NaN,NaN,NaN,NaN,NaN,NaN,NaN,NaN
486,4,0,758,695,888,598,1047,517,1198,470,NaN,NaN,NaN,NaN,NaN,NaN,NaN,NaN,NaN,NaN,NaN,NaN
487,4,0,752,695,887,598,1047,516,1205,465,NaN,NaN,NaN,NaN,NaN,NaN,NaN,NaN,NaN,NaN,NaN,NaN
488,4,0,746,695,886,598,1047,514,1209,462,NaN,NaN,NaN,NaN,NaN,NaN,NaN,NaN,NaN,NaN,NaN,NaN
489,4,0,740,695,885,598,1047,512,1207,459,NaN,NaN,NaN,NaN,NaN,NaN,NaN,NaN,NaN,NaN,NaN,NaN
490,4,0,734,695,884,596,1046,510,1205,456,NaN,NaN,NaN,NaN,NaN,NaN,NaN,NaN,NaN,NaN,NaN,NaN
491,4,0,726,695,882,595,1045,507,1203,453,NaN,NaN,NaN,NaN,NaN,NaN,NaN,NaN,NaN,NaN,NaN,NaN
492,4,0,719,695,880,593,1043,504,1199,450,NaN,NaN,NaN,NaN,NaN,NaN,NaN,NaN,NaN,NaN,NaN,NaN
493,4,1,719,695,886,591,1051,501,1208,447,NaN,NaN,NaN,NaN,NaN,NaN,NaN,NaN,NaN,NaN,NaN,NaN
494,4,0,710,695,874,591,1037,501,1190,446,NaN,NaN,NaN,NaN,NaN,NaN,NaN,NaN,NaN,NaN,NaN,NaN
495,4,0,707,695,870,591,1032,500,1184,446,NaN,NaN,NaN,NaN,NaN,NaN,NaN,NaN,NaN,NaN,NaN,NaN
496,4,0,697,695,855,591,1028,502,1162,445,NaN,NaN,NaN,NaN,NaN,NaN,NaN,NaN,NaN,NaN,NaN,NaN
497,4,0,691,695,846,592,1018,501,1151,444,NaN,NaN,NaN,NaN,NaN,NaN,NaN,NaN,NaN,NaN,NaN,NaN
498,4,0,684,695,838,592,1008,501,1138,444,NaN,NaN,NaN,NaN,NaN,NaN,NaN,NaN,NaN,NaN,NaN,NaN
499,4,0,678,695,829,592,997,501,1126,443,NaN,NaN,NaN,NaN,NaN,NaN,NaN,NaN,NaN,NaN,NaN,NaN
500,4,0,672,695,821,592,987,500,1115,443,NaN,NaN,NaN,NaN,NaN,NaN,NaN,NaN,NaN,NaN,NaN,NaN
501,4,0,666,695,813,593,979,500,1104,442,NaN,NaN,NaN,NaN,NaN,NaN,NaN,NaN,NaN,NaN,NaN,NaN
502,4,0,661,695,806,593,970,500,1094,442,NaN,NaN,NaN,NaN,NaN,NaN,NaN,NaN,NaN,NaN,NaN,NaN
503,4,0,657,695,799,594,962,500,1085,441,NaN,NaN,NaN,NaN,NaN,NaN,NaN,NaN,NaN,NaN,NaN,NaN
504,4,0,653,695,792,594,955,499,1077,441,NaN,NaN,NaN,NaN,NaN,NaN,NaN,NaN,NaN,NaN,NaN,NaN
505,4,0,650,695,787,595,949,499,1069,440,NaN,NaN,NaN,NaN,NaN,NaN,NaN,NaN,NaN,NaN,NaN,NaN
506,4,0,648,695,782,596,942,499,1061,440,NaN,NaN,NaN,NaN,NaN,NaN,NaN,NaN,NaN,NaN,NaN,NaN
507,4,0,647,695,777,597,937,499,1054,440,NaN,NaN,NaN,NaN,NaN,NaN,NaN,NaN,NaN,NaN,NaN,NaN
508,4,0,646,695,772,598,931,499,1047,439,NaN,NaN,NaN,NaN,NaN,NaN,NaN,NaN,NaN,NaN,NaN,NaN
509,4,0,646,695,768,600,925,500,1039,439,NaN,NaN,NaN,NaN,NaN,NaN,NaN,NaN,NaN,NaN,NaN,NaN
510,4,0,647,695,763,602,919,501,1031,440,NaN,NaN,NaN,NaN,NaN,NaN,NaN,NaN,NaN,NaN,NaN,NaN
511,4,0,649,695,758,604,914,502,1023,440,NaN,NaN,NaN,NaN,NaN,NaN,NaN,NaN,NaN,NaN,NaN,NaN
512,4,0,652,695,755,608,909,503,1017,441,NaN,NaN,NaN,NaN,NaN,NaN,NaN,NaN,NaN,NaN,NaN,NaN
513,4,0,658,695,754,611,906,505,1013,442,NaN,NaN,NaN,NaN,NaN,NaN,NaN,NaN,NaN,NaN,NaN,NaN
514,4,0,664,695,753,615,904,507,1009,443,NaN,NaN,NaN,NaN,NaN,NaN,NaN,NaN,NaN,NaN,NaN,NaN
515,4,0,671,695,754,619,903,509,1006,444,NaN,NaN,NaN,NaN,NaN,NaN,NaN,NaN,NaN,NaN,NaN,NaN
516,6,0,692,695,849,582,980,508,1079,414,1078,346,991,282,NaN,NaN,NaN,NaN,NaN,NaN,NaN,NaN
517,6,0,694,695,853,584,982,509,1079,414,1073,347,985,283,NaN,NaN,NaN,NaN,NaN,NaN,NaN,NaN
518,6,0,695,695,857,585,985,511,1079,413,1068,348,980,284,NaN,NaN,NaN,NaN,NaN,NaN,NaN,NaN
519,7,1,695,695,861,583,988,511,1082,412,1068,348,980,284,936,265,NaN,NaN,NaN,NaN,NaN,NaN
520,7,0,707,695,859,586,984,513,1077,412,1059,348,972,285,928,265,NaN,NaN,NaN,NaN,NaN,NaN
521,7,0,716,695,856,588,979,513,1071,410,1052,347,965,285,921,265,NaN,NaN,NaN,NaN,NaN,NaN
522,7,0,724,695,853,590,975,514,1063,410,1044,346,957,286,913,266,NaN,NaN,NaN,NaN,NaN,NaN
523,7,0,731,695,850,592,971,515,1058,408,1036,345,950,286,906,266,NaN,NaN,NaN,NaN,NaN,NaN
524,7,0,738,695,848,594,966,515,1053,408,1029,344,944,287,900,266,NaN,NaN,NaN,NaN,NaN,NaN
525,7,0,745,695,845,597,962,516,1047,407,1022,343,938,287,894,266,NaN,NaN,NaN,NaN,NaN,NaN
526,7,0,751,695,843,599,958,517,1042,405,1015,342,931,288,887,266,NaN,NaN,NaN,NaN,NaN,NaN
527,7,0,757,695,840,602,955,517,1037,404,1008,341,925,288,880,266,NaN,NaN,NaN,NaN,NaN,NaN
528,7,0,761,695,838,604,952,518,1033,402,1002,340,919,288,874,266,NaN,NaN,NaN,NaN,NaN,NaN
529,7,0,766,695,836,606,948,519,1029,401,995,339,914,288,868,265,NaN,NaN,NaN,NaN,NaN,NaN
530,7,0,770,695,834,607,946,518,1024,399,989,337,907,288,862,265,NaN,NaN,NaN,NaN,NaN,NaN
531,7,0,775,695,833,609,943,519,1019,398,982,336,902,287,856,264,NaN,NaN,NaN,NaN,NaN,NaN
532,7,0,779,695,832,611,941,519,1016,396,976,334,897,287,851,263,NaN,NaN,NaN,NaN,NaN,NaN
533,7,0,784,695,832,613,940,518,1013,393,971,332,892,286,845,262,NaN,NaN,NaN,NaN,NaN,NaN
534,7,0,789,695,833,615,939,518,1010,390,965,329,888,284,840,260,NaN,NaN,NaN,NaN,NaN,NaN
535,7,0,794,695,834,615,938,517,1008,386,961,326,883,281,834,258,NaN,NaN,NaN,NaN,NaN,NaN
536,7,0,799,695,835,618,938,516,1005,381,956,322,879,278,829,255,NaN,NaN,NaN,NaN,NaN,NaN
537,7,0,807,695,838,622,938,516,1003,379,953,319,877,277,825,251,NaN,NaN,NaN,NaN,NaN,NaN
538,7,0,814,695,840,627,939,518,1001,376,948,317,873,276,820,249,NaN,NaN,NaN,NaN,NaN,NaN
539,7,0,819,695,842,633,939,519,997,374,942,315,867,275,813,248,NaN,NaN,NaN,NaN,NaN,NaN
540,7,0,822,695,842,641,938,522,992,373,935,313,860,275,805,247,NaN,NaN,NaN,NaN,NaN,NaN
541,7,0,823,695,841,653,935,529,986,374,925,312,854,275,797,248,NaN,NaN,NaN,NaN,NaN,NaN
542,7,0,824,695,840,664,932,533,978,374,916,312,845,278,788,248,NaN,NaN,NaN,NaN,NaN,NaN
543,6,1,824,695,931,533,977,373,914,311,844,278,787,248,NaN,NaN,NaN,NaN,NaN,NaN,NaN,NaN
544,6,1,824,695,931,533,977,373,914,311,844,278,787,248,NaN,NaN,NaN,NaN,NaN,NaN,NaN,NaN
545,6,0,839,695,931,542,974,376,909,313,839,280,781,249,NaN,NaN,NaN,NaN,NaN,NaN,NaN,NaN
546,6,1,839,695,931,542,974,376,909,313,839,280,781,249,NaN,NaN,NaN,NaN,NaN,NaN,NaN,NaN
547,6,0,854,695,931,543,970,378,905,316,835,282,774,251,NaN,NaN,NaN,NaN,NaN,NaN,NaN,NaN
548,6,0,857,685,930,545,965,381,901,319,830,285,767,253,NaN,NaN,NaN,NaN,NaN,NaN,NaN,NaN
549,6,0,854,658,929,546,960,383,897,322,825,287,760,255,NaN,NaN,NaN,NaN,NaN,NaN,NaN,NaN
550,6,0,858,672,925,545,954,386,892,325,820,289,752,257,NaN,NaN,NaN,NaN,NaN,NaN,NaN,NaN
551,6,0,861,687,921,545,947,388,887,328,815,292,745,260,NaN,NaN,NaN,NaN,NaN,NaN,NaN,NaN
552,6,0,866,695,917,543,941,391,883,331,810,294,738,262,NaN,NaN,NaN,NaN,NaN,NaN,NaN,NaN
553,6,0,872,695,914,540,935,392,879,333,806,296,732,264,NaN,NaN,NaN,NaN,NaN,NaN,NaN,NaN
554,6,0,876,695,909,536,930,394,875,336,802,298,725,266,NaN,NaN,NaN,NaN,NaN,NaN,NaN,NaN
555,6,0,877,695,905,530,924,394,871,338,798,299,719,267,NaN,NaN,NaN,NaN,NaN,NaN,NaN,NaN
556,6,1,877,695,902,519,922,392,871,338,798,299,717,267,NaN,NaN,NaN,NaN,NaN,NaN,NaN,NaN
557,6,0,876,695,898,522,917,393,866,338,793,299,712,266,NaN,NaN,NaN,NaN,NaN,NaN,NaN,NaN
558,6,0,874,695,894,524,911,393,860,338,787,299,706,266,NaN,NaN,NaN,NaN,NaN,NaN,NaN,NaN
559,6,0,871,695,889,525,905,393,854,337,781,298,700,265,NaN,NaN,NaN,NaN,NaN,NaN,NaN,NaN
560,6,0,868,695,884,527,901,393,849,337,776,298,694,264,NaN,NaN,NaN,NaN,NaN,NaN,NaN,NaN
561,6,0,866,695,880,529,896,395,844,337,771,298,688,265,NaN,NaN,NaN,NaN,NaN,NaN,NaN,NaN
562,6,0,865,695,877,531,892,396,840,338,766,298,683,265,NaN,NaN,NaN,NaN,NaN,NaN,NaN,NaN
563,6,0,864,695,875,533,888,396,836,339,761,298,679,265,NaN,NaN,NaN,NaN,NaN,NaN,NaN,NaN
564,6,0,863,695,872,535,883,397,831,340,756,299,674,265,NaN,NaN,NaN,NaN,NaN,NaN,NaN,NaN
565,6,0,862,695,869,537,879,398,827,341,752,300,669,266,NaN,NaN,NaN,NaN,NaN,NaN,NaN,NaN
566,6,0,861,695,867,539,875,399,822,342,747,301,664,267,NaN,NaN,NaN,NaN,NaN,NaN,NaN,NaN
567,6,0,863,695,867,541,872,400,819,343,744,302,660,268,NaN,NaN,NaN,NaN,NaN,NaN,NaN,NaN
568,6,0,865,695,867,543,871,401,816,343,741,302,657,268,NaN,NaN,NaN,NaN,NaN,NaN,NaN,NaN
569,6,0,867,695,867,544,869,402,814,344,738,302,654,268,NaN,NaN,NaN,NaN,NaN,NaN,NaN,NaN
570,6,0,870,695,868,546,868,403,811,344,736,303,651,268,NaN,NaN,NaN,NaN,NaN,NaN,NaN,NaN
571,6,0,872,695,868,548,865,404,808,344,733,303,647,269,NaN,NaN,NaN,NaN,NaN,NaN,NaN,NaN
572,6,0,874,695,868,550,863,405,806,345,729,303,644,269,NaN,NaN,NaN,NaN,NaN,NaN,NaN,NaN
573,6,0,875,695,868,552,861,405,803,345,726,303,640,269,NaN,NaN,NaN,NaN,NaN,NaN,NaN,NaN
574,6,0,876,695,869,553,859,406,800,345,723,303,636,269,NaN,NaN,NaN,NaN,NaN,NaN,NaN,NaN
575,6,0,877,695,869,555,858,406,798,345,720,303,634,269,NaN,NaN,NaN,NaN,NaN,NaN,NaN,NaN
576,6,0,876,695,867,557,855,407,795,346,717,303,630,269,NaN,NaN,NaN,NaN,NaN,NaN,NaN,NaN
577,6,0,874,695,865,559,851,408,791,346,712,304,626,270,NaN,NaN,NaN,NaN,NaN,NaN,NaN,NaN
578,6,0,871,695,862,561,847,409,787,347,708,305,621,271,NaN,NaN,NaN,NaN,NaN,NaN,NaN,NaN
579,6,0,869,695,860,564,844,411,783,349,704,305,617,272,NaN,NaN,NaN,NaN,NaN,NaN,NaN,NaN
580,6,0,866,695,858,567,841,412,779,349,700,306,613,272,NaN,NaN,NaN,NaN,NaN,NaN,NaN,NaN
581,6,0,864,695,856,569,838,414,776,350,697,307,609,273,NaN,NaN,NaN,NaN,NaN,NaN,NaN,NaN
582,6,0,862,695,854,571,835,414,774,351,694,307,606,273,NaN,NaN,NaN,NaN,NaN,NaN,NaN,NaN
583,6,0,859,695,851,574,832,415,770,351,690,308,602,274,NaN,NaN,NaN,NaN,NaN,NaN,NaN,NaN
584,6,0,856,695,849,576,828,415,766,352,686,308,598,274,NaN,NaN,NaN,NaN,NaN,NaN,NaN,NaN
585,6,0,853,695,846,578,824,416,761,352,681,308,592,274,NaN,NaN,NaN,NaN,NaN,NaN,NaN,NaN
586,6,0,851,695,844,580,821,417,758,352,677,308,588,274,NaN,NaN,NaN,NaN,NaN,NaN,NaN,NaN
587,6,0,849,695,843,582,818,417,755,352,674,308,585,274,NaN,NaN,NaN,NaN,NaN,NaN,NaN,NaN
588,6,0,847,695,842,584,817,418,753,352,671,308,582,274,NaN,NaN,NaN,NaN,NaN,NaN,NaN,NaN
589,6,0,847,695,842,587,815,419,750,353,668,308,579,274,NaN,NaN,NaN,NaN,NaN,NaN,NaN,NaN
590,6,0,847,695,842,590,814,420,749,353,666,308,576,274,NaN,NaN,NaN,NaN,NaN,NaN,NaN,NaN
591,6,0,847,695,843,594,813,421,747,354,664,308,573,274,NaN,NaN,NaN,NaN,NaN,NaN,NaN,NaN
592,6,0,847,695,844,599,812,422,745,354,661,308,570,274,NaN,NaN,NaN,NaN,NaN,NaN,NaN,NaN
593,6,0,848,695,846,603,811,423,744,354,660,308,567,274,NaN,NaN,NaN,NaN,NaN,NaN,NaN,NaN
594,6,0,850,695,847,608,811,423,743,353,658,306,565,273,NaN,NaN,NaN,NaN,NaN,NaN,NaN,NaN
595,6,0,850,695,847,613,810,424,741,352,655,305,561,271,NaN,NaN,NaN,NaN,NaN,NaN,NaN,NaN
596,6,0,848,695,846,620,807,425,737,353,651,305,556,271,NaN,NaN,NaN,NaN,NaN,NaN,NaN,NaN
597,6,0,847,695,845,628,804,428,734,354,646,306,552,271,NaN,NaN,NaN,NaN,NaN,NaN,NaN,NaN
598,6,0,845,695,844,638,802,432,730,357,643,307,547,273,NaN,NaN,NaN,NaN,NaN,NaN,NaN,NaN
599,6,0,844,695,845,650,800,437,728,359,640,309,543,275,NaN,NaN,NaN,NaN,NaN,NaN,NaN,NaN
600,6,0,844,695,845,661,799,442,727,363,639,312,541,277,NaN,NaN,NaN,NaN,NaN,NaN,NaN,NaN
601,6,0,844,695,844,674,798,448,725,367,636,315,538,281,NaN,NaN,NaN,NaN,NaN,NaN,NaN,NaN
602,5,1,844,695,798,448,725,367,636,315,538,281,NaN,NaN,NaN,NaN,NaN,NaN,NaN,NaN,NaN,NaN
603,5,0,840,695,797,453,723,371,634,318,537,285,NaN,NaN,NaN,NaN,NaN,NaN,NaN,NaN,NaN,NaN
604,5,0,837,695,795,458,721,374,632,320,535,289,NaN,NaN,NaN,NaN,NaN,NaN,NaN,NaN,NaN,NaN
605,5,0,835,695,794,462,720,377,630,323,534,292,NaN,NaN,NaN,NaN,NaN,NaN,NaN,NaN,NaN,NaN
606,5,0,833,695,793,466,719,379,629,324,533,294,NaN,NaN,NaN,NaN,NaN,NaN,NaN,NaN,NaN,NaN
607,5,0,832,695,793,469,718,381,628,326,532,296,NaN,NaN,NaN,NaN,NaN,NaN,NaN,NaN,NaN,NaN
608,5,0,832,695,793,472,717,382,626,327,532,297,NaN,NaN,NaN,NaN,NaN,NaN,NaN,NaN,NaN,NaN
609,5,0,831,695,793,474,716,384,625,328,532,298,NaN,NaN,NaN,NaN,NaN,NaN,NaN,NaN,NaN,NaN
610,5,0,831,695,792,477,715,386,623,329,533,298,NaN,NaN,NaN,NaN,NaN,NaN,NaN,NaN,NaN,NaN
611,5,0,831,695,793,479,716,387,622,330,533,299,NaN,NaN,NaN,NaN,NaN,NaN,NaN,NaN,NaN,NaN
612,5,0,832,695,793,481,716,389,621,332,534,300,NaN,NaN,NaN,NaN,NaN,NaN,NaN,NaN,NaN,NaN
613,5,0,832,695,793,484,714,391,620,333,530,301,NaN,NaN,NaN,NaN,NaN,NaN,NaN,NaN,NaN,NaN
614,5,0,830,695,791,487,711,393,616,335,528,303,NaN,NaN,NaN,NaN,NaN,NaN,NaN,NaN,NaN,NaN
615,5,0,829,695,789,490,709,395,614,337,525,304,NaN,NaN,NaN,NaN,NaN,NaN,NaN,NaN,NaN,NaN
616,5,0,827,695,788,492,707,397,611,338,524,305,NaN,NaN,NaN,NaN,NaN,NaN,NaN,NaN,NaN,NaN
617,5,0,828,695,788,495,706,398,610,339,522,306,NaN,NaN,NaN,NaN,NaN,NaN,NaN,NaN,NaN,NaN
618,5,0,829,695,789,497,706,399,610,340,522,306,NaN,NaN,NaN,NaN,NaN,NaN,NaN,NaN,NaN,NaN
619,5,0,829,695,789,499,706,400,609,340,521,306,NaN,NaN,NaN,NaN,NaN,NaN,NaN,NaN,NaN,NaN
620,5,0,828,695,788,501,705,400,607,340,520,306,NaN,NaN,NaN,NaN,NaN,NaN,NaN,NaN,NaN,NaN
621,5,0,825,695,785,503,701,402,604,341,514,307,NaN,NaN,NaN,NaN,NaN,NaN,NaN,NaN,NaN,NaN
622,5,0,822,695,782,505,697,403,599,341,509,307,NaN,NaN,NaN,NaN,NaN,NaN,NaN,NaN,NaN,NaN
623,5,0,819,695,778,507,693,404,595,342,504,308,NaN,NaN,NaN,NaN,NaN,NaN,NaN,NaN,NaN,NaN
624,5,0,816,695,776,510,691,405,592,344,510,310,NaN,NaN,NaN,NaN,NaN,NaN,NaN,NaN,NaN,NaN
625,5,0,815,695,774,512,688,407,589,344,507,311,NaN,NaN,NaN,NaN,NaN,NaN,NaN,NaN,NaN,NaN
626,5,0,815,695,773,515,687,408,587,345,506,312,NaN,NaN,NaN,NaN,NaN,NaN,NaN,NaN,NaN,NaN
627,5,1,815,695,773,515,687,408,587,345,508,311,NaN,NaN,NaN,NaN,NaN,NaN,NaN,NaN,NaN,NaN
628,5,0,813,695,770,515,684,408,584,346,504,312,NaN,NaN,NaN,NaN,NaN,NaN,NaN,NaN,NaN,NaN
629,5,0,810,695,768,515,681,409,581,346,502,313,NaN,NaN,NaN,NaN,NaN,NaN,NaN,NaN,NaN,NaN
630,5,0,808,695,765,515,678,410,578,346,502,312,NaN,NaN,NaN,NaN,NaN,NaN,NaN,NaN,NaN,NaN
631,5,0,806,695,762,516,675,410,576,347,500,313,NaN,NaN,NaN,NaN,NaN,NaN,NaN,NaN,NaN,NaN
632,5,0,804,695,760,516,672,411,574,348,498,314,NaN,NaN,NaN,NaN,NaN,NaN,NaN,NaN,NaN,NaN
633,5,0,801,695,757,516,668,412,571,349,496,315,NaN,NaN,NaN,NaN,NaN,NaN,NaN,NaN,NaN,NaN
634,5,0,798,695,753,517,665,414,569,350,494,317,NaN,NaN,NaN,NaN,NaN,NaN,NaN,NaN,NaN,NaN
635,5,0,795,695,750,519,662,416,566,351,491,320,NaN,NaN,NaN,NaN,NaN,NaN,NaN,NaN,NaN,NaN
636,5,0,792,695,748,522,659,418,564,354,487,326,NaN,NaN,NaN,NaN,NaN,NaN,NaN,NaN,NaN,NaN
637,5,0,791,695,746,524,657,421,563,357,486,329,NaN,NaN,NaN,NaN,NaN,NaN,NaN,NaN,NaN,NaN
638,5,0,791,695,745,527,656,423,563,359,486,332,NaN,NaN,NaN,NaN,NaN,NaN,NaN,NaN,NaN,NaN
639,5,0,790,695,744,529,655,426,562,361,486,335,NaN,NaN,NaN,NaN,NaN,NaN,NaN,NaN,NaN,NaN
640,5,0,790,695,743,531,653,429,562,363,486,338,NaN,NaN,NaN,NaN,NaN,NaN,NaN,NaN,NaN,NaN
641,5,0,790,695,740,533,651,431,560,366,486,340,NaN,NaN,NaN,NaN,NaN,NaN,NaN,NaN,NaN,NaN
642,5,0,789,695,738,535,648,434,559,368,485,342,NaN,NaN,NaN,NaN,NaN,NaN,NaN,NaN,NaN,NaN
643,5,0,789,695,735,537,645,436,557,370,484,343,NaN,NaN,NaN,NaN,NaN,NaN,NaN,NaN,NaN,NaN
644,5,0,789,695,733,538,642,438,555,372,483,345,NaN,NaN,NaN,NaN,NaN,NaN,NaN,NaN,NaN,NaN
645,5,0,789,695,730,539,639,440,553,373,482,346,NaN,NaN,NaN,NaN,NaN,NaN,NaN,NaN,NaN,NaN
646,5,1,789,695,728,535,637,439,552,373,482,345,NaN,NaN,NaN,NaN,NaN,NaN,NaN,NaN,NaN,NaN
647,5,0,786,695,728,537,636,440,551,373,480,345,NaN,NaN,NaN,NaN,NaN,NaN,NaN,NaN,NaN,NaN
648,5,0,784,695,728,539,636,440,550,373,479,344,NaN,NaN,NaN,NaN,NaN,NaN,NaN,NaN,NaN,NaN
649,5,0,782,695,729,540,635,440,549,372,477,343,NaN,NaN,NaN,NaN,NaN,NaN,NaN,NaN,NaN,NaN
650,5,0,780,695,730,541,635,440,548,371,476,342,NaN,NaN,NaN,NaN,NaN,NaN,NaN,NaN,NaN,NaN
651,5,0,778,695,731,543,634,441,547,371,474,341,NaN,NaN,NaN,NaN,NaN,NaN,NaN,NaN,NaN,NaN
652,5,0,777,695,731,546,634,443,546,372,472,342,NaN,NaN,NaN,NaN,NaN,NaN,NaN,NaN,NaN,NaN
653,5,0,774,695,733,550,634,445,545,374,471,343,NaN,NaN,NaN,NaN,NaN,NaN,NaN,NaN,NaN,NaN
654,5,0,773,695,734,556,634,448,544,376,470,345,NaN,NaN,NaN,NaN,NaN,NaN,NaN,NaN,NaN,NaN
655,5,0,774,695,738,562,637,453,546,379,472,347,NaN,NaN,NaN,NaN,NaN,NaN,NaN,NaN,NaN,NaN
656,5,0,777,695,745,570,643,458,549,383,476,351,NaN,NaN,NaN,NaN,NaN,NaN,NaN,NaN,NaN,NaN
657,5,0,781,695,753,580,648,464,556,388,482,355,NaN,NaN,NaN,NaN,NaN,NaN,NaN,NaN,NaN,NaN
658,5,0,783,695,759,590,653,471,559,393,485,359,NaN,NaN,NaN,NaN,NaN,NaN,NaN,NaN,NaN,NaN
659,5,0,783,695,763,599,655,476,561,397,485,363,NaN,NaN,NaN,NaN,NaN,NaN,NaN,NaN,NaN,NaN
660,5,0,784,695,766,605,657,480,561,399,486,364,NaN,NaN,NaN,NaN,NaN,NaN,NaN,NaN,NaN,NaN
661,5,0,784,695,768,611,657,483,561,401,485,365,NaN,NaN,NaN,NaN,NaN,NaN,NaN,NaN,NaN,NaN
662,5,0,784,695,769,616,657,485,561,402,484,366,NaN,NaN,NaN,NaN,NaN,NaN,NaN,NaN,NaN,NaN
663,5,0,783,695,771,622,658,488,561,404,484,367,NaN,NaN,NaN,NaN,NaN,NaN,NaN,NaN,NaN,NaN
664,5,0,784,695,772,628,658,492,561,406,483,368,NaN,NaN,NaN,NaN,NaN,NaN,NaN,NaN,NaN,NaN
665,5,0,785,695,774,634,659,495,561,408,483,370,NaN,NaN,NaN,NaN,NaN,NaN,NaN,NaN,NaN,NaN
666,5,0,786,695,777,640,660,498,561,410,483,371,NaN,NaN,NaN,NaN,NaN,NaN,NaN,NaN,NaN,NaN
667,5,0,788,695,779,646,661,502,562,412,483,373,NaN,NaN,NaN,NaN,NaN,NaN,NaN,NaN,NaN,NaN
668,5,0,789,695,781,652,662,505,562,414,483,374,NaN,NaN,NaN,NaN,NaN,NaN,NaN,NaN,NaN,NaN
669,5,0,792,695,784,658,664,508,563,416,483,375,NaN,NaN,NaN,NaN,NaN,NaN,NaN,NaN,NaN,NaN
670,5,0,794,695,787,665,665,511,563,418,483,377,NaN,NaN,NaN,NaN,NaN,NaN,NaN,NaN,NaN,NaN
671,5,0,797,695,789,672,666,515,564,420,483,378,NaN,NaN,NaN,NaN,NaN,NaN,NaN,NaN,NaN,NaN
672,4,1,797,695,666,515,564,420,483,378,NaN,NaN,NaN,NaN,NaN,NaN,NaN,NaN,NaN,NaN,NaN,NaN
673,5,0,783,695,664,515,565,421,484,380,355,362,NaN,NaN,NaN,NaN,NaN,NaN,NaN,NaN,NaN,NaN
674,5,0,772,695,663,516,565,423,484,381,355,365,NaN,NaN,NaN,NaN,NaN,NaN,NaN,NaN,NaN,NaN
675,5,0,763,695,662,518,567,427,486,384,351,369,NaN,NaN,NaN,NaN,NaN,NaN,NaN,NaN,NaN,NaN
676,5,0,756,695,663,521,570,429,488,387,345,374,NaN,NaN,NaN,NaN,NaN,NaN,NaN,NaN,NaN,NaN
677,5,0,751,695,665,525,574,433,492,390,336,376,NaN,NaN,NaN,NaN,NaN,NaN,NaN,NaN,NaN,NaN
678,5,0,749,695,667,527,578,437,495,393,330,382,NaN,NaN,NaN,NaN,NaN,NaN,NaN,NaN,NaN,NaN
679,5,0,747,695,669,530,581,440,498,396,323,386,NaN,NaN,NaN,NaN,NaN,NaN,NaN,NaN,NaN,NaN
680,5,0,743,695,668,533,582,442,499,397,315,388,NaN,NaN,NaN,NaN,NaN,NaN,NaN,NaN,NaN,NaN
681,5,0,738,695,667,536,581,444,498,399,308,387,NaN,NaN,NaN,NaN,NaN,NaN,NaN,NaN,NaN,NaN
682,5,0,735,695,666,539,581,446,498,401,298,389,NaN,NaN,NaN,NaN,NaN,NaN,NaN,NaN,NaN,NaN
683,5,0,734,695,665,542,582,448,498,402,295,391,NaN,NaN,NaN,NaN,NaN,NaN,NaN,NaN,NaN,NaN
684,5,0,733,695,666,545,583,450,499,404,298,392,NaN,NaN,NaN,NaN,NaN,NaN,NaN,NaN,NaN,NaN
685,5,0,735,695,668,547,586,452,502,405,300,393,NaN,NaN,NaN,NaN,NaN,NaN,NaN,NaN,NaN,NaN
686,5,0,738,695,671,551,589,454,505,406,302,394,NaN,NaN,NaN,NaN,NaN,NaN,NaN,NaN,NaN,NaN
687,5,1,738,695,671,551,589,454,505,406,302,394,NaN,NaN,NaN,NaN,NaN,NaN,NaN,NaN,NaN,NaN
688,5,0,737,695,673,555,591,456,507,408,300,395,NaN,NaN,NaN,NaN,NaN,NaN,NaN,NaN,NaN,NaN
689,5,0,736,695,676,559,593,459,509,409,303,397,NaN,NaN,NaN,NaN,NaN,NaN,NaN,NaN,NaN,NaN
690,5,0,735,695,678,563,595,462,511,411,304,398,NaN,NaN,NaN,NaN,NaN,NaN,NaN,NaN,NaN,NaN
691,5,0,734,695,680,567,597,464,512,413,304,399,NaN,NaN,NaN,NaN,NaN,NaN,NaN,NaN,NaN,NaN
692,5,0,734,695,682,571,598,466,513,415,305,400,NaN,NaN,NaN,NaN,NaN,NaN,NaN,NaN,NaN,NaN
693,5,0,733,695,684,576,600,470,515,417,306,402,NaN,NaN,NaN,NaN,NaN,NaN,NaN,NaN,NaN,NaN
694,5,0,732,695,686,582,602,473,516,419,306,404,NaN,NaN,NaN,NaN,NaN,NaN,NaN,NaN,NaN,NaN
695,5,0,730,695,687,586,603,476,517,421,305,405,NaN,NaN,NaN,NaN,NaN,NaN,NaN,NaN,NaN,NaN
696,5,0,716,695,687,591,603,478,516,423,303,407,NaN,NaN,NaN,NaN,NaN,NaN,NaN,NaN,NaN,NaN
697,5,0,715,695,688,595,603,480,516,424,301,407,NaN,NaN,NaN,NaN,NaN,NaN,NaN,NaN,NaN,NaN
698,5,0,716,695,691,598,605,482,518,425,301,407,NaN,NaN,NaN,NaN,NaN,NaN,NaN,NaN,NaN,NaN
699,5,0,718,695,695,602,608,484,520,425,303,407,NaN,NaN,NaN,NaN,NaN,NaN,NaN,NaN,NaN,NaN
700,5,0,721,695,700,608,613,487,524,427,305,409,NaN,NaN,NaN,NaN,NaN,NaN,NaN,NaN,NaN,NaN
701,5,1,725,695,706,616,618,492,528,431,309,412,NaN,NaN,NaN,NaN,NaN,NaN,NaN,NaN,NaN,NaN
702,5,0,730,695,713,624,623,496,533,434,312,414,NaN,NaN,NaN,NaN,NaN,NaN,NaN,NaN,NaN,NaN
703,5,0,736,695,721,631,630,501,539,437,317,416,NaN,NaN,NaN,NaN,NaN,NaN,NaN,NaN,NaN,NaN
704,6,0,750,695,689,572,629,480,534,425,308,415,174,403,NaN,NaN,NaN,NaN,NaN,NaN,NaN,NaN
705,6,0,752,695,697,577,637,484,539,427,314,418,176,405,NaN,NaN,NaN,NaN,NaN,NaN,NaN,NaN
706,6,0,753,695,704,585,644,489,544,429,317,421,176,406,NaN,NaN,NaN,NaN,NaN,NaN,NaN,NaN
707,6,0,754,695,711,591,650,493,550,432,319,423,177,408,NaN,NaN,NaN,NaN,NaN,NaN,NaN,NaN
708,6,0,754,695,717,598,656,497,553,434,322,424,176,409,NaN,NaN,NaN,NaN,NaN,NaN,NaN,NaN
709,6,0,756,695,722,603,661,501,557,435,325,426,175,410,NaN,NaN,NaN,NaN,NaN,NaN,NaN,NaN
710,6,0,757,695,727,608,666,505,560,437,327,427,174,411,NaN,NaN,NaN,NaN,NaN,NaN,NaN,NaN
711,6,0,759,695,733,613,672,508,563,438,330,429,173,410,NaN,NaN,NaN,NaN,NaN,NaN,NaN,NaN
712,6,0,762,695,738,619,677,511,567,439,333,430,171,411,NaN,NaN,NaN,NaN,NaN,NaN,NaN,NaN
713,6,0,764,695,744,624,683,514,571,440,335,431,171,411,NaN,NaN,NaN,NaN,NaN,NaN,NaN,NaN
714,6,0,768,695,749,629,688,518,574,440,339,432,171,411,NaN,NaN,NaN,NaN,NaN,NaN,NaN,NaN
715,6,0,771,695,754,634,693,521,577,441,341,433,170,411,NaN,NaN,NaN,NaN,NaN,NaN,NaN,NaN
716,6,0,774,695,759,640,697,524,580,442,343,434,168,411,NaN,NaN,NaN,NaN,NaN,NaN,NaN,NaN
717,6,0,779,695,765,646,704,529,583,443,345,436,168,412,NaN,NaN,NaN,NaN,NaN,NaN,NaN,NaN
718,6,0,784,695,771,653,710,533,587,444,351,437,171,412,NaN,NaN,NaN,NaN,NaN,NaN,NaN,NaN
719,6,0,791,695,778,660,717,537,592,446,354,439,173,414,NaN,NaN,NaN,NaN,NaN,NaN,NaN,NaN
720,6,0,795,695,785,667,722,541,596,447,356,441,171,414,NaN,NaN,NaN,NaN,NaN,NaN,NaN,NaN
721,6,0,800,695,789,674,727,546,598,448,359,444,168,414,NaN,NaN,NaN,NaN,NaN,NaN,NaN,NaN
722,5,1,800,695,727,546,597,447,358,444,163,412,NaN,NaN,NaN,NaN,NaN,NaN,NaN,NaN,NaN,NaN
723,5,0,796,695,726,549,599,450,358,446,163,414,NaN,NaN,NaN,NaN,NaN,NaN,NaN,NaN,NaN,NaN
724,5,0,791,695,725,552,600,452,358,449,162,417,NaN,NaN,NaN,NaN,NaN,NaN,NaN,NaN,NaN,NaN
725,5,0,785,695,723,555,601,456,357,452,160,419,NaN,NaN,NaN,NaN,NaN,NaN,NaN,NaN,NaN,NaN
726,5,0,779,695,720,559,601,460,355,456,159,422,NaN,NaN,NaN,NaN,NaN,NaN,NaN,NaN,NaN,NaN
727,5,0,773,695,719,564,602,464,355,460,158,425,NaN,NaN,NaN,NaN,NaN,NaN,NaN,NaN,NaN,NaN
728,5,0,768,695,717,569,603,469,354,465,156,430,NaN,NaN,NaN,NaN,NaN,NaN,NaN,NaN,NaN,NaN
729,5,0,764,695,714,574,603,474,353,469,156,434,NaN,NaN,NaN,NaN,NaN,NaN,NaN,NaN,NaN,NaN
730,5,0,761,695,712,578,604,479,352,474,154,438,NaN,NaN,NaN,NaN,NaN,NaN,NaN,NaN,NaN,NaN
731,5,0,759,695,710,582,605,483,352,478,153,441,NaN,NaN,NaN,NaN,NaN,NaN,NaN,NaN,NaN,NaN
732,5,0,757,695,708,585,606,486,351,482,152,444,NaN,NaN,NaN,NaN,NaN,NaN,NaN,NaN,NaN,NaN
733,5,0,755,695,706,588,607,489,351,485,152,447,NaN,NaN,NaN,NaN,NaN,NaN,NaN,NaN,NaN,NaN
734,5,0,754,695,704,589,608,493,350,487,153,449,NaN,NaN,NaN,NaN,NaN,NaN,NaN,NaN,NaN,NaN
735,5,0,754,695,703,591,610,495,352,490,154,451,NaN,NaN,NaN,NaN,NaN,NaN,NaN,NaN,NaN,NaN
736,5,0,754,695,702,593,612,498,353,492,156,453,NaN,NaN,NaN,NaN,NaN,NaN,NaN,NaN,NaN,NaN
737,5,0,755,695,701,595,614,501,355,495,158,456,NaN,NaN,NaN,NaN,NaN,NaN,NaN,NaN,NaN,NaN
738,5,0,757,695,700,596,617,504,356,498,161,458,NaN,NaN,NaN,NaN,NaN,NaN,NaN,NaN,NaN,NaN
739,5,0,758,695,699,597,619,507,359,500,163,460,NaN,NaN,NaN,NaN,NaN,NaN,NaN,NaN,NaN,NaN
740,5,0,760,695,698,598,621,510,361,503,165,463,NaN,NaN,NaN,NaN,NaN,NaN,NaN,NaN,NaN,NaN
741,5,0,761,695,697,599,623,512,362,505,167,465,NaN,NaN,NaN,NaN,NaN,NaN,NaN,NaN,NaN,NaN
742,5,0,762,695,696,599,625,515,363,507,168,467,NaN,NaN,NaN,NaN,NaN,NaN,NaN,NaN,NaN,NaN
743,5,0,763,695,694,599,626,517,365,509,168,469,NaN,NaN,NaN,NaN,NaN,NaN,NaN,NaN,NaN,NaN
744,5,0,764,695,692,599,627,519,365,511,169,470,NaN,NaN,NaN,NaN,NaN,NaN,NaN,NaN,NaN,NaN
745,5,1,764,695,689,596,627,519,365,511,169,470,NaN,NaN,NaN,NaN,NaN,NaN,NaN,NaN,NaN,NaN
746,4,0,758,695,687,598,626,521,366,504,NaN,NaN,NaN,NaN,NaN,NaN,NaN,NaN,NaN,NaN,NaN,NaN
747,4,0,751,695,686,600,625,523,366,497,NaN,NaN,NaN,NaN,NaN,NaN,NaN,NaN,NaN,NaN,NaN,NaN
748,4,0,745,695,685,603,624,527,365,492,NaN,NaN,NaN,NaN,NaN,NaN,NaN,NaN,NaN,NaN,NaN,NaN
749,4,0,738,695,684,607,624,531,364,487,NaN,NaN,NaN,NaN,NaN,NaN,NaN,NaN,NaN,NaN,NaN,NaN
750,4,0,733,695,685,611,625,535,362,487,NaN,NaN,NaN,NaN,NaN,NaN,NaN,NaN,NaN,NaN,NaN,NaN
751,4,0,727,695,685,618,625,541,358,490,NaN,NaN,NaN,NaN,NaN,NaN,NaN,NaN,NaN,NaN,NaN,NaN
752,4,0,724,695,685,624,625,546,353,492,NaN,NaN,NaN,NaN,NaN,NaN,NaN,NaN,NaN,NaN,NaN,NaN
753,4,0,721,695,687,628,627,551,348,494,NaN,NaN,NaN,NaN,NaN,NaN,NaN,NaN,NaN,NaN,NaN,NaN
754,4,0,720,695,689,632,629,555,341,496,NaN,NaN,NaN,NaN,NaN,NaN,NaN,NaN,NaN,NaN,NaN,NaN
755,4,0,719,695,691,636,631,559,333,501,NaN,NaN,NaN,NaN,NaN,NaN,NaN,NaN,NaN,NaN,NaN,NaN
756,4,0,719,695,694,641,634,563,323,507,NaN,NaN,NaN,NaN,NaN,NaN,NaN,NaN,NaN,NaN,NaN,NaN
757,4,0,721,695,697,645,635,571,317,509,NaN,NaN,NaN,NaN,NaN,NaN,NaN,NaN,NaN,NaN,NaN,NaN
758,4,0,719,695,697,651,637,576,313,509,NaN,NaN,NaN,NaN,NaN,NaN,NaN,NaN,NaN,NaN,NaN,NaN
759,4,0,717,695,698,657,638,584,286,511,NaN,NaN,NaN,NaN,NaN,NaN,NaN,NaN,NaN,NaN,NaN,NaN
760,4,0,716,695,698,660,637,586,250,540,NaN,NaN,NaN,NaN,NaN,NaN,NaN,NaN,NaN,NaN,NaN,NaN
761,4,0,713,695,695,660,631,587,209,534,NaN,NaN,NaN,NaN,NaN,NaN,NaN,NaN,NaN,NaN,NaN,NaN
762,4,0,709,695,694,662,629,587,172,536,NaN,NaN,NaN,NaN,NaN,NaN,NaN,NaN,NaN,NaN,NaN,NaN
763,3,1,709,695,629,587,162,533,NaN,NaN,NaN,NaN,NaN,NaN,NaN,NaN,NaN,NaN,NaN,NaN,NaN,NaN
764,2,0,704,695,625,588,NaN,NaN,NaN,NaN,NaN,NaN,NaN,NaN,NaN,NaN,NaN,NaN,NaN,NaN,NaN,NaN
765,2,0,699,695,620,589,NaN,NaN,NaN,NaN,NaN,NaN,NaN,NaN,NaN,NaN,NaN,NaN,NaN,NaN,NaN,NaN
766,2,0,694,695,616,590,NaN,NaN,NaN,NaN,NaN,NaN,NaN,NaN,NaN,NaN,NaN,NaN,NaN,NaN,NaN,NaN
767,2,1,693,695,613,590,NaN,NaN,NaN,NaN,NaN,NaN,NaN,NaN,NaN,NaN,NaN,NaN,NaN,NaN,NaN,NaN
768,2,0,690,695,630,582,NaN,NaN,NaN,NaN,NaN,NaN,NaN,NaN,NaN,NaN,NaN,NaN,NaN,NaN,NaN,NaN
769,2,0,675,695,652,579,NaN,NaN,NaN,NaN,NaN,NaN,NaN,NaN,NaN,NaN,NaN,NaN,NaN,NaN,NaN,NaN
770,2,0,656,688,661,580,NaN,NaN,NaN,NaN,NaN,NaN,NaN,NaN,NaN,NaN,NaN,NaN,NaN,NaN,NaN,NaN
771,2,0,678,693,673,582,NaN,NaN,NaN,NaN,NaN,NaN,NaN,NaN,NaN,NaN,NaN,NaN,NaN,NaN,NaN,NaN
772,2,0,665,695,648,589,NaN,NaN,NaN,NaN,NaN,NaN,NaN,NaN,NaN,NaN,NaN,NaN,NaN,NaN,NaN,NaN
773,2,1,668,701,651,579,NaN,NaN,NaN,NaN,NaN,NaN,NaN,NaN,NaN,NaN,NaN,NaN,NaN,NaN,NaN,NaN
774,2,0,682,695,648,582,NaN,NaN,NaN,NaN,NaN,NaN,NaN,NaN,NaN,NaN,NaN,NaN,NaN,NaN,NaN,NaN
775,2,0,691,695,645,587,NaN,NaN,NaN,NaN,NaN,NaN,NaN,NaN,NaN,NaN,NaN,NaN,NaN,NaN,NaN,NaN
776,2,0,698,695,643,590,NaN,NaN,NaN,NaN,NaN,NaN,NaN,NaN,NaN,NaN,NaN,NaN,NaN,NaN,NaN,NaN
777,2,0,699,695,641,593,NaN,NaN,NaN,NaN,NaN,NaN,NaN,NaN,NaN,NaN,NaN,NaN,NaN,NaN,NaN,NaN
778,2,0,690,695,639,596,NaN,NaN,NaN,NaN,NaN,NaN,NaN,NaN,NaN,NaN,NaN,NaN,NaN,NaN,NaN,NaN
779,2,0,672,695,638,598,NaN,NaN,NaN,NaN,NaN,NaN,NaN,NaN,NaN,NaN,NaN,NaN,NaN,NaN,NaN,NaN
780,2,1,679,689,638,598,NaN,NaN,NaN,NaN,NaN,NaN,NaN,NaN,NaN,NaN,NaN,NaN,NaN,NaN,NaN,NaN
781,2,1,679,689,638,598,NaN,NaN,NaN,NaN,NaN,NaN,NaN,NaN,NaN,NaN,NaN,NaN,NaN,NaN,NaN,NaN
782,3,0,680,691,640,599,453,555,NaN,NaN,NaN,NaN,NaN,NaN,NaN,NaN,NaN,NaN,NaN,NaN,NaN,NaN
783,3,0,680,693,641,601,454,555,NaN,NaN,NaN,NaN,NaN,NaN,NaN,NaN,NaN,NaN,NaN,NaN,NaN,NaN
784,3,0,681,695,642,601,456,555,NaN,NaN,NaN,NaN,NaN,NaN,NaN,NaN,NaN,NaN,NaN,NaN,NaN,NaN
785,3,0,682,695,644,602,457,555,NaN,NaN,NaN,NaN,NaN,NaN,NaN,NaN,NaN,NaN,NaN,NaN,NaN,NaN
786,3,0,682,695,646,602,460,554,NaN,NaN,NaN,NaN,NaN,NaN,NaN,NaN,NaN,NaN,NaN,NaN,NaN,NaN
787,3,0,682,695,648,602,461,553,NaN,NaN,NaN,NaN,NaN,NaN,NaN,NaN,NaN,NaN,NaN,NaN,NaN,NaN
788,3,0,683,695,649,602,463,552,NaN,NaN,NaN,NaN,NaN,NaN,NaN,NaN,NaN,NaN,NaN,NaN,NaN,NaN
789,3,1,683,695,649,602,463,552,NaN,NaN,NaN,NaN,NaN,NaN,NaN,NaN,NaN,NaN,NaN,NaN,NaN,NaN
790,3,0,683,695,648,600,465,551,NaN,NaN,NaN,NaN,NaN,NaN,NaN,NaN,NaN,NaN,NaN,NaN,NaN,NaN
791,3,0,683,695,648,599,467,550,NaN,NaN,NaN,NaN,NaN,NaN,NaN,NaN,NaN,NaN,NaN,NaN,NaN,NaN
792,3,0,683,695,647,597,468,549,NaN,NaN,NaN,NaN,NaN,NaN,NaN,NaN,NaN,NaN,NaN,NaN,NaN,NaN
793,3,0,684,695,646,595,470,548,NaN,NaN,NaN,NaN,NaN,NaN,NaN,NaN,NaN,NaN,NaN,NaN,NaN,NaN
794,3,0,684,695,646,594,473,547,NaN,NaN,NaN,NaN,NaN,NaN,NaN,NaN,NaN,NaN,NaN,NaN,NaN,NaN
795,3,0,686,695,647,592,477,545,NaN,NaN,NaN,NaN,NaN,NaN,NaN,NaN,NaN,NaN,NaN,NaN,NaN,NaN
796,3,0,688,695,648,590,481,544,NaN,NaN,NaN,NaN,NaN,NaN,NaN,NaN,NaN,NaN,NaN,NaN,NaN,NaN
797,3,0,691,695,651,588,485,543,NaN,NaN,NaN,NaN,NaN,NaN,NaN,NaN,NaN,NaN,NaN,NaN,NaN,NaN
798,3,0,694,695,653,587,490,542,NaN,NaN,NaN,NaN,NaN,NaN,NaN,NaN,NaN,NaN,NaN,NaN,NaN,NaN
799,3,0,696,695,654,586,494,542,NaN,NaN,NaN,NaN,NaN,NaN,NaN,NaN,NaN,NaN,NaN,NaN,NaN,NaN
800,3,0,697,695,656,586,497,542,NaN,NaN,NaN,NaN,NaN,NaN,NaN,NaN,NaN,NaN,NaN,NaN,NaN,NaN
801,3,0,699,695,657,585,501,542,NaN,NaN,NaN,NaN,NaN,NaN,NaN,NaN,NaN,NaN,NaN,NaN,NaN,NaN
802,3,0,701,695,659,585,504,542,NaN,NaN,NaN,NaN,NaN,NaN,NaN,NaN,NaN,NaN,NaN,NaN,NaN,NaN
803,3,0,703,695,659,585,507,543,NaN,NaN,NaN,NaN,NaN,NaN,NaN,NaN,NaN,NaN,NaN,NaN,NaN,NaN
804,3,0,703,695,660,586,509,544,NaN,NaN,NaN,NaN,NaN,NaN,NaN,NaN,NaN,NaN,NaN,NaN,NaN,NaN
805,3,0,705,695,660,586,512,545,NaN,NaN,NaN,NaN,NaN,NaN,NaN,NaN,NaN,NaN,NaN,NaN,NaN,NaN
806,3,0,707,695,661,587,515,547,NaN,NaN,NaN,NaN,NaN,NaN,NaN,NaN,NaN,NaN,NaN,NaN,NaN,NaN
807,3,0,710,695,662,587,518,548,NaN,NaN,NaN,NaN,NaN,NaN,NaN,NaN,NaN,NaN,NaN,NaN,NaN,NaN
808,3,0,714,695,665,588,523,549,NaN,NaN,NaN,NaN,NaN,NaN,NaN,NaN,NaN,NaN,NaN,NaN,NaN,NaN
809,3,0,720,695,670,588,529,549,NaN,NaN,NaN,NaN,NaN,NaN,NaN,NaN,NaN,NaN,NaN,NaN,NaN,NaN
810,3,0,726,695,675,587,536,549,NaN,NaN,NaN,NaN,NaN,NaN,NaN,NaN,NaN,NaN,NaN,NaN,NaN,NaN
811,3,0,734,695,680,587,543,549,NaN,NaN,NaN,NaN,NaN,NaN,NaN,NaN,NaN,NaN,NaN,NaN,NaN,NaN
812,3,0,742,695,686,587,551,550,NaN,NaN,NaN,NaN,NaN,NaN,NaN,NaN,NaN,NaN,NaN,NaN,NaN,NaN
813,3,0,750,695,692,588,558,551,NaN,NaN,NaN,NaN,NaN,NaN,NaN,NaN,NaN,NaN,NaN,NaN,NaN,NaN
814,3,0,758,695,698,589,565,554,NaN,NaN,NaN,NaN,NaN,NaN,NaN,NaN,NaN,NaN,NaN,NaN,NaN,NaN
815,3,1,758,695,696,587,566,554,NaN,NaN,NaN,NaN,NaN,NaN,NaN,NaN,NaN,NaN,NaN,NaN,NaN,NaN
816,3,0,761,695,703,592,573,558,NaN,NaN,NaN,NaN,NaN,NaN,NaN,NaN,NaN,NaN,NaN,NaN,NaN,NaN
817,0,1,NaN,NaN,NaN,NaN,NaN,NaN,NaN,NaN,NaN,NaN,NaN,NaN,NaN,NaN,NaN,NaN,NaN,NaN,NaN,NaN
818,0,1,NaN,NaN,NaN,NaN,NaN,NaN,NaN,NaN,NaN,NaN,NaN,NaN,NaN,NaN,NaN,NaN,NaN,NaN,NaN,NaN
819,0,1,NaN,NaN,NaN,NaN,NaN,NaN,NaN,NaN,NaN,NaN,NaN,NaN,NaN,NaN,NaN,NaN,NaN,NaN,NaN,NaN
820,-2,1,NaN,NaN,NaN,NaN,NaN,NaN,NaN,NaN,NaN,NaN,NaN,NaN,NaN,NaN,NaN,NaN,NaN,NaN,NaN,NaN
821,0,1,NaN,NaN,NaN,NaN,NaN,NaN,NaN,NaN,NaN,NaN,NaN,NaN,NaN,NaN,NaN,NaN,NaN,NaN,NaN,NaN
822,-1,1,NaN,NaN,NaN,NaN,NaN,NaN,NaN,NaN,NaN,NaN,NaN,NaN,NaN,NaN,NaN,NaN,NaN,NaN,NaN,NaN
823,0,1,NaN,NaN,NaN,NaN,NaN,NaN,NaN,NaN,NaN,NaN,NaN,NaN,NaN,NaN,NaN,NaN,NaN,NaN,NaN,NaN
824,-1,1,NaN,NaN,NaN,NaN,NaN,NaN,NaN,NaN,NaN,NaN,NaN,NaN,NaN,NaN,NaN,NaN,NaN,NaN,NaN,NaN
825,-1,1,NaN,NaN,NaN,NaN,NaN,NaN,NaN,NaN,NaN,NaN,NaN,NaN,NaN,NaN,NaN,NaN,NaN,NaN,NaN,NaN
826,-1,1,NaN,NaN,NaN,NaN,NaN,NaN,NaN,NaN,NaN,NaN,NaN,NaN,NaN,NaN,NaN,NaN,NaN,NaN,NaN,NaN
827,-1,1,NaN,NaN,NaN,NaN,NaN,NaN,NaN,NaN,NaN,NaN,NaN,NaN,NaN,NaN,NaN,NaN,NaN,NaN,NaN,NaN
828,-1,1,NaN,NaN,NaN,NaN,NaN,NaN,NaN,NaN,NaN,NaN,NaN,NaN,NaN,NaN,NaN,NaN,NaN,NaN,NaN,NaN
829,0,1,NaN,NaN,NaN,NaN,NaN,NaN,NaN,NaN,NaN,NaN,NaN,NaN,NaN,NaN,NaN,NaN,NaN,NaN,NaN,NaN
830,0,1,NaN,NaN,NaN,NaN,NaN,NaN,NaN,NaN,NaN,NaN,NaN,NaN,NaN,NaN,NaN,NaN,NaN,NaN,NaN,NaN
831,0,1,NaN,NaN,NaN,NaN,NaN,NaN,NaN,NaN,NaN,NaN,NaN,NaN,NaN,NaN,NaN,NaN,NaN,NaN,NaN,NaN
832,-1,1,NaN,NaN,NaN,NaN,NaN,NaN,NaN,NaN,NaN,NaN,NaN,NaN,NaN,NaN,NaN,NaN,NaN,NaN,NaN,NaN
833,0,1,NaN,NaN,NaN,NaN,NaN,NaN,NaN,NaN,NaN,NaN,NaN,NaN,NaN,NaN,NaN,NaN,NaN,NaN,NaN,NaN
834,2,0,569,629,381,594,NaN,NaN,NaN,NaN,NaN,NaN,NaN,NaN,NaN,NaN,NaN,NaN,NaN,NaN,NaN,NaN
835,2,0,574,634,392,538,NaN,NaN,NaN,NaN,NaN,NaN,NaN,NaN,NaN,NaN,NaN,NaN,NaN,NaN,NaN,NaN
836,2,0,581,638,399,540,NaN,NaN,NaN,NaN,NaN,NaN,NaN,NaN,NaN,NaN,NaN,NaN,NaN,NaN,NaN,NaN
837,2,0,586,643,404,542,NaN,NaN,NaN,NaN,NaN,NaN,NaN,NaN,NaN,NaN,NaN,NaN,NaN,NaN,NaN,NaN
838,2,0,591,642,410,545,NaN,NaN,NaN,NaN,NaN,NaN,NaN,NaN,NaN,NaN,NaN,NaN,NaN,NaN,NaN,NaN
839,2,1,591,649,410,545,NaN,NaN,NaN,NaN,NaN,NaN,NaN,NaN,NaN,NaN,NaN,NaN,NaN,NaN,NaN,NaN
840,3,0,593,655,413,548,206,431,NaN,NaN,NaN,NaN,NaN,NaN,NaN,NaN,NaN,NaN,NaN,NaN,NaN,NaN
841,3,0,595,662,391,573,213,457,NaN,NaN,NaN,NaN,NaN,NaN,NaN,NaN,NaN,NaN,NaN,NaN,NaN,NaN
842,3,0,597,669,388,560,221,460,NaN,NaN,NaN,NaN,NaN,NaN,NaN,NaN,NaN,NaN,NaN,NaN,NaN,NaN
843,3,0,598,677,389,562,226,461,NaN,NaN,NaN,NaN,NaN,NaN,NaN,NaN,NaN,NaN,NaN,NaN,NaN,NaN
844,3,1,598,677,389,562,226,461,NaN,NaN,NaN,NaN,NaN,NaN,NaN,NaN,NaN,NaN,NaN,NaN,NaN,NaN
845,5,0,594,685,390,566,233,464,155,425,40,360,NaN,NaN,NaN,NaN,NaN,NaN,NaN,NaN,NaN,NaN
846,5,0,590,692,386,568,238,468,160,428,48,371,NaN,NaN,NaN,NaN,NaN,NaN,NaN,NaN,NaN,NaN
847,5,0,581,695,385,570,246,471,167,429,26,384,NaN,NaN,NaN,NaN,NaN,NaN,NaN,NaN,NaN,NaN
848,5,0,569,695,383,572,251,473,175,430,20,394,NaN,NaN,NaN,NaN,NaN,NaN,NaN,NaN,NaN,NaN
849,5,0,561,695,382,574,257,476,183,431,25,394,NaN,NaN,NaN,NaN,NaN,NaN,NaN,NaN,NaN,NaN
850,5,0,554,695,383,575,263,478,190,432,36,394,NaN,NaN,NaN,NaN,NaN,NaN,NaN,NaN,NaN,NaN
851,5,0,549,695,384,578,270,482,198,433,52,398,NaN,NaN,NaN,NaN,NaN,NaN,NaN,NaN,NaN,NaN
852,5,0,546,695,387,580,277,485,208,434,65,399,NaN,NaN,NaN,NaN,NaN,NaN,NaN,NaN,NaN,NaN
853,5,0,545,695,389,581,285,488,219,435,79,400,NaN,NaN,NaN,NaN,NaN,NaN,NaN,NaN,NaN,NaN
854,5,0,546,695,393,582,294,490,230,436,90,401,NaN,NaN,NaN,NaN,NaN,NaN,NaN,NaN,NaN,NaN
855,5,0,548,695,396,584,302,493,240,437,102,401,NaN,NaN,NaN,NaN,NaN,NaN,NaN,NaN,NaN,NaN
856,5,0,550,695,398,585,310,495,248,439,113,401,NaN,NaN,NaN,NaN,NaN,NaN,NaN,NaN,NaN,NaN
857,5,0,553,695,401,586,317,497,257,439,124,401,NaN,NaN,NaN,NaN,NaN,NaN,NaN,NaN,NaN,NaN
858,5,0,557,695,403,586,323,499,266,440,134,401,NaN,NaN,NaN,NaN,NaN,NaN,NaN,NaN,NaN,NaN
859,5,0,560,695,405,586,329,501,273,440,143,401,NaN,NaN,NaN,NaN,NaN,NaN,NaN,NaN,NaN,NaN
860,5,0,563,695,406,587,335,503,281,440,152,401,NaN,NaN,NaN,NaN,NaN,NaN,NaN,NaN,NaN,NaN
861,5,0,567,695,407,587,340,505,288,441,161,401,NaN,NaN,NaN,NaN,NaN,NaN,NaN,NaN,NaN,NaN
862,5,1,567,695,403,586,339,506,288,441,161,401,NaN,NaN,NaN,NaN,NaN,NaN,NaN,NaN,NaN,NaN
863,5,0,558,695,407,588,344,507,294,442,169,401,NaN,NaN,NaN,NaN,NaN,NaN,NaN,NaN,NaN,NaN
864,5,0,552,695,411,591,350,509,300,443,176,401,NaN,NaN,NaN,NaN,NaN,NaN,NaN,NaN,NaN,NaN
865,5,0,547,695,415,593,354,510,306,443,183,402,NaN,NaN,NaN,NaN,NaN,NaN,NaN,NaN,NaN,NaN
866,5,0,545,695,419,597,360,512,312,445,190,402,NaN,NaN,NaN,NaN,NaN,NaN,NaN,NaN,NaN,NaN
867,5,0,545,695,425,601,366,515,319,446,200,404,NaN,NaN,NaN,NaN,NaN,NaN,NaN,NaN,NaN,NaN
868,5,0,547,695,430,605,374,519,328,449,210,407,NaN,NaN,NaN,NaN,NaN,NaN,NaN,NaN,NaN,NaN
869,5,1,547,695,430,605,374,519,328,449,210,407,NaN,NaN,NaN,NaN,NaN,NaN,NaN,NaN,NaN,NaN
870,5,0,534,695,438,601,380,518,316,448,191,411,NaN,NaN,NaN,NaN,NaN,NaN,NaN,NaN,NaN,NaN
871,5,0,525,695,445,598,385,516,303,447,171,417,NaN,NaN,NaN,NaN,NaN,NaN,NaN,NaN,NaN,NaN
872,5,0,521,695,452,594,389,516,290,445,151,421,NaN,NaN,NaN,NaN,NaN,NaN,NaN,NaN,NaN,NaN
873,5,1,519,695,455,584,389,509,271,439,124,422,NaN,NaN,NaN,NaN,NaN,NaN,NaN,NaN,NaN,NaN
874,5,0,515,695,458,590,393,514,277,443,130,425,NaN,NaN,NaN,NaN,NaN,NaN,NaN,NaN,NaN,NaN
875,5,0,513,695,462,595,398,517,282,446,136,428,NaN,NaN,NaN,NaN,NaN,NaN,NaN,NaN,NaN,NaN
876,5,0,512,695,467,600,403,521,287,449,143,430,NaN,NaN,NaN,NaN,NaN,NaN,NaN,NaN,NaN,NaN
877,5,0,512,695,471,604,408,524,293,451,150,431,NaN,NaN,NaN,NaN,NaN,NaN,NaN,NaN,NaN,NaN
878,5,0,511,695,474,607,412,527,299,453,156,433,NaN,NaN,NaN,NaN,NaN,NaN,NaN,NaN,NaN,NaN
879,5,0,511,695,477,611,416,529,303,455,161,434,NaN,NaN,NaN,NaN,NaN,NaN,NaN,NaN,NaN,NaN
880,5,0,511,695,480,614,419,531,307,457,166,436,NaN,NaN,NaN,NaN,NaN,NaN,NaN,NaN,NaN,NaN
881,5,0,510,695,482,616,422,532,310,457,170,436,NaN,NaN,NaN,NaN,NaN,NaN,NaN,NaN,NaN,NaN
882,5,0,510,695,484,618,424,534,313,458,174,436,NaN,NaN,NaN,NaN,NaN,NaN,NaN,NaN,NaN,NaN
883,5,0,510,695,486,620,426,535,316,459,176,436,NaN,NaN,NaN,NaN,NaN,NaN,NaN,NaN,NaN,NaN
884,5,0,509,695,487,622,428,536,318,460,178,436,NaN,NaN,NaN,NaN,NaN,NaN,NaN,NaN,NaN,NaN
885,5,0,508,695,487,624,430,538,319,461,179,438,NaN,NaN,NaN,NaN,NaN,NaN,NaN,NaN,NaN,NaN
886,5,0,506,695,488,626,431,539,320,463,180,438,NaN,NaN,NaN,NaN,NaN,NaN,NaN,NaN,NaN,NaN
887,5,0,506,695,489,629,432,541,323,464,181,440,NaN,NaN,NaN,NaN,NaN,NaN,NaN,NaN,NaN,NaN
888,5,0,506,695,490,632,435,544,326,466,183,442,NaN,NaN,NaN,NaN,NaN,NaN,NaN,NaN,NaN,NaN
889,5,0,506,695,492,635,438,546,328,469,187,444,NaN,NaN,NaN,NaN,NaN,NaN,NaN,NaN,NaN,NaN
890,5,0,506,695,493,637,440,548,332,470,190,445,NaN,NaN,NaN,NaN,NaN,NaN,NaN,NaN,NaN,NaN
891,5,0,507,695,494,640,442,550,334,472,192,447,NaN,NaN,NaN,NaN,NaN,NaN,NaN,NaN,NaN,NaN
892,5,0,507,695,495,642,444,552,337,474,194,449,NaN,NaN,NaN,NaN,NaN,NaN,NaN,NaN,NaN,NaN
893,5,0,506,695,496,645,445,554,339,475,195,451,NaN,NaN,NaN,NaN,NaN,NaN,NaN,NaN,NaN,NaN
894,5,0,505,695,496,649,445,557,340,478,196,453,NaN,NaN,NaN,NaN,NaN,NaN,NaN,NaN,NaN,NaN
895,5,0,504,695,495,652,446,560,341,480,198,455,NaN,NaN,NaN,NaN,NaN,NaN,NaN,NaN,NaN,NaN
896,5,0,503,695,495,656,446,563,342,483,198,458,NaN,NaN,NaN,NaN,NaN,NaN,NaN,NaN,NaN,NaN
897,5,0,501,695,494,660,446,567,343,485,199,460,NaN,NaN,NaN,NaN,NaN,NaN,NaN,NaN,NaN,NaN
898,5,0,500,695,494,663,446,570,344,488,201,462,NaN,NaN,NaN,NaN,NaN,NaN,NaN,NaN,NaN,NaN
899,5,0,501,695,495,665,448,571,346,490,204,464,NaN,NaN,NaN,NaN,NaN,NaN,NaN,NaN,NaN,NaN
900,5,0,503,695,497,667,450,573,349,491,208,465,NaN,NaN,NaN,NaN,NaN,NaN,NaN,NaN,NaN,NaN
901,5,0,505,695,498,668,452,574,352,492,211,466,NaN,NaN,NaN,NaN,NaN,NaN,NaN,NaN,NaN,NaN
902,5,0,506,695,500,669,454,575,355,493,215,467,NaN,NaN,NaN,NaN,NaN,NaN,NaN,NaN,NaN,NaN
903,4,1,506,695,454,575,355,493,215,467,NaN,NaN,NaN,NaN,NaN,NaN,NaN,NaN,NaN,NaN,NaN,NaN
904,4,0,507,695,455,575,357,494,218,467,NaN,NaN,NaN,NaN,NaN,NaN,NaN,NaN,NaN,NaN,NaN,NaN
905,4,0,508,695,457,576,359,494,220,468,NaN,NaN,NaN,NaN,NaN,NaN,NaN,NaN,NaN,NaN,NaN,NaN
906,4,0,508,695,458,576,360,494,222,468,NaN,NaN,NaN,NaN,NaN,NaN,NaN,NaN,NaN,NaN,NaN,NaN
907,4,0,508,695,458,577,361,495,223,468,NaN,NaN,NaN,NaN,NaN,NaN,NaN,NaN,NaN,NaN,NaN,NaN
908,4,0,507,695,457,577,361,495,222,468,NaN,NaN,NaN,NaN,NaN,NaN,NaN,NaN,NaN,NaN,NaN,NaN
909,4,0,505,695,456,577,360,495,220,468,NaN,NaN,NaN,NaN,NaN,NaN,NaN,NaN,NaN,NaN,NaN,NaN
910,4,0,503,695,454,577,358,495,219,468,NaN,NaN,NaN,NaN,NaN,NaN,NaN,NaN,NaN,NaN,NaN,NaN
911,4,0,502,695,454,578,358,495,219,469,NaN,NaN,NaN,NaN,NaN,NaN,NaN,NaN,NaN,NaN,NaN,NaN
912,4,0,502,695,454,578,358,495,220,469,NaN,NaN,NaN,NaN,NaN,NaN,NaN,NaN,NaN,NaN,NaN,NaN
913,4,0,503,695,456,578,360,495,222,469,NaN,NaN,NaN,NaN,NaN,NaN,NaN,NaN,NaN,NaN,NaN,NaN
914,4,0,505,695,458,578,362,495,224,469,NaN,NaN,NaN,NaN,NaN,NaN,NaN,NaN,NaN,NaN,NaN,NaN
915,4,0,507,695,459,578,365,496,227,469,NaN,NaN,NaN,NaN,NaN,NaN,NaN,NaN,NaN,NaN,NaN,NaN
916,4,0,509,695,461,579,367,496,230,469,NaN,NaN,NaN,NaN,NaN,NaN,NaN,NaN,NaN,NaN,NaN,NaN
917,0,0,NaN,NaN,NaN,NaN,NaN,NaN,NaN,NaN,NaN,NaN,NaN,NaN,NaN,NaN,NaN,NaN,NaN,NaN,NaN,NaN
918,1836217718,106,0,1635258468,0,0,-1820357086,9,269896769,0,-1135635776,-1095081552,476,476,-1004724544,-512,476,-1,17,-1095081600,-253701952,476
